episode,episode_reward,epsilon
1,-13097.798828647314,0.9704455335485082
2,-13196.510895500101,0.9417645335842487
3,-12700.324959197183,0.9139311852712282
4,-12690.609029382089,0.8869204367171575
5,-12388.284229591769,0.8607079764250578
6,-11992.815696682586,0.835270211411272
7,-12397.237532167823,0.8105842459701871
8,-12255.56697855533,0.7866278610665535
9,-11767.093719095057,0.7633794943368531
10,-11515.751688322844,0.7408182206817179
11,-11577.898362024573,0.7189237334319262
12,-11124.159746834212,0.697676326071031
13,-11070.828344277434,0.6770568744981647
14,-11024.888065692776,0.6570468198150567
15,-10973.977549349882,0.6376281516217733
16,-10821.724723245228,0.6187833918061408
17,-10432.6025288927,0.6004955788122659
18,-10214.657654328264,0.5827482523739896
19,-10390.416123243602,0.5655254386995371
20,-10295.957275213272,0.5488116360940265
21,-9703.855000990683,0.5325918010068972
22,-9949.976743339921,0.5168513344916993
23,-9252.245366102421,0.5015760690660556
24,-9593.184884903758,0.4867522559599717
25,-9487.919531982307,0.4723665527410147
26,-8889.046988575683,0.4584060113052235
27,-9030.167066638629,0.44485806622294116
28,-9208.74569211838,0.43171052342907973
29,-8838.687480808523,0.418951549247639
30,-8523.709227164198,0.40656965974059917
31,-8878.965665289674,0.39455371037160114
32,-8509.25799930719,0.38289288597511206
33,-8290.993820378082,0.3715766910220457
34,-8301.851179046691,0.3605949401730783
35,-8146.145584165997,0.3499377491111553
36,-8113.623112886117,0.3395955256449391
37,-8236.536582050954,0.3295589610751891
38,-7806.430030457698,0.31981902181630395
39,-7613.90904299707,0.31036694126548503
40,-7998.725329621754,0.30119421191220214
41,-7857.257464144667,0.2922925776808594
42,-7916.316585594817,0.2836540264997704
43,-7766.457333164694,0.27527078308975234
44,-7397.58568000829,0.2671353019658504
45,-7364.624470750051,0.25924026064589156
46,-7632.243125700001,0.2515785530597565
47,-7618.139105118695,0.2441432831534371
48,-7633.399772595532,0.23692775868212176
49,-7334.331023306703,0.22992548518672384
50,-6933.24440300546,0.22313016014842982
