time_step,reward,all_rewards,grid_import_Building_1_kwh,export_Building_1_kwh,grid_import_Building_2_kwh,export_Building_2_kwh,grid_import_Building_3_kwh,export_Building_3_kwh,grid_import_kwh,export_kwh,cumulative_grid_import_kwh,cumulative_export_kwh
0,-4.285096645355225,-4.285096645355225,2.033644199371338,0.0,0.5619984865188599,0.0,1.689454197883606,0.0,4.285096883773804,0.0,4.285096883773804,0.0
1,-1.5053914785385132,-5.790488123893738,0.8462807536125183,0.0,0.18591776490211487,0.0,0.47319296002388,0.0,1.5053914785385132,0.0,5.790488362312317,0.0
2,-1.35512113571167,-7.145609259605408,0.7249863147735596,0.0,0.18461598455905914,0.0,0.4455188810825348,0.0,1.3551211804151535,0.0,7.14560954272747,0.0
3,-1.2535982131958008,-8.399207472801208,0.6327978372573853,0.0,0.1873515099287033,0.0,0.433448851108551,0.0,1.2535981982946396,0.0,8.39920774102211,0.0
4,-1.2445526123046875,-9.643760085105896,0.6071555614471436,0.0,0.20223666727542877,0.0,0.4351603388786316,0.0,1.244552567601204,0.0,9.643760308623314,0.0
5,-1.7313138246536255,-11.375073909759521,1.00062894821167,0.0,0.23087537288665771,0.0,0.49980950355529785,0.0,1.7313138246536255,0.0,11.37507413327694,0.0
6,-2.8889198303222656,-14.263993740081787,1.607621669769287,0.0,0.24817126989364624,0.0,1.033126950263977,0.0,2.8889198899269104,0.0,14.26399402320385,0.0
7,-1.763502597808838,-16.027496337890625,0.5342340469360352,0.0,0.3452141582965851,0.0,0.8840543627738953,0.0,1.7635025680065155,0.0,16.027496591210365,0.0
8,-9.774259567260742,-25.801755905151367,4.653266429901123,0.0,2.933849573135376,0.0,2.187143325805664,0.0,9.774259328842163,0.0,25.80175592005253,0.0
9,-3.2866463661193848,-29.088402271270752,0.48263463377952576,0.0,0.6722479462623596,0.0,2.1317636966705322,0.0,3.2866462767124176,0.0,29.088402196764946,0.0
10,-1.9179718494415283,-31.00637412071228,0.0,0.3569531738758087,0.6334824562072754,0.0,1.284489393234253,0.0,1.5610186755657196,0.0,30.649420872330666,0.0
11,-3.455195903778076,-34.461570024490356,1.8172708749771118,0.0,0.6685148477554321,0.0,0.969410240650177,0.0,3.455195963382721,0.0,34.10461683571339,0.0
12,-1.9672014713287354,-36.42877149581909,0.26597872376441956,0.0,0.9704316258430481,0.0,0.7307910919189453,0.0,1.967201441526413,0.0,36.0718182772398,0.0
13,0.0,-36.42877149581909,0.0,1.293045997619629,0.0,0.2805768847465515,0.0,0.202852264046669,0.0,1.7764751464128494,36.0718182772398,1.7764751464128494
14,0.0,-36.42877149581909,0.0,0.95054030418396,0.0,0.163893923163414,0.0,1.1418101787567139,0.0,2.256244406104088,36.0718182772398,4.032719552516937
15,-1.316077709197998,-37.74484920501709,0.16432055830955505,0.0,1.0962364673614502,0.0,0.05552069842815399,0.0,1.3160777240991592,0.0,37.38789600133896,4.032719552516937
16,-0.2912794053554535,-38.03612861037254,0.0,0.1696302890777588,0.2912794053554535,0.0,0.0,0.2320985496044159,0.0,0.11044943332672119,37.38789600133896,4.1431689858436584
17,-0.6364187002182007,-38.672547310590744,0.1799376904964447,0.0,0.3064201772212982,0.0,0.15006080269813538,0.0,0.6364186704158783,0.0,38.02431467175484,4.1431689858436584
18,-1.3913612365722656,-40.06390854716301,0.4625154137611389,0.0,0.16118374466896057,0.0,0.7676620483398438,0.0,1.3913612067699432,0.0,39.41567587852478,4.1431689858436584
19,-2.449221134185791,-42.5131296813488,1.0769085884094238,0.0,0.3912005126476288,0.0,0.9811120629310608,0.0,2.4492211639881134,0.0,41.864897042512894,4.1431689858436584
20,-2.3802783489227295,-44.89340803027153,0.5288646817207336,0.0,0.780853271484375,0.0,1.0705604553222656,0.0,2.3802784085273743,0.0,44.24517545104027,4.1431689858436584
21,-3.286937713623047,-48.18034574389458,0.9365671873092651,0.0,0.3876185119152069,0.0,1.962751865386963,0.0,3.286937564611435,0.0,47.5321130156517,4.1431689858436584
22,-2.5829672813415527,-50.76331302523613,0.4215100109577179,0.0,0.19325745105743408,0.0,1.9681999683380127,0.0,2.5829674303531647,0.0,50.11508044600487,4.1431689858436584
23,-2.5820488929748535,-53.34536191821098,0.3560788035392761,0.0,0.18901224434375763,0.0,2.0369577407836914,0.0,2.582048788666725,0.0,52.69712923467159,4.1431689858436584
24,-0.9636238813400269,-54.30898579955101,0.35421058535575867,0.0,0.18733283877372742,0.0,0.42208048701286316,0.0,0.9636239111423492,0.0,53.66075314581394,4.1431689858436584
25,-0.9509491920471191,-55.25993499159813,0.3527388870716095,0.0,0.17920845746994019,0.0,0.41900184750556946,0.0,0.9509491920471191,0.0,54.61170233786106,4.1431689858436584
26,-0.9367231130599976,-56.19665810465813,0.3514370918273926,0.0,0.16868312656879425,0.0,0.4166029393672943,0.0,0.9367231577634811,0.0,55.54842549562454,4.1431689858436584
27,-1.7249802350997925,-57.92163833975792,0.35007867217063904,0.0,0.1873515099287033,0.0,1.1875500679016113,0.0,1.7249802500009537,0.0,57.273405745625496,4.1431689858436584
28,-1.992091417312622,-59.91372975707054,1.3546943664550781,0.0,0.20223666727542877,0.0,0.4351603388786316,0.0,1.9920913726091385,0.0,59.265497118234634,4.1431689858436584
29,-2.0965375900268555,-62.0102673470974,1.3658525943756104,0.0,0.23087537288665771,0.0,0.49980950355529785,0.0,2.096537470817566,0.0,61.3620345890522,4.1431689858436584
30,-2.032391309738159,-64.04265865683556,1.3301458358764648,0.0,0.24327263236045837,0.0,0.4589728116989136,0.0,2.032391279935837,0.0,63.39442586898804,4.1431689858436584
31,-0.7622600793838501,-64.8049187362194,0.07796920090913773,0.0,0.19240280985832214,0.0,0.49188804626464844,0.0,0.7622600570321083,0.0,64.15668592602015,4.1431689858436584
32,-1.800918698310852,-66.60583743453026,0.0,0.36149874329566956,1.310782790184021,0.0,0.49013590812683105,0.0,1.4394199550151825,0.0,65.59610588103533,4.1431689858436584
33,-0.3876694440841675,-66.99350687861443,0.0,0.4318349361419678,0.13957519829273224,0.0,0.24809423089027405,0.0,0.0,0.04416550695896149,65.59610588103533,4.18733449280262
34,-0.44446784257888794,-67.43797472119331,0.06265433132648468,0.0,0.38181352615356445,0.0,0.0,0.018229525536298752,0.4262383319437504,0.0,66.02234421297908,4.18733449280262
35,-0.5458567142486572,-67.98383143544197,0.3224653899669647,0.0,0.2233913242816925,0.0,0.0,0.21491865813732147,0.33093805611133575,0.0,66.35328226909041,4.18733449280262
36,-4.797369956970215,-72.78120139241219,4.797369956970215,0.0,0.0,0.04580845683813095,0.0,0.4474849998950958,4.304076500236988,0.0,70.6573587693274,4.18733449280262
37,-1.7521350383758545,-74.53333643078804,1.7521350383758545,0.0,0.0,0.17027628421783447,0.0,0.596929669380188,0.984929084777832,0.0,71.64228785410523,4.18733449280262
38,0.0,-74.53333643078804,0.0,0.5143934488296509,0.0,0.05979296937584877,0.0,0.06400222331285477,0.0,0.6381886415183544,71.64228785410523,4.825523134320974
39,-0.7720916271209717,-75.30542805790901,0.0,0.6550762057304382,0.7720916271209717,0.0,0.0,0.24682287871837616,0.0,0.1298074573278427,71.64228785410523,4.955330591648817
40,-1.1289808750152588,-76.43440893292427,0.447745680809021,0.0,0.19314506649971008,0.0,0.4880902171134949,0.0,1.128980964422226,0.0,72.77126881852746,4.955330591648817
41,-0.3666064143180847,-76.80101534724236,0.0,0.14580199122428894,0.0,0.00994577631354332,0.3666064143180847,0.0,0.21085864678025246,0.0,72.98212746530771,4.955330591648817
42,-2.4748167991638184,-79.27583214640617,1.109107494354248,0.0,0.2910788059234619,0.0,1.074630618095398,0.0,2.474816918373108,0.0,75.45694438368082,4.955330591648817
43,-1.703869104385376,-80.97970125079155,0.7583456039428711,0.0,0.21914196014404297,0.0,0.7263814806938171,0.0,1.7038690447807312,0.0,77.16081342846155,4.955330591648817
44,-2.9432787895202637,-83.92298004031181,2.2908387184143066,0.0,0.20169100165367126,0.0,0.4507490396499634,0.0,2.9432787597179413,0.0,80.1040921881795,4.955330591648817
45,-1.530853033065796,-85.45383307337761,0.6353296637535095,0.0,0.19623863697052002,0.0,0.6992846727371216,0.0,1.5308529734611511,0.0,81.63494516164064,4.955330591648817
46,-1.4290204048156738,-86.88285347819328,0.5435421466827393,0.0,0.19325745105743408,0.0,0.6922207474708557,0.0,1.429020345211029,0.0,83.06396550685167,4.955330591648817
47,-0.9907427430152893,-87.87359622120857,0.37498530745506287,0.0,0.18901224434375763,0.0,0.4267451763153076,0.0,0.9907427281141281,0.0,84.0547082349658,4.955330591648817
48,-0.9636238813400269,-88.8372201025486,0.35421058535575867,0.0,0.18733283877372742,0.0,0.42208048701286316,0.0,0.9636239111423492,0.0,85.01833214610815,4.955330591648817
49,-0.9576585292816162,-89.79487863183022,0.3527388870716095,0.0,0.18591776490211487,0.0,0.41900184750556946,0.0,0.9576584994792938,0.0,85.97599064558744,4.955330591648817
50,-0.9526563286781311,-90.74753496050835,0.35143721103668213,0.0,0.1846161186695099,0.0,0.4166030287742615,0.0,0.9526563584804535,0.0,86.9286470040679,4.955330591648817
51,-0.9410374164581299,-91.68857237696648,0.3348560631275177,0.0,0.18735158443450928,0.0,0.4188297688961029,0.0,0.9410374164581299,0.0,87.86968442052603,4.955330591648817
52,-0.9860039949417114,-92.67457637190819,0.34860697388648987,0.0,0.20223666727542877,0.0,0.4351603388786316,0.0,0.9860039800405502,0.0,88.85568840056658,4.955330591648817
53,-1.0794618129730225,-93.75403818488121,0.3487769067287445,0.0,0.23087537288665771,0.0,0.49980950355529785,0.0,1.0794617831707,0.0,89.93515018373728,4.955330591648817
54,-0.9919222593307495,-94.74596044421196,0.30258339643478394,0.0,0.23897044360637665,0.0,0.4503684341907501,0.0,0.9919222742319107,0.0,90.92707245796919,4.955330591648817
55,-1.1287806034088135,-95.87474104762077,0.5197288393974304,0.0,0.2986651062965393,0.0,0.31038662791252136,0.0,1.128780573606491,0.0,92.05585303157568,4.955330591648817
56,-1.865159034729004,-97.73990008234978,0.794775664806366,0.0,0.2044009417295456,0.0,0.8659823536872864,0.0,1.865158960223198,0.0,93.92101199179888,4.955330591648817
57,-0.6539461612701416,-98.39384624361992,0.0,0.5403615236282349,0.22833411395549774,0.0,0.42561206221580505,0.0,0.11358465254306793,0.0,94.03459664434195,4.955330591648817
58,-0.8443811535835266,-99.23822739720345,0.0,0.8445625305175781,0.04807596653699875,0.0,0.7963051795959473,0.0,0.0,0.0001813843846321106,94.03459664434195,4.955511976033449
59,-1.274584412574768,-100.51281180977821,0.0,1.0440349578857422,1.274584412574768,0.0,0.0,0.3224382996559143,0.0,0.09188884496688843,94.03459664434195,5.047400821000338
60,-0.3657621741294861,-100.8785739839077,0.0,1.0866937637329102,0.3657621741294861,0.0,0.0,0.11811089515686035,0.0,0.8390424847602844,94.03459664434195,5.886443305760622
61,-7.003236293792725,-107.88181027770042,0.0,0.7644610404968262,0.0,0.18274803459644318,7.003236293792725,0.0,6.056027218699455,0.0,100.0906238630414,5.886443305760622
62,0.0,-107.88181027770042,0.0,0.6829460859298706,0.0,0.16892418265342712,0.0,0.05988061800599098,0.0,0.9117508865892887,100.0906238630414,6.798194192349911
63,-2.0864264965057373,-109.96823677420616,1.561369776725769,0.0,0.0,0.013574364595115185,0.5250566601753235,0.0,2.0728520723059773,0.0,102.16347593534738,6.798194192349911
64,-2.13383150100708,-112.10206827521324,0.9007319211959839,0.0,0.011278570629656315,0.0,1.2218209505081177,0.0,2.133831442333758,0.0,104.29730737768114,6.798194192349911
65,-1.0445339679718018,-113.14660224318504,0.14395681023597717,0.0,0.21786905825138092,0.0,0.6827080249786377,0.0,1.0445338934659958,0.0,105.34184127114713,6.798194192349911
66,-3.2661426067352295,-116.41274484992027,0.9867361783981323,0.0,0.313500314950943,0.0,1.9659061431884766,0.0,3.266142636537552,0.0,108.60798390768468,6.798194192349911
67,-2.5142626762390137,-118.92700752615929,0.8331621885299683,0.0,0.35911455750465393,0.0,1.3219858407974243,0.0,2.5142625868320465,0.0,111.12224649451673,6.798194192349911
68,-2.139162540435791,-121.06617006659508,0.6107575297355652,0.0,0.36468249559402466,0.0,1.1637225151062012,0.0,2.139162540435791,0.0,113.26140903495252,6.798194192349911
69,-2.2731752395629883,-123.33934530615807,0.6353296637535095,0.0,0.4478263854980469,0.0,1.1900190114974976,0.0,2.273175060749054,0.0,115.53458409570158,6.798194192349911
70,-1.111764669418335,-124.4511099755764,0.48252609372138977,0.0,0.19325745105743408,0.0,0.4359810948371887,0.0,1.1117646396160126,0.0,116.64634873531759,6.798194192349911
71,-1.48699951171875,-125.93810948729515,0.8712420463562012,0.0,0.18901224434375763,0.0,0.4267451763153076,0.0,1.4869994670152664,0.0,118.13334820233285,6.798194192349911
72,-0.968881368637085,-126.90699085593224,0.3594680726528168,0.0,0.18733283877372742,0.0,0.42208048701286316,0.0,0.9688813984394073,0.0,119.10222960077226,6.798194192349911
73,-0.9576585292816162,-127.86464938521385,0.3527388870716095,0.0,0.18591776490211487,0.0,0.41900184750556946,0.0,0.9576584994792938,0.0,120.05988810025156,6.798194192349911
74,-0.9526560306549072,-128.81730541586876,0.3514370918273926,0.0,0.18461598455905914,0.0,0.4166029393672943,0.0,0.952656015753746,0.0,121.0125441160053,6.798194192349911
75,-0.9410372972488403,-129.7583427131176,0.3348560631275177,0.0,0.1873515099287033,0.0,0.4188297688961029,0.0,0.9410373419523239,0.0,121.95358145795763,6.798194192349911
76,-0.9860039949417114,-130.7443467080593,0.34860697388648987,0.0,0.20223666727542877,0.0,0.4351603388786316,0.0,0.9860039800405502,0.0,122.93958543799818,6.798194192349911
77,-2.1263625621795654,-132.87070927023888,1.3677350282669067,0.0,0.23087544739246368,0.0,0.5277521014213562,0.0,2.1263625770807266,0.0,125.0659480150789,6.798194192349911
78,-2.527252197265625,-135.3979614675045,0.3598918616771698,0.0,0.25422030687332153,0.0,1.9131399393081665,0.0,2.527252107858658,0.0,127.59320012293756,6.798194192349911
79,-1.490822196006775,-136.88878366351128,0.500566840171814,0.0,0.3611260652542114,0.0,0.6291292905807495,0.0,1.490822196006775,0.0,129.08402231894433,6.798194192349911
80,-2.233278274536133,-139.1220619380474,0.14558805525302887,0.0,0.36487680673599243,0.0,1.722813367843628,0.0,2.2332782298326492,0.0,131.31730054877698,6.798194192349911
81,-0.9089511632919312,-140.03101310133934,0.0,0.19974814355373383,0.37557753920555115,0.0,0.5333736538887024,0.0,0.7092030495405197,0.0,132.0265035983175,6.798194192349911
82,-1.3471115827560425,-141.37812468409538,0.10277063399553299,0.0,0.30680543184280396,0.0,0.9375355243682861,0.0,1.347111590206623,0.0,133.37361518852413,6.798194192349911
83,-0.5343934893608093,-141.9125181734562,0.0,0.3503643572330475,0.2927956283092499,0.0,0.24159787595272064,0.0,0.18402914702892303,0.0,133.55764433555305,6.798194192349911
84,-1.0117666721343994,-142.9242848455906,0.0,0.48728668689727783,0.19740678369998932,0.0,0.8143599033355713,0.0,0.5244800001382828,0.0,134.08212433569133,6.798194192349911
85,-0.08687037974596024,-143.01115522533655,0.0,0.10344289988279343,0.08687037974596024,0.0,0.0,0.06797640770673752,0.0,0.08454892784357071,134.08212433569133,6.8827431201934814
86,-0.08487845957279205,-143.09603368490934,0.0,0.5747829079627991,0.08487845957279205,0.0,0.0,0.2017921507358551,0.0,0.6916965991258621,134.08212433569133,7.574439719319344
87,-0.03208257630467415,-143.12811626121402,0.0,0.6318455934524536,0.03208257630467415,0.0,0.0,0.15823568403720856,0.0,0.757998701184988,134.08212433569133,8.332438420504332
88,-0.19390042126178741,-143.3220166824758,0.0,0.3609931766986847,0.19390042126178741,0.0,0.0,0.052840862423181534,0.0,0.2199336178600788,134.08212433569133,8.55237203836441
89,-2.507204532623291,-145.8292212150991,0.9598867297172546,0.0,1.2953776121139526,0.0,0.25194022059440613,0.0,2.5072045624256134,0.0,136.58932889811695,8.55237203836441
90,-1.5222392082214355,-147.35146042332053,0.398721843957901,0.0,0.29576143622398376,0.0,0.827755868434906,0.0,1.5222391486167908,0.0,138.11156804673374,8.55237203836441
91,-1.805208683013916,-149.15666910633445,0.5945645570755005,0.0,0.4842626452445984,0.0,0.7263814806938171,0.0,1.805208683013916,0.0,139.91677672974765,8.55237203836441
92,-2.0617852210998535,-151.2184543274343,0.9364479184150696,0.0,0.36468249559402466,0.0,0.7606547474861145,0.0,2.0617851614952087,0.0,141.97856189124286,8.55237203836441
93,-1.748924732208252,-152.96737905964255,0.5447744131088257,0.0,0.3876185119152069,0.0,0.8165318369865417,0.0,1.7489247620105743,0.0,143.72748665325344,8.55237203836441
94,-1.9517195224761963,-154.91909858211875,0.6589604616165161,0.0,0.3296126127243042,0.0,0.963146448135376,0.0,1.9517195224761963,0.0,145.67920617572963,8.55237203836441
95,-1.1967880725860596,-156.1158866547048,0.3560788035392761,0.0,0.3141602873802185,0.0,0.5265489816665649,0.0,1.1967880725860596,0.0,146.8759942483157,8.55237203836441
96,-0.9942672252655029,-157.1101538799703,0.35421058535575867,0.0,0.18733283877372742,0.0,0.45272377133369446,0.0,0.9942671954631805,0.0,147.87026144377887,8.55237203836441
97,-0.9556514024734497,-158.06580528244376,0.3527388870716095,0.0,0.18591776490211487,0.0,0.41699478030204773,0.0,0.9556514322757721,0.0,148.82591287605464,8.55237203836441
98,-0.9526560306549072,-159.01846131309867,0.3514370918273926,0.0,0.18461598455905914,0.0,0.4166029393672943,0.0,0.952656015753746,0.0,149.7785688918084,8.55237203836441
99,-0.9562599658966064,-159.97472127899528,0.35007867217063904,0.0,0.1873515099287033,0.0,0.4188297688961029,0.0,0.9562599509954453,0.0,150.73482884280384,8.55237203836441
100,-1.8919508457183838,-161.86667212471366,1.2545539140701294,0.0,0.20223666727542877,0.0,0.4351603388786316,0.0,1.8919509202241898,0.0,152.62677976302803,8.55237203836441
101,-1.1055219173431396,-162.9721940420568,0.3468944728374481,0.0,0.23087537288665771,0.0,0.5277521014213562,0.0,1.105521947145462,0.0,153.7323017101735,8.55237203836441
102,-1.7737758159637451,-164.74596985802054,1.0784878730773926,0.0,0.2409534454345703,0.0,0.45433443784713745,0.0,1.7737757563591003,0.0,155.5060774665326,8.55237203836441
103,-2.8315629959106445,-167.5775328539312,1.406815528869629,0.0,1.11617112159729,0.0,0.3085762858390808,0.0,2.8315629363059998,0.0,158.3376404028386,8.55237203836441
104,-0.5558802485466003,-168.1334131024778,0.26671406626701355,0.0,0.23807062208652496,0.0,0.05109556391835213,0.0,0.5558802522718906,0.0,158.89352065511048,8.55237203836441
105,-0.23039452731609344,-168.36380762979388,0.0,0.4958544075489044,0.23039452731609344,0.0,0.0,0.13957266509532928,0.0,0.40503254532814026,158.89352065511048,8.95740458369255
106,0.0,-168.36380762979388,0.0,1.0164076089859009,0.0,0.015333311632275581,0.0,0.3945979177951813,0.0,1.4263388384133577,158.89352065511048,10.383743422105908
107,-0.5092339515686035,-168.8730415813625,0.0,0.9263487458229065,0.5092339515686035,0.0,0.0,0.5706278085708618,0.0,0.9877426028251648,158.89352065511048,11.371486024931073
108,-0.19439604878425598,-169.06743763014674,0.0,0.966838538646698,0.07441972941160202,0.0,0.11997632682323456,0.0,0.0,0.7724424824118614,158.89352065511048,12.143928507342935
109,0.0,-169.06743763014674,0.0,0.7738717198371887,0.0,0.20100609958171844,0.0,0.4543624222278595,0.0,1.4292402416467667,158.89352065511048,13.573168748989701
110,0.0,-169.06743763014674,0.0,0.8958898782730103,0.0,0.2619478404521942,0.0,0.5466712713241577,0.0,1.7045089900493622,158.89352065511048,15.277677739039063
111,0.0,-169.06743763014674,0.0,0.5852379202842712,0.0,0.15857301652431488,0.0,0.34786614775657654,0.0,1.0916770845651627,158.89352065511048,16.369354823604226
112,0.0,-169.06743763014674,0.0,0.48445454239845276,0.0,0.14671702682971954,0.0,0.1763022094964981,0.0,0.8074737787246704,158.89352065511048,17.176828602328897
113,-1.6510711908340454,-170.7185088209808,0.8948801755905151,0.0,0.08385171741247177,0.0,0.6723393201828003,0.0,1.6510712131857872,0.0,160.54459186829627,17.176828602328897
114,-2.081084728240967,-172.79959354922175,0.37103885412216187,0.0,0.15303760766983032,0.0,1.5570083856582642,0.0,2.0810848474502563,0.0,162.62567671574652,17.176828602328897
115,-3.8967509269714355,-176.6963444761932,0.7546690702438354,0.0,0.21914196014404297,0.0,2.9229397773742676,0.0,3.896750807762146,0.0,166.52242752350867,17.176828602328897
116,-2.386841058731079,-179.08318553492427,0.4469718635082245,0.0,0.36468249559402466,0.0,1.5751867294311523,0.0,2.3868410885334015,0.0,168.90926861204207,17.176828602328897
117,-1.1943271160125732,-180.27751265093684,0.3636639416217804,0.0,0.3876185119152069,0.0,0.4430446922779083,0.0,1.1943271458148956,0.0,170.10359575785697,17.176828602328897
118,-1.6358888149261475,-181.913401465863,0.5967347025871277,0.0,0.3296126127243042,0.0,0.7095414996147156,0.0,1.6358888149261475,0.0,171.7394845727831,17.176828602328897
119,-1.2080751657485962,-183.12147663161159,0.5923177599906921,0.0,0.18901224434375763,0.0,0.4267451763153076,0.0,1.2080751806497574,0.0,172.94755975343287,17.176828602328897
120,-0.9636238813400269,-184.0851005129516,0.35421058535575867,0.0,0.18733283877372742,0.0,0.42208048701286316,0.0,0.9636239111423492,0.0,173.91118366457522,17.176828602328897
121,-0.9576585292816162,-185.04275904223323,0.3527388870716095,0.0,0.18591776490211487,0.0,0.41900184750556946,0.0,0.9576584994792938,0.0,174.8688421640545,17.176828602328897
122,-0.9526560306549072,-185.99541507288814,0.3514370918273926,0.0,0.18461598455905914,0.0,0.4166029393672943,0.0,0.952656015753746,0.0,175.82149817980826,17.176828602328897
123,-0.9345853328704834,-186.93000040575862,0.35007867217063904,0.0,0.1873515099287033,0.0,0.39715519547462463,0.0,0.934585377573967,0.0,176.75608355738223,17.176828602328897
124,-0.9860039949417114,-187.91600440070033,0.34860697388648987,0.0,0.20223666727542877,0.0,0.4351603388786316,0.0,0.9860039800405502,0.0,177.74208753742278,17.176828602328897
125,-1.683093786239624,-189.59909818693995,0.9524089097976685,0.0,0.23087537288665771,0.0,0.49980950355529785,0.0,1.683093786239624,0.0,179.4251813236624,17.176828602328897
126,-13.249727249145508,-202.84882543608546,5.020469665527344,0.0,0.29751452803611755,0.0,7.931743621826172,0.0,13.249727815389633,0.0,192.67490913905203,17.176828602328897
127,-1.0115041732788086,-203.86032960936427,0.10226792097091675,0.0,0.28070199489593506,0.0,0.628534197807312,0.0,1.0115041136741638,0.0,193.6864132527262,17.176828602328897
128,-0.7270533442497253,-204.587382953614,0.0,0.21943727135658264,0.26006796956062317,0.0,0.4669853746891022,0.0,0.5076160728931427,0.0,194.19402932561934,17.176828602328897
129,-4.702228546142578,-209.28961149975657,4.173412322998047,0.0,0.13157224655151367,0.0,0.39724376797676086,0.0,4.702228337526321,0.0,198.89625766314566,17.176828602328897
130,-0.21567924320697784,-209.50529074296355,0.0,0.837080717086792,0.10908318310976028,0.0,0.10659606009721756,0.0,0.0,0.6214014738798141,198.89625766314566,17.79823007620871
131,-0.010712550953030586,-209.51600329391658,0.0,1.1622930765151978,0.010712550953030586,0.0,0.0,0.5703308582305908,0.0,1.721911383792758,198.89625766314566,19.52014146000147
132,-0.11713474243879318,-209.63313803635538,0.0,1.1904658079147339,0.11713474243879318,0.0,0.0,0.6025114059448242,0.0,1.675842471420765,198.89625766314566,21.195983931422234
133,0.0,-209.63313803635538,0.0,1.2007795572280884,0.0,0.25800636410713196,0.0,0.7577298879623413,0.0,2.2165158092975616,198.89625766314566,23.412499740719795
134,0.0,-209.63313803635538,0.0,0.6445506811141968,0.0,0.2746831774711609,0.0,0.7411631345748901,0.0,1.6603969931602478,198.89625766314566,25.072896733880043
135,0.0,-209.63313803635538,0.0,0.895548939704895,0.0,0.1956094652414322,0.0,0.42193904519081116,0.0,1.5130974501371384,198.89625766314566,26.58599418401718
136,0.0,-209.63313803635538,0.0,0.5875452160835266,0.0,0.17033067345619202,0.0,0.22352951765060425,0.0,0.9814054071903229,198.89625766314566,27.567399591207504
137,-1.9343578815460205,-211.5674959179014,1.7877622842788696,0.0,0.0,0.018772907555103302,0.14659564197063446,0.0,1.9155850186944008,0.0,200.81184268184006,27.567399591207504
138,-2.0044493675231934,-213.5719452854246,0.918773353099823,0.0,0.2831476926803589,0.0,0.8025283813476562,0.0,2.004449427127838,0.0,202.8162921089679,27.567399591207504
139,-2.5833797454833984,-216.155325030908,1.6380316019058228,0.0,0.21908357739448547,0.0,0.7262647151947021,0.0,2.5833798944950104,0.0,205.3996720034629,27.567399591207504
140,-10.228029251098633,-226.38335428200662,7.694016456604004,0.0,0.20169100165367126,0.0,2.332322120666504,0.0,10.228029578924179,0.0,215.6277015823871,27.567399591207504
141,-1.7925924062728882,-228.1759466882795,0.7798219323158264,0.0,0.19623863697052002,0.0,0.8165318369865417,0.0,1.7925924062728882,0.0,217.42029398865998,27.567399591207504
142,-1.050748586654663,-229.22669527493417,0.4215100109577179,0.0,0.19325745105743408,0.0,0.4359810948371887,0.0,1.0507485568523407,0.0,218.47104254551232,27.567399591207504
143,-0.9718362092971802,-230.19853148423135,0.3560788035392761,0.0,0.18901224434375763,0.0,0.4267451763153076,0.0,0.9718362241983414,0.0,219.44287876971066,27.567399591207504
144,-0.9636238813400269,-231.16215536557138,0.35421058535575867,0.0,0.18733283877372742,0.0,0.42208048701286316,0.0,0.9636239111423492,0.0,220.406502680853,27.567399591207504
145,-1.4107310771942139,-232.5728864427656,0.5866090059280396,0.0,0.18591776490211487,0.0,0.6382042765617371,0.0,1.4107310473918915,0.0,221.8172337282449,27.567399591207504
146,-1.15919029712677,-233.73207673989236,0.33876895904541016,0.0,0.18461598455905914,0.0,0.6358053684234619,0.0,1.1591903120279312,0.0,222.97642404027283,27.567399591207504
147,-1.138565182685852,-234.87064192257822,0.3348560631275177,0.0,0.1873515099287033,0.0,0.6163576245307922,0.0,1.1385651975870132,0.0,224.11498923785985,27.567399591207504
148,-1.0298445224761963,-235.9004864450544,0.34860697388648987,0.0,0.20223666727542877,0.0,0.4790008068084717,0.0,1.0298444479703903,0.0,225.14483368583024,27.567399591207504
149,-1.0756969451904297,-236.97618339024484,0.3450120687484741,0.0,0.23087537288665771,0.0,0.49980950355529785,0.0,1.0756969451904297,0.0,226.22053063102067,27.567399591207504
150,-3.3968982696533203,-240.37308165989816,1.2575488090515137,0.0,0.8152798414230347,0.0,1.3240694999694824,0.0,3.3968981504440308,0.0,229.6174287814647,27.567399591207504
151,-1.3315662145614624,-241.70464787445962,0.3870762586593628,0.0,0.20606835186481476,0.0,0.738421618938446,0.0,1.3315662294626236,0.0,230.94899501092732,27.567399591207504
152,-2.3168582916259766,-244.0215061660856,1.844589352607727,0.0,0.16592095792293549,0.0,0.30634817481040955,0.0,2.316858485341072,0.0,233.2658534962684,27.567399591207504
153,-0.19011560082435608,-244.21162176690996,0.0,0.8707294464111328,0.19011560082435608,0.0,0.0,0.02427547238767147,0.0,0.7048893179744482,233.2658534962684,28.272288909181952
154,-0.2923145890235901,-244.50393635593355,0.0,0.7773419618606567,0.2923145890235901,0.0,0.0,0.27234557271003723,0.0,0.7573729455471039,233.2658534962684,29.029661854729056
155,-4.530760765075684,-249.03469712100923,4.530760765075684,0.0,0.0,0.10667166113853455,0.0,0.3817722201347351,4.042316883802414,0.0,237.3081703800708,29.029661854729056
156,-0.29107382893562317,-249.32577094994485,0.0,0.03266453742980957,0.0,0.14224159717559814,0.29107382893562317,0.0,0.11616769433021545,0.0,237.42433807440102,29.029661854729056
157,0.0,-249.32577094994485,0.0,0.49131590127944946,0.0,0.2452315241098404,0.0,0.2801191210746765,0.0,1.0166665464639664,237.42433807440102,30.046328401193023
158,0.0,-249.32577094994485,0.0,0.7494138479232788,0.0,0.2924632430076599,0.0,0.6091670989990234,0.0,1.6510441899299622,237.42433807440102,31.697372591122985
159,0.0,-249.32577094994485,0.0,0.59209144115448,0.0,0.2047167718410492,0.0,0.6147118210792542,0.0,1.4115200340747833,237.42433807440102,33.10889262519777
160,-0.04153069108724594,-249.3673016410321,0.03444037213921547,0.0,0.0,0.16462194919586182,0.007090319879353046,0.0,0.0,0.1230912571772933,237.42433807440102,33.23198388237506
161,-2.0535757541656494,-251.42087739519775,1.4606693983078003,0.0,0.0,0.006396973039954901,0.5929064154624939,0.0,2.0471788407303393,0.0,239.47151691513136,33.23198388237506
162,-3.0140810012817383,-254.4349583964795,1.0783368349075317,0.0,0.1577356457710266,0.0,1.7780084609985352,0.0,3.0140809416770935,0.0,242.48559785680845,33.23198388237506
163,-2.118300437927246,-256.55325883440673,0.6995631456375122,0.0,0.21890221536159515,0.0,1.1998350620269775,0.0,2.118300423026085,0.0,244.60389827983454,33.23198388237506
164,-2.8665988445281982,-259.41985767893493,1.4313558340072632,0.0,0.36468249559402466,0.0,1.0705604553222656,0.0,2.8665987849235535,0.0,247.4704970647581,33.23198388237506
165,-1.9310320615768433,-261.3508897405118,0.5447744131088257,0.0,0.19623863697052002,0.0,1.1900190114974976,0.0,1.9310320615768433,0.0,249.40152912633494,33.23198388237506
166,-0.9897325038909912,-262.34062224440277,0.3604939579963684,0.0,0.19325745105743408,0.0,0.4359810948371887,0.0,0.9897325038909912,0.0,250.39126163022593,33.23198388237506
167,-0.9718362092971802,-263.31245845369995,0.3560788035392761,0.0,0.18901224434375763,0.0,0.4267451763153076,0.0,0.9718362241983414,0.0,251.36309785442427,33.23198388237506
168,-0.9636238813400269,-264.27608233504,0.35421058535575867,0.0,0.18733283877372742,0.0,0.42208048701286316,0.0,0.9636239111423492,0.0,252.32672176556662,33.23198388237506
169,-0.9576585292816162,-265.2337408643216,0.3527388870716095,0.0,0.18591776490211487,0.0,0.41900184750556946,0.0,0.9576584994792938,0.0,253.2843802650459,33.23198388237506
170,-0.9526560306549072,-266.1863968949765,0.3514370918273926,0.0,0.18461598455905914,0.0,0.4166029393672943,0.0,0.952656015753746,0.0,254.23703628079966,33.23198388237506
171,-0.9562599658966064,-267.1426568608731,0.35007867217063904,0.0,0.1873515099287033,0.0,0.4188297688961029,0.0,0.9562599509954453,0.0,255.1932962317951,33.23198388237506
172,-0.9860039949417114,-268.1286608558148,0.34860697388648987,0.0,0.20223666727542877,0.0,0.4351603388786316,0.0,0.9860039800405502,0.0,256.17930021183565,33.23198388237506
173,-3.647223711013794,-271.7758845668286,2.916538715362549,0.0,0.23087537288665771,0.0,0.49980950355529785,0.0,3.6472235918045044,0.0,259.82652380364016,33.23198388237506
174,-1.7574055194854736,-273.5332900863141,0.384336918592453,0.0,0.23963414132595062,0.0,1.133434534072876,0.0,1.7574055939912796,0.0,261.58392939763144,33.23198388237506
175,-1.402383804321289,-274.93567389063537,0.1516353189945221,0.0,0.7369452714920044,0.0,0.513803243637085,0.0,1.4023838341236115,0.0,262.98631323175505,33.23198388237506
176,-1.577296495437622,-276.512970386073,1.1688817739486694,0.0,0.20974469184875488,0.0,0.19867007434368134,0.0,1.5772965401411057,0.0,264.56360977189615,33.23198388237506
177,-0.18657486140727997,-276.6995452474803,0.0,0.6238800287246704,0.18657486140727997,0.0,0.0,0.031356967985630035,0.0,0.4686621353030205,264.56360977189615,33.70064601767808
178,-0.03914664313197136,-276.73869189061224,0.0,0.9074476957321167,0.03914664313197136,0.0,0.0,0.2856380045413971,0.0,1.1539390571415424,264.56360977189615,34.854585074819624
179,-0.19224512577056885,-276.9309370163828,0.0,1.0420626401901245,0.19224512577056885,0.0,0.0,0.45010045170783997,0.0,1.2999179661273956,264.56360977189615,36.15450304094702
180,0.0,-276.9309370163828,0.0,1.1424123048782349,0.0,0.10660106688737869,0.0,0.5544579029083252,0.0,1.8034712746739388,264.56360977189615,37.95797431562096
181,0.0,-276.9309370163828,0.0,0.8901332020759583,0.0,0.21903814375400543,0.0,0.5087555646896362,0.0,1.6179269105196,264.56360977189615,39.57590122614056
182,0.0,-276.9309370163828,0.0,0.9799602627754211,0.0,0.23004119098186493,0.0,0.48432299494743347,0.0,1.6943244487047195,264.56360977189615,41.27022567484528
183,0.0,-276.9309370163828,0.0,0.8368264436721802,0.0,0.16624821722507477,0.0,0.3632165491580963,0.0,1.3662912100553513,264.56360977189615,42.63651688490063
184,0.0,-276.9309370163828,0.0,0.556738018989563,0.0,0.1549270749092102,0.0,0.19272230565547943,0.0,0.9043873995542526,264.56360977189615,43.54090428445488
185,-0.36801058053970337,-277.2989475969225,0.012752579525113106,0.0,0.0,0.009429455734789371,0.3552579879760742,0.0,0.35858111176639795,0.0,264.92219088366255,43.54090428445488
186,-1.3981964588165283,-278.69714405573905,0.6653156876564026,0.0,0.1543160378932953,0.0,0.5785647034645081,0.0,1.398196429014206,0.0,266.32038731267676,43.54090428445488
187,-2.8931806087493896,-281.59032466448843,1.0581930875778198,0.0,0.35834044218063354,0.0,1.476647138595581,0.0,2.8931806683540344,0.0,269.2135679810308,43.54090428445488
188,-3.0243310928344727,-284.6146557573229,0.8434675931930542,0.0,0.36468249559402466,0.0,1.816180944442749,0.0,3.024331033229828,0.0,272.2378990142606,43.54090428445488
189,-2.2616288661956787,-286.8762846235186,0.5447744131088257,0.0,0.4032426178455353,0.0,1.3136118650436401,0.0,2.261628895998001,0.0,274.4995279102586,43.54090428445488
190,-1.8639048337936401,-288.7401894573122,0.3604939579963684,0.0,0.32182982563972473,0.0,1.1815810203552246,0.0,1.8639048039913177,0.0,276.36343271424994,43.54090428445488
191,-1.2202203273773193,-289.96040978468955,0.3560788035392761,0.0,0.18885581195354462,0.0,0.6752856969833374,0.0,1.2202203124761581,0.0,277.5836530267261,43.54090428445488
192,-1.2801724672317505,-291.2405822519213,0.6707591414451599,0.0,0.18733283877372742,0.0,0.42208048701286316,0.0,1.2801724672317505,0.0,278.86382549395785,43.54090428445488
193,-1.0720446109771729,-292.31262686289847,0.34507817029953003,0.0,0.307964563369751,0.0,0.41900184750556946,0.0,1.0720445811748505,0.0,279.9358700751327,43.54090428445488
194,-0.9526560306549072,-293.2652828935534,0.3514370918273926,0.0,0.18461598455905914,0.0,0.4166029393672943,0.0,0.952656015753746,0.0,280.88852609088644,43.54090428445488
195,-0.9562599658966064,-294.22154285945,0.35007867217063904,0.0,0.1873515099287033,0.0,0.4188297688961029,0.0,0.9562599509954453,0.0,281.8447860418819,43.54090428445488
196,-0.9860039949417114,-295.2075468543917,0.34860697388648987,0.0,0.20223666727542877,0.0,0.4351603388786316,0.0,0.9860039800405502,0.0,282.83079002192244,43.54090428445488
197,-1.0794618129730225,-296.2870086673647,0.3487769067287445,0.0,0.23087537288665771,0.0,0.49980950355529785,0.0,1.0794617831707,0.0,283.91025180509314,43.54090428445488
198,-1.8722254037857056,-298.1592340711504,1.1771295070648193,0.0,0.24088947474956512,0.0,0.4542064964771271,0.0,1.8722254782915115,0.0,285.78247728338465,43.54090428445488
199,-0.9122757911682129,-299.07150986231863,0.09793445467948914,0.0,0.3024880588054657,0.0,0.5118532776832581,0.0,0.9122757911682129,0.0,286.69475307455286,43.54090428445488
200,-1.9017574787139893,-300.9732673410326,1.3969422578811646,0.0,0.24484512209892273,0.0,0.25997012853622437,0.0,1.9017575085163116,0.0,288.5965105830692,43.54090428445488
201,-0.29184219241142273,-301.26510953344405,0.0,0.6303125619888306,0.23515954613685608,0.0,0.05668264627456665,0.0,0.0,0.33847036957740784,288.5965105830692,43.87937465403229
202,-0.11333481222391129,-301.37844434566796,0.0,0.9267101287841797,0.10197068750858307,0.0,0.011364126577973366,0.0,0.0,0.8133753146976233,288.5965105830692,44.69274996872991
203,-0.2947581708431244,-301.6732025165111,0.0,0.5439062714576721,0.1573142409324646,0.0,0.1374439299106598,0.0,0.0,0.24914810061454773,288.5965105830692,44.94189806934446
204,-0.008087906055152416,-301.68129042256624,0.0,0.35866621136665344,0.008087906055152416,0.0,0.0,0.16686540842056274,0.0,0.5174437137320638,288.5965105830692,45.459341783076525
205,-4.995195388793945,-306.6764858113602,0.0,0.08942629396915436,0.025905432179570198,0.0,4.969289779663086,0.0,4.905768917873502,0.0,293.5022795009427,45.459341783076525
206,-1.3493021726608276,-308.025787984021,0.487641304731369,0.0,0.0,0.1010127067565918,0.8616608381271362,0.0,1.2482894361019135,0.0,294.7505689370446,45.459341783076525
207,-0.40926867723464966,-308.43505666125566,0.1957930475473404,0.0,0.05972663313150406,0.0,0.1537490040063858,0.0,0.40926868468523026,0.0,295.1598376217298,45.459341783076525
208,-0.23267818987369537,-308.66773485112935,0.0,0.24827715754508972,0.04585401341319084,0.0,0.18682417273521423,0.0,0.0,0.015598971396684647,295.1598376217298,45.47494075447321
209,-1.0909188985824585,-309.7586537497118,0.1961147040128708,0.0,0.1650208830833435,0.0,0.729783296585083,0.0,1.0909188836812973,0.0,296.2507565054111,45.47494075447321
210,-2.516575336456299,-312.2752290861681,0.3991195857524872,0.0,0.29596030712127686,0.0,1.8214954137802124,0.0,2.5165753066539764,0.0,298.7673318120651,45.47494075447321
211,-2.8092408180236816,-315.0844699041918,0.9786856770515442,0.0,0.3576768636703491,0.0,1.472878098487854,0.0,2.8092406392097473,0.0,301.57657245127484,45.47494075447321
212,-2.0460004806518555,-317.13047038484365,0.6107575297355652,0.0,0.36468249559402466,0.0,1.0705604553222656,0.0,2.0460004806518555,0.0,303.6225729319267,45.47494075447321
213,-2.2129671573638916,-319.34343754220754,0.6353296637535095,0.0,0.3876185119152069,0.0,1.1900190114974976,0.0,2.212967187166214,0.0,305.8355401190929,45.47494075447321
214,-2.384705066680908,-321.72814260888845,0.48252609372138977,0.0,0.9190770387649536,0.0,0.9831019043922424,0.0,2.384705036878586,0.0,308.2202451559715,45.47494075447321
215,-1.0096492767333984,-322.73779188562185,0.3938917815685272,0.0,0.18901224434375763,0.0,0.4267451763153076,0.0,1.0096492022275925,0.0,309.2298943581991,45.47494075447321
216,-0.9662526845932007,-323.70404457021505,0.3568393290042877,0.0,0.18733283877372742,0.0,0.42208048701286316,0.0,0.9662526547908783,0.0,310.19614701298997,45.47494075447321
217,-0.9499977827072144,-324.65404235292226,0.34507817029953003,0.0,0.18591776490211487,0.0,0.41900184750556946,0.0,0.9499977827072144,0.0,311.1461447956972,45.47494075447321
218,-1.1704277992248535,-325.8244701521471,0.5692089200019836,0.0,0.18461598455905914,0.0,0.4166029393672943,0.0,1.170427843928337,0.0,312.3165726396255,45.47494075447321
219,-0.9562599658966064,-326.7807301180437,0.35007867217063904,0.0,0.1873515099287033,0.0,0.4188297688961029,0.0,0.9562599509954453,0.0,313.27283259062096,45.47494075447321
220,-0.9860039949417114,-327.76673411298543,0.34860697388648987,0.0,0.20223666727542877,0.0,0.4351603388786316,0.0,0.9860039800405502,0.0,314.2588365706615,45.47494075447321
221,-2.462083578109741,-330.2288176910952,1.7313987016677856,0.0,0.23087537288665771,0.0,0.49980950355529785,0.0,2.462083578109741,0.0,316.72092014877126,45.47494075447321
222,-0.9886724948883057,-331.2174901859835,0.30128347873687744,0.0,0.2383204847574234,0.0,0.44906851649284363,0.0,0.9886724799871445,0.0,317.7095926287584,45.47494075447321
223,-0.5891687870025635,-331.80665897298604,0.057517584413290024,0.0,0.20612981915473938,0.0,0.3255213499069214,0.0,0.5891687534749508,0.0,318.29876138223335,45.47494075447321
224,-0.21486058831214905,-332.0215195612982,0.0,0.39134976267814636,0.1452266275882721,0.0,0.06963396817445755,0.0,0.0,0.17648916691541672,318.29876138223335,45.651429921388626
225,-0.2449120432138443,-332.26643160451204,0.0,0.06318311393260956,0.2449120432138443,0.0,0.0,0.11053763329982758,0.07119129598140717,0.0,318.36995267821476,45.651429921388626
226,-0.10591587424278259,-332.3723474787548,0.0,1.5646097660064697,0.10591587424278259,0.0,0.0,0.16139096021652222,0.0,1.6200848519802094,318.36995267821476,47.271514773368835
227,0.0,-332.3723474787548,0.0,1.2028648853302002,0.0,0.028032707050442696,0.0,0.5876062512397766,0.0,1.8185038436204195,318.36995267821476,49.090018616989255
228,-0.03794948011636734,-332.4102969588712,0.0,0.9936406016349792,0.03794948011636734,0.0,0.0,0.27996915578842163,0.0,1.2356602773070335,318.36995267821476,50.32567889429629
229,-8.180971145629883,-340.59126810450107,0.0,1.003985047340393,8.180971145629883,0.0,0.0,0.6080606579780579,6.568925440311432,0.0,324.9388781185262,50.32567889429629
230,0.0,-340.59126810450107,0.0,1.0160142183303833,0.0,0.1581920087337494,0.0,0.5203769207000732,0.0,1.694583147764206,324.9388781185262,52.020262042060494
231,0.0,-340.59126810450107,0.0,0.6432213187217712,0.0,0.04518565908074379,0.0,0.31277215480804443,0.0,1.0011791326105595,324.9388781185262,53.021441174671054
232,-5.730368614196777,-346.32163671869785,4.113112926483154,0.0,0.0,0.008898989297449589,1.617255687713623,0.0,5.721469624899328,0.0,330.6603477434255,53.021441174671054
233,-0.6418020725250244,-346.96343879122287,0.07977397739887238,0.0,0.14066290855407715,0.0,0.4213652014732361,0.0,0.6418020874261856,0.0,331.3021498308517,53.021441174671054
234,-2.44624400138855,-349.4096827926114,1.3207228183746338,0.0,0.5330559015274048,0.0,0.592465341091156,0.0,2.4462440609931946,0.0,333.7483938918449,53.021441174671054
235,-2.543076992034912,-351.95275978464633,0.8556849360466003,0.0,0.3578053414821625,0.0,1.3295866250991821,0.0,2.543076902627945,0.0,336.29147079447284,53.021441174671054
236,-1.9830611944198608,-353.9358209790662,1.1676297187805176,0.0,0.36468249559402466,0.0,0.4507490396499634,0.0,1.9830612540245056,0.0,338.27453204849735,53.021441174671054
237,-2.1125688552856445,-356.04838983435184,0.6075669527053833,0.0,0.19623863697052002,0.0,1.3087632656097412,0.0,2.1125688552856445,0.0,340.387100903783,53.021441174671054
238,-1.6575520038604736,-357.7059418382123,1.028313398361206,0.0,0.19325745105743408,0.0,0.4359810948371887,0.0,1.6575519442558289,0.0,342.0446528480388,53.021441174671054
239,-0.9718362092971802,-358.6777780475095,0.3560788035392761,0.0,0.18901224434375763,0.0,0.4267451763153076,0.0,0.9718362241983414,0.0,343.01648907223716,53.021441174671054
240,-0.9636238813400269,-359.6414019288495,0.35421058535575867,0.0,0.18733283877372742,0.0,0.42208048701286316,0.0,0.9636239111423492,0.0,343.9801129833795,53.021441174671054
241,-0.9576585292816162,-360.59906045813113,0.3527388870716095,0.0,0.18591776490211487,0.0,0.41900184750556946,0.0,0.9576584994792938,0.0,344.9377714828588,53.021441174671054
242,-0.9526560306549072,-361.55171648878604,0.3514370918273926,0.0,0.18461598455905914,0.0,0.4166029393672943,0.0,0.952656015753746,0.0,345.89042749861255,53.021441174671054
243,-0.9562599658966064,-362.50797645468265,0.35007867217063904,0.0,0.1873515099287033,0.0,0.4188297688961029,0.0,0.9562599509954453,0.0,346.846687449608,53.021441174671054
244,-0.9731332659721375,-363.4811097206548,0.3357362449169159,0.0,0.20223666727542877,0.0,0.4351603388786316,0.0,0.9731332510709763,0.0,347.819820700679,53.021441174671054
245,-1.1055219173431396,-364.5866316379979,0.3468944728374481,0.0,0.23087537288665771,0.0,0.5277521014213562,0.0,1.105521947145462,0.0,348.92534264782444,53.021441174671054
246,-4.446622371673584,-369.0332540096715,0.3362347483634949,0.0,0.24239176511764526,0.0,3.8679957389831543,0.0,4.446622252464294,0.0,353.37196490028873,53.021441174671054
247,-1.8766727447509766,-370.9099267544225,1.1351090669631958,0.0,0.21149376034736633,0.0,0.5300699472427368,0.0,1.876672774553299,0.0,355.24863767484203,53.021441174671054
248,-2.2600769996643066,-373.1700037540868,0.7994797825813293,0.0,1.0725849866867065,0.0,0.38801226019859314,0.0,2.260077029466629,0.0,357.50871470430866,53.021441174671054
249,-0.9932252168655396,-374.16322897095233,0.0,0.16169406473636627,0.2862636148929596,0.0,0.7069616317749023,0.0,0.8315311819314957,0.0,358.34024588624015,53.021441174671054
250,0.0,-374.16322897095233,0.0,0.5522568821907043,0.0,0.01259163673967123,0.0,0.14417864382266998,0.0,0.7090271627530456,358.34024588624015,53.7304683374241
251,0.0,-374.16322897095233,0.0,0.8463038802146912,0.0,0.06984102725982666,0.0,0.48367542028427124,0.0,1.399820327758789,358.34024588624015,55.13028866518289
252,0.0,-374.16322897095233,0.0,1.100285291671753,0.0,0.08553756773471832,0.0,0.5123308897018433,0.0,1.6981537491083145,358.34024588624015,56.8284424142912
253,-0.14806900918483734,-374.31129798013717,0.0,1.0048272609710693,0.14806900918483734,0.0,0.0,0.6707950830459595,0.0,1.5275533348321915,358.34024588624015,58.355995749123394
254,-5.203329086303711,-379.5146270664409,5.203329086303711,0.0,0.0,0.2397156059741974,0.0,0.6712279915809631,4.29238548874855,0.0,362.6326313749887,58.355995749123394
255,0.0,-379.5146270664409,0.0,0.8221708536148071,0.0,0.15892040729522705,0.0,0.3485609292984009,0.0,1.329652190208435,362.6326313749887,59.68564793933183
256,-0.19316093623638153,-379.70778800267726,0.19316093623638153,0.0,0.0,0.12396221607923508,0.0,0.13079260289669037,0.0,0.061593882739543915,362.6326313749887,59.74724182207137
257,-0.7812150120735168,-380.4890030147508,0.5760786533355713,0.0,0.006998308934271336,0.0,0.1981380730867386,0.0,0.7812150353565812,0.0,363.4138464103453,59.74724182207137
258,-1.8001203536987305,-382.2891233684495,0.836626410484314,0.0,0.15649878978729248,0.0,0.8069952130317688,0.0,1.8001204133033752,0.0,365.21396682364866,59.74724182207137
259,-1.718062400817871,-384.0071857692674,0.5181800127029419,0.0,0.2190180867910385,0.0,0.9808642864227295,0.0,1.71806238591671,0.0,366.93202920956537,59.74724182207137
260,-1.9641592502593994,-385.9713450195268,0.4469718635082245,0.0,0.20169100165367126,0.0,1.3154963254928589,0.0,1.9641591906547546,0.0,368.8961884002201,59.74724182207137
261,-8.61376953125,-394.5851145507768,0.3636639416217804,0.0,0.19623863697052002,0.0,8.05386734008789,0.0,8.613769918680191,0.0,377.5099583189003,59.74724182207137
262,-1.263292908668518,-395.8484074594453,0.3604939579963684,0.0,0.19325745105743408,0.0,0.7095414996147156,0.0,1.263292908668518,0.0,378.77325122756884,59.74724182207137
263,-1.9203650951385498,-397.76877255458385,0.8147399425506592,0.0,0.18901224434375763,0.0,0.9166128635406494,0.0,1.9203650504350662,0.0,380.6936162780039,59.74724182207137
264,-0.9636238813400269,-398.7323964359239,0.35421058535575867,0.0,0.18733283877372742,0.0,0.42208048701286316,0.0,0.9636239111423492,0.0,381.65724018914625,59.74724182207137
265,-0.9576585292816162,-399.6900549652055,0.3527388870716095,0.0,0.18591776490211487,0.0,0.41900184750556946,0.0,0.9576584994792938,0.0,382.61489868862554,59.74724182207137
266,-0.9526560306549072,-400.6427109958604,0.3514370918273926,0.0,0.18461598455905914,0.0,0.4166029393672943,0.0,0.952656015753746,0.0,383.5675547043793,59.74724182207137
267,-0.9562599658966064,-401.598970961757,0.35007867217063904,0.0,0.1873515099287033,0.0,0.4188297688961029,0.0,0.9562599509954453,0.0,384.52381465537474,59.74724182207137
268,-0.9981705546379089,-402.5971415163949,0.34860697388648987,0.0,0.21440324187278748,0.0,0.4351603388786316,0.0,0.9981705546379089,0.0,385.52198521001264,59.74724182207137
269,-1.1006484031677246,-403.69778991956264,0.3468944728374481,0.0,0.22600190341472626,0.0,0.5277521014213562,0.0,1.1006484776735306,0.0,386.6226336876862,59.74724182207137
270,-1.0326693058013916,-404.73045922536403,0.3350120782852173,0.0,0.24166877567768097,0.0,0.45598840713500977,0.0,1.032669261097908,0.0,387.6553029487841,59.74724182207137
271,-0.6494573354721069,-405.37991656083614,0.11037639528512955,0.0,0.20860640704631805,0.0,0.33047452569007874,0.0,0.6494573280215263,0.0,388.3047602768056,59.74724182207137
272,-0.4473426342010498,-405.8272591950372,0.0,0.30443722009658813,0.29079610109329224,0.0,0.15654651820659637,0.0,0.14290539920330048,0.0,388.4476656760089,59.74724182207137
273,-0.8654791116714478,-406.69273830670863,0.0,0.48703962564468384,0.7553882002830505,0.0,0.11009092628955841,0.0,0.3784395009279251,0.0,388.82610517693684,59.74724182207137
274,-0.017429426312446594,-406.7101677330211,0.017429426312446594,0.0,0.0,0.007893882691860199,0.0,0.3797190487384796,0.0,0.3701835051178932,388.82610517693684,60.11742532718927
275,-0.008054452948272228,-406.71822218596935,0.008054452948272228,0.0,0.0,0.03747405856847763,0.0,0.418941468000412,0.0,0.4483610736206174,388.82610517693684,60.565786400809884
276,-0.349072128534317,-407.06729431450367,0.0,1.138273000717163,0.349072128534317,0.0,0.0,0.5503185391426086,0.0,1.3395194113254547,388.82610517693684,61.90530581213534
277,0.0,-407.06729431450367,0.0,1.0237867832183838,0.0,0.23613901436328888,0.0,0.09319671243429184,0.0,1.3531225100159645,388.82610517693684,63.2584283221513
278,0.0,-407.06729431450367,0.0,1.038109540939331,0.0,0.24149490892887115,0.0,0.6651188731193542,0.0,1.9447233229875565,388.82610517693684,65.20315164513886
279,-1.1855446100234985,-408.25283892452717,1.1855446100234985,0.0,0.0,0.1454814225435257,0.0,0.49624112248420715,0.5438220649957657,0.0,389.3699272419326,65.20315164513886
280,-5.212719917297363,-413.46555884182453,5.212719917297363,0.0,0.0,0.15689289569854736,0.0,0.19665394723415375,4.859173074364662,0.0,394.22910031629726,65.20315164513886
281,-1.828111171722412,-415.29367001354694,0.9082015156745911,0.0,0.266985148191452,0.0,0.6529245972633362,0.0,1.8281112611293793,0.0,396.05721157742664,65.20315164513886
282,-2.502434253692627,-417.79610426723957,1.3047536611557007,0.0,0.27689045667648315,0.0,0.9207901358604431,0.0,2.502434253692627,0.0,398.55964583111927,65.20315164513886
283,-5.417852878570557,-423.2139571458101,1.331661581993103,0.0,0.3581482172012329,0.0,3.7280430793762207,0.0,5.417852878570557,0.0,403.9774987096898,65.20315164513886
284,-4.740177154541016,-427.95413430035114,1.1457839012145996,0.0,0.36468249559402466,0.0,3.229710578918457,0.0,4.740176975727081,0.0,408.7176756854169,65.20315164513886
285,-5.303232192993164,-433.2573664933443,0.6824634075164795,0.0,0.507914125919342,0.0,4.112854480743408,0.0,5.30323201417923,0.0,414.02090769959614,65.20315164513886
286,-9.114017486572266,-442.3713839799166,0.588736891746521,0.0,0.3296126127243042,0.0,8.19566822052002,0.0,9.114017724990845,0.0,423.134925424587,65.20315164513886
287,-1.7031110525131226,-444.0744950324297,0.3560788035392761,0.0,0.18901224434375763,0.0,1.15802001953125,0.0,1.7031110674142838,0.0,424.83803649200127,65.20315164513886
288,-1.2062504291534424,-445.28074546158314,0.35421058535575867,0.0,0.18733283877372742,0.0,0.6647070646286011,0.0,1.2062504887580872,0.0,426.04428698075935,65.20315164513886
289,-0.9576585292816162,-446.23840399086475,0.3527388870716095,0.0,0.18591776490211487,0.0,0.41900184750556946,0.0,0.9576584994792938,0.0,427.00194548023865,65.20315164513886
290,-1.1921143531799316,-447.4305183440447,0.3514370918273926,0.0,0.42407429218292236,0.0,0.4166029393672943,0.0,1.1921143233776093,0.0,428.19405980361626,65.20315164513886
291,-0.9562599658966064,-448.3867783099413,0.35007867217063904,0.0,0.1873515099287033,0.0,0.4188297688961029,0.0,0.9562599509954453,0.0,429.1503197546117,65.20315164513886
292,-0.9860039949417114,-449.372782304883,0.34860697388648987,0.0,0.20223666727542877,0.0,0.4351603388786316,0.0,0.9860039800405502,0.0,430.13632373465225,65.20315164513886
293,-1.0794618129730225,-450.452244117856,0.3487769067287445,0.0,0.23087537288665771,0.0,0.49980950355529785,0.0,1.0794617831707,0.0,431.21578551782295,65.20315164513886
294,-1.9626387357711792,-452.4148828536272,0.3086540102958679,0.0,0.24200575053691864,0.0,1.4119789600372314,0.0,1.962638720870018,0.0,433.17842423869297,65.20315164513886
295,-0.6755900979042053,-453.0904729515314,0.052045077085494995,0.0,0.30349618196487427,0.0,0.32004883885383606,0.0,0.6755900979042053,0.0,433.8540143365972,65.20315164513886
296,-0.274504154920578,-453.364977106452,0.0,0.30276864767074585,0.1651078164577484,0.0,0.10939634591341019,0.0,0.0,0.02826448529958725,433.8540143365972,65.23141613043845
297,-0.15505149960517883,-453.52002860605717,0.0,0.6869267225265503,0.15505149960517883,0.0,0.0,0.0944036915898323,0.0,0.6262789145112038,433.8540143365972,65.85769504494965
298,-0.17815127968788147,-453.69817988574505,0.0,0.9478568434715271,0.018942054361104965,0.0,0.1592092216014862,0.0,0.0,0.7697055675089359,433.8540143365972,66.62740061245859
299,-0.2190306931734085,-453.91721057891846,0.0,0.976818859577179,0.2190306931734085,0.0,0.0,0.38485661149024963,0.0,1.14264477789402,433.8540143365972,67.7700453903526
300,0.0,-453.91721057891846,0.0,1.0798332691192627,0.0,0.0753115639090538,0.0,0.4918789267539978,0.0,1.6470237597823143,433.8540143365972,69.41706915013492
301,0.0,-453.91721057891846,0.0,1.1599277257919312,0.0,0.23758043348789215,0.0,0.7168779969215393,0.0,2.1143861562013626,433.8540143365972,71.53145530633628
302,0.0,-453.91721057891846,0.0,1.032222032546997,0.0,0.23371729254722595,0.0,0.6592313647270203,0.0,1.9251706898212433,433.8540143365972,73.45662599615753
303,-0.21156826615333557,-454.1287788450718,0.21156826615333557,0.0,0.0,0.17652453482151031,0.0,0.3837691843509674,0.0,0.34872545301914215,433.8540143365972,73.80535144917667
304,-0.5642350912094116,-454.6930139362812,0.5642350912094116,0.0,0.0,0.1597829908132553,0.0,0.01962175779044628,0.38483034260571003,0.0,434.2388446792029,73.80535144917667
305,-0.1373501718044281,-454.83036410808563,0.0,0.03628847002983093,0.0,0.023395642638206482,0.1373501718044281,0.0,0.07766605913639069,0.0,434.3165107383393,73.80535144917667
306,-1.2762702703475952,-456.1066343784332,0.43507087230682373,0.0,0.27634379267692566,0.0,0.5648555755615234,0.0,1.2762702405452728,0.0,435.59278097888455,73.80535144917667
307,-3.426898956298828,-459.53353333473206,1.6135226488113403,0.0,0.35911455750465393,0.0,1.4542618989944458,0.0,3.42689910531044,0.0,439.019680084195,73.80535144917667
308,-2.6524276733398438,-462.1859610080719,1.2238845825195312,0.0,0.6678882837295532,0.0,0.7606547474861145,0.0,2.652427613735199,0.0,441.6721076979302,73.80535144917667
309,-2.2755489349365234,-464.4615099430084,0.45421919226646423,0.0,0.3876185119152069,0.0,1.433711290359497,0.0,2.275548994541168,0.0,443.94765669247136,73.80535144917667
310,-3.4184024333953857,-467.8799123764038,0.4215100109577179,0.0,1.2874383926391602,0.0,1.70945405960083,0.0,3.418402463197708,0.0,447.36605915566906,73.80535144917667
311,-1.930327296257019,-469.8102396726608,0.8293225765228271,0.0,0.18901224434375763,0.0,0.9119924306869507,0.0,1.9303272515535355,0.0,449.2963864072226,73.80535144917667
312,-0.9636238813400269,-470.77386355400085,0.35421058535575867,0.0,0.18733283877372742,0.0,0.42208048701286316,0.0,0.9636239111423492,0.0,450.26001031836495,73.80535144917667
313,-1.0768351554870605,-471.8506987094879,0.3527388870716095,0.0,0.3050944209098816,0.0,0.41900184750556946,0.0,1.0768351554870605,0.0,451.336845473852,73.80535144917667
314,-0.9526560306549072,-472.8033547401428,0.3514370918273926,0.0,0.18461598455905914,0.0,0.4166029393672943,0.0,0.952656015753746,0.0,452.28950148960575,73.80535144917667
315,-0.9562599658966064,-473.75961470603943,0.35007867217063904,0.0,0.1873515099287033,0.0,0.4188297688961029,0.0,0.9562599509954453,0.0,453.2457614406012,73.80535144917667
316,-0.9860039949417114,-474.74561870098114,0.34860697388648987,0.0,0.20223666727542877,0.0,0.4351603388786316,0.0,0.9860039800405502,0.0,454.23176542064175,73.80535144917667
317,-1.077579379081726,-475.82319808006287,0.3468944728374481,0.0,0.23087537288665771,0.0,0.49980950355529785,0.0,1.0775793492794037,0.0,455.30934476992115,73.80535144917667
318,-1.542431116104126,-477.365629196167,0.773635745048523,0.0,0.30857521295547485,0.0,0.4602200984954834,0.0,1.5424310564994812,0.0,456.85177582642063,73.80535144917667
319,-3.418715715408325,-480.7843449115753,2.5825929641723633,0.0,0.3204438388347626,0.0,0.515678882598877,0.0,3.418715685606003,0.0,460.27049151202664,73.80535144917667
320,-1.1380720138549805,-481.9224169254303,0.0,0.337597131729126,1.0635040998458862,0.0,0.07456785440444946,0.0,0.8004748225212097,0.0,461.07096633454785,73.80535144917667
321,-0.13882970809936523,-482.06124663352966,0.0,0.7193703055381775,0.13882970809936523,0.0,0.0,0.1268472671508789,0.0,0.7073878645896912,461.07096633454785,74.51273931376636
322,-0.34943366050720215,-482.41068029403687,0.0,1.0019334554672241,0.34943366050720215,0.0,0.0,0.3801237940788269,0.0,1.0326235890388489,461.07096633454785,75.54536290280521
323,0.0,-482.41068029403687,0.0,1.07184898853302,0.0,0.06794668734073639,0.0,0.4798867404460907,0.0,1.619682416319847,461.07096633454785,77.16504531912506
324,-1.2137436866760254,-483.6244239807129,1.2137436866760254,0.0,0.0,0.013881473802030087,0.0,0.6073720455169678,0.5924901673570275,0.0,461.6634565019049,77.16504531912506
325,-1.071484088897705,-484.6959080696106,1.071484088897705,0.0,0.0,0.2063649743795395,0.0,0.6544471383094788,0.21067197620868683,0.0,461.87412847811356,77.16504531912506
326,0.0,-484.6959080696106,0.0,1.0266070365905762,0.0,0.25336459279060364,0.0,0.6985259652137756,0.0,1.9784975945949554,461.87412847811356,79.14354291372001
327,0.0,-484.6959080696106,0.0,0.755424439907074,0.0,0.17553649842739105,0.0,0.3817931115627289,0.0,1.312754049897194,461.87412847811356,80.4562969636172
328,0.0,-484.6959080696106,0.0,0.4753243625164032,0.0,0.17008362710475922,0.0,0.22303542494773865,0.0,0.8684434145689011,461.87412847811356,81.3247403781861
329,-0.8209222555160522,-485.51683032512665,0.0,0.10436397790908813,0.6834409832954407,0.0,0.13748127222061157,0.0,0.7165582776069641,0.0,462.5906867557205,81.3247403781861
330,-1.3474454879760742,-486.8642758131027,0.42546793818473816,0.0,0.1426600068807602,0.0,0.7793176174163818,0.0,1.3474455624818802,0.0,463.9381323182024,81.3247403781861
331,-3.392380952835083,-490.2566567659378,0.7432829141616821,0.0,0.5349542498588562,0.0,2.1141438484191895,0.0,3.392381012439728,0.0,467.33051333064213,81.3247403781861
332,-3.3627731800079346,-493.61942994594574,0.6107575297355652,0.0,0.36468249559402466,0.0,2.3873331546783447,0.0,3.3627731800079346,0.0,470.69328651065007,81.3247403781861
333,-1.748924732208252,-495.368354678154,0.5447744131088257,0.0,0.3876185119152069,0.0,0.8165318369865417,0.0,1.7489247620105743,0.0,472.44221127266064,81.3247403781861
334,-1.8352100849151611,-497.20356476306915,0.5866143703460693,0.0,0.3296126127243042,0.0,0.9189830422401428,0.0,1.8352100253105164,0.0,474.27742129797116,81.3247403781861
335,-1.6963133811950684,-498.8998781442642,0.3560788035392761,0.0,0.18901224434375763,0.0,1.1512223482131958,0.0,1.6963133960962296,0.0,475.9737346940674,81.3247403781861
336,-0.9636238813400269,-499.86350202560425,0.35421058535575867,0.0,0.18733283877372742,0.0,0.42208048701286316,0.0,0.9636239111423492,0.0,476.93735860520974,81.3247403781861
337,-0.9576585292816162,-500.82116055488586,0.3527388870716095,0.0,0.18591776490211487,0.0,0.41900184750556946,0.0,0.9576584994792938,0.0,477.89501710468903,81.3247403781861
338,-0.9526560306549072,-501.77381658554077,0.3514370918273926,0.0,0.18461598455905914,0.0,0.4166029393672943,0.0,0.952656015753746,0.0,478.8476731204428,81.3247403781861
339,-0.9562599658966064,-502.7300765514374,0.35007867217063904,0.0,0.1873515099287033,0.0,0.4188297688961029,0.0,0.9562599509954453,0.0,479.8039330714382,81.3247403781861
340,-2.049421787261963,-504.77949833869934,1.412024736404419,0.0,0.20223666727542877,0.0,0.4351603388786316,0.0,2.0494217425584793,0.0,481.8533548139967,81.3247403781861
341,-1.0756969451904297,-505.85519528388977,0.3450120687484741,0.0,0.23087537288665771,0.0,0.49980950355529785,0.0,1.0756969451904297,0.0,482.92905175918713,81.3247403781861
342,-1.2286975383758545,-507.0838928222656,0.3177548944950104,0.0,0.31123512983322144,0.0,0.5997075438499451,0.0,1.2286975681781769,0.0,484.1577493273653,81.3247403781861
343,-2.263230562210083,-509.3471233844757,0.10976297408342361,0.0,0.30840232968330383,0.0,1.8450653553009033,0.0,2.2632306590676308,0.0,486.42097998643294,81.3247403781861
344,-6.9965500831604,-516.3436734676361,0.6695652604103088,0.0,5.495115280151367,0.0,0.8318696022033691,0.0,6.996550142765045,0.0,493.417530129198,81.3247403781861
345,-2.4181222915649414,-518.761795759201,0.0,0.6684800982475281,2.043917655944824,0.0,0.3742046356201172,0.0,1.7496421933174133,0.0,495.1671723225154,81.3247403781861
346,-0.5046385526657104,-519.2664343118668,0.0,0.8657894134521484,0.5046385526657104,0.0,0.0,0.06333417445421219,0.0,0.4244850352406502,495.1671723225154,81.74922541342676
347,-1.0554454326629639,-520.3218797445297,0.0,1.0811127424240112,1.0554454326629639,0.0,0.0,0.3135860860347748,0.0,0.33925339579582214,495.1671723225154,82.08847880922258
348,0.0,-520.3218797445297,0.0,1.0756162405014038,0.0,0.09675797820091248,0.0,0.534771740436554,0.0,1.7071459591388702,495.1671723225154,83.79562476836145
349,0.0,-520.3218797445297,0.0,1.0898463726043701,0.0,0.22610242664813995,0.0,0.6939219832420349,0.0,2.009870782494545,495.1671723225154,85.805495550856
350,0.0,-520.3218797445297,0.0,0.026807889342308044,0.0,0.053811050951480865,0.0,0.5366828441619873,0.0,0.6173017844557762,495.1671723225154,86.42279733531177
351,0.0,-520.3218797445297,0.0,0.7100706696510315,0.0,0.12786495685577393,0.0,0.4610081911087036,0.0,1.298943817615509,495.1671723225154,87.72174115292728
352,0.0,-520.3218797445297,0.0,0.4796273708343506,0.0,0.14430344104766846,0.0,0.17147503793239594,0.0,0.795405849814415,495.1671723225154,88.5171470027417
353,-1.5466439723968506,-521.8685237169266,1.1732442378997803,0.0,0.0,0.006549097131937742,0.3733997941017151,0.0,1.5400949348695576,0.0,496.70726725738496,88.5171470027417
354,-1.7194762229919434,-523.5879999399185,0.5882323384284973,0.0,0.1490902453660965,0.0,0.982153594493866,0.0,1.7194761782884598,0.0,498.4267434356734,88.5171470027417
355,-1.7891490459442139,-525.3771489858627,0.5922967791557312,0.0,0.21800805628299713,0.0,0.9788442850112915,0.0,1.7891491204500198,0.0,500.21589255612344,88.5171470027417
356,-2.2864019870758057,-527.6635509729385,0.6107575297355652,0.0,0.36468249559402466,0.0,1.3109619617462158,0.0,2.2864019870758057,0.0,502.50229454319924,88.5171470027417
357,-3.5392439365386963,-531.2027949094772,2.3350934982299805,0.0,0.3876185119152069,0.0,0.8165318369865417,0.0,3.539243847131729,0.0,506.04153839033097,88.5171470027417
358,-1.3243088722229004,-532.5271037817001,0.4215100109577179,0.0,0.19325745105743408,0.0,0.7095414996147156,0.0,1.3243089616298676,0.0,507.36584735196084,88.5171470027417
359,-3.03863525390625,-535.5657390356064,0.3560788035392761,0.0,0.18901224434375763,0.0,2.493544101715088,0.0,3.0386351495981216,0.0,510.40448250155896,88.5171470027417
360,-0.9636238813400269,-536.5293629169464,0.35421058535575867,0.0,0.18733283877372742,0.0,0.42208048701286316,0.0,0.9636239111423492,0.0,511.3681064127013,88.5171470027417
361,-1.0757564306259155,-537.6051193475723,0.3527388870716095,0.0,0.3040156662464142,0.0,0.41900184750556946,0.0,1.0757564008235931,0.0,512.4438628135249,88.5171470027417
362,-0.9526560306549072,-538.5577753782272,0.3514370918273926,0.0,0.18461598455905914,0.0,0.4166029393672943,0.0,0.952656015753746,0.0,513.3965188292786,88.5171470027417
363,-0.9562599658966064,-539.5140353441238,0.35007867217063904,0.0,0.1873515099287033,0.0,0.4188297688961029,0.0,0.9562599509954453,0.0,514.3527787802741,88.5171470027417
364,-0.9576064348220825,-540.4716417789459,0.3357362449169159,0.0,0.18670983612537384,0.0,0.4351603388786316,0.0,0.9576064199209213,0.0,515.310385200195,88.5171470027417
365,-1.0854463577270508,-541.557088136673,0.3468944728374481,0.0,0.238742396235466,0.0,0.49980950355529785,0.0,1.085446372628212,0.0,516.3958315728232,88.5171470027417
366,-1.1194206476211548,-542.6765087842941,0.34379640221595764,0.0,0.310851514339447,0.0,0.4647727310657501,0.0,1.1194206476211548,0.0,517.5152522204444,88.5171470027417
367,-2.5528438091278076,-545.2293525934219,1.8698327541351318,0.0,0.3233182430267334,0.0,0.35969290137290955,0.0,2.552843898534775,0.0,520.0680961189792,88.5171470027417
368,-0.7520660758018494,-545.9814186692238,0.0,0.1338678002357483,0.3272620737552643,0.0,0.4248040020465851,0.0,0.6181982755661011,0.0,520.6862943945453,88.5171470027417
369,-1.0252671241760254,-547.0066857933998,0.20213167369365692,0.0,0.42874759435653687,0.0,0.394387811422348,0.0,1.0252670794725418,0.0,521.7115614740178,88.5171470027417
370,-0.304961621761322,-547.3116474151611,0.0,0.4744423031806946,0.16584628820419312,0.0,0.1391153484582901,0.0,0.0,0.16948066651821136,521.7115614740178,88.6866276692599
371,-0.08802532404661179,-547.3996727392077,0.0,0.9015223383903503,0.08802532404661179,0.0,0.0,0.004361285828053951,0.0,0.8178583001717925,521.7115614740178,89.5044859694317
372,-2.8227717876434326,-550.2224445268512,2.5415303707122803,0.0,0.09124017506837845,0.0,0.19000130891799927,0.0,2.822771854698658,0.0,524.5343333287165,89.5044859694317
373,0.0,-550.2224445268512,0.0,0.9138545989990234,0.0,0.043571170419454575,0.0,0.39401775598526,0.0,1.351443525403738,524.5343333287165,90.85592949483544
374,-0.03735210373997688,-550.2597966305912,0.0,0.6446906328201294,0.03735210373997688,0.0,0.0,0.2543701231479645,0.0,0.861708652228117,524.5343333287165,91.71763814706355
375,0.0,-550.2597966305912,0.0,0.6583986282348633,0.0,0.1270235776901245,0.0,0.11020905524492264,0.0,0.8956312611699104,524.5343333287165,92.61326940823346
376,-3.0919508934020996,-553.3517475239933,2.581608533859253,0.0,0.0,0.03169924393296242,0.5103422403335571,0.0,3.0602515302598476,0.0,527.5945848589763,92.61326940823346
377,-1.8069051504135132,-555.1586526744068,1.5050020217895508,0.0,0.11727970838546753,0.0,0.1846233606338501,0.0,1.8069050908088684,0.0,529.4014899497852,92.61326940823346
378,-1.8933234214782715,-557.051976095885,0.8175526261329651,0.0,0.2798459529876709,0.0,0.7959249019622803,0.0,1.8933234810829163,0.0,531.2948134308681,92.61326940823346
379,-2.811911106109619,-559.8638872019947,0.9985082149505615,0.0,0.3572947680950165,0.0,1.4561080932617188,0.0,2.8119110763072968,0.0,534.1067245071754,92.61326940823346
380,-3.6761474609375,-563.5400346629322,1.52295982837677,0.0,0.36468249559402466,0.0,1.7885050773620605,0.0,3.6761474013328552,0.0,537.7828719085082,92.61326940823346
381,-2.8515706062316895,-566.3916052691638,0.9929230809211731,0.0,0.6686283349990845,0.0,1.1900190114974976,0.0,2.851570427417755,0.0,540.634442335926,92.61326940823346
382,-1.3853249549865723,-567.7769302241504,0.48252609372138977,0.0,0.19325745105743408,0.0,0.7095414996147156,0.0,1.3853250443935394,0.0,542.0197673803195,92.61326940823346
383,-0.9718362092971802,-568.7487664334476,0.3560788035392761,0.0,0.18901224434375763,0.0,0.4267451763153076,0.0,0.9718362241983414,0.0,542.9916036045179,92.61326940823346
384,-0.9636238813400269,-569.7123903147876,0.35421058535575867,0.0,0.18733283877372742,0.0,0.42208048701286316,0.0,0.9636239111423492,0.0,543.9552275156602,92.61326940823346
385,-0.9576585292816162,-570.6700488440692,0.3527388870716095,0.0,0.18591776490211487,0.0,0.41900184750556946,0.0,0.9576584994792938,0.0,544.9128860151395,92.61326940823346
386,-0.9526560306549072,-571.6227048747241,0.3514370918273926,0.0,0.18461598455905914,0.0,0.4166029393672943,0.0,0.952656015753746,0.0,545.8655420308933,92.61326940823346
387,-0.9562599658966064,-572.5789648406208,0.35007867217063904,0.0,0.1873515099287033,0.0,0.4188297688961029,0.0,0.9562599509954453,0.0,546.8218019818887,92.61326940823346
388,-1.1469498872756958,-573.7259147278965,0.34860697388648987,0.0,0.36318257451057434,0.0,0.4351603388786316,0.0,1.1469498872756958,0.0,547.9687518691644,92.61326940823346
389,-1.1152713298797607,-574.8411860577762,0.3487769067287445,0.0,0.238742396235466,0.0,0.5277521014213562,0.0,1.1152714043855667,0.0,549.08402327355,92.61326940823346
390,-1.2638856172561646,-576.1050716750324,0.30403462052345276,0.0,0.23969605565071106,0.0,0.7201549410820007,0.0,1.2638856172561646,0.0,550.3479088908061,92.61326940823346
391,-2.0875244140625,-578.1925960890949,0.12697218358516693,0.0,0.5816044211387634,0.0,1.3789477348327637,0.0,2.087524339556694,0.0,552.4354332303628,92.61326940823346
392,-1.5022823810577393,-579.6948784701526,0.25774627923965454,0.0,0.35324275493621826,0.0,0.8912932872772217,0.0,1.5022823214530945,0.0,553.9377155518159,92.61326940823346
393,-1.2966697216033936,-580.991548191756,0.0,0.27717259526252747,0.43479281663894653,0.0,0.8618768453598022,0.0,1.0194970667362213,0.0,554.9572126185521,92.61326940823346
394,-1.5600091218948364,-582.5515573136508,0.0,0.5358102321624756,0.2749073803424835,0.0,1.2851017713546753,0.0,1.0241989195346832,0.0,555.9814115380868,92.61326940823346
395,-0.7341304421424866,-583.2856877557933,0.0,0.35644495487213135,0.2166476845741272,0.0,0.5174827575683594,0.0,0.3776854872703552,0.0,556.3590970253572,92.61326940823346
396,-7.166900634765625,-590.452588390559,5.3932013511657715,0.0,0.17484444379806519,0.0,1.5988550186157227,0.0,7.166900813579559,0.0,563.5259978389367,92.61326940823346
397,-0.34171247482299805,-590.794300865382,0.0,0.06488997489213943,0.1906745284795761,0.0,0.15103794634342194,0.0,0.2768224999308586,0.0,563.8028203388676,92.61326940823346
398,-0.0801943987607956,-590.8744952641428,0.0,0.3616254925727844,0.0801943987607956,0.0,0.0,0.04360410198569298,0.0,0.3250351957976818,563.8028203388676,92.93830460403115
399,-0.7797586917877197,-591.6542539559305,0.6481359601020813,0.0,0.13162270188331604,0.0,0.0,0.13371360301971436,0.646045058965683,0.0,564.4488653978333,92.93830460403115
400,-1.2503453493118286,-592.9045993052423,0.9426003694534302,0.0,0.13181371986865997,0.0,0.1759311854839325,0.0,1.2503452748060226,0.0,565.6992106726393,92.93830460403115
401,-1.2841464281082153,-594.1887457333505,0.20092672109603882,0.0,0.5062978267669678,0.0,0.5769218802452087,0.0,1.2841464281082153,0.0,566.9833571007475,92.93830460403115
402,-1.7851948738098145,-595.9739406071603,0.5019849538803101,0.0,0.4273751974105835,0.0,0.8558346629142761,0.0,1.7851948142051697,0.0,568.7685519149527,92.93830460403115
403,-2.335153102874756,-598.3090937100351,0.8840000033378601,0.0,0.47447291016578674,0.0,0.9766800999641418,0.0,2.3351530134677887,0.0,571.1037049284205,92.93830460403115
404,-2.175626277923584,-600.4847199879587,0.9750229120254517,0.0,0.20169100165367126,0.0,0.9989123344421387,0.0,2.1756262481212616,0.0,573.2793311765417,92.93830460403115
405,-2.3836684226989746,-602.8683884106576,0.5447744131088257,0.0,0.784104585647583,0.0,1.0547893047332764,0.0,2.383668303489685,0.0,575.6629994800314,92.93830460403115
406,-1.8265050649642944,-604.6948934756219,0.48252609372138977,0.0,0.19325745105743408,0.0,1.150721549987793,0.0,1.8265050947666168,0.0,577.489504574798,92.93830460403115
407,-0.9907427430152893,-605.6856362186372,0.37498530745506287,0.0,0.18901224434375763,0.0,0.4267451763153076,0.0,0.9907427281141281,0.0,578.4802473029122,92.93830460403115
408,-1.440687656402588,-607.1263238750398,0.3568393290042877,0.0,0.18733283877372742,0.0,0.8965155482292175,0.0,1.4406877160072327,0.0,579.9209350189194,92.93830460403115
409,-0.9499977827072144,-608.076321657747,0.34507817029953003,0.0,0.18591776490211487,0.0,0.41900184750556946,0.0,0.9499977827072144,0.0,580.8709328016266,92.93830460403115
410,-0.9399878978729248,-609.01630955562,0.33876895904541016,0.0,0.18461598455905914,0.0,0.4166029393672943,0.0,0.9399878829717636,0.0,581.8109206845984,92.93830460403115
411,-0.9562599658966064,-609.9725695215166,0.35007867217063904,0.0,0.1873515099287033,0.0,0.4188297688961029,0.0,0.9562599509954453,0.0,582.7671806355938,92.93830460403115
412,-0.9860039949417114,-610.9585735164583,0.34860697388648987,0.0,0.20223666727542877,0.0,0.4351603388786316,0.0,0.9860039800405502,0.0,583.7531846156344,92.93830460403115
413,-3.7630789279937744,-614.721652444452,3.0323939323425293,0.0,0.23087537288665771,0.0,0.49980950355529785,0.0,3.763078808784485,0.0,587.5162634244189,92.93830460403115
414,-3.1433162689208984,-617.864968713373,0.967478334903717,0.0,1.4486463069915771,0.0,0.7271917462348938,0.0,3.143316388130188,0.0,590.659579812549,92.93830460403115
415,-1.1755759716033936,-619.0405446849763,0.14348652958869934,0.0,0.3252641260623932,0.0,0.7068252563476562,0.0,1.1755759119987488,0.0,591.8351557245478,92.93830460403115
416,-0.6840652823448181,-619.7246099673212,0.0,0.09780334681272507,0.36970365047454834,0.0,0.3143616318702698,0.0,0.586261935532093,0.0,592.4214176600799,92.93830460403115
417,-1.8017152547836304,-621.5263252221048,0.0,0.31128448247909546,1.5204766988754272,0.0,0.2812385559082031,0.0,1.490430772304535,0.0,593.9118484323844,92.93830460403115
418,-1.3793513774871826,-622.905676599592,0.04975142702460289,0.0,0.39060747623443604,0.0,0.938992440700531,0.0,1.37935134395957,0.0,595.291199776344,92.93830460403115
419,-0.2256956547498703,-623.1313722543418,0.0,0.6721116900444031,0.2256956547498703,0.0,0.0,0.08014948666095734,0.0,0.5265655219554901,595.291199776344,93.46487012598664
420,-0.8061240315437317,-623.9374962858856,0.0,0.5201259255409241,0.8061240315437317,0.0,0.0,0.160894975066185,0.12510313093662262,0.0,595.4163029072806,93.46487012598664
421,-3.2430760860443115,-627.1805723719299,3.225623846054077,0.0,0.017452159896492958,0.0,0.0,0.39251062273979187,2.8505653832107782,0.0,598.2668682904914,93.46487012598664
422,-0.018596366047859192,-627.1991687379777,0.0,0.7522566914558411,0.018596366047859192,0.0,0.0,0.3343563377857208,0.0,1.0680166631937027,598.2668682904914,94.53288678918034
423,-0.08419080823659897,-627.2833595462143,0.0,0.5776183605194092,0.08419080823659897,0.0,0.0,0.2285773903131485,0.0,0.7220049425959587,598.2668682904914,95.2548917317763
424,-0.19494475424289703,-627.4783043004572,0.0,0.12970088422298431,0.19494475424289703,0.0,0.0,0.11474152654409409,0.0,0.049497656524181366,598.2668682904914,95.30438938830048
425,-0.8520129919052124,-628.3303172923625,0.4581303596496582,0.0,0.06991371512413025,0.0,0.32396888732910156,0.0,0.85201296210289,0.0,599.1188812525943,95.30438938830048
426,-1.2483017444610596,-629.5786190368235,0.3383907973766327,0.0,0.29136690497398376,0.0,0.6185441017150879,0.0,1.2483018040657043,0.0,600.36718305666,95.30438938830048
427,-3.4931867122650146,-633.0718057490885,2.412489175796509,0.0,0.3575150668621063,0.0,0.7231824994087219,0.0,3.493186742067337,0.0,603.8603697987273,95.30438938830048
428,-2.1630616188049316,-635.2348673678935,0.6107575297355652,0.0,0.48174363374710083,0.0,1.0705604553222656,0.0,2.1630616188049316,0.0,606.0234314175323,95.30438938830048
429,-4.356557369232178,-639.5914247371256,3.152406930923462,0.0,0.3876185119152069,0.0,0.8165318369865417,0.0,4.356557279825211,0.0,610.3799886973575,95.30438938830048
430,-1.1727807521820068,-640.7642054893076,0.5435421466827393,0.0,0.19325745105743408,0.0,0.4359810948371887,0.0,1.172780692577362,0.0,611.5527693899348,95.30438938830048
431,-1.2279577255249023,-641.9921632148325,0.37498530745506287,0.0,0.18901224434375763,0.0,0.6639602184295654,0.0,1.227957770228386,0.0,612.7807271601632,95.30438938830048
432,-0.9636238813400269,-642.9557870961726,0.35421058535575867,0.0,0.18733283877372742,0.0,0.42208048701286316,0.0,0.9636239111423492,0.0,613.7443510713056,95.30438938830048
433,-0.9576585292816162,-643.9134456254542,0.3527388870716095,0.0,0.18591776490211487,0.0,0.41900184750556946,0.0,0.9576584994792938,0.0,614.7020095707849,95.30438938830048
434,-0.9526560306549072,-644.8661016561091,0.3514370918273926,0.0,0.18461598455905914,0.0,0.4166029393672943,0.0,0.952656015753746,0.0,615.6546655865386,95.30438938830048
435,-1.840392827987671,-646.7064944840968,1.2342115640640259,0.0,0.1873515099287033,0.0,0.4188297688961029,0.0,1.840392842888832,0.0,617.4950584294274,95.30438938830048
436,-0.9860039949417114,-647.6924984790385,0.34860697388648987,0.0,0.20223666727542877,0.0,0.4351603388786316,0.0,0.9860039800405502,0.0,618.481062409468,95.30438938830048
437,-1.0794618129730225,-648.7719602920115,0.3487769067287445,0.0,0.23087537288665771,0.0,0.49980950355529785,0.0,1.0794617831707,0.0,619.5605241926387,95.30438938830048
438,-2.393867015838623,-651.1658273078501,0.3447021245956421,0.0,0.26002979278564453,0.0,1.789135217666626,0.0,2.3938671350479126,0.0,621.9543913276866,95.30438938830048
439,-7.204122543334961,-658.3699498511851,0.216424360871315,0.0,6.503270149230957,0.0,0.48442813754081726,0.0,7.204122647643089,0.0,629.1585139753297,95.30438938830048
440,-2.5417733192443848,-660.9117231704295,0.3642098307609558,0.0,1.3781979084014893,0.0,0.7993655204772949,0.0,2.54177325963974,0.0,631.7002872349694,95.30438938830048
441,-2.9246504306793213,-663.8363736011088,0.9722576141357422,0.0,1.4065701961517334,0.0,0.5458226203918457,0.0,2.9246504306793213,0.0,634.6249376656488,95.30438938830048
442,-0.7915750741958618,-664.6279486753047,0.0,0.17037689685821533,0.38516879081726074,0.0,0.4064062833786011,0.0,0.6211981773376465,0.0,635.2461358429864,95.30438938830048
443,-0.5790823698043823,-665.207031045109,0.0,0.32057175040245056,0.30769190192222595,0.0,0.27139046788215637,0.0,0.25851061940193176,0.0,635.5046464623883,95.30438938830048
444,-1.6828042268753052,-666.8898352719843,0.31805720925331116,0.0,0.6301204562187195,0.0,0.7346265316009521,0.0,1.6828041970729828,0.0,637.1874506594613,95.30438938830048
445,-2.4217989444732666,-669.3116342164576,0.0,0.05283172428607941,2.031580924987793,0.0,0.39021798968315125,0.0,2.368967190384865,0.0,639.5564178498462,95.30438938830048
446,-6.617661952972412,-675.92929616943,0.5093734264373779,0.0,5.668200492858887,0.0,0.4400879144668579,0.0,6.617661833763123,0.0,646.1740796836093,95.30438938830048
447,-0.8805026412010193,-676.809798810631,0.1317143589258194,0.0,0.3180221915245056,0.0,0.43076610565185547,0.0,0.8805026561021805,0.0,647.0545823397115,95.30438938830048
448,-0.7068620920181274,-677.5166609026492,0.18129943311214447,0.0,0.27478674054145813,0.0,0.25077593326568604,0.0,0.7068621069192886,0.0,647.7614444466308,95.30438938830048
449,-1.001634120941162,-678.5182950235903,0.41424134373664856,0.0,0.20186926424503326,0.0,0.3855234682559967,0.0,1.0016340762376785,0.0,648.7630785228685,95.30438938830048
450,-1.9143195152282715,-680.4326145388186,0.7868546843528748,0.0,0.21277660131454468,0.0,0.914688229560852,0.0,1.9143195152282715,0.0,650.6773980380967,95.30438938830048
451,-2.6381635665893555,-683.070778105408,1.6971893310546875,0.0,0.21762558817863464,0.0,0.7233487367630005,0.0,2.6381636559963226,0.0,653.315561694093,95.30438938830048
452,-2.75610089302063,-685.8268789984286,1.0530593395233154,0.0,0.36468249559402466,0.0,1.3383591175079346,0.0,2.7561009526252747,0.0,656.0716626467183,95.30438938830048
453,-2.3875701427459717,-688.2144491411746,0.856479287147522,0.0,0.3876185119152069,0.0,1.1434723138809204,0.0,2.3875701129436493,0.0,658.459232759662,95.30438938830048
454,-1.508088231086731,-689.7225373722613,0.6426564455032349,0.0,0.19325745105743408,0.0,0.672174334526062,0.0,1.508088231086731,0.0,659.9673209907487,95.30438938830048
455,-1.429183006286621,-691.1517203785479,0.577232837677002,0.0,0.18901224434375763,0.0,0.6629379987716675,0.0,1.429183080792427,0.0,661.3965040715411,95.30438938830048
456,-1.7853015661239624,-692.9370219446719,0.35421058535575867,0.0,0.30339986085891724,0.0,1.1276911497116089,0.0,1.7853015959262848,0.0,663.1818056674674,95.30438938830048
457,-2.293839931488037,-695.2308618761599,1.4537259340286255,0.0,0.18591776490211487,0.0,0.6541962623596191,0.0,2.2938399612903595,0.0,665.4756456287578,95.30438938830048
458,-0.9526560306549072,-696.1835179068148,0.3514370918273926,0.0,0.18461598455905914,0.0,0.4166029393672943,0.0,0.952656015753746,0.0,666.4283016445115,95.30438938830048
459,-0.9562599658966064,-697.1397778727114,0.35007867217063904,0.0,0.1873515099287033,0.0,0.4188297688961029,0.0,0.9562599509954453,0.0,667.384561595507,95.30438938830048
460,-1.7419652938842773,-698.8817431665957,1.1220662593841553,0.0,0.20223666727542877,0.0,0.4176623523235321,0.0,1.7419652789831161,0.0,669.1265268744901,95.30438938830048
461,-3.132606029510498,-702.0143491961062,1.5058200359344482,0.0,0.23087537288665771,0.0,1.3959107398986816,0.0,3.1326061487197876,0.0,672.2591330232099,95.30438938830048
462,-1.2583131790161133,-703.2726623751223,0.4037284255027771,0.0,0.24932989478111267,0.0,0.6052549481391907,0.0,1.2583132684230804,0.0,673.517446291633,95.30438938830048
463,-2.309401512145996,-705.5820638872683,1.5849545001983643,0.0,0.27039510011672974,0.0,0.4540519118309021,0.0,2.309401512145996,0.0,675.826847803779,95.30438938830048
464,-1.842865228652954,-707.4249291159213,0.8859472870826721,0.0,0.3925790786743164,0.0,0.5643388628959656,0.0,1.842865228652954,0.0,677.6697130324319,95.30438938830048
465,-0.9741464853286743,-708.3990756012499,0.0,0.07792757451534271,0.459551066160202,0.0,0.5145954489707947,0.0,0.896218940615654,0.0,678.5659319730476,95.30438938830048
466,-0.60848069190979,-709.0075562931597,0.0,0.3374662697315216,0.3241373300552368,0.0,0.2843433916568756,0.0,0.2710144519805908,0.0,678.8369464250281,95.30438938830048
467,-2.4674863815307617,-711.4750426746905,0.23606261610984802,0.0,1.9468432664871216,0.0,0.2845804989337921,0.0,2.4674863815307617,0.0,681.3044328065589,95.30438938830048
468,-1.9770705699920654,-713.4521132446826,0.0,0.4541109502315521,1.8432271480560303,0.0,0.13384345173835754,0.0,1.5229596495628357,0.0,682.8273924561217,95.30438938830048
469,-0.20891904830932617,-713.6610322929919,0.0,0.4983679950237274,0.09319945424795151,0.0,0.11571960151195526,0.0,0.0,0.28944893926382065,682.8273924561217,95.5938383275643
470,-0.12002205848693848,-713.7810543514788,0.0,0.468612402677536,0.048087555915117264,0.0,0.07193449884653091,0.0,0.0,0.34859034791588783,682.8273924561217,95.94242867548019
471,-0.21591363847255707,-713.9969679899514,0.0,0.30463698506355286,0.21591363847255707,0.0,0.0,0.005585257429629564,0.0,0.09430860402062535,682.8273924561217,96.03673727950081
472,-1.770033836364746,-715.7670018263161,0.9905862808227539,0.0,0.4438036382198334,0.0,0.3356439471244812,0.0,1.7700338661670685,0.0,684.5974263222888,96.03673727950081
473,-2.8031647205352783,-718.5701665468514,1.3733482360839844,0.0,0.1300397366285324,0.0,1.2997767925262451,0.0,2.803164765238762,0.0,687.4005910875276,96.03673727950081
474,-1.7873375415802002,-720.3575040884316,0.434172123670578,0.0,0.4899592995643616,0.0,0.8632060885429382,0.0,1.7873375117778778,0.0,689.1879285993055,96.03673727950081
475,-2.1526427268981934,-722.5101468153298,0.8138371706008911,0.0,0.3586408793926239,0.0,0.9801647067070007,0.0,2.1526427567005157,0.0,691.340571356006,96.03673727950081
476,-3.005983591079712,-725.5161304064095,0.7490856647491455,0.0,0.48074960708618164,0.0,1.7761483192443848,0.0,3.005983591079712,0.0,694.3465549470857,96.03673727950081
477,-4.8707146644592285,-730.3868450708687,1.5551320314407349,0.0,0.3876185119152069,0.0,2.927964210510254,0.0,4.870714753866196,0.0,699.2172697009519,96.03673727950081
478,-3.197922468185425,-733.5847675390542,0.8619459867477417,0.0,0.3296126127243042,0.0,2.006363868713379,0.0,3.197922468185425,0.0,702.4151921691373,96.03673727950081
479,-3.1299304962158203,-736.71469803527,2.2038090229034424,0.0,0.23568828403949738,0.0,0.6904333233833313,0.0,3.129930630326271,0.0,705.5451227994636,96.03673727950081
480,-1.1855608224868774,-737.9002588577569,0.5761474967002869,0.0,0.18733283877372742,0.0,0.42208048701286316,0.0,1.1855608224868774,0.0,706.7306836219504,96.03673727950081
481,-0.9576585292816162,-738.8579173870385,0.3527388870716095,0.0,0.18591776490211487,0.0,0.41900184750556946,0.0,0.9576584994792938,0.0,707.6883421214297,96.03673727950081
482,-0.9526560306549072,-739.8105734176934,0.3514370918273926,0.0,0.18461598455905914,0.0,0.4166029393672943,0.0,0.952656015753746,0.0,708.6409981371835,96.03673727950081
483,-1.9959814548492432,-741.8065548725426,0.35007867217063904,0.0,0.1873515099287033,0.0,1.458551287651062,0.0,1.9959814697504044,0.0,710.6369796069339,96.03673727950081
484,-1.3760892152786255,-743.1826440878212,0.7561901807785034,0.0,0.20223666727542877,0.0,0.4176623523235321,0.0,1.3760892003774643,0.0,712.0130688073114,96.03673727950081
485,-1.1055219173431396,-744.2881660051644,0.3468944728374481,0.0,0.23087537288665771,0.0,0.5277521014213562,0.0,1.105521947145462,0.0,713.1185907544568,96.03673727950081
486,-1.2732956409454346,-745.5614616461098,0.3077986538410187,0.0,0.24157807230949402,0.0,0.7239189743995667,0.0,1.2732957005500793,0.0,714.3918864550069,96.03673727950081
487,-2.540097236633301,-748.1015588827431,0.06792356073856354,0.0,0.2113327980041504,0.0,2.260840892791748,0.0,2.540097251534462,0.0,716.9319837065414,96.03673727950081
488,-0.5931574106216431,-748.6947162933648,0.0,0.2953050136566162,0.19324900209903717,0.0,0.3999083936214447,0.0,0.29785238206386566,0.0,717.2298360886052,96.03673727950081
489,-0.17388348281383514,-748.8685997761786,0.0,0.6492627263069153,0.17388348281383514,0.0,0.0,0.05673970654606819,0.0,0.5321189500391483,717.2298360886052,96.56885622953996
490,-0.08252085000276566,-748.9511206261814,0.0,0.8206992745399475,0.08252085000276566,0.0,0.0,0.1988895982503891,0.0,0.937068022787571,717.2298360886052,97.50592425232753
491,-0.5774693489074707,-749.5285899750888,0.2585613429546356,0.0,0.06481437385082245,0.0,0.25409364700317383,0.0,0.5774693638086319,0.0,717.8073054524139,97.50592425232753
492,0.0,-749.5285899750888,0.0,0.7520954608917236,0.0,0.0029281415045261383,0.0,0.3471120595932007,0.0,1.1021356619894505,717.8073054524139,98.60805991431698
493,0.0,-749.5285899750888,0.0,0.9417436718940735,0.0,0.12848839163780212,0.0,0.49869394302368164,0.0,1.5689260065555573,717.8073054524139,100.17698592087254
494,0.0,-749.5285899750888,0.0,0.3910040557384491,0.0,0.1323862075805664,0.0,0.45656919479370117,0.0,0.9799594581127167,717.8073054524139,101.15694537898526
495,0.0,-749.5285899750888,0.0,0.526594340801239,0.0,0.07722398638725281,0.0,0.3597262501716614,0.0,0.9635445773601532,717.8073054524139,102.12048995634541
496,0.0,-749.5285899750888,0.0,0.3957573473453522,0.0,0.0744367241859436,0.0,0.2145540714263916,0.0,0.6847481429576874,717.8073054524139,102.8052380993031
497,-0.3262806236743927,-749.8548705987632,0.02223338931798935,0.0,0.039968591183423996,0.0,0.26407864689826965,0.0,0.326280627399683,0.0,718.1335860798135,102.8052380993031
498,-4.551896572113037,-754.4067671708763,3.070821762084961,0.0,0.8911504149436951,0.0,0.5899243950843811,0.0,4.551896572113037,0.0,722.6854826519266,102.8052380993031
499,-2.1031479835510254,-756.5099151544273,1.0269628763198853,0.0,0.35601088404655457,0.0,0.7201741337776184,0.0,2.1031478941440582,0.0,724.7886305460706,102.8052380993031
500,-1.8822147846221924,-758.3921299390495,0.4469718635082245,0.0,0.36468249559402466,0.0,1.0705604553222656,0.0,1.8822148144245148,0.0,726.6708453604952,102.8052380993031
501,-2.769784450531006,-761.1619143895805,1.3314045667648315,0.0,0.3876185119152069,0.0,1.050761342048645,0.0,2.7697844207286835,0.0,729.4406297812238,102.8052380993031
502,-1.5796260833740234,-762.7415404729545,0.5798031091690063,0.0,0.3296126127243042,0.0,0.6702104210853577,0.0,1.5796261429786682,0.0,731.0202559242025,102.8052380993031
503,-1.0874227285385132,-763.828963201493,0.3560788035392761,0.0,0.30459877848625183,0.0,0.4267451763153076,0.0,1.0874227583408356,0.0,732.1076786825433,102.8052380993031
504,-0.9636238813400269,-764.792587082833,0.35421058535575867,0.0,0.18733283877372742,0.0,0.42208048701286316,0.0,0.9636239111423492,0.0,733.0713025936857,102.8052380993031
505,-1.0727756023406982,-765.8653626851737,0.3527388870716095,0.0,0.3010348379611969,0.0,0.41900184750556946,0.0,1.0727755725383759,0.0,734.1440781662241,102.8052380993031
506,-0.9526560306549072,-766.8180187158287,0.3514370918273926,0.0,0.18461598455905914,0.0,0.4166029393672943,0.0,0.952656015753746,0.0,735.0967341819778,102.8052380993031
507,-0.9562599658966064,-767.7742786817253,0.35007867217063904,0.0,0.1873515099287033,0.0,0.4188297688961029,0.0,0.9562599509954453,0.0,736.0529941329733,102.8052380993031
508,-0.9731332659721375,-768.7474119476974,0.3357362449169159,0.0,0.20223666727542877,0.0,0.4351603388786316,0.0,0.9731332510709763,0.0,737.0261273840442,102.8052380993031
509,-2.7151968479156494,-771.462608795613,1.9565691947937012,0.0,0.23087537288665771,0.0,0.5277521014213562,0.0,2.715196669101715,0.0,739.741324053146,102.8052380993031
510,-9.280101776123047,-780.7427105717361,0.7452424764633179,0.0,0.25650835037231445,0.0,8.278350830078125,0.0,9.280101656913757,0.0,749.0214257100597,102.8052380993031
511,-2.1382293701171875,-782.8809399418533,0.15855766832828522,0.0,1.4071950912475586,0.0,0.5724765062332153,0.0,2.138229265809059,0.0,751.1596549758688,102.8052380993031
512,-2.038938283920288,-784.9198782257736,0.16519969701766968,0.0,0.1806737631559372,0.0,1.69306480884552,0.0,2.038938269019127,0.0,753.1985932448879,102.8052380993031
513,-0.7754701972007751,-785.6953484229743,0.0,0.6769324541091919,0.16004861891269684,0.0,0.6154215931892395,0.0,0.09853775799274445,0.0,753.2971310028806,102.8052380993031
514,-0.007497816812247038,-785.7028462397866,0.0,0.4888811707496643,0.007497816812247038,0.0,0.0,0.34893566370010376,0.0,0.830319017637521,753.2971310028806,103.63555711694062
515,-0.7460956573486328,-786.4489418971352,0.7456040382385254,0.0,0.0004916157922707498,0.0,0.0,0.3399659991264343,0.4061296549043618,0.0,753.703260657785,103.63555711694062
516,0.0,-786.4489418971352,0.0,0.7536830306053162,0.0,0.13063593208789825,0.0,0.6025276184082031,0.0,1.4868465811014175,753.703260657785,105.12240369804204
517,0.0,-786.4489418971352,0.0,1.1816695928573608,0.0,0.2484513223171234,0.0,0.7386198043823242,0.0,2.1687407195568085,753.703260657785,107.29114441759884
518,0.0,-786.4489418971352,0.0,1.0419042110443115,0.0,0.2610131800174713,0.0,0.5462669730186462,0.0,1.849184364080429,753.703260657785,109.14032878167927
519,0.0,-786.4489418971352,0.0,0.42597800493240356,0.0,0.20423081517219543,0.0,0.2646235227584839,0.0,0.8948323428630829,753.703260657785,110.03516112454236
520,0.0,-786.4489418971352,0.0,0.5193469524383545,0.0,0.19209492206573486,0.0,0.26705801486968994,0.0,0.9784998893737793,753.703260657785,111.01366101391613
521,-0.09520650655031204,-786.5441484036855,0.0,0.07843213528394699,0.0,0.04446747526526451,0.09520650655031204,0.0,0.0,0.02769310399889946,753.703260657785,111.04135411791503
522,-1.1019550561904907,-787.646103459876,0.4168977439403534,0.0,0.1383749097585678,0.0,0.5466824173927307,0.0,1.101955071091652,0.0,754.8052157288766,111.04135411791503
523,-2.7122764587402344,-790.3583799186163,0.5939352512359619,0.0,0.2188272923231125,0.0,1.8995139598846436,0.0,2.712276503443718,0.0,757.5174922323204,111.04135411791503
524,-2.5382542610168457,-792.8966341796331,1.2660026550292969,0.0,0.20169100165367126,0.0,1.0705604553222656,0.0,2.5382541120052338,0.0,760.0557463443256,111.04135411791503
525,-2.4462451934814453,-795.3428793731146,0.6353296637535095,0.0,0.3876185119152069,0.0,1.4232971668243408,0.0,2.4462453424930573,0.0,762.5019916868187,111.04135411791503
526,-1.4606640338897705,-796.8035434070043,0.4215100109577179,0.0,0.3296126127243042,0.0,0.7095414996147156,0.0,1.4606641232967377,0.0,763.9626558101154,111.04135411791503
527,-1.0374188423156738,-797.84096224932,0.37498530745506287,0.0,0.23568828403949738,0.0,0.4267451763153076,0.0,1.0374187678098679,0.0,765.0000745779253,111.04135411791503
528,-0.975361704826355,-798.8163239541464,0.35421058535575867,0.0,0.19907063245773315,0.0,0.42208048701286316,0.0,0.975361704826355,0.0,765.9754362827516,111.04135411791503
529,-0.9576585292816162,-799.773982483428,0.3527388870716095,0.0,0.18591776490211487,0.0,0.41900184750556946,0.0,0.9576584994792938,0.0,766.9330947822309,111.04135411791503
530,-0.9526560306549072,-800.7266385140829,0.3514370918273926,0.0,0.18461598455905914,0.0,0.4166029393672943,0.0,0.952656015753746,0.0,767.8857507979847,111.04135411791503
531,-1.1855758428573608,-801.9122143569402,0.35007867217063904,0.0,0.4166674017906189,0.0,0.4188297688961029,0.0,1.1855758428573608,0.0,769.071326640842,111.04135411791503
532,-0.9860039949417114,-802.898218351882,0.34860697388648987,0.0,0.20223666727542877,0.0,0.4351603388786316,0.0,0.9860039800405502,0.0,770.0573306208826,111.04135411791503
533,-1.0794618129730225,-803.977680164855,0.3487769067287445,0.0,0.23087537288665771,0.0,0.49980950355529785,0.0,1.0794617831707,0.0,771.1367924040533,111.04135411791503
534,-1.4031658172607422,-805.3808459821157,0.7116307616233826,0.0,0.2397024929523468,0.0,0.45183253288269043,0.0,1.4031657874584198,0.0,772.5399581915117,111.04135411791503
535,-2.368875741958618,-807.7497217240743,0.2021237164735794,0.0,0.5448907613754272,0.0,1.6218613386154175,0.0,2.368875816464424,0.0,774.9088340079761,111.04135411791503
536,-3.1640777587890625,-810.9137994828634,0.2619236409664154,0.0,2.6300389766693115,0.0,0.27211520075798035,0.0,3.1640778183937073,0.0,778.0729118263698,111.04135411791503
537,-8.843429565429688,-819.7572290482931,0.0,0.0009084274061024189,8.606256484985352,0.0,0.23717337846755981,0.0,8.842521436046809,0.0,786.9154332624166,111.04135411791503
538,-5.658061981201172,-825.4152910294943,5.042349815368652,0.0,0.61571204662323,0.0,0.0,0.031604867428541183,5.626456994563341,0.0,792.54189025698,111.04135411791503
539,0.0,-825.4152910294943,0.0,1.144559621810913,0.0,0.03349335119128227,0.0,0.015048542991280556,0.0,1.193101515993476,792.54189025698,112.23445563390851
540,-0.3689352869987488,-825.784226316493,0.0,0.4473486542701721,0.0,0.056489020586013794,0.3689352869987488,0.0,0.0,0.13490238785743713,792.54189025698,112.36935802176595
541,0.0,-825.784226316493,0.0,0.8032835125923157,0.0,0.20749174058437347,0.0,0.5003226399421692,0.0,1.5110978931188583,792.54189025698,113.8804559148848
542,-1.5716594457626343,-827.3558857622556,1.5716594457626343,0.0,0.0,0.22840949892997742,0.0,0.2740533947944641,1.0691965520381927,0.0,793.6110868090182,113.8804559148848
543,-5.249531269073486,-832.6054170313291,5.1226091384887695,0.0,0.0,0.14496320486068726,0.12692202627658844,0.0,5.104567959904671,0.0,798.7156547689228,113.8804559148848
544,-0.5736870169639587,-833.1791040482931,0.0,0.15906882286071777,0.0,0.1092294305562973,0.5736870169639587,0.0,0.30538876354694366,0.0,799.0210435324698,113.8804559148848
545,-0.6229342222213745,-833.8020382705145,0.15528148412704468,0.0,0.09507961571216583,0.0,0.3725731670856476,0.0,0.6229342669248581,0.0,799.6439777993946,113.8804559148848
546,-2.7946290969848633,-836.5966673674993,0.538820743560791,0.0,0.7438444495201111,0.0,1.5119638442993164,0.0,2.7946290373802185,0.0,802.4386068367749,113.8804559148848
547,-2.333390474319458,-838.9300578418188,1.247894525527954,0.0,0.35911455750465393,0.0,0.7263814806938171,0.0,2.333390563726425,0.0,804.7719974005013,113.8804559148848
548,-2.5574777126312256,-841.48753555445,1.317481517791748,0.0,0.4793415367603302,0.0,0.7606547474861145,0.0,2.5574778020381927,0.0,807.3294752025395,113.8804559148848
549,-2.4493608474731445,-843.9368964019231,1.0641010999679565,0.0,0.5687279105186462,0.0,0.8165318369865417,0.0,2.4493608474731445,0.0,809.7788360500126,113.8804559148848
550,-1.3219668865203857,-845.2588632884435,0.4215100109577179,0.0,0.19091542065143585,0.0,0.7095414996147156,0.0,1.3219669312238693,0.0,811.1008029812365,113.8804559148848
551,-1.0779411792755127,-846.336804467719,0.3560788035392761,0.0,0.29511725902557373,0.0,0.4267451763153076,0.0,1.0779412388801575,0.0,812.1787442201166,113.8804559148848
552,-0.9363769292831421,-847.2731813970022,0.35421058535575867,0.0,0.16008588671684265,0.0,0.42208048701286316,0.0,0.9363769590854645,0.0,813.1151211792021,113.8804559148848
553,-1.186082363128662,-848.4592637601309,0.3527388870716095,0.0,0.41434162855148315,0.0,0.41900184750556946,0.0,1.186082363128662,0.0,814.3012035423308,113.8804559148848
554,-0.9399878978729248,-849.3992516580038,0.33876895904541016,0.0,0.18461598455905914,0.0,0.4166029393672943,0.0,0.9399878829717636,0.0,815.2411914253025,113.8804559148848
555,-0.9562599658966064,-850.3555116239004,0.35007867217063904,0.0,0.1873515099287033,0.0,0.4188297688961029,0.0,0.9562599509954453,0.0,816.197451376298,113.8804559148848
556,-0.9860039949417114,-851.3415156188421,0.34860697388648987,0.0,0.20223666727542877,0.0,0.4351603388786316,0.0,0.9860039800405502,0.0,817.1834553563385,113.8804559148848
557,-1.0794618129730225,-852.4209774318151,0.3487769067287445,0.0,0.23087537288665771,0.0,0.49980950355529785,0.0,1.0794617831707,0.0,818.2629171395092,113.8804559148848
558,-1.031375765800476,-853.4523531976156,0.33445003628730774,0.0,0.2414994090795517,0.0,0.4554263651371002,0.0,1.0313758105039597,0.0,819.2942929500132,113.8804559148848
559,-1.37713623046875,-854.8294894280843,0.053132280707359314,0.0,0.8090472221374512,0.0,0.5149567723274231,0.0,1.3771362751722336,0.0,820.6714292251854,113.8804559148848
560,-0.7118367552757263,-855.5413261833601,0.0,0.33972299098968506,0.24874383211135864,0.0,0.4630929231643677,0.0,0.37211376428604126,0.0,821.0435429894715,113.8804559148848
561,-0.46248841285705566,-856.0038145962171,0.0,0.7332850098609924,0.22979986667633057,0.0,0.2326885461807251,0.0,0.0,0.27079659700393677,821.0435429894715,114.15125251188874
562,-0.8974553346633911,-856.9012699308805,0.0,0.01716652140021324,0.8974553346633911,0.0,0.0,0.05302396044135094,0.8272648528218269,0.0,821.8708078422933,114.15125251188874
563,0.0,-856.9012699308805,0.0,1.0357462167739868,0.0,0.1403072625398636,0.0,0.27347901463508606,0.0,1.4495324939489365,821.8708078422933,115.60078500583768
564,-5.222996234893799,-862.1242661657743,5.169285297393799,0.0,0.05371079966425896,0.0,0.0,0.30404436588287354,4.918951731175184,0.0,826.7897595734685,115.60078500583768
565,-1.9370598793029785,-864.0613260450773,1.9370598793029785,0.0,0.0,0.13482186198234558,0.0,0.5260208249092102,1.2762171924114227,0.0,828.0659767658799,115.60078500583768
566,0.0,-864.0613260450773,0.0,1.0548300743103027,0.0,0.20560972392559052,0.0,0.6152123808860779,0.0,1.8756521791219711,828.0659767658799,117.47643718495965
567,0.0,-864.0613260450773,0.0,0.7357444763183594,0.0,0.11498678475618362,0.0,0.27781617641448975,0.0,1.1285474374890327,828.0659767658799,118.60498462244868
568,-2.703803062438965,-866.7651291075163,0.0,0.2551598846912384,0.9248583912849426,0.0,1.778944730758667,0.0,2.448643237352371,0.0,830.5146200032323,118.60498462244868
569,-1.3740755319595337,-868.1392046394758,0.9289909601211548,0.0,0.08785857260227203,0.0,0.35722601413726807,0.0,1.3740755468606949,0.0,831.888695550093,118.60498462244868
570,-2.657454490661621,-870.7966591301374,0.41911715269088745,0.0,1.0024840831756592,0.0,1.2358533143997192,0.0,2.657454550266266,0.0,834.5461501003592,118.60498462244868
571,-1.9221795797348022,-872.7188387098722,0.5895199179649353,0.0,0.35659223794937134,0.0,0.9760674238204956,0.0,1.9221795797348022,0.0,836.468329680094,118.60498462244868
572,-2.0460004806518555,-874.7648391905241,0.6107575297355652,0.0,0.36468249559402466,0.0,1.0705604553222656,0.0,2.0460004806518555,0.0,838.5143301607459,118.60498462244868
573,-2.446115255355835,-877.2109544458799,0.7614763379096985,0.0,0.19623863697052002,0.0,1.4884002208709717,0.0,2.44611519575119,0.0,840.9604453564971,118.60498462244868
574,-3.2183518409729004,-880.4293062868528,2.038153886795044,0.0,0.19325745105743408,0.0,0.986940324306488,0.0,3.218351662158966,0.0,844.178797018656,118.60498462244868
575,-1.0905466079711914,-881.519852894824,0.37498530745506287,0.0,0.18901224434375763,0.0,0.5265489816665649,0.0,1.0905465334653854,0.0,845.2693435521214,118.60498462244868
576,-0.9968959093093872,-882.5167488041334,0.3568393290042877,0.0,0.18733283877372742,0.0,0.45272377133369446,0.0,0.9968959391117096,0.0,846.2662394912331,118.60498462244868
577,-0.9576585292816162,-883.474407333415,0.3527388870716095,0.0,0.18591776490211487,0.0,0.41900184750556946,0.0,0.9576584994792938,0.0,847.2238979907124,118.60498462244868
578,-0.9526560306549072,-884.4270633640699,0.3514370918273926,0.0,0.18461598455905914,0.0,0.4166029393672943,0.0,0.952656015753746,0.0,848.1765540064662,118.60498462244868
579,-0.9562599658966064,-885.3833233299665,0.35007867217063904,0.0,0.1873515099287033,0.0,0.4188297688961029,0.0,0.9562599509954453,0.0,849.1328139574616,118.60498462244868
580,-0.9860039949417114,-886.3693273249082,0.34860697388648987,0.0,0.20223666727542877,0.0,0.4351603388786316,0.0,0.9860039800405502,0.0,850.1188179375022,118.60498462244868
581,-4.052920341491699,-890.4222476663999,3.3222358226776123,0.0,0.23087537288665771,0.0,0.49980950355529785,0.0,4.052920699119568,0.0,854.1717386366217,118.60498462244868
582,-2.689438581466675,-893.1116862478666,1.3316127061843872,0.0,0.6040012836456299,0.0,0.7538245916366577,0.0,2.689438581466675,0.0,856.8611772180884,118.60498462244868
583,-2.161489486694336,-895.2731757345609,1.1802514791488647,0.0,0.358120322227478,0.0,0.6231178045272827,0.0,2.1614896059036255,0.0,859.022666823992,118.60498462244868
584,-0.9075264930725098,-896.1807022276334,0.0,0.07904624193906784,0.37908220291137695,0.0,0.5284442901611328,0.0,0.8284802511334419,0.0,859.8511470751255,118.60498462244868
585,-0.6259900331497192,-896.8066922607832,0.0,0.4998004138469696,0.3465421497821808,0.0,0.27944788336753845,0.0,0.12618961930274963,0.0,859.9773366944282,118.60498462244868
586,-0.668305516242981,-897.4749977770261,0.3174455463886261,0.0,0.35085994005203247,0.0,0.0,0.0797029510140419,0.5886025354266167,0.0,860.5659392298548,118.60498462244868
587,-0.3065478503704071,-897.7815456273966,0.0,0.8096776008605957,0.06313899159431458,0.0,0.24340885877609253,0.0,0.0,0.5031297504901886,860.5659392298548,119.10811437293887
588,-0.22953198850154877,-898.0110776158981,0.0,0.9252549409866333,0.22953198850154877,0.0,0.0,0.10673747211694717,0.0,0.8024604246020317,860.5659392298548,119.9105747975409
589,-0.04725596308708191,-898.0583335789852,0.0,0.8178094029426575,0.04725596308708191,0.0,0.0,0.37475964426994324,0.0,1.1453130841255188,860.5659392298548,121.05588788166642
590,-0.24768562614917755,-898.3060192051344,0.24066291749477386,0.0,0.007022707723081112,0.0,0.0,0.40530452132225037,0.0,0.1576188961043954,860.5659392298548,121.21350677777082
591,-0.04044690728187561,-898.3464661124162,0.0,0.6151168942451477,0.04044690728187561,0.0,0.0,0.3160651922225952,0.0,0.8907351791858673,860.5659392298548,122.10424195695668
592,-0.05079980567097664,-898.3972659180872,0.05079980567097664,0.0,0.0,0.06697840243577957,0.0,0.01682497002184391,0.0,0.03300356678664684,860.5659392298548,122.13724552374333
593,-0.48164424300193787,-898.8789101610892,0.0,0.07371017336845398,0.026100127026438713,0.0,0.455544114112854,0.0,0.40793406777083874,0.0,860.9738732976257,122.13724552374333
594,-1.3357539176940918,-900.2146640787832,0.30708345770835876,0.0,0.15865206718444824,0.0,0.8700183629989624,0.0,1.3357538878917694,0.0,862.3096271855175,122.13724552374333
595,-3.8656411170959473,-904.0803051958792,2.3147993087768555,0.0,0.35625216364860535,0.0,1.1945897340774536,0.0,3.8656412065029144,0.0,866.1752683920204,122.13724552374333
596,-2.123356342315674,-906.2036615381949,0.6107575297355652,0.0,0.41281142830848694,0.0,1.0997874736785889,0.0,2.123356431722641,0.0,868.298624823743,122.13724552374333
597,-2.743990182876587,-908.9476517210715,1.539839744567871,0.0,0.3876185119152069,0.0,0.8165318369865417,0.0,2.7439900934696198,0.0,871.0426149172126,122.13724552374333
598,-2.4036529064178467,-911.3513046274893,1.5008540153503418,0.0,0.19325745105743408,0.0,0.7095414996147156,0.0,2.4036529660224915,0.0,873.4462678832351,122.13724552374333
599,-0.9718362092971802,-912.3231408367865,0.3560788035392761,0.0,0.18901224434375763,0.0,0.4267451763153076,0.0,0.9718362241983414,0.0,874.4181041074335,122.13724552374333
600,-0.9636238813400269,-913.2867647181265,0.35421058535575867,0.0,0.18733283877372742,0.0,0.42208048701286316,0.0,0.9636239111423492,0.0,875.3817280185758,122.13724552374333
601,-0.9576585292816162,-914.2444232474081,0.3527388870716095,0.0,0.18591776490211487,0.0,0.41900184750556946,0.0,0.9576584994792938,0.0,876.3393865180551,122.13724552374333
602,-0.9526560306549072,-915.197079278063,0.3514370918273926,0.0,0.18461598455905914,0.0,0.4166029393672943,0.0,0.952656015753746,0.0,877.2920425338089,122.13724552374333
603,-1.3638432025909424,-916.560922480654,0.7576619386672974,0.0,0.1873515099287033,0.0,0.4188297688961029,0.0,1.3638432174921036,0.0,878.655885751301,122.13724552374333
604,-1.9846563339233398,-918.5455788145773,1.347259283065796,0.0,0.20223666727542877,0.0,0.4351603388786316,0.0,1.9846562892198563,0.0,880.6405420405208,122.13724552374333
605,-1.6967012882232666,-920.2422801028006,0.9380737543106079,0.0,0.23087537288665771,0.0,0.5277521014213562,0.0,1.6967012286186218,0.0,882.3372432691394,122.13724552374333
606,-1.7805737257003784,-922.022853828501,1.0610169172286987,0.0,0.2490430623292923,0.0,0.4705136716365814,0.0,1.7805736511945724,0.0,884.117816920334,122.13724552374333
607,-1.4588453769683838,-923.4816992054693,0.9011356234550476,0.0,0.21481603384017944,0.0,0.3428937792778015,0.0,1.4588454365730286,0.0,885.576662356907,122.13724552374333
608,-0.65152907371521,-924.1332282791846,0.0,0.4276963174343109,0.1623491495847702,0.0,0.48917993903160095,0.0,0.22383277118206024,0.0,885.8004951280891,122.13724552374333
609,-1.4545083045959473,-925.5877365837805,0.0,0.43375539779663086,0.17460213601589203,0.0,1.279906153678894,0.0,1.0207528918981552,0.0,886.8212480199873,122.13724552374333
610,-0.020695986226201057,-925.6084325700067,0.0,0.5142026543617249,0.020695986226201057,0.0,0.0,0.3225393295288086,0.0,0.8160459976643324,886.8212480199873,122.95329152140766
611,0.0,-925.6084325700067,0.0,0.8544731736183167,0.0,0.06679539382457733,0.0,0.4775841534137726,0.0,1.3988527208566666,886.8212480199873,124.35214424226433
612,-0.263426274061203,-925.8718588440679,0.0,1.0591528415679932,0.0,0.06497130542993546,0.263426274061203,0.0,0.0,0.8606978729367256,886.8212480199873,125.21284211520106
613,-0.06951248645782471,-925.9413713305257,0.0,0.8234636783599854,0.0,0.17688243091106415,0.06951248645782471,0.0,0.0,0.9308336228132248,886.8212480199873,126.14367573801428
614,0.0,-925.9413713305257,0.0,1.0116024017333984,0.0,0.22340743243694305,0.0,0.21245795488357544,0.0,1.447467789053917,886.8212480199873,127.5911435270682
615,0.0,-925.9413713305257,0.0,0.8532128930091858,0.0,0.17444145679473877,0.0,0.3796030282974243,0.0,1.4072573781013489,886.8212480199873,128.99840090516955
616,0.0,-925.9413713305257,0.0,0.5380384922027588,0.0,0.17350901663303375,0.0,0.4126986563205719,0.0,1.1242461651563644,886.8212480199873,130.1226470703259
617,-1.1489897966384888,-927.0903611271642,0.38442274928092957,0.0,0.0,0.028112348169088364,0.7645670771598816,0.0,1.1208774782717228,0.0,887.942125498259,130.1226470703259
618,-1.3218834400177002,-928.4122445671819,0.36787644028663635,0.0,0.15145640075206757,0.0,0.8025505542755127,0.0,1.3218833953142166,0.0,889.2640088935732,130.1226470703259
619,-1.811098575592041,-930.223343142774,0.7303415536880493,0.0,0.35753491520881653,0.0,0.7232221961021423,0.0,1.8110986649990082,0.0,891.0751075585722,130.1226470703259
620,-2.824383497238159,-933.0477266400121,1.3891406059265137,0.0,0.36468249559402466,0.0,1.0705604553222656,0.0,2.824383556842804,0.0,893.899491115415,130.1226470703259
621,-1.658369541168213,-934.7060961811803,0.45421919226646423,0.0,0.3876185119152069,0.0,0.8165318369865417,0.0,1.658369541168213,0.0,895.5578606565832,130.1226470703259
622,-6.057295322418213,-940.7633915035985,0.4215100109577179,0.0,4.011590003967285,0.0,1.6241950988769531,0.0,6.057295113801956,0.0,901.6151557703852,130.1226470703259
623,-1.4146983623504639,-942.178089865949,0.3560788035392761,0.0,0.30236607789993286,0.0,0.7562534809112549,0.0,1.4146983623504639,0.0,903.0298541327356,130.1226470703259
624,-2.138622999191284,-944.3167128651403,0.35421058535575867,0.0,0.18733283877372742,0.0,1.5970796346664429,0.0,2.138623058795929,0.0,905.1684771915316,130.1226470703259
625,-0.9556514024734497,-945.2723642676137,0.3527388870716095,0.0,0.18591776490211487,0.0,0.41699478030204773,0.0,0.9556514322757721,0.0,906.1241286238073,130.1226470703259
626,-0.934323787689209,-946.206688055303,0.3514370918273926,0.0,0.18461598455905914,0.0,0.39827069640159607,0.0,0.9343237727880478,0.0,907.0584523965954,130.1226470703259
627,-0.9258147478103638,-947.1325028031133,0.319633424282074,0.0,0.1873515099287033,0.0,0.4188297688961029,0.0,0.9258147031068802,0.0,907.9842670997023,130.1226470703259
628,-0.9685059785842896,-948.1010087816976,0.34860697388648987,0.0,0.20223666727542877,0.0,0.4176623523235321,0.0,0.9685059934854507,0.0,908.9527730931877,130.1226470703259
629,-3.232116222381592,-951.3331250040792,0.3487769067287445,0.0,0.23087537288665771,0.0,2.652463912963867,0.0,3.2321161925792694,0.0,912.184889285767,130.1226470703259
630,-1.2502537965774536,-952.5833788006566,0.34246259927749634,0.0,0.31018462777137756,0.0,0.5976065397262573,0.0,1.2502537667751312,0.0,913.4351430525421,130.1226470703259
631,-1.214921236038208,-953.7983000366949,0.3763113021850586,0.0,0.3105776011943817,0.0,0.5280323624610901,0.0,1.2149212658405304,0.0,914.6500643183826,130.1226470703259
632,-1.8856637477874756,-955.6839637844823,0.0,0.37374255061149597,0.8361832499504089,0.0,1.0494804382324219,0.0,1.5119211375713348,0.0,916.161985455954,130.1226470703259
633,-0.9846715927124023,-956.6686353771947,0.0,0.7184192538261414,0.2372327446937561,0.0,0.7474388480186462,0.0,0.266252338886261,0.0,916.4282377948402,130.1226470703259
634,-0.08819844573736191,-956.7568338229321,0.0,0.9992810487747192,0.08819844573736191,0.0,0.0,0.3774714171886444,0.0,1.2885540202260017,916.4282377948402,131.4112010905519
635,-0.2831929922103882,-957.0400268151425,0.0,1.164985179901123,0.2831929922103882,0.0,0.0,0.5730229616165161,0.0,1.454815149307251,916.4282377948402,132.86601623985916
636,0.0,-957.0400268151425,0.0,1.2253801822662354,0.0,0.14808499813079834,0.0,0.40855467319488525,0.0,1.782019853591919,916.4282377948402,134.64803609345108
637,0.0,-957.0400268151425,0.0,1.243593454360962,0.0,0.27941328287124634,0.0,0.8005437254905701,0.0,2.3235504627227783,916.4282377948402,136.97158655617386
638,0.0,-957.0400268151425,0.0,0.6936972141265869,0.0,0.30119627714157104,0.0,0.7941893339157104,0.0,1.7890828251838684,916.4282377948402,138.76066938135773
639,0.0,-957.0400268151425,0.0,0.697390615940094,0.0,0.22867107391357422,0.0,0.6626204252243042,0.0,1.5886821150779724,916.4282377948402,140.3493514964357
640,-0.41181862354278564,-957.4518454386853,0.41181862354278564,0.0,0.0,0.20805951952934265,0.0,0.4817996621131897,0.0,0.2780405580997467,916.4282377948402,140.62739205453545
641,-0.4197014570236206,-957.8715468957089,0.355191171169281,0.0,0.0,0.05981559306383133,0.0645102709531784,0.0,0.3598858490586281,0.0,916.7881236438989,140.62739205453545
642,-2.409001350402832,-960.2805482461117,0.5162541270256042,0.0,1.1327673196792603,0.0,0.7599798440933228,0.0,2.4090012907981873,0.0,919.1971249346971,140.62739205453545
643,-9.342536926269531,-969.6230851723813,0.5168403387069702,0.0,0.35864752531051636,0.0,8.467048645019531,0.0,9.342536509037018,0.0,928.5396614437341,140.62739205453545
644,-2.46304988861084,-972.0861350609921,0.8479077816009521,0.0,0.36468249559402466,0.0,1.2504595518112183,0.0,2.463049829006195,0.0,931.0027112727403,140.62739205453545
645,-5.875512599945068,-977.9616476609372,4.1328816413879395,0.0,0.5526119470596313,0.0,1.1900190114974976,0.0,5.875512599945068,0.0,936.8782238726853,140.62739205453545
646,-1.4353606700897217,-979.3970083310269,0.4215100109577179,0.0,0.3043091893196106,0.0,0.7095414996147156,0.0,1.435360699892044,0.0,938.3135845725774,140.62739205453545
647,-1.1183160543441772,-980.5153243853711,0.3560788035392761,0.0,0.23568828403949738,0.0,0.5265489816665649,0.0,1.1183160692453384,0.0,939.4319006418227,140.62739205453545
648,-1.1068097352981567,-981.6221341206692,0.35421058535575867,0.0,0.2998753786087036,0.0,0.45272377133369446,0.0,1.1068097352981567,0.0,940.5387103771209,140.62739205453545
649,-0.9576585292816162,-982.5797926499508,0.3527388870716095,0.0,0.18591776490211487,0.0,0.41900184750556946,0.0,0.9576584994792938,0.0,941.4963688766002,140.62739205453545
650,-0.9526560306549072,-983.5324486806057,0.3514370918273926,0.0,0.18461598455905914,0.0,0.4166029393672943,0.0,0.952656015753746,0.0,942.4490248923539,140.62739205453545
651,-0.9778550863265991,-984.5103037669323,0.35007867217063904,0.0,0.20894667506217957,0.0,0.4188297688961029,0.0,0.9778551161289215,0.0,943.4268800084828,140.62739205453545
652,-0.96746426820755,-985.4777680351399,0.34860697388648987,0.0,0.1836969405412674,0.0,0.4351603388786316,0.0,0.9674642533063889,0.0,944.3943442617892,140.62739205453545
653,-2.0984199047088623,-987.5761879398488,1.3677350282669067,0.0,0.23087537288665771,0.0,0.49980950355529785,0.0,2.0984199047088623,0.0,946.4927641664981,140.62739205453545
654,-3.7559802532196045,-991.3321681930684,2.7056221961975098,0.0,0.24639129638671875,0.0,0.8039667010307312,0.0,3.7559801936149597,0.0,950.248744360113,140.62739205453545
655,-2.589261531829834,-993.9214297248982,1.1488118171691895,0.0,0.21834512054920197,0.0,1.2221044301986694,0.0,2.589261367917061,0.0,952.8380057280301,140.62739205453545
656,-5.179886817932129,-999.1013165428303,0.0,0.36626678705215454,0.500525951385498,0.0,4.679360866546631,0.0,4.813620030879974,0.0,957.6516257589101,140.62739205453545
657,-6.507905006408691,-1005.609221549239,0.0,0.7502269148826599,0.14646469056606293,0.0,6.361440181732178,0.0,5.757677957415581,0.0,963.4093037163257,140.62739205453545
658,-0.899060070514679,-1006.5082816197537,0.0,0.9725360870361328,0.006602431181818247,0.0,0.8924576640129089,0.0,0.0,0.07347599184140563,963.4093037163257,140.70086804637685
659,0.0,-1006.5082816197537,0.0,0.24473510682582855,0.0,0.09424187988042831,0.0,0.35691264271736145,0.0,0.6958896294236183,963.4093037163257,141.39675767580047
660,-0.4343595802783966,-1006.9426412000321,0.0,0.9004762172698975,0.4343595802783966,0.0,0.0,0.29645630717277527,0.0,0.7625729441642761,963.4093037163257,142.15933061996475
661,-0.23452015221118927,-1007.1771613522433,0.0,1.1207208633422852,0.0,0.21797701716423035,0.23452015221118927,0.0,0.0,1.1041777282953262,963.4093037163257,143.26350834826007
662,-0.7364920973777771,-1007.913653449621,0.7364920973777771,0.0,0.0,0.2784642279148102,0.0,0.7487252354621887,0.0,0.2906973659992218,963.4093037163257,143.5542057142593
663,0.0,-1007.913653449621,0.0,0.8766398429870605,0.0,0.18615493178367615,0.0,0.5775881409645081,0.0,1.6403829157352448,963.4093037163257,145.19458862999454
664,-0.00890298467129469,-1007.9225564342923,0.00890298467129469,0.0,0.0,0.1717604249715805,0.0,0.22638903558254242,0.0,0.38924647588282824,963.4093037163257,145.58383510587737
665,-0.0994834154844284,-1008.0220398497768,0.0,0.07415522634983063,0.0,0.04232902079820633,0.0994834154844284,0.0,0.0,0.01700083166360855,963.4093037163257,145.60083593754098
666,-1.212768793106079,-1009.2348086428829,0.40967029333114624,0.0,0.2636435031890869,0.0,0.539454996585846,0.0,1.212768793106079,0.0,964.6220725094317,145.60083593754098
667,-4.138089179992676,-1013.3728978228755,2.1317942142486572,0.0,0.3581891655921936,0.0,1.6481059789657593,0.0,4.13808935880661,0.0,968.7601618682384,145.60083593754098
668,-2.1577420234680176,-1015.5306398463435,0.7031154632568359,0.0,0.36468249559402466,0.0,1.0899442434310913,0.0,2.157742202281952,0.0,970.9179040705203,145.60083593754098
669,-16.441734313964844,-1031.9723741603084,7.0275139808654785,0.0,0.3876185119152069,0.0,9.026601791381836,0.0,16.44173428416252,0.0,987.3596383546828,145.60083593754098
670,-2.520822763442993,-1034.4931969237514,0.4215100109577179,0.0,0.44215521216392517,0.0,1.65715754032135,0.0,2.520822763442993,0.0,989.8804611181258,145.60083593754098
671,-1.602722406387329,-1036.0959193301387,0.37498530745506287,0.0,0.7011880874633789,0.0,0.5265489816665649,0.0,1.6027223765850067,0.0,991.4831834947108,145.60083593754098
672,-0.9779905080795288,-1037.0739098382182,0.3568393290042877,0.0,0.19907063245773315,0.0,0.42208048701286316,0.0,0.977990448474884,0.0,992.4611739431857,145.60083593754098
673,-1.514233946800232,-1038.5881437850185,0.34507817029953003,0.0,0.7501539587974548,0.0,0.41900184750556946,0.0,1.5142339766025543,0.0,993.9754079197883,145.60083593754098
674,-2.4145431518554688,-1041.002686936874,1.7011696100234985,0.0,0.2967706322669983,0.0,0.4166029393672943,0.0,2.414543181657791,0.0,996.3899511014461,145.60083593754098
675,-0.9562599658966064,-1041.9589469027705,0.35007867217063904,0.0,0.1873515099287033,0.0,0.4188297688961029,0.0,0.9562599509954453,0.0,997.3462110524415,145.60083593754098
676,-0.9860039949417114,-1042.9449508977123,0.34860697388648987,0.0,0.20223666727542877,0.0,0.4351603388786316,0.0,0.9860039800405502,0.0,998.332215032482,145.60083593754098
677,-1.0794618129730225,-1044.0244127106853,0.3487769067287445,0.0,0.23087537288665771,0.0,0.49980950355529785,0.0,1.0794617831707,0.0,999.4116768156528,145.60083593754098
678,-2.5512032508850098,-1046.5756159615703,1.0169463157653809,0.0,1.0625839233398438,0.0,0.47167298197746277,0.0,2.5512032210826874,0.0,1001.9628800367354,145.60083593754098
679,-1.0375131368637085,-1047.613129098434,0.21681378781795502,0.0,0.23787231743335724,0.0,0.5828270316123962,0.0,1.0375131368637085,0.0,1003.0003931735992,145.60083593754098
680,-0.4406924843788147,-1048.0538215828128,0.0,0.1919764280319214,0.22050392627716064,0.0,0.22018855810165405,0.0,0.2487160563468933,0.0,1003.249109229946,145.60083593754098
681,-0.7578384280204773,-1048.8116600108333,0.4022056460380554,0.0,0.25337982177734375,0.0,0.10225296765565872,0.0,0.7578384354710579,0.0,1004.0069476654171,145.60083593754098
682,-0.3820599615573883,-1049.1937199723907,0.0,0.8945507407188416,0.3820599615573883,0.0,0.0,0.0920955017209053,0.0,0.6045862808823586,1004.0069476654171,146.20542221842334
683,-1.620985984802246,-1050.814705957193,0.0,0.21135073900222778,0.0,0.030194442719221115,1.620985984802246,0.0,1.3794408030807972,0.0,1005.3863884684979,146.20542221842334
684,0.0,-1050.814705957193,0.0,1.1891871690750122,0.0,0.12998846173286438,0.0,0.2818286418914795,0.0,1.601004272699356,1005.3863884684979,147.8064264911227
685,0.0,-1050.814705957193,0.0,1.1782113313674927,0.0,0.24672222137451172,0.0,0.7351616024971008,0.0,2.1600951552391052,1005.3863884684979,149.9665216463618
686,0.0,-1050.814705957193,0.0,1.0789623260498047,0.0,0.23463259637355804,0.0,0.43378812074661255,0.0,1.7473830431699753,1005.3863884684979,151.71390468953177
687,0.0,-1050.814705957193,0.0,0.9265273213386536,0.0,0.21109865605831146,0.0,0.1729283630847931,0.0,1.3105543404817581,1005.3863884684979,153.02445903001353
688,-0.4294658899307251,-1051.2441718471237,0.4294658899307251,0.0,0.0,0.1713041365146637,0.0,0.4082888960838318,0.0,0.15012714266777039,1005.3863884684979,153.1745861726813
689,-1.4967931509017944,-1052.7409649980254,1.3497508764266968,0.0,0.0,0.018549572676420212,0.14704230427742004,0.0,1.4782436080276966,0.0,1006.8646320765256,153.1745861726813
690,-9.643176078796387,-1062.3841410768218,1.4444351196289062,0.0,0.14266453683376312,0.0,8.056076049804688,0.0,9.643175706267357,0.0,1016.507807782793,153.1745861726813
691,-2.6193366050720215,-1065.0034776818939,1.0972508192062378,0.0,0.5973512530326843,0.0,0.9247347116470337,0.0,2.619336783885956,0.0,1019.1271445666789,153.1745861726813
692,-1.5723090171813965,-1066.5757866990753,0.4469718635082245,0.0,0.36468249559402466,0.0,0.7606547474861145,0.0,1.5723091065883636,0.0,1020.6994536732673,153.1745861726813
693,-1.658369541168213,-1068.2341562402435,0.45421919226646423,0.0,0.3876185119152069,0.0,0.8165318369865417,0.0,1.658369541168213,0.0,1022.3578232144355,153.1745861726813
694,-1.8843421936035156,-1070.118498433847,0.57329261302948,0.0,0.19325745105743408,0.0,1.1177921295166016,0.0,1.8843421936035156,0.0,1024.242165408039,153.1745861726813
695,-1.6536635160446167,-1071.7721619498916,0.3560788035392761,0.0,0.18901224434375763,0.0,1.1085724830627441,0.0,1.653663530945778,0.0,1025.8958289389848,153.1745861726813
696,-0.9636238813400269,-1072.7357858312316,0.35421058535575867,0.0,0.18733283877372742,0.0,0.42208048701286316,0.0,0.9636239111423492,0.0,1026.8594528501271,153.1745861726813
697,-0.9576585292816162,-1073.6934443605132,0.3527388870716095,0.0,0.18591776490211487,0.0,0.41900184750556946,0.0,0.9576584994792938,0.0,1027.8171113496064,153.1745861726813
698,-0.9526560306549072,-1074.6461003911681,0.3514370918273926,0.0,0.18461598455905914,0.0,0.4166029393672943,0.0,0.952656015753746,0.0,1028.7697673653602,153.1745861726813
699,-0.9562599658966064,-1075.6023603570648,0.35007867217063904,0.0,0.1873515099287033,0.0,0.4188297688961029,0.0,0.9562599509954453,0.0,1029.7260273163556,153.1745861726813
700,-0.9860039949417114,-1076.5883643520065,0.34860697388648987,0.0,0.20223666727542877,0.0,0.4351603388786316,0.0,0.9860039800405502,0.0,1030.7120312963962,153.1745861726813
701,-1.0794618129730225,-1077.6678261649795,0.3487769067287445,0.0,0.23087537288665771,0.0,0.49980950355529785,0.0,1.0794617831707,0.0,1031.7914930795669,153.1745861726813
702,-1.0125945806503296,-1078.6804207456298,0.3108523190021515,0.0,0.24310490489006042,0.0,0.4586373567581177,0.0,1.0125945806503296,0.0,1032.8040876602172,153.1745861726813
703,-1.8209704160690308,-1080.5013911616988,1.3067142963409424,0.0,0.20033147931098938,0.0,0.3139246702194214,0.0,1.8209704458713531,0.0,1034.6250581060885,153.1745861726813
704,-1.3224836587905884,-1081.8238748204894,0.7592211961746216,0.0,0.2643275260925293,0.0,0.2989349663257599,0.0,1.3224836885929108,0.0,1035.9475417946815,153.1745861726813
705,-2.9930005073547363,-1084.8168753278442,1.9054900407791138,0.0,0.24723315238952637,0.0,0.8402770757675171,0.0,2.9930002689361572,0.0,1038.9405420636176,153.1745861726813
706,-1.3152620792388916,-1086.132137407083,1.2209644317626953,0.0,0.09429768472909927,0.0,0.0,0.18462733924388885,1.1306347772479057,0.0,1040.0711768408655,153.1745861726813
707,-0.0017803049413487315,-1086.1339177120244,0.0,1.0740123987197876,0.0017803049413487315,0.0,0.0,0.3524157404899597,0.0,1.4246478342683986,1040.0711768408655,154.5992340069497
708,-0.06494231522083282,-1086.1988600272452,0.0,1.1632142066955566,0.06494231522083282,0.0,0.0,0.057513393461704254,0.0,1.155785284936428,1040.0711768408655,155.75501929188613
709,0.0,-1086.1988600272452,0.0,0.9385082721710205,0.0,0.16362735629081726,0.0,0.25184541940689087,0.0,1.3539810478687286,1040.0711768408655,157.10900033975486
710,0.0,-1086.1988600272452,0.0,0.5056313276290894,0.0,0.13752496242523193,0.0,0.47904282808303833,0.0,1.1221991181373596,1040.0711768408655,158.23119945789222
711,0.0,-1086.1988600272452,0.0,0.6964879035949707,0.0,0.025233205407857895,0.0,0.09830903261899948,0.0,0.8200301416218281,1040.0711768408655,159.05122959951404
712,-0.10400160402059555,-1086.3028616312658,0.0,0.03524324670433998,0.0,0.09797130525112152,0.10400160402059555,0.0,0.0,0.02921294793486595,1040.0711768408655,159.0804425474489
713,-0.8896862864494324,-1087.1925479177153,0.20622381567955017,0.0,0.025920702144503593,0.0,0.6575417518615723,0.0,0.889686269685626,0.0,1040.9608631105511,159.0804425474489
714,-2.1043286323547363,-1089.29687655007,0.3609231412410736,0.0,0.5004211664199829,0.0,1.242984414100647,0.0,2.1043287217617035,0.0,1043.0651918323128,159.0804425474489
715,-2.30519437789917,-1091.6020709279692,0.861149787902832,0.0,0.46824032068252563,0.0,0.9758043885231018,0.0,2.3051944971084595,0.0,1045.3703863294213,159.0804425474489
716,-2.6377453804016113,-1094.2398163083708,1.2025023698806763,0.0,0.36468249559402466,0.0,1.0705604553222656,0.0,2.6377453207969666,0.0,1048.0081316502183,159.0804425474489
717,-2.9943976402282715,-1097.234213948599,1.5637325048446655,0.0,0.3876185119152069,0.0,1.0430465936660767,0.0,2.994397610425949,0.0,1051.0025292606442,159.0804425474489
718,-3.2800660133361816,-1100.5142799619352,0.4215100109577179,0.0,0.19325745105743408,0.0,2.6652984619140625,0.0,3.2800659239292145,0.0,1054.2825951845734,159.0804425474489
