time_step,reward,all_rewards,grid_import_Building_1_kwh,export_Building_1_kwh,grid_import_Building_2_kwh,export_Building_2_kwh,grid_import_Building_3_kwh,export_Building_3_kwh,grid_import_kwh,export_kwh,cumulative_grid_import_kwh,cumulative_export_kwh
0,-1.7140388488769531,-1.7140388488769531,2.033644199371338,0.0,0.5619984865188599,0.0,1.689454197883606,0.0,4.285096883773804,0.0,4.285096883773804,0.0
1,-0.6021565794944763,-2.3161954283714294,0.8462807536125183,0.0,0.18591776490211487,0.0,0.47319296002388,0.0,1.5053914785385132,0.0,5.790488362312317,0.0
2,-0.5420485138893127,-2.858243942260742,0.7249863147735596,0.0,0.18461598455905914,0.0,0.4455188810825348,0.0,1.3551211804151535,0.0,7.14560954272747,0.0
3,-0.567166805267334,-3.425410747528076,0.7971165776252747,0.0,0.1873515099287033,0.0,0.433448851108551,0.0,1.417916938662529,0.0,8.56352648139,0.0
4,-0.5349369049072266,-3.9603476524353027,0.6999452114105225,0.0,0.20223666727542877,0.0,0.4351603388786316,0.0,1.3373422175645828,0.0,9.900868698954582,0.0
5,-0.602179229259491,-4.562526881694794,0.7747631669044495,0.0,0.23087537288665771,0.0,0.49980950355529785,0.0,1.505448043346405,0.0,11.406316742300987,0.0
6,-1.2163314819335938,-5.7788583636283875,1.607621669769287,0.0,0.24817126989364624,0.0,1.1850358247756958,0.0,3.040828764438629,0.0,14.447145506739616,0.0
7,-1.7795143127441406,-7.558372676372528,0.5342340469360352,0.0,0.3452141582965851,0.0,0.900066077709198,0.0,1.7795142829418182,0.0,16.226659789681435,0.0
8,-9.700872421264648,-17.259245097637177,4.653266429901123,0.0,2.933849573135376,0.0,2.1137564182281494,0.0,9.700872421264648,0.0,25.927532210946083,0.0
9,-4.550168037414551,-21.809413135051727,0.48263463377952576,0.0,0.6722479462623596,0.0,3.3952853679656982,0.0,4.550167948007584,0.0,30.477700158953667,0.0
10,-2.851351261138916,-24.660764396190643,0.0,0.3569531738758087,0.6334824562072754,0.0,2.2178688049316406,0.0,2.4943980872631073,0.0,32.972098246216774,0.0
11,-2.485785722732544,-27.146550118923187,1.8172708749771118,0.0,0.6685148477554321,0.0,0.0,0.15823188424110413,2.32755383849144,0.0,35.299652084708214,0.0
12,-1.3306766748428345,-28.47722679376602,0.26597872376441956,0.0,0.9704316258430481,0.0,0.09426632523536682,0.0,1.3306766748428345,0.0,36.63032875955105,0.0
13,-0.24224238097667694,-28.7194691747427,0.0,1.293045997619629,0.0,0.2805768847465515,0.24224238097667694,0.0,0.0,1.3313805013895035,36.63032875955105,1.3313805013895035
14,0.0,-28.7194691747427,0.0,0.95054030418396,0.0,0.16389386355876923,0.0,0.20069178938865662,0.0,1.3151259571313858,36.63032875955105,2.6465064585208893
15,-2.129661798477173,-30.84913097321987,0.16432055830955505,0.0,1.0962367057800293,0.0,0.8691044449806213,0.0,2.1296617090702057,0.0,38.759990468621254,2.6465064585208893
16,-0.2912794053554535,-31.140410378575325,0.0,0.1696302890777588,0.2912794053554535,0.0,0.0,0.12067373842000961,0.0009753778576850891,0.0,38.76096584647894,2.6465064585208893
17,-1.9454319477081299,-33.085842326283455,0.1799376904964447,0.0,0.30642029643058777,0.0,0.0,0.19906842708587646,0.287289559841156,0.0,39.048255406320095,2.6465064585208893
18,-8.779462814331055,-41.86530514061451,0.4625154137611389,0.0,1.5644148588180542,0.0,0.167935311794281,0.0,2.194865584373474,0.0,41.24312099069357,2.6465064585208893
19,-6.822879791259766,-48.688184931874275,1.0769085884094238,0.0,0.23472312092781067,0.0,0.3940883278846741,0.0,1.7057200372219086,0.0,42.94884102791548,2.6465064585208893
20,-2.59848690032959,-51.286671832203865,0.5288646817207336,0.0,0.0,0.3108578622341156,0.12075704336166382,0.0,0.33876386284828186,0.0,43.28760489076376,2.6465064585208893
21,-13.044111251831055,-64.33078308403492,0.9365671873092651,0.0,0.3714994490146637,0.0,1.9529612064361572,0.0,3.261027842760086,0.0,46.548632733523846,2.6465064585208893
22,-1.0331870317459106,-65.36397011578083,0.4215100109577179,0.0,0.19325745105743408,0.0,1.9681999683380127,0.0,2.5829674303531647,0.0,49.13160016387701,2.6465064585208893
23,-1.0328195095062256,-66.39678962528706,0.3560788035392761,0.0,0.18901237845420837,0.0,2.0369577407836914,0.0,2.582048922777176,0.0,51.713649086654186,2.6465064585208893
24,-0.38545241951942444,-66.78224204480648,0.35421058535575867,0.0,0.18733996152877808,0.0,0.42208048701286316,0.0,0.9636310338973999,0.0,52.677280120551586,2.6465064585208893
25,-0.5999897718429565,-67.38223181664944,0.3527388870716095,0.0,0.1801552027463913,0.0,0.9670803546905518,0.0,1.4999744445085526,0.0,54.17725456506014,2.6465064585208893
26,-0.21328061819076538,-67.5955124348402,0.3514370918273926,0.0,0.18176443874835968,0.0,0.0,0.07003980875015259,0.46316172182559967,0.0,54.64041628688574,2.6465064585208893
27,-0.6857925653457642,-68.28130500018597,0.35007867217063904,0.0,0.19179339706897736,0.0,1.1726093292236328,0.0,1.7144813984632492,0.0,56.35489768534899,2.6465064585208893
28,-0.796837568283081,-69.07814256846905,1.3546943664550781,0.0,0.20223921537399292,0.0,0.4351603388786316,0.0,1.9920939207077026,0.0,58.34699160605669,2.6465064585208893
29,-0.8386150598526001,-69.91675762832165,1.3658525943756104,0.0,0.23087544739246368,0.0,0.49980950355529785,0.0,2.096537545323372,0.0,60.44352915138006,2.6465064585208893
30,-0.8129565715789795,-70.72971419990063,1.3301458358764648,0.0,0.24327263236045837,0.0,0.4589728116989136,0.0,2.032391279935837,0.0,62.4759204313159,2.6465064585208893
31,-0.7622600793838501,-71.49197427928448,0.07796920090913773,0.0,0.19240280985832214,0.0,0.49188804626464844,0.0,0.7622600570321083,0.0,63.23818048834801,2.6465064585208893
32,-1.800918698310852,-73.29289297759533,0.0,0.36149874329566956,1.310782790184021,0.0,0.49013590812683105,0.0,1.4394199550151825,0.0,64.67760044336319,2.6465064585208893
33,-0.3876694440841675,-73.6805624216795,0.0,0.4318349361419678,0.13957519829273224,0.0,0.24809423089027405,0.0,0.0,0.04416550695896149,64.67760044336319,2.6906719654798508
34,-0.44446784257888794,-74.12503026425838,0.06265433132648468,0.0,0.38181352615356445,0.0,0.0,0.018229525536298752,0.4262383319437504,0.0,65.10383877530694,2.6906719654798508
35,-0.5458567142486572,-74.67088697850704,0.3224653899669647,0.0,0.2233913242816925,0.0,0.0,0.21491865813732147,0.33093805611133575,0.0,65.43477683141828,2.6906719654798508
36,-4.797369956970215,-79.46825693547726,4.797369956970215,0.0,0.0,0.04580845683813095,0.0,0.4474849998950958,4.304076500236988,0.0,69.73885333165526,2.6906719654798508
37,-1.7521350383758545,-81.22039197385311,1.7521350383758545,0.0,0.0,0.17027628421783447,0.0,0.20658880472183228,1.3752699494361877,0.0,71.11412328109145,2.6906719654798508
38,-0.5142509341239929,-81.7346429079771,0.0,0.5143934488296509,0.0,0.05979296937584877,0.5142509341239929,0.0,0.0,0.05993548408150673,71.11412328109145,2.7506074495613575
39,-1.731797218322754,-83.46644012629986,0.0,0.6550762057304382,0.7720916271209717,0.0,0.959705650806427,0.0,1.0767210721969604,0.0,72.19084435328841,2.7506074495613575
40,-1.6902048587799072,-85.15664498507977,0.447745680809021,0.0,0.19314506649971008,0.0,1.0493141412734985,0.0,1.6902048885822296,0.0,73.88104924187064,2.7506074495613575
41,-1.5327937602996826,-86.68943874537945,0.0,0.14580199122428894,0.0,0.00994577631354332,0.38319844007492065,0.0,0.2274506725370884,0.0,74.10849991440773,2.7506074495613575
42,-9.160237312316895,-95.84967605769634,1.109107494354248,0.0,0.2910788059234619,0.0,0.8898730874061584,0.0,2.2900593876838684,0.0,76.3985593020916,2.7506074495613575
43,-8.605876922607422,-104.45555298030376,0.7583456039428711,0.0,0.7082775831222534,0.0,0.684846043586731,0.0,2.1514692306518555,0.0,78.55002853274345,2.7506074495613575
44,-14.626842498779297,-119.08239547908306,2.5351099967956543,0.0,1.1216005086898804,0.0,0.0,0.18738484382629395,3.4693256616592407,0.0,82.0193541944027,2.7506074495613575
45,-4.333316326141357,-123.41571180522442,0.42338940501213074,0.0,0.6599396467208862,0.0,0.0,0.4013620913028717,0.6819669604301453,0.0,82.70132115483284,2.7506074495613575
46,-0.5090942978858948,-123.92480610311031,0.5435421466827393,0.0,0.6094071269035339,0.0,0.11978638172149658,0.0,1.2727356553077698,0.0,83.97405681014061,2.7506074495613575
47,-0.6262602806091309,-124.55106638371944,0.37498530745506287,0.0,0.7639201283454895,0.0,0.4267451763153076,0.0,1.56565061211586,0.0,85.53970742225647,2.7506074495613575
48,-0.3105164170265198,-124.86158280074596,0.35421058535575867,0.0,0.0,0.8986343145370483,0.42208048701286316,0.0,0.0,0.12234324216842651,85.53970742225647,2.872950691729784
49,-0.30869632959365845,-125.17027913033962,0.3527388870716095,0.0,0.0,1.0913549661636353,0.4190019369125366,0.0,0.0,0.31961414217948914,85.53970742225647,3.192564833909273
50,-0.31368446350097656,-125.4839635938406,0.3514370918273926,0.0,0.01617099903523922,0.0,0.4166030287742615,0.0,0.7842111196368933,0.0,86.32391854189336,3.192564833909273
51,-0.37544330954551697,-125.85940690338612,0.3348560631275177,0.0,0.184922456741333,0.0,0.4188297688961029,0.0,0.9386082887649536,0.0,87.26252683065832,3.192564833909273
52,-0.3944026231765747,-126.25380952656269,0.34860697388648987,0.0,0.2022392898797989,0.0,0.4351603388786316,0.0,0.9860066026449203,0.0,88.24853343330324,3.192564833909273
53,-0.43178486824035645,-126.68559439480305,0.3487769067287445,0.0,0.23087577521800995,0.0,0.49980950355529785,0.0,1.0794621855020523,0.0,89.32799561880529,3.192564833909273
54,-0.4118225574493408,-127.09741695225239,0.30258339643478394,0.0,0.23897051811218262,0.0,0.4880024194717407,0.0,1.0295563340187073,0.0,90.357551952824,3.192564833909273
55,-1.1153669357299805,-128.21278388798237,0.5197288393974304,0.0,0.2986651062965393,0.0,0.29697301983833313,0.0,1.1153669655323029,0.0,91.4729189183563,3.192564833909273
56,-1.865159034729004,-130.07794292271137,0.794775664806366,0.0,0.2044009417295456,0.0,0.8659823536872864,0.0,1.865158960223198,0.0,93.3380778785795,3.192564833909273
57,-0.6539461612701416,-130.7318890839815,0.0,0.5403615236282349,0.22833411395549774,0.0,0.42561206221580505,0.0,0.11358465254306793,0.0,93.45166253112257,3.192564833909273
58,-0.8443811535835266,-131.57627023756504,0.0,0.8445625305175781,0.04807596653699875,0.0,0.7963051795959473,0.0,0.0,0.0001813843846321106,93.45166253112257,3.1927462182939053
59,-1.274584412574768,-132.8508546501398,0.0,1.0440349578857422,1.274584412574768,0.0,0.0,0.3224382996559143,0.0,0.09188884496688843,93.45166253112257,3.2846350632607937
60,-0.3657621741294861,-133.2166168242693,0.0,1.0866937637329102,0.3657621741294861,0.0,0.0,0.08239572495222092,0.0,0.803327314555645,93.45166253112257,4.087962377816439
61,-6.97692346572876,-140.19354028999805,0.0,0.7644610404968262,0.0,0.18274803459644318,6.97692346572876,0.0,6.02971439063549,0.0,99.48137692175806,4.087962377816439
62,0.0,-140.19354028999805,0.0,0.6829460859298706,0.0,0.16892418265342712,0.0,0.05988061800599098,0.0,0.9117508865892887,99.48137692175806,4.999713264405727
63,-2.0864264965057373,-142.2799667865038,1.561369776725769,0.0,0.0,0.013574364595115185,0.5250566601753235,0.0,2.0728520723059773,0.0,101.55422899406403,4.999713264405727
64,-2.13383150100708,-144.41379828751087,0.9007319211959839,0.0,0.011278570629656315,0.0,1.2218209505081177,0.0,2.133831442333758,0.0,103.68806043639779,4.999713264405727
65,-4.178135871887207,-148.59193415939808,0.14395681023597717,0.0,0.21786905825138092,0.0,0.6827080249786377,0.0,1.0445338934659958,0.0,104.73259432986379,4.999713264405727
66,-13.064570426940918,-161.656504586339,0.9867361783981323,0.0,0.313500314950943,0.0,1.9659061431884766,0.0,3.266142636537552,0.0,107.99873696640134,4.999713264405727
67,-10.057050704956055,-171.71355529129505,0.8331621885299683,0.0,0.35911455750465393,0.0,1.3219858407974243,0.0,2.5142625868320465,0.0,110.51299955323339,4.999713264405727
68,-10.043455123901367,-181.75701041519642,0.6107575297355652,0.0,0.736383855342865,0.0,1.1637225151062012,0.0,2.5108639001846313,0.0,113.02386345341802,4.999713264405727
69,-11.682613372802734,-193.43962378799915,0.7221112251281738,0.0,1.0085231065750122,0.0,1.1900190114974976,0.0,2.9206533432006836,0.0,115.9445167966187,4.999713264405727
70,-0.6868089437484741,-194.12643273174763,0.6891089677810669,0.0,0.5919321775436401,0.0,0.4359810948371887,0.0,1.7170222401618958,0.0,117.6615390367806,4.999713264405727
71,-0.7524439096450806,-194.8788766413927,1.055049180984497,0.0,0.39931538701057434,0.0,0.4267451763153076,0.0,1.881109744310379,0.0,119.54264878109097,4.999713264405727
72,-0.1688321977853775,-195.04770883917809,0.0,0.05836471915245056,0.0,0.40751102566719055,0.42208048701286316,0.0,0.0,0.043795257806777954,119.54264878109097,5.043508522212505
73,-0.30869629979133606,-195.35640513896942,0.3527388870716095,0.0,0.0,0.5736089944839478,0.41900184750556946,0.0,0.1981317400932312,0.0,119.7407805211842,5.043508522212505
74,-0.378155380487442,-195.73456051945686,0.3514370918273926,0.0,0.17734842002391815,0.0,0.4166029393672943,0.0,0.945388451218605,0.0,120.68616897240281,5.043508522212505
75,-0.37639641761779785,-196.11095693707466,0.3348560631275177,0.0,0.18730522692203522,0.0,0.4188297688961029,0.0,0.9409910589456558,0.0,121.62716003134847,5.043508522212505
76,-0.39440250396728516,-196.50535944104195,0.34860697388648987,0.0,0.20223894715309143,0.0,0.4351603388786316,0.0,0.9860062599182129,0.0,122.61316629126668,5.043508522212505
77,-0.8505584001541138,-197.35591784119606,1.3677350282669067,0.0,0.23090852797031403,0.0,0.5277523398399353,0.0,2.126395896077156,0.0,124.73956218734384,5.043508522212505
78,-1.010901689529419,-198.36681953072548,0.3598918616771698,0.0,0.2542222738265991,0.0,1.9131399393081665,0.0,2.5272540748119354,0.0,127.26681626215577,5.043508522212505
79,-1.4908223152160645,-199.85764184594154,0.500566840171814,0.0,0.3611261248588562,0.0,0.6291292905807495,0.0,1.4908222556114197,0.0,128.7576385177672,5.043508522212505
80,-2.233278274536133,-202.09092012047768,0.14558805525302887,0.0,0.3648768663406372,0.0,1.722813367843628,0.0,2.233278289437294,0.0,130.99091680720448,5.043508522212505
81,-0.9089511632919312,-202.9998712837696,0.0,0.19974814355373383,0.37557753920555115,0.0,0.5333736538887024,0.0,0.7092030495405197,0.0,131.700119856745,5.043508522212505
82,-1.347111701965332,-204.34698298573494,0.10277063399553299,0.0,0.30680549144744873,0.0,0.9375355243682861,0.0,1.3471116498112679,0.0,133.04723150655627,5.043508522212505
83,-0.5343934893608093,-204.88137647509575,0.0,0.3503643572330475,0.2927956283092499,0.0,0.24159787595272064,0.0,0.18402914702892303,0.0,133.2312606535852,5.043508522212505
84,-1.011766791343689,-205.89314326643944,0.0,0.48728668689727783,0.1974068433046341,0.0,0.8143599033355713,0.0,0.5244800597429276,0.0,133.75574071332812,5.043508522212505
85,-0.08687044680118561,-205.98001371324062,0.0,0.10344289988279343,0.08687044680118561,0.0,0.0,0.06797640770673752,0.0,0.08454886078834534,133.75574071332812,5.128057383000851
86,-0.29234158992767334,-206.2723553031683,0.20746305584907532,0.0,0.08487852662801743,0.0,0.0,0.2017921507358551,0.09054943174123764,0.0,133.84629014506936,5.128057383000851
87,-0.03208264335989952,-206.3044379465282,0.0,1.3190553188323975,0.03208264335989952,0.0,0.0,0.15823568403720856,0.0,1.4452083595097065,133.84629014506936,6.573265742510557
88,-0.1939004808664322,-206.49833842739463,0.0,0.37856465578079224,0.1939004808664322,0.0,0.0,0.052840862423181534,0.0,0.23750503733754158,133.84629014506936,6.810770779848099
89,-10.028450965881348,-216.52678939327598,0.959794819355011,0.0,1.2953776121139526,0.0,0.25194022059440613,0.0,2.5071126520633698,0.0,136.35340279713273,6.810770779848099
90,-6.088956832885742,-222.61574622616172,0.398721843957901,0.0,0.29576143622398376,0.0,0.827755868434906,0.0,1.5222391486167908,0.0,137.87564194574952,6.810770779848099
91,-7.220834732055664,-229.83658095821738,0.5945645570755005,0.0,0.4842626452445984,0.0,0.7263814806938171,0.0,1.805208683013916,0.0,139.68085062876344,6.810770779848099
92,-8.247140884399414,-238.0837218426168,0.9364479184150696,0.0,0.36468249559402466,0.0,0.7606547474861145,0.0,2.0617851614952087,0.0,141.74263579025865,6.810770779848099
93,-8.48709774017334,-246.57081958279014,0.5447744131088257,0.0,0.7604682445526123,0.0,0.8165318369865417,0.0,2.1217744946479797,0.0,143.86441028490663,6.810770779848099
94,-0.7425277829170227,-247.31334736570716,0.6589604616165161,0.0,0.2342124879360199,0.0,0.963146448135376,0.0,1.856319397687912,0.0,145.72072968259454,6.810770779848099
95,-0.6831138730049133,-247.99646123871207,0.3560788035392761,0.0,0.8251568675041199,0.0,0.5265489816665649,0.0,1.707784652709961,0.0,147.4285143353045,6.810770779848099
96,-0.3227737545967102,-248.31923499330878,0.35421058535575867,0.0,0.0,0.4934166669845581,0.45272377133369446,0.0,0.313517689704895,0.0,147.7420320250094,6.810770779848099
97,-0.38235390186309814,-248.70158889517188,0.3527388870716095,0.0,0.18615098297595978,0.0,0.41699478030204773,0.0,0.955884650349617,0.0,148.697916675359,6.810770779848099
98,-0.3828388452529907,-249.08442774042487,0.3514370918273926,0.0,0.18905706703662872,0.0,0.4166029393672943,0.0,0.9570970982313156,0.0,149.65501377359033,6.810770779848099
99,-0.4467923939228058,-249.53122013434768,0.5102335214614868,0.0,0.18791769444942474,0.0,0.4188297688961029,0.0,1.1169809848070145,0.0,150.77199475839734,6.810770779848099
100,-0.7007649540901184,-250.2319850884378,1.1144437789916992,0.0,0.20230816304683685,0.0,0.4351603388786316,0.0,1.7519122809171677,0.0,152.5239070393145,6.810770779848099
101,-0.4417632222175598,-250.67374831065536,0.3457798957824707,0.0,0.23087598383426666,0.0,0.5277521014213562,0.0,1.1044079810380936,0.0,153.6283150203526,6.810770779848099
102,-0.9611848592758179,-251.63493316993117,1.0784878730773926,0.0,0.2409534454345703,0.0,1.083520770072937,0.0,2.4029620885849,0.0,156.0312771089375,6.810770779848099
103,-2.522986650466919,-254.1579198203981,1.406815528869629,0.0,1.11617112159729,0.0,0.0,0.2205444723367691,2.30244217813015,0.0,158.33371928706765,6.810770779848099
104,-0.5558802485466003,-254.7138000689447,0.26671406626701355,0.0,0.23807062208652496,0.0,0.05109556391835213,0.0,0.5558802522718906,0.0,158.88959953933954,6.810770779848099
105,-0.23039452731609344,-254.9441945962608,0.0,0.4958544075489044,0.23039452731609344,0.0,0.0,0.13957266509532928,0.0,0.40503254532814026,158.88959953933954,7.215803325176239
106,0.0,-254.9441945962608,0.0,0.4726041853427887,0.0,0.015333311632275581,0.0,0.3945979177951813,0.0,0.8825354147702456,158.88959953933954,8.098338739946485
107,-0.5092339515686035,-255.4534285478294,0.0,1.3004791736602783,0.5092339515686035,0.0,0.0,0.5706278085708618,0.0,1.3618730306625366,158.88959953933954,9.460211770609021
108,-0.11997632682323456,-255.57340487465262,0.0,1.0707062482833862,0.0,0.012424386106431484,0.11997632682323456,0.0,0.0,0.9631543075665832,158.88959953933954,10.423366078175604
109,0.0,-255.57340487465262,0.0,0.7753711342811584,0.0,0.1327192634344101,0.0,0.21252764761447906,0.0,1.1206180453300476,158.88959953933954,11.543984123505652
110,0.0,-255.57340487465262,0.0,0.8958898782730103,0.0,0.2612152099609375,0.0,0.7556852102279663,0.0,1.912790298461914,158.88959953933954,13.456774421967566
111,0.0,-255.57340487465262,0.0,0.5852379202842712,0.0,0.15857301652431488,0.0,0.34786614775657654,0.0,1.0916770845651627,158.88959953933954,14.548451506532729
112,0.0,-255.57340487465262,0.0,0.48445454239845276,0.0,0.14671681821346283,0.0,0.1763022094964981,0.0,0.8074735701084137,158.88959953933954,15.355925076641142
113,-9.797779083251953,-265.3711839579046,1.693253517150879,0.0,0.08385178446769714,0.0,0.6723393201828003,0.0,2.4494446218013763,0.0,161.33904416114092,15.355925076641142
114,-11.448013305664062,-276.81919726356864,0.0,0.3311539888381958,1.2216130495071411,0.0,1.640390396118164,0.0,2.5308494567871094,0.0,163.86989361792803,15.355925076641142
115,-14.331257820129395,-291.15045508369803,0.7287930846214294,0.0,0.0,0.7004794478416443,2.8540213108062744,0.0,2.8823349475860596,0.0,166.7522285655141,15.355925076641142
116,-9.459623336791992,-300.61007842049,0.4469718635082245,0.0,0.34357771277427673,0.0,1.5743563175201416,0.0,2.364905893802643,0.0,169.11713445931673,15.355925076641142
117,-4.777308464050293,-305.3873868845403,0.3636639416217804,0.0,0.3876185119152069,0.0,0.4430446922779083,0.0,1.1943271458148956,0.0,170.31146160513163,15.355925076641142
118,-0.654355525970459,-306.0417424105108,0.5967347025871277,0.0,0.3296126127243042,0.0,0.7095414996147156,0.0,1.6358888149261475,0.0,171.94735042005777,15.355925076641142
119,-0.4832300841808319,-306.5249724946916,0.5923177599906921,0.0,0.18901224434375763,0.0,0.4267451763153076,0.0,1.2080751806497574,0.0,173.15542560070753,15.355925076641142
120,-0.38545018434524536,-306.91042267903686,0.35421058535575867,0.0,0.18733438849449158,0.0,0.42208048701286316,0.0,0.9636254608631134,0.0,174.11905106157064,15.355925076641142
121,-0.38320642709732056,-307.2936291061342,0.3527388870716095,0.0,0.18627536296844482,0.0,0.41900184750556946,0.0,0.9580160975456238,0.0,175.07706715911627,15.355925076641142
122,-0.3827638626098633,-307.67639296874404,0.3514370918273926,0.0,0.1888696402311325,0.0,0.4166029393672943,0.0,0.9569096714258194,0.0,176.0339768305421,15.355925076641142
123,-0.373883992433548,-308.0502769611776,0.35007867217063904,0.0,0.18747609853744507,0.0,0.39715519547462463,0.0,0.9347099661827087,0.0,176.9686867967248,15.355925076641142
124,-0.9010331034660339,-308.9513100646436,1.6151518821716309,0.0,0.2022705078125,0.0,0.4351603388786316,0.0,2.2525827288627625,0.0,179.22126952558756,15.355925076641142
125,-0.7815292477607727,-309.7328393124044,1.2231378555297852,0.0,0.23087571561336517,0.0,0.49980950355529785,0.0,1.9538230746984482,0.0,181.175092600286,15.355925076641142
126,-5.045661449432373,-314.77850076183677,3.660346269607544,0.0,0.29751458764076233,0.0,8.656292915344238,0.0,12.614153772592545,0.0,193.78924637287855,15.355925076641142
127,-0.35854050517082214,-315.1370412670076,0.07783851027488708,0.0,0.28070199489593506,0.0,0.0,0.024309799075126648,0.3342307060956955,0.0,194.12347707897425,15.355925076641142
128,-0.7206709384918213,-315.8577122054994,0.0,0.21943727135658264,0.26006796956062317,0.0,0.46060293912887573,0.0,0.5012336373329163,0.0,194.62471071630716,15.355925076641142
129,-4.702228546142578,-320.559940751642,4.173412322998047,0.0,0.13157224655151367,0.0,0.39724376797676086,0.0,4.702228337526321,0.0,199.32693905383348,15.355925076641142
130,-0.21567924320697784,-320.77561999484897,0.0,0.837080717086792,0.10908318310976028,0.0,0.10659606009721756,0.0,0.0,0.6214014738798141,199.32693905383348,15.977326550520957
131,-0.010712550953030586,-320.786332545802,0.0,1.1622930765151978,0.010712550953030586,0.0,0.0,0.5703308582305908,0.0,1.721911383792758,199.32693905383348,17.699237934313715
132,-0.11713474243879318,-320.9034672882408,0.0,1.1904658079147339,0.11713474243879318,0.0,0.0,0.6025114059448242,0.0,1.675842471420765,199.32693905383348,19.37508040573448
133,0.0,-320.9034672882408,0.0,1.2007795572280884,0.0,0.2580062747001648,0.0,0.3926255404949188,0.0,1.851411372423172,199.32693905383348,21.22649177815765
134,0.0,-320.9034672882408,0.0,0.6445506811141968,0.0,0.2746831178665161,0.0,0.4693063199520111,0.0,1.388540118932724,199.32693905383348,22.615031897090375
135,0.0,-320.9034672882408,0.0,0.895548939704895,0.0,0.1956094652414322,0.0,0.9813012480735779,0.0,2.072459653019905,199.32693905383348,24.68749155011028
136,0.0,-320.9034672882408,0.0,0.5875452160835266,0.0,0.17033067345619202,0.0,0.22748564183712006,0.0,0.9853615313768387,199.32693905383348,25.67285308148712
137,-7.737431526184082,-328.6408988144249,1.7877622842788696,0.0,0.0,0.018772907555103302,0.14659564197063446,0.0,1.9155850186944008,0.0,201.24252407252789,25.67285308148712
138,-8.017797470092773,-336.65869628451765,0.918773353099823,0.0,0.2831476926803589,0.0,0.8025283813476562,0.0,2.004449427127838,0.0,203.24697349965572,25.67285308148712
139,-10.333518981933594,-346.99221526645124,1.6380316019058228,0.0,0.21908357739448547,0.0,0.7262647151947021,0.0,2.5833798944950104,0.0,205.83035339415073,25.67285308148712
140,-43.53652572631836,-390.5287409927696,7.694016456604004,0.0,0.8577933311462402,0.0,2.332322120666504,0.0,10.884131908416748,0.0,216.71448530256748,25.67285308148712
141,-9.192778587341309,-399.7215195801109,0.8880928158760071,0.0,0.5935699939727783,0.0,0.8165318369865417,0.0,2.298194646835327,0.0,219.0126799494028,25.67285308148712
142,-0.3053646385669708,-400.0268842186779,0.32743048667907715,0.0,0.0,0.18235182762145996,0.4359810948371887,0.0,0.5810597538948059,0.0,219.59373970329762,25.67285308148712
143,-0.399224191904068,-400.42610841058195,0.3560788035392761,0.0,0.21523648500442505,0.0,0.4267451763153076,0.0,0.9980604648590088,0.0,220.59180016815662,25.67285308148712
144,-0.3105164170265198,-400.73662482760847,0.35421058535575867,0.0,0.0,0.3331368565559387,0.42208048701286316,0.0,0.4431542158126831,0.0,221.0349543839693,25.67285308148712
145,-0.5437384843826294,-401.2803633119911,0.5866090059280396,0.0,0.13453295826911926,0.0,0.6382042765617371,0.0,1.3593462407588959,0.0,222.3943006247282,25.67285308148712
146,-0.46375447511672974,-401.7441177871078,0.33876895904541016,0.0,0.18481187522411346,0.0,0.6358053684234619,0.0,1.1593862026929855,0.0,223.5536868274212,25.67285308148712
147,-0.45544856786727905,-402.1995663549751,0.3348560631275177,0.0,0.18740776181221008,0.0,0.6163576245307922,0.0,1.13862144947052,0.0,224.6923082768917,25.67285308148712
148,-0.4119393229484558,-402.61150567792356,0.34860697388648987,0.0,0.20224055647850037,0.0,0.4790008068084717,0.0,1.029848337173462,0.0,225.72215661406517,25.67285308148712
149,-0.43027883768081665,-403.0417845156044,0.3450120687484741,0.0,0.23087550699710846,0.0,0.49980950355529785,0.0,1.0756970793008804,0.0,226.79785369336605,25.67285308148712
150,-1.4165585041046143,-404.458343019709,1.2575488090515137,0.0,0.8152799010276794,0.0,1.4685676097869873,0.0,3.5413963198661804,0.0,230.33925001323223,25.67285308148712
151,-1.217738151550293,-405.6760811712593,0.3870762586593628,0.0,0.20606835186481476,0.0,0.6245934963226318,0.0,1.2177381068468094,0.0,231.55698812007904,25.67285308148712
152,-1.9618723392486572,-407.63795351050794,1.4906659126281738,0.0,0.16592095792293549,0.0,0.3052855134010315,0.0,1.9618723839521408,0.0,233.51886050403118,25.67285308148712
153,-0.19011560082435608,-407.8280691113323,0.0,0.5706719756126404,0.19011560082435608,0.0,0.0,0.02427547238767147,0.0,0.4048318471759558,233.51886050403118,26.077684928663075
154,-0.2923145890235901,-408.1203837003559,0.0,0.7727327942848206,0.2923145890235901,0.0,0.0,0.27234557271003723,0.0,0.7527637779712677,233.51886050403118,26.830448706634343
155,-4.530760765075684,-412.65114446543157,4.530760765075684,0.0,0.0,0.10667166113853455,0.0,0.3817722201347351,4.042316883802414,0.0,237.5611773878336,26.830448706634343
156,-0.291073739528656,-412.9422182049602,0.0,0.03266453742980957,0.0,0.14224159717559814,0.291073739528656,0.0,0.11616760492324829,0.0,237.67734499275684,26.830448706634343
157,0.0,-412.9422182049602,0.0,0.49131590127944946,0.0,0.2452315241098404,0.0,0.2801191210746765,0.0,1.0166665464639664,237.67734499275684,27.84711525309831
158,0.0,-412.9422182049602,0.0,0.7494138479232788,0.0,0.2924632430076599,0.0,0.6091670989990234,0.0,1.6510441899299622,237.67734499275684,29.49815944302827
159,0.0,-412.9422182049602,0.0,0.59209144115448,0.0,0.20471663773059845,0.0,0.6147118210792542,0.0,1.4115198999643326,237.67734499275684,30.909679342992604
160,-0.04153069108724594,-412.9837488960475,0.03444037213921547,0.0,0.0,0.16462194919586182,0.007090319879353046,0.0,0.0,0.1230912571772933,237.67734499275684,31.032770600169897
161,-8.214303016662598,-421.19805191271007,1.4606693983078003,0.0,0.0,0.006396973039954901,0.5929064154624939,0.0,2.0471788407303393,0.0,239.72452383348718,31.032770600169897
162,-16.578994750976562,-437.77704666368663,1.0783368349075317,0.0,1.279672622680664,0.0,1.786739468574524,0.0,4.14474892616272,0.0,243.8692727596499,31.032770600169897
163,-8.300272941589355,-446.077319605276,0.6995631456375122,0.0,0.1756700724363327,0.0,1.1998350620269775,0.0,2.0750682801008224,0.0,245.94434103975073,31.032770600169897
164,-11.403532028198242,-457.48085163347423,1.4313558340072632,0.0,0.34896665811538696,0.0,1.0705604553222656,0.0,2.8508829474449158,0.0,248.79522398719564,31.032770600169897
165,-9.330709457397461,-466.8115610908717,0.5447744131088257,0.0,0.5978840589523315,0.0,1.1900190114974976,0.0,2.332677483558655,0.0,251.1279014707543,31.032770600169897
166,-0.36998921632766724,-467.18155030719936,0.3604939579963684,0.0,0.12849795818328857,0.0,0.4359810948371887,0.0,0.9249730110168457,0.0,252.05287448177114,31.032770600169897
167,-0.4243219196796417,-467.605872226879,0.3560788035392761,0.0,0.277980774641037,0.0,0.4267451763153076,0.0,1.0608047544956207,0.0,253.11367923626676,31.032770600169897
168,-0.3105164170265198,-467.9163886439055,0.35421058535575867,0.0,0.0,0.2893582284450531,0.42208048701286316,0.0,0.4869328439235687,0.0,253.60061208019033,31.032770600169897
169,-0.30869629979133606,-468.22508494369686,0.3527388870716095,0.0,0.0,0.6340550780296326,0.41900184750556946,0.0,0.1376856565475464,0.0,253.73829773673788,31.032770600169897
170,-0.3780744671821594,-468.603159410879,0.3514370918273926,0.0,0.1771460920572281,0.0,0.4166029393672943,0.0,0.945186123251915,0.0,254.6834838599898,31.032770600169897
171,-0.38257652521133423,-468.98573593609035,0.35007867217063904,0.0,0.18753282725811005,0.0,0.4188297688961029,0.0,0.956441268324852,0.0,255.63992512831464,31.032770600169897
172,-0.39440643787384033,-469.3801423739642,0.34860697388648987,0.0,0.20224875211715698,0.0,0.4351603388786316,0.0,0.9860160648822784,0.0,256.6259411931969,31.032770600169897
173,-1.4588911533355713,-470.83903352729976,2.916538715362549,0.0,0.23087993264198303,0.0,0.49980950355529785,0.0,3.6472281515598297,0.0,260.27316934475675,31.032770600169897
174,-0.7029622793197632,-471.5419958066195,0.384336918592453,0.0,0.2396342009305954,0.0,1.133434534072876,0.0,1.7574056535959244,0.0,262.0305749983527,31.032770600169897
175,-1.402383804321289,-472.9443796109408,0.1516353189945221,0.0,0.7369452714920044,0.0,0.513803243637085,0.0,1.4023838341236115,0.0,263.4329588324763,31.032770600169897
176,-1.577296495437622,-474.52167610637844,1.1688817739486694,0.0,0.20974469184875488,0.0,0.19867007434368134,0.0,1.5772965401411057,0.0,265.0102553726174,31.032770600169897
177,-0.18657486140727997,-474.7082509677857,0.0,0.2644999325275421,0.18657486140727997,0.0,0.0,0.031356967985630035,0.0,0.10928203910589218,265.0102553726174,31.14205263927579
178,-0.03914664313197136,-474.7473976109177,0.0,1.0072888135910034,0.03914664313197136,0.0,0.0,0.2856380045413971,0.0,1.2537801750004292,265.0102553726174,32.39583281427622
179,-0.19224512577056885,-474.93964273668826,0.0,1.255663275718689,0.19224512577056885,0.0,0.0,0.45010045170783997,0.0,1.51351860165596,265.0102553726174,33.90935141593218
180,0.0,-474.93964273668826,0.0,1.1454288959503174,0.0,0.10660106688737869,0.0,0.5331549048423767,0.0,1.7851848676800728,265.0102553726174,35.69453628361225
181,0.0,-474.93964273668826,0.0,0.8901332020759583,0.0,0.2190380096435547,0.0,0.5087555646896362,0.0,1.6179267764091492,265.0102553726174,37.3124630600214
182,0.0,-474.93964273668826,0.0,0.9799602627754211,0.0,0.23004119098186493,0.0,0.48432299494743347,0.0,1.6943244487047195,265.0102553726174,39.00678750872612
183,0.0,-474.93964273668826,0.0,0.8368264436721802,0.0,0.16624821722507477,0.0,0.3632165491580963,0.0,1.3662912100553513,265.0102553726174,40.37307871878147
184,0.0,-474.93964273668826,0.0,0.556738018989563,0.0,0.1549270749092102,0.0,0.19272230565547943,0.0,0.9043873995542526,265.0102553726174,41.277466118335724
185,-1.4210319519042969,-476.36067468859255,0.0,0.008356096222996712,0.0,0.009429455734789371,0.3552579879760742,0.0,0.33747243601828814,0.0,265.3477278086357,41.277466118335724
186,-8.984959602355957,-485.3456342909485,0.6814900636672974,0.0,0.9861851334571838,0.0,0.5785647034645081,0.0,2.2462399005889893,0.0,267.59396770922467,41.277466118335724
187,-10.140332221984863,-495.4859665129334,1.0584359169006348,0.0,0.0,0.37246525287628174,1.476647138595581,0.0,2.162617802619934,0.0,269.7565855118446,41.277466118335724
188,-12.09732437133789,-507.58329088427126,0.8434675931930542,0.0,0.36468249559402466,0.0,1.816180944442749,0.0,3.024331033229828,0.0,272.78091654507443,41.277466118335724
189,-8.98401927947998,-516.5673101637512,0.5447744131088257,0.0,0.3876185119152069,0.0,1.3136118650436401,0.0,2.2460047900676727,0.0,275.0269213351421,41.277466118335724
190,-0.7486750483512878,-517.3159852121025,0.3604939579963684,0.0,0.3296126127243042,0.0,1.1815810203552246,0.0,1.8716875910758972,0.0,276.898608926218,41.277466118335724
191,-0.4881507158279419,-517.8041359279305,0.3560788035392761,0.0,0.18901224434375763,0.0,0.6752856969833374,0.0,1.2203767448663712,0.0,278.1189856710844,41.277466118335724
192,-0.5120691657066345,-518.3162050936371,0.6707591414451599,0.0,0.18733331561088562,0.0,0.42208048701286316,0.0,1.2801729440689087,0.0,279.3991586151533,41.277466118335724
193,-0.42923349142074585,-518.7454385850579,0.34507817029953003,0.0,0.30900368094444275,0.0,0.41900184750556946,0.0,1.0730836987495422,0.0,280.4722423139028,41.277466118335724
194,-0.38168883323669434,-519.1271274182945,0.3514370918273926,0.0,0.18618206679821014,0.0,0.4166029393672943,0.0,0.954222097992897,0.0,281.4264644118957,41.277466118335724
195,-0.38257765769958496,-519.5097050759941,0.35007867217063904,0.0,0.18753571808338165,0.0,0.4188297688961029,0.0,0.9564441591501236,0.0,282.38290857104585,41.277466118335724
196,-0.39440685510635376,-519.9041119311005,0.34860697388648987,0.0,0.20224975049495697,0.0,0.4351603388786316,0.0,0.9860170632600784,0.0,283.3689256343059,41.277466118335724
197,-0.43178480863571167,-520.3358967397362,0.3487769067287445,0.0,0.2308756411075592,0.0,0.49980950355529785,0.0,1.0794620513916016,0.0,284.4483876856975,41.277466118335724
198,-0.7488901615142822,-521.0847869012505,1.1771295070648193,0.0,0.24088947474956512,0.0,0.4542064964771271,0.0,1.8722254782915115,0.0,286.32061316398904,41.277466118335724
199,-1.1489641666412354,-522.2337510678917,0.09793445467948914,0.0,0.3024880588054657,0.0,0.7485415935516357,0.0,1.1489641070365906,0.0,287.4695772710256,41.277466118335724
200,-1.7114063501358032,-523.9451574180275,1.3969422578811646,0.0,0.24484512209892273,0.0,0.06961889564990997,0.0,1.7114062756299973,0.0,289.1809835466556,41.277466118335724
201,-1.0329005718231201,-524.9780579898506,0.0,0.6303125619888306,0.9762179255485535,0.0,0.05668264627456665,0.0,0.40258800983428955,0.0,289.5835715564899,41.277466118335724
202,-0.011364126577973366,-524.9894221164286,0.0,0.9267101287841797,0.0,0.46189916133880615,0.011364126577973366,0.0,0.0,1.3772451635450125,289.5835715564899,42.654711281880736
203,-0.2078346610069275,-525.1972567774355,0.0,0.5439062714576721,0.0703907236456871,0.0,0.1374439299106598,0.0,0.0,0.3360716179013252,289.5835715564899,42.99078289978206
204,-0.007647569291293621,-525.2049043467268,0.0,0.35866621136665344,0.007647569291293621,0.0,0.0,0.16686531901359558,0.0,0.5178839610889554,289.5835715564899,43.50866686087102
205,-5.244394779205322,-530.4492991259322,0.0,0.08942629396915436,0.025905432179570198,0.0,5.218489170074463,0.0,5.154968308284879,0.0,294.7385398647748,43.50866686087102
206,-1.1683002710342407,-531.6175993969664,0.487641304731369,0.0,0.0,0.1010127067565918,0.6806589961051941,0.0,1.0672875940799713,0.0,295.80582745885476,43.50866686087102
207,-0.37607115507125854,-531.9936705520377,0.1957930475473404,0.0,0.05972663313150406,0.0,0.1205514520406723,0.0,0.37607113271951675,0.0,296.1818985915743,43.50866686087102
208,-0.4278081953525543,-532.4214787473902,0.0,0.24827715754508972,0.04585401341319084,0.0,0.3819541931152344,0.0,0.1795310489833355,0.0,296.3614296405576,43.50866686087102
209,-3.6771788597106934,-536.0986576071009,0.1961147040128708,0.0,0.1650208830833435,0.0,0.5581591129302979,0.0,0.9192947000265121,0.0,297.28072434058413,43.50866686087102
210,-10.066301345825195,-546.1649589529261,0.3991195857524872,0.0,0.29596030712127686,0.0,1.8214954137802124,0.0,2.5165753066539764,0.0,299.7972996472381,43.50866686087102
211,-11.236963272094727,-557.4019222250208,0.9786856770515442,0.0,0.3576768636703491,0.0,1.472878098487854,0.0,2.8092406392097473,0.0,302.60654028644785,43.50866686087102
212,-8.184001922607422,-565.5859241476282,0.6107575297355652,0.0,0.36468249559402466,0.0,1.0705604553222656,0.0,2.0460004806518555,0.0,304.6525407670997,43.50866686087102
213,-10.027128219604492,-575.6130523672327,0.6353296637535095,0.0,0.681433379650116,0.0,1.1900190114974976,0.0,2.506782054901123,0.0,307.15932282200083,43.50866686087102
214,-1.1042834520339966,-576.7173358192667,0.48252609372138977,0.0,1.295080542564392,0.0,0.9831019043922424,0.0,2.7607085406780243,0.0,309.92003136267886,43.50866686087102
215,-0.3282547891139984,-577.0455906083807,0.3938917815685272,0.0,0.0,0.39957958459854126,0.4267451763153076,0.0,0.4210573732852936,0.0,310.34108873596415,43.50866686087102
216,-0.38650333881378174,-577.4320939471945,0.3568393290042877,0.0,0.1873384714126587,0.0,0.42208048701286316,0.0,0.9662582874298096,0.0,311.30734702339396,43.50866686087102
217,-0.3800308108329773,-577.8121247580275,0.34507817029953003,0.0,0.18599703907966614,0.0,0.41900184750556946,0.0,0.9500770568847656,0.0,312.2574240802787,43.50866686087102
218,-0.4689856171607971,-578.2811103751883,0.5692089200019836,0.0,0.18665212392807007,0.0,0.4166029393672943,0.0,1.172463983297348,0.0,313.4298880635761,43.50866686087102
219,-0.3825124502182007,-578.6636228254065,0.35007867217063904,0.0,0.18737265467643738,0.0,0.4188297688961029,0.0,0.9562810957431793,0.0,314.38616915931925,43.50866686087102
220,-0.39440232515335083,-579.0580251505598,0.34860697388648987,0.0,0.2022385448217392,0.0,0.4351603388786316,0.0,0.9860058575868607,0.0,315.3721750169061,43.50866686087102
221,-0.9848338961601257,-580.04285904672,1.7313987016677856,0.0,0.23087652027606964,0.0,0.49980950355529785,0.0,2.462084725499153,0.0,317.83425974240527,43.50866686087102
222,-0.3954690098762512,-580.4383280565962,0.30128347873687744,0.0,0.2383204847574234,0.0,0.44906851649284363,0.0,0.9886724799871445,0.0,318.8229322223924,43.50866686087102
223,-0.5891687870025635,-581.0274968435988,0.057517584413290024,0.0,0.20612981915473938,0.0,0.3255213499069214,0.0,0.5891687534749508,0.0,319.41210097586736,43.50866686087102
224,-0.21486058831214905,-581.2423574319109,0.0,0.39134976267814636,0.1452266275882721,0.0,0.06963396817445755,0.0,0.0,0.17648916691541672,319.41210097586736,43.685156027786434
225,-0.2449120432138443,-581.4872694751248,0.0,0.7491872310638428,0.2449120432138443,0.0,0.0,0.11053763329982758,0.0,0.614812821149826,319.41210097586736,44.29996884893626
226,-0.10591587424278259,-581.5931853493676,0.0,0.9638462066650391,0.10591587424278259,0.0,0.0,0.16139096021652222,0.0,1.0193212926387787,319.41210097586736,45.31929014157504
227,0.0,-581.5931853493676,0.0,1.1795684099197388,0.0,0.028032707050442696,0.0,0.5876062512397766,0.0,1.795207368209958,319.41210097586736,47.114497509785
228,-0.03794948011636734,-581.6311348294839,0.0,0.9936406016349792,0.03794948011636734,0.0,0.0,0.27996915578842163,0.0,1.2356602773070335,319.41210097586736,48.35015778709203
229,-8.180971145629883,-589.8121059751138,0.0,1.003985047340393,8.180971145629883,0.0,0.0,0.6080606579780579,6.568925440311432,0.0,325.9810264161788,48.35015778709203
230,0.0,-589.8121059751138,0.0,1.0160142183303833,0.0,0.1581920087337494,0.0,0.4423070549964905,0.0,1.6165132820606232,325.9810264161788,49.96667106915265
231,-0.20443888008594513,-590.0165448551998,0.0,0.6432213187217712,0.0,0.04518565908074379,0.20443888008594513,0.0,0.0,0.4839680977165699,325.9810264161788,50.45063916686922
232,-6.250385284423828,-596.2669301396236,4.113112926483154,0.0,0.0,0.008898989297449589,2.137272357940674,0.0,6.2414862951263785,0.0,332.22251271130517,50.45063916686922
233,-3.75313138961792,-600.0200615292415,0.07977397739887238,0.0,0.14066290855407715,0.0,0.7178459763526917,0.0,0.9382828623056412,0.0,333.1607955736108,50.45063916686922
234,-11.464836120605469,-611.484897649847,1.3207228183746338,0.0,0.5330559015274048,0.0,1.0124303102493286,0.0,2.866209030151367,0.0,336.0270046037622,50.45063916686922
235,-11.571130752563477,-623.0560284024104,0.8556849360466003,0.0,0.3578053414821625,0.0,1.6792925596237183,0.0,2.892782837152481,0.0,338.91978744091466,50.45063916686922
236,-6.12924861907959,-629.18527702149,1.1676297187805176,0.0,0.36468249559402466,0.0,0.0,0.873231053352356,0.6590811610221863,0.0,339.57886860193685,50.45063916686922
237,-5.852315902709961,-635.0375929242,0.6075669527053833,0.0,0.19623863697052002,0.0,0.6592733263969421,0.0,1.4630789160728455,0.0,341.0419475180097,50.45063916686922
238,-0.6630207896232605,-635.7006137138233,1.028313398361206,0.0,0.19325745105743408,0.0,0.4359810948371887,0.0,1.6575519442558289,0.0,342.6994994622655,50.45063916686922
239,-0.38873451948165894,-636.0893482333049,0.3560788035392761,0.0,0.18901224434375763,0.0,0.4267451763153076,0.0,0.9718362241983414,0.0,343.67133568646386,50.45063916686922
240,-0.3854510486125946,-636.4747992819175,0.35421058535575867,0.0,0.1873365342617035,0.0,0.42208048701286316,0.0,0.9636276066303253,0.0,344.6349632930942,50.45063916686922
241,-0.3831358551979065,-636.8579351371154,0.3527388870716095,0.0,0.1860988885164261,0.0,0.41900184750556946,0.0,0.957839623093605,0.0,345.5928029161878,50.45063916686922
242,-0.3811347484588623,-637.2390698855743,0.3514370918273926,0.0,0.18479683995246887,0.0,0.4166029393672943,0.0,0.9528368711471558,0.0,346.54563978733495,50.45063916686922
243,-0.38261449337005615,-637.6216843789443,0.35007867217063904,0.0,0.18762782216072083,0.0,0.4188297688961029,0.0,0.9565362632274628,0.0,347.5021760505624,50.45063916686922
244,-0.3892538547515869,-638.0109382336959,0.3357362449169159,0.0,0.2022380828857422,0.0,0.4351603388786316,0.0,0.9731346666812897,0.0,348.4753107172437,50.45063916686922
245,-0.44221192598342896,-638.4531501596794,0.3468944728374481,0.0,0.23088322579860687,0.0,0.5277521014213562,0.0,1.1055298000574112,0.0,349.5808405173011,50.45063916686922
246,-1.778648853302002,-640.2317990129814,0.3362347483634949,0.0,0.24239176511764526,0.0,3.8679957389831543,0.0,4.446622252464294,0.0,354.0274627697654,50.45063916686922
247,-1.8766727447509766,-642.1084717577323,1.1351090669631958,0.0,0.21149376034736633,0.0,0.5300699472427368,0.0,1.876672774553299,0.0,355.9041355443187,50.45063916686922
248,-2.2600769996643066,-644.3685487573966,0.7994797825813293,0.0,1.0725849866867065,0.0,0.38801226019859314,0.0,2.260077029466629,0.0,358.16421257378533,50.45063916686922
249,-0.9932252168655396,-645.3617739742622,0.0,0.16169406473636627,0.2862636148929596,0.0,0.7069616317749023,0.0,0.8315311819314957,0.0,358.99574375571683,50.45063916686922
250,0.0,-645.3617739742622,0.0,0.5522568821907043,0.0,0.01259163673967123,0.0,0.14417864382266998,0.0,0.7090271627530456,358.99574375571683,51.15966632962227
251,0.0,-645.3617739742622,0.0,0.8463038802146912,0.0,0.06984102725982666,0.0,0.48367542028427124,0.0,1.399820327758789,358.99574375571683,52.55948665738106
252,0.0,-645.3617739742622,0.0,1.100285291671753,0.0,0.08553756773471832,0.0,0.5123308897018433,0.0,1.6981537491083145,358.99574375571683,54.25764040648937
253,-0.14806906878948212,-645.5098430430517,0.0,1.0048272609710693,0.14806906878948212,0.0,0.0,0.32107022404670715,0.0,1.1778284162282944,358.99574375571683,55.43546882271767
254,-5.203329086303711,-650.7131721293554,5.203329086303711,0.0,0.0,0.2397155463695526,0.0,0.5067508220672607,4.456862717866898,0.0,363.4526064735837,55.43546882271767
255,0.0,-650.7131721293554,0.0,0.8221708536148071,0.0,0.15892034769058228,0.0,0.7765210270881653,0.0,1.7576122283935547,363.4526064735837,57.19308105111122
256,-0.19316093623638153,-650.9063330655918,0.19316093623638153,0.0,0.0,0.12396221607923508,0.0,0.13079260289669037,0.0,0.061593882739543915,363.4526064735837,57.254674933850765
257,-3.1248602867126465,-654.0311933523044,0.5760786533355713,0.0,0.006998375989496708,0.0,0.1981380730867386,0.0,0.7812151024118066,0.0,364.23382157599553,57.254674933850765
258,-7.200481414794922,-661.2316747670993,0.836626410484314,0.0,0.15649878978729248,0.0,0.8069952130317688,0.0,1.8001204133033752,0.0,366.0339419892989,57.254674933850765
259,-6.872249603271484,-668.1039243703708,0.5181800127029419,0.0,0.2190180867910385,0.0,0.9808642864227295,0.0,1.71806238591671,0.0,367.7520043752156,57.254674933850765
260,-7.856637001037598,-675.9605613714084,0.4469718635082245,0.0,0.20169100165367126,0.0,1.3154963254928589,0.0,1.9641591906547546,0.0,369.7161635658704,57.254674933850765
261,-34.455078125,-710.4156394964084,0.3636639416217804,0.0,0.19623863697052002,0.0,8.05386734008789,0.0,8.613769918680191,0.0,378.32993348455057,57.254674933850765
262,-0.505317211151123,-710.9209567075595,0.3604939579963684,0.0,0.19325745105743408,0.0,0.7095414996147156,0.0,1.263292908668518,0.0,379.5932263932191,57.254674933850765
263,-0.7815296649932861,-711.7024863725528,0.8147399425506592,0.0,0.22247126698493958,0.0,0.9166128635406494,0.0,1.9538240730762482,0.0,381.54705046629533,57.254674933850765
264,-0.37517237663269043,-712.0776587491855,0.35421058535575867,0.0,0.16163988411426544,0.0,0.42208048701286316,0.0,0.9379309564828873,0.0,382.4849814227782,57.254674933850765
265,-0.38346683979034424,-712.4611255889758,0.3527388870716095,0.0,0.18692639470100403,0.0,0.41900184750556946,0.0,0.958667129278183,0.0,383.4436485520564,57.254674933850765
266,-0.38168802857398987,-712.8428136175498,0.3514370918273926,0.0,0.1861799955368042,0.0,0.4166029393672943,0.0,0.9542200267314911,0.0,384.3978685787879,57.254674933850765
267,-0.38259080052375793,-713.2254044180736,0.35007867217063904,0.0,0.1875685453414917,0.0,0.4188297688961029,0.0,0.9564769864082336,0.0,385.3543455651961,57.254674933850765
268,-0.3944453001022339,-713.6198497181758,0.34860697388648987,0.0,0.20234595239162445,0.0,0.4351603388786316,0.0,0.9861132651567459,0.0,386.3404588303529,57.254674933850765
269,-0.4422091543674469,-714.0620588725433,0.3468944728374481,0.0,0.23087625205516815,0.0,0.5277521014213562,0.0,1.1055228263139725,0.0,387.44598165666685,57.254674933850765
270,-0.4525224566459656,-714.5145813291892,0.3350120782852173,0.0,0.24178050458431244,0.0,0.5545135736465454,0.0,1.1313061565160751,0.0,388.5772878131829,57.254674933850765
271,-0.5781165957450867,-715.0926979249343,0.11037639528512955,0.0,0.20860640704631805,0.0,0.25913378596305847,0.0,0.5781165882945061,0.0,389.1554044014774,57.254674933850765
272,-0.4473426342010498,-715.5400405591354,0.0,0.30443722009658813,0.29079610109329224,0.0,0.15654651820659637,0.0,0.14290539920330048,0.0,389.2983098006807,57.254674933850765
273,-0.8654791116714478,-716.4055196708068,0.0,0.48703962564468384,0.7553882002830505,0.0,0.11009092628955841,0.0,0.3784395009279251,0.0,389.67674930160865,57.254674933850765
274,-0.017429426312446594,-716.4229490971193,0.017429426312446594,0.0,0.0,0.007893882691860199,0.0,0.3797190487384796,0.0,0.3701835051178932,389.67674930160865,57.62485843896866
275,-0.008054452948272228,-716.4310035500675,0.008054452948272228,0.0,0.0,0.03747405856847763,0.0,0.418941468000412,0.0,0.4483610736206174,389.67674930160865,58.073219512589276
276,-0.13605967164039612,-716.5670632217079,0.0,1.138273000717163,0.13605967164039612,0.0,0.0,0.5503185391426086,0.0,1.5525318682193756,389.67674930160865,59.62575138080865
277,0.0,-716.5670632217079,0.0,1.0237867832183838,0.0,0.04921426996588707,0.0,0.09319671243429184,0.0,1.1661977656185627,389.67674930160865,60.791949146427214
278,0.0,-716.5670632217079,0.0,1.038109540939331,0.0,0.2366609126329422,0.0,0.41344398260116577,0.0,1.688214436173439,389.67674930160865,62.48016358260065
279,-1.1855446100234985,-717.7526078317314,1.1855446100234985,0.0,0.0,0.14548121392726898,0.0,0.7128517031669617,0.3272116929292679,0.0,390.0039609945379,62.48016358260065
280,-5.212719917297363,-722.9653277490288,5.212719917297363,0.0,0.0,0.15689289569854736,0.0,0.20195500552654266,4.853872016072273,0.0,394.8578330106102,62.48016358260065
281,-7.312445640563965,-730.2777733895928,0.9082015156745911,0.0,0.2669852077960968,0.0,0.6529245972633362,0.0,1.828111320734024,0.0,396.6859443313442,62.48016358260065
282,-10.009737014770508,-740.2875104043633,1.3047536611557007,0.0,0.27689045667648315,0.0,0.9207901358604431,0.0,2.502434253692627,0.0,399.18837858503684,62.48016358260065
283,-21.671411514282227,-761.9589219186455,1.331661581993103,0.0,0.3581482172012329,0.0,3.7280430793762207,0.0,5.417852878570557,0.0,404.6062314636074,62.48016358260065
284,-18.960708618164062,-780.9196305368096,1.1457839012145996,0.0,0.36468249559402466,0.0,3.229710578918457,0.0,4.740176975727081,0.0,409.3464084393345,62.48016358260065
285,-22.539020538330078,-803.4586510751396,0.6824634075164795,0.0,0.8394371867179871,0.0,4.112854480743408,0.0,5.634755074977875,0.0,414.98116351431236,62.48016358260065
286,-3.529571771621704,-806.9882228467613,0.588736891746521,0.0,0.039524197578430176,0.0,8.19566822052002,0.0,8.82392930984497,0.0,423.8050928241573,62.48016358260065
287,-0.7506189346313477,-807.7388417813927,0.3560788035392761,0.0,0.362448513507843,0.0,1.15802001953125,0.0,1.8765473365783691,0.0,425.6816401607357,62.48016358260065
288,-0.4205173850059509,-808.1593591663986,0.35421058535575867,0.0,0.032375775277614594,0.0,0.6647070646286011,0.0,1.0512934252619743,0.0,426.73293358599767,62.48016358260065
289,-0.3830815553665161,-808.5424407217652,0.3527388870716095,0.0,0.18596307933330536,0.0,0.41900184750556946,0.0,0.9577038139104843,0.0,427.69063739990816,62.48016358260065
290,-0.47789594531059265,-809.0203366670758,0.3514370918273926,0.0,0.42669981718063354,0.0,0.4166029393672943,0.0,1.1947398483753204,0.0,428.8853772482835,62.48016358260065
291,-0.3827798664569855,-809.4031165335327,0.35007867217063904,0.0,0.18804121017456055,0.0,0.4188297688961029,0.0,0.9569496512413025,0.0,429.8423268995248,62.48016358260065
292,-0.39442726969718933,-809.7975438032299,0.34860697388648987,0.0,0.20230084657669067,0.0,0.4351603388786316,0.0,0.9860681593418121,0.0,430.8283950588666,62.48016358260065
293,-0.43178677558898926,-810.2293305788189,0.3487769067287445,0.0,0.230880469083786,0.0,0.49980950355529785,0.0,1.0794668793678284,0.0,431.9078619382344,62.48016358260065
294,-0.7850557565689087,-811.0143863353878,0.3086540102958679,0.0,0.24200642108917236,0.0,1.4119789600372314,0.0,1.9626393914222717,0.0,433.8705013296567,62.48016358260065
295,-0.6755900979042053,-811.689976433292,0.052045077085494995,0.0,0.30349618196487427,0.0,0.32004883885383606,0.0,0.6755900979042053,0.0,434.5460914275609,62.48016358260065
296,-0.274504154920578,-811.9644805882126,0.0,0.30276864767074585,0.1651078164577484,0.0,0.10939634591341019,0.0,0.0,0.02826448529958725,434.5460914275609,62.50842806790024
297,-0.15505149960517883,-812.1195320878178,0.0,0.6650270819664001,0.15505149960517883,0.0,0.0,0.0944036915898323,0.0,0.6043792739510536,434.5460914275609,63.112807341851294
298,-0.17815127968788147,-812.2976833675057,0.0,0.958328366279602,0.018942054361104965,0.0,0.1592092216014862,0.0,0.0,0.7801770903170109,434.5460914275609,63.892984432168305
299,-0.2190306931734085,-812.5167140606791,0.0,0.9771482944488525,0.2190306931734085,0.0,0.0,0.38485661149024963,0.0,1.1429742127656937,434.5460914275609,65.035958644934
300,0.0,-812.5167140606791,0.0,1.0798332691192627,0.0,0.0753115639090538,0.0,0.4918789267539978,0.0,1.6470237597823143,434.5460914275609,66.68298240471631
301,0.0,-812.5167140606791,0.0,1.1599277257919312,0.0,0.23758043348789215,0.0,0.7168779969215393,0.0,2.1143861562013626,434.5460914275609,68.79736856091768
302,0.0,-812.5167140606791,0.0,1.032222032546997,0.0,0.23371729254722595,0.0,0.6592313647270203,0.0,1.9251706898212433,434.5460914275609,70.72253925073892
303,-0.21156826615333557,-812.7282823268324,0.21156826615333557,0.0,0.0,0.17652447521686554,0.0,0.3837691843509674,0.0,0.3487253934144974,434.5460914275609,71.07126464415342
304,-0.5642350912094116,-813.2925174180418,0.5642350912094116,0.0,0.0,0.1597829908132553,0.0,0.01962175779044628,0.38483034260571003,0.0,434.9309217701666,71.07126464415342
305,-0.5494006872177124,-813.8419181052595,0.0,0.03628847002983093,0.0,0.023395642638206482,0.1373501718044281,0.0,0.07766605913639069,0.0,435.008587829303,71.07126464415342
306,-5.971871376037598,-819.8137894812971,0.43507087230682373,0.0,0.27634379267692566,0.0,0.7815530896186829,0.0,1.4929677546024323,0.0,436.50155558390543,71.07126464415342
307,-13.041933059692383,-832.8557225409895,1.6135226488113403,0.0,0.35911455750465393,0.0,1.2878462076187134,0.0,3.2604834139347076,0.0,439.76203899784014,71.07126464415342
308,-10.595924377441406,-843.4516469184309,1.2238845825195312,0.0,0.6678882837295532,0.0,0.7572081685066223,0.0,2.648981034755707,0.0,442.41102003259584,71.07126464415342
309,-9.102195739746094,-852.553842658177,0.45421919226646423,0.0,0.3876185119152069,0.0,1.433711290359497,0.0,2.275548994541168,0.0,444.686569027137,71.07126464415342
310,-1.367361068725586,-853.9212037269026,0.4215100109577179,0.0,1.2874383926391602,0.0,1.70945405960083,0.0,3.418402463197708,0.0,448.1049714903347,71.07126464415342
311,-0.7721308469772339,-854.6933345738798,0.8293225765228271,0.0,0.18901224434375763,0.0,0.9119924306869507,0.0,1.9303272515535355,0.0,450.03529874188825,71.07126464415342
312,-0.38550102710723877,-855.0788356009871,0.35421058535575867,0.0,0.18746152520179749,0.0,0.42208048701286316,0.0,0.9637525975704193,0.0,450.9990513394587,71.07126464415342
313,-0.430974543094635,-855.5098101440817,0.3527388870716095,0.0,0.3056955635547638,0.0,0.41900184750556946,0.0,1.0774362981319427,0.0,452.0764876375906,71.07126464415342
314,-0.38120800256729126,-855.891018146649,0.3514370918273926,0.0,0.18497996032238007,0.0,0.4166029393672943,0.0,0.953019991517067,0.0,453.0295076291077,71.07126464415342
315,-0.3825594484806061,-856.2735775951296,0.35007867217063904,0.0,0.18749019503593445,0.0,0.4188297688961029,0.0,0.9563986361026764,0.0,453.98590626521036,71.07126464415342
316,-0.3944035768508911,-856.6679811719805,0.34860697388648987,0.0,0.20224162936210632,0.0,0.4351603388786316,0.0,0.9860089421272278,0.0,454.9719152073376,71.07126464415342
317,-0.4310320019721985,-857.0990131739527,0.3468944728374481,0.0,0.23087604343891144,0.0,0.49980950355529785,0.0,1.0775800198316574,0.0,456.04949522716925,71.07126464415342
318,-0.6169727444648743,-857.7159859184176,0.773635745048523,0.0,0.3085760772228241,0.0,0.4602200984954834,0.0,1.5424319207668304,0.0,457.5919271479361,71.07126464415342
319,-3.418715715408325,-861.1347016338259,2.5825929641723633,0.0,0.3204438388347626,0.0,0.515678882598877,0.0,3.418715685606003,0.0,461.0106428335421,71.07126464415342
320,-1.1380720138549805,-862.2727736476809,0.0,0.337597131729126,1.0635040998458862,0.0,0.07456785440444946,0.0,0.8004748225212097,0.0,461.8111176560633,71.07126464415342
321,-0.13882970809936523,-862.4116033557802,0.0,0.5866098999977112,0.13882970809936523,0.0,0.0,0.1268472671508789,0.0,0.5746274590492249,461.8111176560633,71.64589210320264
322,-0.34943366050720215,-862.7610370162874,0.0,1.0225874185562134,0.34943366050720215,0.0,0.0,0.3801237940788269,0.0,1.0532775521278381,461.8111176560633,72.69916965533048
323,0.0,-862.7610370162874,0.0,1.1662083864212036,0.0,0.06794668734073639,0.0,0.4798867404460907,0.0,1.7140418142080307,461.8111176560633,74.41321146953851
324,-1.2137436866760254,-863.9747807029635,1.2137436866760254,0.0,0.0,0.013881473802030087,0.0,0.6073720455169678,0.5924901673570275,0.0,462.4036078234203,74.41321146953851
325,-1.071484088897705,-865.0462647918612,1.071484088897705,0.0,0.0,0.2063649743795395,0.0,0.6544471383094788,0.21067197620868683,0.0,462.614279799629,74.41321146953851
326,0.0,-865.0462647918612,0.0,1.0266070365905762,0.0,0.2533645033836365,0.0,0.6985259652137756,0.0,1.9784975051879883,462.614279799629,76.3917089747265
327,0.0,-865.0462647918612,0.0,0.755424439907074,0.0,0.17553642392158508,0.0,0.3817931115627289,0.0,1.312753975391388,462.614279799629,77.70446295011789
328,0.0,-865.0462647918612,0.0,0.4753243625164032,0.0,0.17008355259895325,0.0,0.22303542494773865,0.0,0.8684433400630951,462.614279799629,78.57290629018098
329,-3.283689260482788,-868.329954052344,0.0,0.10436397790908813,0.6834410429000854,0.0,0.13748127222061157,0.0,0.7165583372116089,0.0,463.3308381368406,78.57290629018098
330,-5.389781951904297,-873.7197360042483,0.42546793818473816,0.0,0.1426600068807602,0.0,0.7793176174163818,0.0,1.3474455624818802,0.0,464.6782836993225,78.57290629018098
331,-13.569523811340332,-887.2892598155886,0.7432829141616821,0.0,0.5349542498588562,0.0,2.1141438484191895,0.0,3.392381012439728,0.0,468.0706647117622,78.57290629018098
332,-13.451092720031738,-900.7403525356203,0.6107575297355652,0.0,0.36468249559402466,0.0,2.3873331546783447,0.0,3.3627731800079346,0.0,471.43343789177015,78.57290629018098
333,-8.907903671264648,-909.648256206885,0.5447744131088257,0.0,0.8656697273254395,0.0,0.8165318369865417,0.0,2.226975977420807,0.0,473.66041386919096,78.57290629018098
334,-0.837297260761261,-910.4855534676462,0.5866143703460693,0.0,0.5876456499099731,0.0,0.9189830422401428,0.0,2.0932430624961853,0.0,475.75365693168715,78.57290629018098
335,-0.9382060766220093,-911.4237595442683,0.3560788035392761,0.0,0.8382140398025513,0.0,1.1512223482131958,0.0,2.345515191555023,0.0,478.09917212324217,78.57290629018098
336,-0.3105164170265198,-911.7342759612948,0.35421058535575867,0.0,0.0,0.7446540594100952,0.42208048701286316,0.0,0.03163701295852661,0.0,478.1308091362007,78.57290629018098
337,-0.30869629979133606,-912.0429722610861,0.3527388870716095,0.0,0.0,0.09490557760000229,0.41900184750556946,0.0,0.6768351569771767,0.0,478.8076442931779,78.57290629018098
338,-0.37992429733276367,-912.4228965584189,0.3514370918273926,0.0,0.18177065253257751,0.0,0.4166029393672943,0.0,0.9498106837272644,0.0,479.75745497690514,78.57290629018098
339,-0.38251936435699463,-912.8054159227759,0.35007867217063904,0.0,0.18738996982574463,0.0,0.4188297688961029,0.0,0.9562984108924866,0.0,480.7137533877976,78.57290629018098
340,-0.8197701573371887,-913.625186080113,1.412024736404419,0.0,0.2022402286529541,0.0,0.4351603388786316,0.0,2.0494253039360046,0.0,482.76317869173363,78.57290629018098
341,-0.4302787780761719,-914.0554648581892,0.3450120687484741,0.0,0.23087544739246368,0.0,0.49980950355529785,0.0,1.0756970196962357,0.0,483.83887571142986,78.57290629018098
342,-0.49147939682006836,-914.5469442550093,0.3177548944950104,0.0,0.3112359941005707,0.0,0.5997075438499451,0.0,1.2286984324455261,0.0,485.0675741438754,78.57290629018098
343,-2.263230562210083,-916.8101748172194,0.10976297408342361,0.0,0.30840232968330383,0.0,1.8450653553009033,0.0,2.2632306590676308,0.0,487.330804802943,78.57290629018098
344,-6.9965500831604,-923.8067249003798,0.6695652604103088,0.0,5.495115280151367,0.0,0.8318696022033691,0.0,6.996550142765045,0.0,494.32735494570807,78.57290629018098
345,-3.1844191551208496,-926.9911440555006,0.0,0.6684800982475281,2.043917655944824,0.0,1.1405014991760254,0.0,2.5159390568733215,0.0,496.8432940025814,78.57290629018098
346,-0.8315868377685547,-927.8227308932692,0.0,0.8657894134521484,0.5046385526657104,0.0,0.32694825530052185,0.0,0.0,0.03420260548591614,496.8432940025814,78.6071088956669
347,-1.0554454326629639,-928.8781763259321,0.0,1.0811127424240112,1.0554454326629639,0.0,0.0,1.3158345222473145,0.0,1.3415018320083618,496.8432940025814,79.94861072767526
348,0.0,-928.8781763259321,0.0,1.0756162405014038,0.0,0.09675797820091248,0.0,0.5511851906776428,0.0,1.723559409379959,496.8432940025814,81.67217013705522
349,0.0,-928.8781763259321,0.0,1.0898463726043701,0.0,0.22610242664813995,0.0,0.6939219832420349,0.0,2.009870782494545,496.8432940025814,83.68204091954976
350,0.0,-928.8781763259321,0.0,0.026807889342308044,0.0,0.053811050951480865,0.0,0.5366828441619873,0.0,0.6173017844557762,496.8432940025814,84.29934270400554
351,0.0,-928.8781763259321,0.0,0.7100706696510315,0.0,0.12786448001861572,0.0,0.4610081911087036,0.0,1.2989433407783508,496.8432940025814,85.59828604478389
352,0.0,-928.8781763259321,0.0,0.4796273708343506,0.0,0.1443033665418625,0.0,0.17147503793239594,0.0,0.795405775308609,496.8432940025814,86.3936918200925
353,-6.186575889587402,-935.0647522155195,1.1732442378997803,0.0,0.0,0.006549097131937742,0.3733997941017151,0.0,1.5400949348695576,0.0,498.38338893745095,86.3936918200925
354,-6.877904891967773,-941.9426571074873,0.5882323384284973,0.0,0.1490902453660965,0.0,0.982153594493866,0.0,1.7194761782884598,0.0,500.1028651157394,86.3936918200925
355,-7.1565961837768555,-949.0992532912642,0.5922967791557312,0.0,0.21800805628299713,0.0,0.9788442850112915,0.0,1.7891491204500198,0.0,501.8920142361894,86.3936918200925
356,-10.141874313354492,-959.2411276046187,0.6107575297355652,0.0,0.6137491464614868,0.0,1.3109619617462158,0.0,2.535468637943268,0.0,504.4274828741327,86.3936918200925
357,-15.076221466064453,-974.3173490706831,2.3350934982299805,0.0,0.6174299716949463,0.0,0.8165318369865417,0.0,3.7690553069114685,0.0,508.19653818104416,86.3936918200925
358,-0.8416773080825806,-975.1590263787657,0.4215100109577179,0.0,0.9731417894363403,0.0,0.7095414996147156,0.0,2.104193300008774,0.0,510.30073148105294,86.3936918200925
359,-1.1398491859436035,-976.2988755647093,0.3560788035392761,0.0,0.0,0.02171821892261505,2.493544101715088,0.0,2.827904686331749,0.0,513.1286361673847,86.3936918200925
360,-0.3105164170265198,-976.6093919817358,0.35421058535575867,0.0,0.0,0.705184817314148,0.42208048701286316,0.0,0.07110625505447388,0.0,513.1997424224392,86.3936918200925
361,-0.42965155839920044,-977.039043540135,0.3527388870716095,0.0,0.30238810181617737,0.0,0.41900184750556946,0.0,1.0741288363933563,0.0,514.2738712588325,86.3936918200925
362,-0.38135826587677,-977.4204018060118,0.3514370918273926,0.0,0.18535563349723816,0.0,0.4166029393672943,0.0,0.953395664691925,0.0,515.2272669235244,86.3936918200925
363,-0.3827599883079529,-977.8031617943197,0.35007867217063904,0.0,0.18799152970314026,0.0,0.4188297688961029,0.0,0.9568999707698822,0.0,516.1841668942943,86.3936918200925
364,-0.3830820918083191,-978.1862438861281,0.3357362449169159,0.0,0.18680858612060547,0.0,0.4351603388786316,0.0,0.957705169916153,0.0,517.1418720642105,86.3936918200925
365,-0.4341806471347809,-978.6204245332628,0.3468944728374481,0.0,0.23874762654304504,0.0,0.49980950355529785,0.0,1.085451602935791,0.0,518.2273236671463,86.3936918200925
366,-0.44776830077171326,-979.0681928340346,0.34379640221595764,0.0,0.3108516037464142,0.0,0.4647727310657501,0.0,1.119420737028122,0.0,519.3467444041744,86.3936918200925
367,-2.5528438091278076,-981.6210366431624,1.8698327541351318,0.0,0.3233182430267334,0.0,0.35969290137290955,0.0,2.552843898534775,0.0,521.8995883027092,86.3936918200925
368,-0.7520660758018494,-982.3731027189642,0.0,0.1338678002357483,0.3272620737552643,0.0,0.4248040020465851,0.0,0.6181982755661011,0.0,522.5177865782753,86.3936918200925
369,-0.9698960781097412,-983.342998797074,0.14676064252853394,0.0,0.42874759435653687,0.0,0.394387811422348,0.0,0.9698960483074188,0.0,523.4876826265827,86.3936918200925
370,-0.304961621761322,-983.6479604188353,0.0,0.43650850653648376,0.16584628820419312,0.0,0.1391153484582901,0.0,0.0,0.13154686987400055,523.4876826265827,86.5252386899665
371,-0.08802532404661179,-983.7359857428819,0.0,0.9015223383903503,0.08802532404661179,0.0,0.0,0.004361285828053951,0.0,0.8178583001717925,523.4876826265827,87.34309699013829
372,-2.8227717876434326,-986.5587575305253,2.5415303707122803,0.0,0.09124017506837845,0.0,0.19000130891799927,0.0,2.822771854698658,0.0,526.3104544812813,87.34309699013829
373,0.0,-986.5587575305253,0.0,0.9138545989990234,0.0,0.043571170419454575,0.0,0.3139120638370514,0.0,1.2713378332555294,526.3104544812813,88.61443482339382
374,-0.07611909508705139,-986.6348766256124,0.0,0.6446906328201294,0.03735210373997688,0.0,0.03876698762178421,0.0,0.0,0.5685715414583683,526.3104544812813,89.18300636485219
375,-0.22684498131275177,-986.8617216069251,0.0,0.6583986282348633,0.0,0.1270235776901245,0.22684498131275177,0.0,0.0,0.558577224612236,526.3104544812813,89.74158358946443
376,-3.2738261222839355,-990.1355477292091,2.581608533859253,0.0,0.0,0.03169924393296242,0.6922175288200378,0.0,3.2421268187463284,0.0,529.5525813000277,89.74158358946443
377,-7.802862167358398,-997.9384098965675,1.5050020217895508,0.0,0.11727970838546753,0.0,0.32843372225761414,0.0,1.9507154524326324,0.0,531.5032967524603,89.74158358946443
378,-5.584909915924072,-1003.5233198124915,0.8175526261329651,0.0,0.2798459529876709,0.0,0.29882898926734924,0.0,1.3962275683879852,0.0,532.8995243208483,89.74158358946443
379,-9.683588027954102,-1013.2069078404456,0.9985082149505615,0.0,0.3572947680950165,0.0,1.065093994140625,0.0,2.420896977186203,0.0,535.3204212980345,89.74158358946443
380,-16.830577850341797,-1030.0374856907874,1.52295982837677,0.0,0.9050092101097107,0.0,1.7796756029129028,0.0,4.2076446413993835,0.0,539.5280659394339,89.74158358946443
381,-13.479974746704102,-1043.5174604374915,0.9929230809211731,0.0,1.18705153465271,0.0,1.1900190114974976,0.0,3.3699936270713806,0.0,542.8980595665053,89.74158358946443
382,-0.539689302444458,-1044.057149739936,0.48252609372138977,0.0,0.15715575218200684,0.0,0.7095414996147156,0.0,1.3492233455181122,0.0,544.2472829120234,89.74158358946443
383,-0.41955581307411194,-1044.47670555301,0.3560788035392761,0.0,0.2660655081272125,0.0,0.4267451763153076,0.0,1.0488894879817963,0.0,545.2961724000052,89.74158358946443
384,-0.3105164170265198,-1044.7872219700366,0.35421058535575867,0.0,0.0,0.7741429805755615,0.42208048701286316,0.0,0.0021480917930603027,0.0,545.2983204917982,89.74158358946443
385,-0.3820524215698242,-1045.1692743916065,0.3527388870716095,0.0,0.183390274643898,0.0,0.41900184750556946,0.0,0.955131009221077,0.0,546.2534515010193,89.74158358946443
386,-0.38110291957855225,-1045.550377311185,0.3514370918273926,0.0,0.18471728265285492,0.0,0.4166029393672943,0.0,0.9527573138475418,0.0,547.2062088148668,89.74158358946443
387,-0.3825165331363678,-1045.9328938443214,0.35007867217063904,0.0,0.18738286197185516,0.0,0.4188297688961029,0.0,0.9562913030385971,0.0,548.1625001179054,89.74158358946443
388,-0.4587804079055786,-1046.391674252227,0.34860697388648987,0.0,0.3631836473941803,0.0,0.4351603388786316,0.0,1.1469509601593018,0.0,549.3094510780647,89.74158358946443
389,-0.4461086094379425,-1046.837782861665,0.3487769067287445,0.0,0.23874247074127197,0.0,0.5277521014213562,0.0,1.1152714788913727,0.0,550.4247225569561,89.74158358946443
390,-0.5055543184280396,-1047.343337180093,0.30403462052345276,0.0,0.23969613015651703,0.0,0.7201549410820007,0.0,1.2638856917619705,0.0,551.6886082487181,89.74158358946443
391,-2.0875244140625,-1049.4308615941554,0.12697218358516693,0.0,0.5816044211387634,0.0,1.3789477348327637,0.0,2.087524339556694,0.0,553.7761325882748,89.74158358946443
392,-1.5022823810577393,-1050.9331439752132,0.25774627923965454,0.0,0.35324275493621826,0.0,0.8912932872772217,0.0,1.5022823214530945,0.0,555.2784149097279,89.74158358946443
393,-1.2966697216033936,-1052.2298136968166,0.0,0.27717259526252747,0.43479281663894653,0.0,0.8618768453598022,0.0,1.0194970667362213,0.0,556.2979119764641,89.74158358946443
394,-1.5600091218948364,-1053.7898228187114,0.0,0.5358102321624756,0.2749073803424835,0.0,1.2851017713546753,0.0,1.0241989195346832,0.0,557.3221108959988,89.74158358946443
395,-0.7341304421424866,-1054.523953260854,0.0,0.35644495487213135,0.2166476845741272,0.0,0.5174827575683594,0.0,0.3776854872703552,0.0,557.6997963832691,89.74158358946443
396,-7.166900634765625,-1061.6908538956195,5.3932013511657715,0.0,0.17484444379806519,0.0,1.5988551378250122,0.0,7.166900932788849,0.0,564.866697316058,89.74158358946443
397,-1.0000721216201782,-1062.6909260172397,0.0,0.06488997489213943,0.1906745284795761,0.0,0.8093975782394409,0.0,0.9351821318268776,0.0,565.8018794478849,89.74158358946443
398,-0.7649812698364258,-1063.4559072870761,0.0,0.3616254925727844,0.0801943987607956,0.0,0.684786856174469,0.0,0.40335576236248016,0.0,566.2052352102473,89.74158358946443
399,-1.1847702264785767,-1064.6406775135547,0.6481359601020813,0.0,0.13162270188331604,0.0,0.40501153469085693,0.0,1.1847701966762543,0.0,567.3900054069236,89.74158358946443
400,-1.374807357788086,-1066.0154848713428,0.9426003694534302,0.0,0.13181371986865997,0.0,0.300393283367157,0.0,1.3748073726892471,0.0,568.7648127796128,89.74158358946443
401,-5.737637996673584,-1071.7531228680164,0.20092672109603882,0.0,0.5062978267669678,0.0,0.7271849513053894,0.0,1.434409499168396,0.0,570.1992222787812,89.74158358946443
402,-4.672715187072754,-1076.4258380550891,0.5019849538803101,0.0,0.4273751974105835,0.0,0.23881866037845612,0.0,1.1681788116693497,0.0,571.3674010904506,89.74158358946443
403,-5.433891773223877,-1081.859729828313,0.8840000033378601,0.0,0.47447291016578674,0.0,0.0,0.18605108559131622,1.1724218279123306,0.0,572.5398229183629,89.74158358946443
404,-8.19770336151123,-1090.0574331898242,0.9750229120254517,0.0,0.28997018933296204,0.0,0.7844327688217163,0.0,2.04942587018013,0.0,574.589248788543,89.74158358946443
405,-9.494831085205078,-1099.5522642750293,0.5447744131088257,0.0,0.7741439938545227,0.0,1.0547893047332764,0.0,2.3737077116966248,0.0,576.9629565002397,89.74158358946443
406,-0.7961487174034119,-1100.3484129924327,0.48252609372138977,0.0,0.3571241497993469,0.0,1.150721549987793,0.0,1.9903717935085297,0.0,578.9533282937482,89.74158358946443
407,-0.32069218158721924,-1100.66910517402,0.37498530745506287,0.0,0.0,0.021322056651115417,0.4267451763153076,0.0,0.7804084271192551,0.0,579.7337367208675,89.74158358946443
408,-0.576275110244751,-1101.2453802842647,0.3568393290042877,0.0,0.18733297288417816,0.0,0.8965155482292175,0.0,1.4406878501176834,0.0,581.1744245709851,89.74158358946443
409,-0.3800356984138489,-1101.6254159826785,0.34507817029953003,0.0,0.18600919842720032,0.0,0.41900184750556946,0.0,0.9500892162322998,0.0,582.1245137872174,89.74158358946443
410,-0.3760387897491455,-1102.0014547724277,0.33876895904541016,0.0,0.1847250759601593,0.0,0.4166029393672943,0.0,0.9400969743728638,0.0,583.0646107615903,89.74158358946443
411,-0.38252055644989014,-1102.3839753288776,0.35007867217063904,0.0,0.1873929351568222,0.0,0.4188297688961029,0.0,0.9563013762235641,0.0,584.0209121378139,89.74158358946443
412,-0.39440542459487915,-1102.7783807534724,0.34860697388648987,0.0,0.20224620401859283,0.0,0.4351603388786316,0.0,0.9860135167837143,0.0,585.0069256545976,89.74158358946443
413,-1.5052317380905151,-1104.283612491563,3.0323939323425293,0.0,0.23087577521800995,0.0,0.49980950355529785,0.0,3.763079211115837,0.0,588.7700048657134,89.74158358946443
414,-1.2573267221450806,-1105.540939213708,0.967478334903717,0.0,1.4486464262008667,0.0,0.7271917462348938,0.0,3.1433165073394775,0.0,591.9133213730529,89.74158358946443
415,-1.1755759716033936,-1106.7165151853114,0.14348652958869934,0.0,0.3252641260623932,0.0,0.7068252563476562,0.0,1.1755759119987488,0.0,593.0888972850516,89.74158358946443
416,-0.6840652823448181,-1107.4005804676563,0.0,0.09780334681272507,0.36970365047454834,0.0,0.3143616318702698,0.0,0.586261935532093,0.0,593.6751592205837,89.74158358946443
417,-1.8017152547836304,-1109.2022957224399,0.0,0.31128448247909546,1.5204766988754272,0.0,0.2812385559082031,0.0,1.490430772304535,0.0,595.1655899928883,89.74158358946443
418,-1.3793513774871826,-1110.581647099927,0.04975142702460289,0.0,0.39060747623443604,0.0,0.938992440700531,0.0,1.37935134395957,0.0,596.5449413368478,89.74158358946443
419,-0.2256956547498703,-1110.807342754677,0.0,0.6721116900444031,0.2256956547498703,0.0,0.0,0.08014948666095734,0.0,0.5265655219554901,596.5449413368478,90.26814911141992
420,-0.8061240911483765,-1111.6134668458253,0.0,0.5201259255409241,0.8061240911483765,0.0,0.0,0.160894975066185,0.1251031905412674,0.0,596.6700445273891,90.26814911141992
421,-3.473938465118408,-1115.0874053109437,3.456486225128174,0.0,0.01745222695171833,0.0,0.0,0.39251062273979187,3.0814278293401003,0.0,599.7514723567292,90.26814911141992
422,-0.018596500158309937,-1115.106001811102,0.0,0.6657792925834656,0.018596500158309937,0.0,0.0,0.3343563377857208,0.0,0.9815391302108765,599.7514723567292,91.24968824163079
423,-0.08419087529182434,-1115.1901926863939,0.0,0.01720472238957882,0.08419087529182434,0.0,0.0,0.2285773903131485,0.0,0.16159123741090298,599.7514723567292,91.4112794790417
424,-0.8546059131622314,-1116.044798599556,0.6596611142158508,0.0,0.194944828748703,0.0,0.0,0.11474152654409409,0.7398644164204597,0.0,600.4913367731497,91.4112794790417
425,-1.5755304098129272,-1117.620329009369,0.0,1.001183271408081,0.06991371512413025,0.0,0.32396888732910156,0.0,0.0,0.6073006689548492,600.4913367731497,92.01858014799654
426,-4.858722686767578,-1122.4790516961366,0.3047696352005005,0.0,0.29136696457862854,0.0,0.6185441017150879,0.0,1.214680701494217,0.0,601.7060174746439,92.01858014799654
427,-16.78103256225586,-1139.2600842583925,2.41241192817688,0.0,0.35751521587371826,0.0,1.4253308773040771,0.0,4.195258021354675,0.0,605.9012754959986,92.01858014799654
428,-7.579934120178223,-1146.8400183785707,0.6107575297355652,0.0,0.48174363374710083,0.0,0.8024823665618896,0.0,1.8949835300445557,0.0,607.7962590260431,92.01858014799654
429,-18.50714874267578,-1165.3471671212465,3.152406930923462,0.0,0.9934786558151245,0.0,0.4809016287326813,0.0,4.626787215471268,0.0,612.4230462415144,92.01858014799654
430,-0.6670207977294922,-1166.014187918976,0.5435421466827393,0.0,0.6880286931991577,0.0,0.4359810948371887,0.0,1.6675519347190857,0.0,614.0905981762335,92.01858014799654
431,-0.7177313566207886,-1166.7319192755967,0.5290619134902954,0.0,0.6013063788414001,0.0,0.6639602184295654,0.0,1.794328510761261,0.0,615.8849266869947,92.01858014799654
432,-0.4300280809402466,-1167.161947356537,0.21899902820587158,0.0,0.43399059772491455,0.0,0.42208048701286316,0.0,1.0750701129436493,0.0,616.9599967999384,92.01858014799654
433,-0.30869629979133606,-1167.4706436563283,0.3527388870716095,0.0,0.0,1.3602625131607056,0.41900184750556946,0.0,0.0,0.5885217785835266,616.9599967999384,92.60710192658007
434,-0.3691069185733795,-1167.8397505749017,0.3514370918273926,0.0,0.1547272503376007,0.0,0.4166029393672943,0.0,0.9227672815322876,0.0,617.8827640814707,92.60710192658007
435,-0.7360022664070129,-1168.5757528413087,1.2342115640640259,0.0,0.18696436285972595,0.0,0.4188297688961029,0.0,1.8400056958198547,0.0,619.7227697772905,92.60710192658007
436,-0.39440178871154785,-1168.9701546300203,0.34860697388648987,0.0,0.202237069606781,0.0,0.43516042828559875,0.0,0.9860044717788696,0.0,620.7087742490694,92.60710192658007
437,-0.43178510665893555,-1169.4019397366792,0.3487769067287445,0.0,0.23087625205516815,0.0,0.499809592962265,0.0,1.0794627517461777,0.0,621.7882370008156,92.60710192658007
438,-0.9575468897819519,-1170.3594866264611,0.3447021245956421,0.0,0.2600298821926117,0.0,1.789135217666626,0.0,2.3938672244548798,0.0,624.1821042252705,92.60710192658007
439,-7.715539455413818,-1178.075026081875,0.216424360871315,0.0,6.503270149230957,0.0,0.9958449006080627,0.0,7.715539410710335,0.0,631.8976436359808,92.60710192658007
440,-3.2786083221435547,-1181.3536344040185,0.3642098307609558,0.0,1.3781979084014893,0.0,1.5362005233764648,0.0,3.27860826253891,0.0,635.1762518985197,92.60710192658007
441,-2.3788278102874756,-1183.732462214306,0.9722576141357422,0.0,1.4065701961517334,0.0,0.0,0.5799597501754761,1.7988680601119995,0.0,636.9751199586317,92.60710192658007
442,-0.7900400757789612,-1184.522502290085,0.0,0.17037689685821533,0.38516879081726074,0.0,0.40487128496170044,0.0,0.6196631789207458,0.0,637.5947831375524,92.60710192658007
443,-0.5790823698043823,-1185.1015846598893,0.0,0.32057175040245056,0.30769190192222595,0.0,0.27139046788215637,0.0,0.25851061940193176,0.0,637.8532937569544,92.60710192658007
444,-1.9301782846450806,-1187.0317629445344,0.5654312372207642,0.0,0.6301205158233643,0.0,0.7346265316009521,0.0,1.9301782846450806,0.0,639.7834720415995,92.60710192658007
445,-3.9512383937835693,-1190.983001338318,1.5294393301010132,0.0,2.031580924987793,0.0,0.39021798968315125,0.0,3.9512382447719574,0.0,643.7347102863714,92.60710192658007
446,-8.076799392700195,-1199.0598007310182,1.968510389328003,0.0,5.668200492858887,0.0,0.4400879144668579,0.0,8.076798796653748,0.0,651.8115090830252,92.60710192658007
447,-0.9519385099411011,-1200.0117392409593,0.2031501829624176,0.0,0.3180222511291504,0.0,0.43076610565185547,0.0,0.9519385397434235,0.0,652.7634476227686,92.60710192658007
448,-0.5255626440048218,-1200.537301884964,0.0,0.733006477355957,0.27478674054145813,0.0,0.25077593326568604,0.0,0.0,0.20744380354881287,652.7634476227686,92.81454573012888
449,-8.139729499816895,-1208.677031384781,0.0,1.4759013652801514,1.6494089365005493,0.0,0.3855234682559967,0.0,0.5590310394763947,0.0,653.322478662245,92.81454573012888
450,-12.38232421875,-1221.059355603531,0.5390400290489197,0.0,1.641852855682373,0.0,0.914688229560852,0.0,3.0955811142921448,0.0,656.4180597765371,92.81454573012888
451,-12.42288589477539,-1233.4822414983064,1.6971893310546875,0.0,0.6851836442947388,0.0,0.7233487367630005,0.0,3.1057217121124268,0.0,659.5237814886495,92.81454573012888
452,-9.565673828125,-1243.0479153264314,1.0530593395233154,0.0,0.0,0.5202022790908813,1.3383591175079346,0.0,1.8712161779403687,0.0,661.3949976665899,92.81454573012888
453,-9.186294555664062,-1252.2342098820955,0.856479287147522,0.0,0.29662203788757324,0.0,1.1434723138809204,0.0,2.2965736389160156,0.0,663.6915713055059,92.81454573012888
454,-0.7797614336013794,-1253.0139713156968,0.7397631406784058,0.0,0.5374659895896912,0.0,0.672174334526062,0.0,1.949403464794159,0.0,665.6409747703001,92.81454573012888
455,-0.7769931554794312,-1253.7909644711763,0.6074471473693848,0.0,0.6720978617668152,0.0,0.6629379987716675,0.0,1.9424830079078674,0.0,667.583457778208,92.81454573012888
456,-0.5483787059783936,-1254.3393431771547,0.243255615234375,0.0,0.0,1.2501933574676514,1.1276911497116089,0.0,0.12075340747833252,0.0,667.7042111856863,92.81454573012888
457,-0.8429099321365356,-1255.1822531092912,1.4530785083770752,0.0,0.0,1.036291480064392,0.6541962623596191,0.0,1.0709832906723022,0.0,668.7751944763586,92.81454573012888
458,-0.38106241822242737,-1255.5633155275136,0.3514370918273926,0.0,0.18461598455905914,0.0,0.4166029393672943,0.0,0.952656015753746,0.0,669.7278504921123,92.81454573012888
459,-0.3825039863586426,-1255.9458195138723,0.35007867217063904,0.0,0.1873515099287033,0.0,0.4188297688961029,0.0,0.9562599509954453,0.0,670.6841104431078,92.81454573012888
460,-0.6967861652374268,-1256.6426056791097,1.1220662593841553,0.0,0.20223674178123474,0.0,0.4176623523235321,0.0,1.7419653534889221,0.0,672.4260757965967,92.81454573012888
461,-1.253042459487915,-1257.8956481385976,1.5058200359344482,0.0,0.23087537288665771,0.0,1.3959107398986816,0.0,3.1326061487197876,0.0,675.5586819453165,92.81454573012888
462,-0.503325343132019,-1258.3989734817296,0.4037284255027771,0.0,0.24932989478111267,0.0,0.6052549481391907,0.0,1.2583132684230804,0.0,676.8169952137396,92.81454573012888
463,-2.309401512145996,-1260.7083749938756,1.5849545001983643,0.0,0.27039510011672974,0.0,0.4540519118309021,0.0,2.309401512145996,0.0,679.1263967258856,92.81454573012888
464,-1.842865228652954,-1262.5512402225286,0.8859472870826721,0.0,0.3925790786743164,0.0,0.5643388628959656,0.0,1.842865228652954,0.0,680.9692619545385,92.81454573012888
465,-0.9741464853286743,-1263.5253867078573,0.0,0.07792757451534271,0.459551066160202,0.0,0.5145954489707947,0.0,0.896218940615654,0.0,681.8654808951542,92.81454573012888
466,-0.60848069190979,-1264.133867399767,0.0,0.3374662697315216,0.3241373300552368,0.0,0.2843433916568756,0.0,0.2710144519805908,0.0,682.1364953471348,92.81454573012888
467,-2.4674863815307617,-1266.6013537812978,0.23606261610984802,0.0,1.9468432664871216,0.0,0.2845804989337921,0.0,2.4674863815307617,0.0,684.6039817286655,92.81454573012888
468,-1.9770705699920654,-1268.5784243512899,0.0,0.4541109502315521,1.8432271480560303,0.0,0.13384345173835754,0.0,1.5229596495628357,0.0,686.1269413782284,92.81454573012888
469,-0.2089191973209381,-1268.7873435486108,0.0,0.4983679950237274,0.09319958835840225,0.0,0.11571960151195526,0.0,0.0,0.2894488051533699,686.1269413782284,93.10399453528225
470,-0.12002211809158325,-1268.9073656667024,0.0,0.468612402677536,0.048087622970342636,0.0,0.07193449884653091,0.0,0.0,0.34859028086066246,686.1269413782284,93.45258481614292
471,-0.21591371297836304,-1269.1232793796808,0.0,0.30463698506355286,0.21591371297836304,0.0,0.0,0.005585257429629564,0.0,0.09430852951481938,686.1269413782284,93.54689334565774
472,-1.770033836364746,-1270.8933132160455,0.9905862808227539,0.0,0.44380369782447815,0.0,0.3356439471244812,0.0,1.7700339257717133,0.0,687.8969753040001,93.54689334565774
473,-11.212658882141113,-1282.1059720981866,1.3733482360839844,0.0,0.1300397366285324,0.0,1.2997767925262451,0.0,2.803164765238762,0.0,690.7001400692388,93.54689334565774
474,-7.149350166320801,-1289.2553222645074,0.434172123670578,0.0,0.4899592995643616,0.0,0.8632060885429382,0.0,1.7873375117778778,0.0,692.4874775810167,93.54689334565774
475,-8.610570907592773,-1297.8658931721002,0.8138371706008911,0.0,0.3586408793926239,0.0,0.9801647067070007,0.0,2.1526427567005157,0.0,694.6401203377172,93.54689334565774
476,-12.023934364318848,-1309.889827536419,0.7490856647491455,0.0,0.48074960708618164,0.0,1.7761483192443848,0.0,3.005983591079712,0.0,697.646103928797,93.54689334565774
477,-19.482858657836914,-1329.372686194256,1.5551320314407349,0.0,0.3876185119152069,0.0,2.927964210510254,0.0,4.870714753866196,0.0,702.5168186826631,93.54689334565774
478,-1.4815912246704102,-1330.8542774189264,0.8619459867477417,0.0,0.8356682062149048,0.0,2.006363868713379,0.0,3.7039780616760254,0.0,706.2207967443392,93.54689334565774
479,-1.1576969623565674,-1332.011974381283,2.2038090229034424,0.0,0.0,0.09542559087276459,0.6904333233833313,0.0,2.798816755414009,0.0,709.0196134997532,93.54689334565774
480,-0.49277955293655396,-1332.5047539342195,0.5761474967002869,0.0,0.08631009608507156,0.0,0.5694912672042847,0.0,1.231948859989643,0.0,710.2515623597428,93.54689334565774
481,-0.3453053832054138,-1332.850059317425,0.3527388870716095,0.0,0.18505865335464478,0.0,0.3254658877849579,0.0,0.8632634282112122,0.0,711.114825787954,93.54689334565774
482,-0.3811182677745819,-1333.2311775851995,0.3514370918273926,0.0,0.1847556233406067,0.0,0.4166029393672943,0.0,0.9527956545352936,0.0,712.0676214424893,93.54689334565774
483,-0.798429012298584,-1334.029606597498,0.35007867217063904,0.0,0.1874426007270813,0.0,1.458551287651062,0.0,1.9960725605487823,0.0,714.0636940030381,93.54689334565774
484,-0.5504382252693176,-1334.5800448227674,0.7561901807785034,0.0,0.202242910861969,0.0,0.4176623523235321,0.0,1.3760954439640045,0.0,715.4397894470021,93.54689334565774
485,-0.4422096014022827,-1335.0222544241697,0.3468944728374481,0.0,0.23087738454341888,0.0,0.5277521014213562,0.0,1.1055239588022232,0.0,716.5453134058043,93.54689334565774
486,-0.5093187093734741,-1335.5315731335431,0.3077986538410187,0.0,0.24157914519309998,0.0,0.7239189743995667,0.0,1.2732967734336853,0.0,717.818610179238,93.54689334565774
487,-2.540097236633301,-1338.0716703701764,0.06792356073856354,0.0,0.2113327980041504,0.0,2.260840892791748,0.0,2.540097251534462,0.0,720.3587074307725,93.54689334565774
488,-0.5931574106216431,-1338.664827780798,0.0,0.2953050136566162,0.19324900209903717,0.0,0.3999083936214447,0.0,0.29785238206386566,0.0,720.6565598128363,93.54689334565774
489,-0.17388348281383514,-1338.838711263612,0.0,0.6492627263069153,0.17388348281383514,0.0,0.0,0.05673970654606819,0.0,0.5321189500391483,720.6565598128363,94.07901229569688
490,-0.08252085000276566,-1338.9212321136147,0.0,0.8206992745399475,0.08252085000276566,0.0,0.0,0.1988895982503891,0.0,0.937068022787571,720.6565598128363,95.01608031848446
491,-0.5774693489074707,-1339.4987014625221,0.2585613429546356,0.0,0.06481437385082245,0.0,0.25409364700317383,0.0,0.5774693638086319,0.0,721.234029176645,95.01608031848446
492,0.0,-1339.4987014625221,0.0,0.7520954608917236,0.0,0.0029281415045261383,0.0,0.3471120595932007,0.0,1.1021356619894505,721.234029176645,96.1182159804739
493,0.0,-1339.4987014625221,0.0,0.9417436718940735,0.0,0.12848825752735138,0.0,0.3604540228843689,0.0,1.4306859523057938,721.234029176645,97.5489019327797
494,0.0,-1339.4987014625221,0.0,0.3910040557384491,0.0,0.13238607347011566,0.0,0.40585359930992126,0.0,0.929243728518486,721.234029176645,98.47814566129819
495,0.0,-1339.4987014625221,0.0,0.526594340801239,0.0,0.07722391933202744,0.0,0.5140821933746338,0.0,1.1179004535079002,721.234029176645,99.59604611480609
496,0.0,-1339.4987014625221,0.0,0.3957573473453522,0.0,0.07443659007549286,0.0,0.2192196547985077,0.0,0.6894135922193527,721.234029176645,100.28545970702544
497,-1.30512273311615,-1340.8038241956383,0.02223338931798935,0.0,0.03996865823864937,0.0,0.26407864689826965,0.0,0.32628069445490837,0.0,721.5603098710999,100.28545970702544
498,-18.434600830078125,-1359.2384250257164,3.070821762084961,0.0,0.8911504149436951,0.0,0.6466780304908752,0.0,4.608650207519531,0.0,726.1689600786194,100.28545970702544
499,-9.28472900390625,-1368.5231540296227,1.0269628763198853,0.0,0.35601088404655457,0.0,0.9382084608078003,0.0,2.32118222117424,0.0,728.4901422997937,100.28545970702544
500,-8.597136497497559,-1377.1202905271202,0.4469718635082245,0.0,0.8722543120384216,0.0,0.8300579786300659,0.0,2.149284154176712,0.0,730.6394264539704,100.28545970702544
501,-13.233089447021484,-1390.3533799741417,1.3314045667648315,0.0,0.9287717342376709,0.0,1.0480961799621582,0.0,3.3082724809646606,0.0,733.947698934935,100.28545970702544
502,-0.9161004424095154,-1391.2694804165512,0.5798031091690063,0.0,1.040237545967102,0.0,0.6702104210853577,0.0,2.290251076221466,0.0,736.2379500111565,100.28545970702544
503,-0.31312960386276245,-1391.582610020414,0.3560788035392761,0.0,0.0,0.4810815155506134,0.4267451763153076,0.0,0.30174246430397034,0.0,736.5396924754605,100.28545970702544
504,-0.3105164170265198,-1391.8931264374405,0.35421058535575867,0.0,0.0,0.29155856370925903,0.42208048701286316,0.0,0.4847325086593628,0.0,737.0244249841198,100.28545970702544
505,-0.3166714310646057,-1392.2097978685051,0.3527388870716095,0.0,0.019937774166464806,0.0,0.41900184750556946,0.0,0.7916785087436438,0.0,737.8161034928635,100.28545970702544
506,-0.3812098503112793,-1392.5910077188164,0.3514370918273926,0.0,0.18498460948467255,0.0,0.4166029393672943,0.0,0.9530246406793594,0.0,738.7691281335428,100.28545970702544
507,-0.38265812397003174,-1392.9736658427864,0.35007867217063904,0.0,0.1877368986606598,0.0,0.4188297688961029,0.0,0.9566453397274017,0.0,739.7257734732702,100.28545970702544
508,-0.3892562985420227,-1393.3629221413285,0.3357362449169159,0.0,0.2022441178560257,0.0,0.4351603388786316,0.0,0.9731407016515732,0.0,740.6989141749218,100.28545970702544
509,-1.0860787630081177,-1394.4490009043366,1.9565691947937012,0.0,0.23087544739246368,0.0,0.5277521014213562,0.0,2.715196743607521,0.0,743.4141109185293,100.28545970702544
510,-3.9987971782684326,-1398.447798082605,0.7452424764633179,0.0,0.25650835037231445,0.0,8.99524211883545,0.0,9.996992945671082,0.0,753.4111038642004,100.28545970702544
511,-1.585556983947754,-1400.0333550665528,0.15855766832828522,0.0,1.4071950912475586,0.0,0.019804256036877632,0.0,1.5855570156127214,0.0,754.9966608798131,100.28545970702544
512,-1.9537310600280762,-1401.9870861265808,0.16519969701766968,0.0,0.1806737631559372,0.0,1.607857584953308,0.0,1.953731045126915,0.0,756.95039192494,100.28545970702544
513,-1.0986870527267456,-1403.0857731793076,0.3232742249965668,0.0,0.16004861891269684,0.0,0.6153641939163208,0.0,1.0986870378255844,0.0,758.0490789627656,100.28545970702544
514,-0.007497816812247038,-1403.0932709961198,0.0,1.3650213479995728,0.007497816812247038,0.0,0.0,0.34893566370010376,0.0,1.7064591948874295,758.0490789627656,101.99191890191287
515,-0.7121995687484741,-1403.8054705648683,0.7117079496383667,0.0,0.0004916157922707498,0.0,0.0,0.3399659991264343,0.3722335663042031,0.0,758.4213125290698,101.99191890191287
516,0.0,-1403.8054705648683,0.0,0.7536830306053162,0.0,0.13063593208789825,0.0,0.6025276184082031,0.0,1.4868465811014175,758.4213125290698,103.47876548301429
517,0.0,-1403.8054705648683,0.0,1.1816695928573608,0.0,0.24845126271247864,0.0,0.32050472497940063,0.0,1.7506255805492401,758.4213125290698,105.22939106356353
518,0.0,-1403.8054705648683,0.0,1.0419042110443115,0.0,0.2610131800174713,0.0,0.9134295582771301,0.0,2.216346949338913,758.4213125290698,107.44573801290244
519,0.0,-1403.8054705648683,0.0,0.42597800493240356,0.0,0.20423081517219543,0.0,0.268235981464386,0.0,0.898444801568985,758.4213125290698,108.34418281447142
520,0.0,-1403.8054705648683,0.0,0.5193469524383545,0.0,0.1920948475599289,0.0,0.26705801486968994,0.0,0.9784998148679733,758.4213125290698,109.3226826293394
521,-0.38082602620124817,-1404.1862965910695,0.0,0.07843213528394699,0.0,0.04446740821003914,0.09520650655031204,0.0,0.0,0.027693036943674088,758.4213125290698,109.35037566628307
522,-9.180561065673828,-1413.3668576567434,0.4168977439403534,0.0,1.3315600156784058,0.0,0.5466824173927307,0.0,2.29514017701149,0.0,760.7164527060813,109.35037566628307
523,-9.973796844482422,-1423.3406545012258,0.5939352512359619,0.0,0.0,0.555184006690979,1.8995139598846436,0.0,1.9382652044296265,0.0,762.654717910511,109.35037566628307
524,-9.34625244140625,-1432.686906942632,1.2660026550292969,0.0,0.0,0.079039067029953,1.0705604553222656,0.0,2.2575240433216095,0.0,764.9122419538326,109.35037566628307
525,-12.35423469543457,-1445.0411416380666,0.6353296637535095,0.0,1.0299317836761475,0.0,1.4232971668243408,0.0,3.088558614253998,0.0,768.0008005680866,109.35037566628307
526,-0.8279078006744385,-1445.869049438741,0.4215100109577179,0.0,0.9387180209159851,0.0,0.7095414996147156,0.0,2.0697695314884186,0.0,770.070570099575,109.35037566628307
527,-0.32069218158721924,-1446.1897416203283,0.37498530745506287,0.0,0.0,0.45825040340423584,0.4267451763153076,0.0,0.34348008036613464,0.0,770.4140501799411,109.35037566628307
528,-0.3105164170265198,-1446.5002580373548,0.35421058535575867,0.0,0.0,0.2101190835237503,0.42208048701286316,0.0,0.5661719888448715,0.0,770.980222168786,109.35037566628307
529,-0.383179634809494,-1446.8834376721643,0.3527388870716095,0.0,0.1862083375453949,0.0,0.41900184750556946,0.0,0.9579490721225739,0.0,771.9381712409086,109.35037566628307
530,-0.38141536712646484,-1447.2648530392908,0.3514370918273926,0.0,0.18549834191799164,0.0,0.4166029393672943,0.0,0.9535383731126785,0.0,772.8917096140212,109.35037566628307
531,-0.47427546977996826,-1447.7391285090707,0.35007867217063904,0.0,0.4167802333831787,0.0,0.4188297688961029,0.0,1.1856886744499207,0.0,774.0773982884712,109.35037566628307
532,-0.3944033682346344,-1448.1335318773054,0.34860697388648987,0.0,0.20224109292030334,0.0,0.4351603388786316,0.0,0.9860084056854248,0.0,775.0634066941566,109.35037566628307
533,-0.4317847490310669,-1448.5653166263364,0.3487769067287445,0.0,0.23087550699710846,0.0,0.49980950355529785,0.0,1.0794619172811508,0.0,776.1428686114377,109.35037566628307
534,-0.5612663626670837,-1449.1265829890035,0.7116307616233826,0.0,0.2397024929523468,0.0,0.45183253288269043,0.0,1.4031657874584198,0.0,777.5460343988962,109.35037566628307
535,-2.268202781677246,-1451.3947857706808,0.10145055502653122,0.0,0.5448907613754272,0.0,1.6218613386154175,0.0,2.268202655017376,0.0,779.8142370539135,109.35037566628307
536,-2.9021542072296143,-1454.2969399779104,0.0,0.3353753387928009,2.6300389766693115,0.0,0.27211520075798035,0.0,2.566778838634491,0.0,782.381015892548,109.35037566628307
537,-9.503662109375,-1463.8006020872854,0.6008652448654175,0.0,8.665623664855957,0.0,0.23717337846755981,0.0,9.503662288188934,0.0,791.884678180737,109.35037566628307
538,-5.613373756408691,-1469.413975843694,5.049230098724365,0.0,0.564143717288971,0.0,0.0,0.031604867428541183,5.581768948584795,0.0,797.4664471293218,109.35037566628307
539,0.0,-1469.413975843694,0.0,1.144559621810913,0.0,0.03349335119128227,0.0,0.015048542991280556,0.0,1.193101515993476,797.4664471293218,110.54347718227655
540,-0.3689352869987488,-1469.7829111306928,0.0,0.4473486542701721,0.0,0.056489020586013794,0.3689352869987488,0.0,0.0,0.13490238785743713,797.4664471293218,110.67837957013398
541,0.0,-1469.7829111306928,0.0,0.8032835125923157,0.0,0.20749174058437347,0.0,0.1608814150094986,0.0,1.1716566681861877,797.4664471293218,111.85003623832017
542,-1.5716594457626343,-1471.3545705764554,1.5716594457626343,0.0,0.0,0.22840949892997742,0.0,0.2641699016094208,1.079080045223236,0.0,798.545527174545,111.85003623832017
543,-5.1226091384887695,-1476.4771797149442,5.1226091384887695,0.0,0.0,0.14496320486068726,0.0,0.07308000326156616,4.904565930366516,0.0,803.4500931049115,111.85003623832017
544,-1.2495160102844238,-1477.7266957252286,0.0,0.15906882286071777,0.0,0.1092294305562973,1.2495160102844238,0.0,0.9812177568674088,0.0,804.4313108617789,111.85003623832017
545,-3.6295957565307617,-1481.3562914817594,0.15528148412704468,0.0,0.09507961571216583,0.0,0.6570378541946411,0.0,0.9073989540338516,0.0,805.3387098158128,111.85003623832017
546,-13.58444595336914,-1494.9407374351285,0.538820743560791,0.0,0.7438444495201111,0.0,2.1134462356567383,0.0,3.3961114287376404,0.0,808.7348212445504,111.85003623832017
547,-10.84422492980957,-1505.784962364938,1.247894525527954,0.0,0.35911455750465393,0.0,1.1040472984313965,0.0,2.7110563814640045,0.0,811.4458776260144,111.85003623832017
548,-9.476131439208984,-1515.261093804147,1.317481517791748,0.0,0.4793415367603302,0.0,0.572209894657135,0.0,2.3690329492092133,0.0,813.8149105752236,111.85003623832017
549,-6.682530403137207,-1521.9436242072843,1.0641010999679565,0.0,0.6065315008163452,0.0,0.0,0.6822698712348938,0.988362729549408,0.0,814.803273304773,111.85003623832017
550,-0.48780083656311035,-1522.4314250438474,0.4215100109577179,0.0,0.24068066477775574,0.0,0.5573114156723022,0.0,1.2195020914077759,0.0,816.0227753961808,111.85003623832017
551,-0.6024274826049805,-1523.0338525264524,0.3560788035392761,0.0,0.7232446670532227,0.0,0.4267451763153076,0.0,1.5060686469078064,0.0,817.5288440430886,111.85003623832017
552,-0.3105164170265198,-1523.344368943479,0.35421058535575867,0.0,0.0,0.31428101658821106,0.42208048701286316,0.0,0.46201005578041077,0.0,817.990854098869,111.85003623832017
553,-0.4750633239746094,-1523.8194322674535,0.3527388870716095,0.0,0.4159175157546997,0.0,0.41900184750556946,0.0,1.1876582503318787,0.0,819.1785123492009,111.85003623832017
554,-0.37640127539634705,-1524.1958335428499,0.33876895904541016,0.0,0.18563126027584076,0.0,0.4166029393672943,0.0,0.9410031586885452,0.0,820.1195155078894,111.85003623832017
555,-0.3825468122959137,-1524.5783803551458,0.35007867217063904,0.0,0.1874585896730423,0.0,0.4188297688961029,0.0,0.9563670307397842,0.0,821.0758825386292,111.85003623832017
556,-0.39440909028053284,-1524.9727894454263,0.34860697388648987,0.0,0.20225539803504944,0.0,0.4351603388786316,0.0,0.9860227108001709,0.0,822.0619052494294,111.85003623832017
557,-0.43178486824035645,-1525.4045743136667,0.3487769067287445,0.0,0.23087571561336517,0.0,0.49980950355529785,0.0,1.0794621258974075,0.0,823.1413673753268,111.85003623832017
558,-0.4125503897666931,-1525.8171247034334,0.33445003628730774,0.0,0.24149954319000244,0.0,0.4554263651371002,0.0,1.0313759446144104,0.0,824.1727433199412,111.85003623832017
559,-1.37713623046875,-1527.1942609339021,0.053132280707359314,0.0,0.8090472221374512,0.0,0.5149567723274231,0.0,1.3771362751722336,0.0,825.5498795951135,111.85003623832017
560,-0.7373626232147217,-1527.9316235571168,0.0,0.33972299098968506,0.2742697298526764,0.0,0.4630929231643677,0.0,0.397639662027359,0.0,825.9475192571408,111.85003623832017
561,-0.4407508969306946,-1528.3723744540475,0.0,0.7332850098609924,0.20806236565113068,0.0,0.2326885461807251,0.0,0.0,0.29253409802913666,825.9475192571408,112.14257033634931
562,-0.8974553346633911,-1529.269829788711,0.0,0.01716652140021324,0.8974553346633911,0.0,0.0,0.05302396044135094,0.8272648528218269,0.0,826.7747841099626,112.14257033634931
563,0.0,-1529.269829788711,0.0,1.0357462167739868,0.0,0.1403072625398636,0.0,0.27347901463508606,0.0,1.4495324939489365,826.7747841099626,113.59210283029824
564,-5.222996234893799,-1534.4928260236047,5.169285297393799,0.0,0.05371086671948433,0.0,0.0,0.30404427647590637,4.918951887637377,0.0,831.6937359976,113.59210283029824
565,-1.9370598793029785,-1536.4298859029077,1.9370598793029785,0.0,0.0,0.13482186198234558,0.0,0.49730923771858215,1.3049287796020508,0.0,832.9986647772021,113.59210283029824
566,0.0,-1536.4298859029077,0.0,1.0548300743103027,0.0,0.20560972392559052,0.0,0.5532770752906799,0.0,1.8137168735265732,832.9986647772021,115.40581970382482
567,0.0,-1536.4298859029077,0.0,0.7357444763183594,0.0,0.11498678475618362,0.0,0.34093621373176575,0.0,1.1916674748063087,832.9986647772021,116.59748717863113
568,-3.0045547485351562,-1539.4344406514429,0.0,0.2551598846912384,0.9248583912849426,0.0,2.0796964168548584,0.0,2.7493949234485626,0.0,835.7480597006506,116.59748717863113
569,-4.433982849121094,-1543.868423500564,0.9289909601211548,0.0,0.08785857260227203,0.0,0.09164617955684662,0.0,1.1084957122802734,0.0,836.8565554129309,116.59748717863113
570,-10.629817962646484,-1554.4982414632104,0.41911715269088745,0.0,1.0024840831756592,0.0,1.2358533143997192,0.0,2.657454550266266,0.0,839.5140099631972,116.59748717863113
571,-7.688718318939209,-1562.1869597821496,0.5895199179649353,0.0,0.35659223794937134,0.0,0.9760674238204956,0.0,1.9221795797348022,0.0,841.436189542932,116.59748717863113
572,-8.184001922607422,-1570.370961704757,0.6107575297355652,0.0,0.36468249559402466,0.0,1.0705604553222656,0.0,2.0460004806518555,0.0,843.4821900235838,116.59748717863113
573,-11.335963249206543,-1581.7069249539636,0.7614763379096985,0.0,0.5841143131256104,0.0,1.4884002208709717,0.0,2.8339908719062805,0.0,846.3161808954901,116.59748717863113
574,-1.4947116374969482,-1583.2016365914606,2.038153886795044,0.0,0.7116849422454834,0.0,0.986940324306488,0.0,3.7367791533470154,0.0,850.0529600488371,116.59748717863113
575,-0.3723887801170349,-1583.5740253715776,0.37498530745506287,0.0,0.02943761646747589,0.0,0.5265489816665649,0.0,0.9309719055891037,0.0,850.9839319544262,116.59748717863113
576,-0.32382524013519287,-1583.8978506117128,0.3568393290042877,0.0,0.0,0.4493982195854187,0.45272377133369446,0.0,0.3601648807525635,0.0,851.3440968351788,116.59748717863113
577,-0.38306838274002075,-1584.2809189944528,0.3527388870716095,0.0,0.18593017756938934,0.0,0.41900184750556946,0.0,0.9576709121465683,0.0,852.3017677473254,116.59748717863113
578,-0.4085320830345154,-1584.6894510774873,0.3514370918273926,0.0,0.18463847041130066,0.0,0.48525458574295044,0.0,1.0213301479816437,0.0,853.323097895307,116.59748717863113
579,-0.3622145354747772,-1585.051665612962,0.35007867217063904,0.0,0.1874297857284546,0.0,0.36802786588668823,0.0,0.9055363237857819,0.0,854.2286342190928,116.59748717863113
580,-0.3944080173969269,-1585.446073630359,0.34860697388648987,0.0,0.20225271582603455,0.0,0.4351603388786316,0.0,0.986020028591156,0.0,855.2146542476839,116.59748717863113
581,-1.621169090270996,-1587.06724272063,3.3222358226776123,0.0,0.23087745904922485,0.0,0.49980950355529785,0.0,4.052922785282135,0.0,859.2675770329661,116.59748717863113
582,-1.0757758617401123,-1588.1430185823701,1.3316127061843872,0.0,0.6040022373199463,0.0,0.7538245916366577,0.0,2.689439535140991,0.0,861.9570165681071,116.59748717863113
583,-2.161489486694336,-1590.3045080690645,1.1802514791488647,0.0,0.358120322227478,0.0,0.6231178045272827,0.0,2.1614896059036255,0.0,864.1185061740107,116.59748717863113
584,-0.9075264930725098,-1591.212034562137,0.0,0.07904624193906784,0.37908220291137695,0.0,0.5284442901611328,0.0,0.8284802511334419,0.0,864.9469864251441,116.59748717863113
585,-0.6259900331497192,-1591.8380245952867,0.0,0.4998004138469696,0.3465421497821808,0.0,0.27944788336753845,0.0,0.12618961930274963,0.0,865.0731760444469,116.59748717863113
586,-0.668305516242981,-1592.5063301115297,0.3174455463886261,0.0,0.35085994005203247,0.0,0.0,0.0797029510140419,0.5886025354266167,0.0,865.6617785798735,116.59748717863113
587,-0.3065478503704071,-1592.8128779619,0.0,0.8096776008605957,0.06313899159431458,0.0,0.24340885877609253,0.0,0.0,0.5031297504901886,865.6617785798735,117.10061692912132
588,-0.2295321226119995,-1593.042410084512,0.0,0.9252549409866333,0.2295321226119995,0.0,0.0,0.10673747211694717,0.0,0.802460290491581,865.6617785798735,117.9030772196129
589,-0.04725603014230728,-1593.0896661146544,0.0,0.8178094029426575,0.04725603014230728,0.0,0.0,0.37475964426994324,0.0,1.1453130170702934,865.6617785798735,119.04839023668319
590,-0.24768568575382233,-1593.3373518004082,0.24066291749477386,0.0,0.007022774778306484,0.0,0.0,0.40530452132225037,0.0,0.15761882904917002,865.6617785798735,119.20600906573236
591,-0.9847373962402344,-1594.3220891966484,0.9442903399467468,0.0,0.040447041392326355,0.0,0.0,0.3160651922225952,0.668672189116478,0.0,866.33045076899,119.20600906573236
592,0.0,-1594.3220891966484,0.0,1.3615317344665527,0.0,0.06697840243577957,0.0,0.01682497002184391,0.0,1.4453351069241762,866.33045076899,120.65134417265654
593,-1.9265769720077515,-1596.2486661686562,0.0,0.07833187282085419,0.026100127026438713,0.0,0.455544114112854,0.0,0.40331236831843853,0.0,866.7337631373084,120.65134417265654
594,-5.0886993408203125,-1601.3373655094765,0.30708345770835876,0.0,0.15865227580070496,0.0,0.8064391613006592,0.0,1.272174894809723,0.0,868.0059380321181,120.65134417265654
595,-15.462564468383789,-1616.7999299778603,2.3147993087768555,0.0,0.35625216364860535,0.0,1.1945897340774536,0.0,3.8656412065029144,0.0,871.871579238621,120.65134417265654
596,-8.493425369262695,-1625.293355347123,0.6107575297355652,0.0,0.41281142830848694,0.0,1.0997874736785889,0.0,2.123356431722641,0.0,873.9949356703437,120.65134417265654
597,-11.154328346252441,-1636.4476836933754,1.539839744567871,0.0,0.43221041560173035,0.0,0.8165318369865417,0.0,2.788581997156143,0.0,876.7835176674998,120.65134417265654
598,-1.1417590379714966,-1637.589442731347,1.5008540153503418,0.0,0.6440021395683289,0.0,0.7095414996147156,0.0,2.8543976545333862,0.0,879.6379153220332,120.65134417265654
599,-0.6937021017074585,-1638.2831448330544,0.3560788035392761,0.0,0.951431393623352,0.0,0.4267451763153076,0.0,1.7342553734779358,0.0,881.3721706955112,120.65134417265654
600,-0.3105164170265198,-1638.593661250081,0.35421058535575867,0.0,0.0,0.9175819158554077,0.42208048701286316,0.0,0.0,0.1412908434867859,881.3721706955112,120.79263501614332
601,-0.37834590673446655,-1638.9720071568154,0.3527388870716095,0.0,0.17412400245666504,0.0,0.41900184750556946,0.0,0.945864737033844,0.0,882.318035432545,120.79263501614332
602,-0.38136348128318787,-1639.3533706380986,0.3514370918273926,0.0,0.1853686422109604,0.0,0.4166029393672943,0.0,0.9534086734056473,0.0,883.2714441059506,120.79263501614332
603,-0.5455844402313232,-1639.89895507833,0.7576619386672974,0.0,0.18746931850910187,0.0,0.4188297688961029,0.0,1.3639610260725021,0.0,884.6354051320232,120.79263501614332
604,-0.7938737869262695,-1640.6928288652562,1.347259283065796,0.0,0.2022647261619568,0.0,0.4351603388786316,0.0,1.9846843481063843,0.0,886.6200894801295,120.79263501614332
605,-0.6786856055259705,-1641.3715144707821,0.9380737543106079,0.0,0.23088812828063965,0.0,0.5277521014213562,0.0,1.6967139840126038,0.0,888.3168034641421,120.79263501614332
606,-0.7122294902801514,-1642.0837439610623,1.0610169172286987,0.0,0.2490430623292923,0.0,0.4705136716365814,0.0,1.7805736511945724,0.0,890.0973771153367,120.79263501614332
607,-1.317131519317627,-1643.40087548038,0.759421706199646,0.0,0.21481603384017944,0.0,0.3428937792778015,0.0,1.317131519317627,0.0,891.4145086346543,120.79263501614332
608,-0.65152907371521,-1644.0524045540951,0.0,0.30828598141670227,0.1623491495847702,0.0,0.48917993903160095,0.0,0.3432431071996689,0.0,891.757751741854,120.79263501614332
609,-2.2933614253997803,-1646.345765979495,0.0,0.43275222182273865,0.17460213601589203,0.0,2.1187593936920166,0.0,1.86060930788517,0.0,893.6183610497392,120.79263501614332
610,-0.020695986226201057,-1646.366461965721,0.0,0.5142026543617249,0.020695986226201057,0.0,0.0,1.0712628364562988,0.0,1.5647695045918226,893.6183610497392,122.35740452073514
611,0.0,-1646.366461965721,0.0,0.8544731736183167,0.0,0.06679539382457733,0.0,0.4775841534137726,0.0,1.3988527208566666,893.6183610497392,123.75625724159181
612,-0.263426274061203,-1646.6298882397823,0.0,1.0591528415679932,0.0,0.06497123837471008,0.263426274061203,0.0,0.0,0.8606978058815002,893.6183610497392,124.61695504747331
613,-0.06951248645782471,-1646.6994007262401,0.0,0.8234636783599854,0.0,0.17688235640525818,0.06951248645782471,0.0,0.0,0.9308335483074188,893.6183610497392,125.54778859578073
614,0.0,-1646.6994007262401,0.0,1.0116024017333984,0.0,0.22340735793113708,0.0,0.21245795488357544,0.0,1.447467714548111,893.6183610497392,126.99525631032884
615,0.0,-1646.6994007262401,0.0,0.8532128930091858,0.0,0.1744413822889328,0.0,0.3796030282974243,0.0,1.407257303595543,893.6183610497392,128.40251361392438
616,0.0,-1646.6994007262401,0.0,0.5380384922027588,0.0,0.17350880801677704,0.0,0.4126986563205719,0.0,1.1242459565401077,893.6183610497392,129.5267595704645
617,-4.595959186553955,-1651.295359912794,0.38442274928092957,0.0,0.0,0.028112348169088364,0.7645670771598816,0.0,1.1208774782717228,0.0,894.7392385280109,129.5267595704645
618,-9.959798812866211,-1661.2551587256603,0.36787644028663635,0.0,1.319522738456726,0.0,0.8025505542755127,0.0,2.489949733018875,0.0,897.2291882610298,129.5267595704645
619,-5.8142547607421875,-1667.0694134864025,0.7303415536880493,0.0,0.0,0.3227250874042511,0.7232221961021423,0.0,1.1308386623859406,0.0,898.3600269234157,129.5267595704645
620,-10.252786636352539,-1677.322200122755,1.3891406059265137,0.0,0.10349568724632263,0.0,1.0705604553222656,0.0,2.563196748495102,0.0,900.9232236719108,129.5267595704645
621,-6.2728142738342285,-1683.5950143965892,0.45421919226646423,0.0,0.29745253920555115,0.0,0.8165318369865417,0.0,1.5682035684585571,0.0,902.4914272403694,129.5267595704645
622,-2.576033115386963,-1686.1710475119762,0.4215100109577179,0.0,4.394377708435059,0.0,1.6241950988769531,0.0,6.44008281826973,0.0,908.9315100586391,129.5267595704645
623,-0.7684516906738281,-1686.93949920265,0.3560788035392761,0.0,0.8087969422340393,0.0,0.7562534809112549,0.0,1.9211292266845703,0.0,910.8526392853237,129.5267595704645
624,-0.7805160880088806,-1687.720015290659,0.35421058535575867,0.0,0.0,0.5949053168296814,1.5970796346664429,0.0,1.3563849031925201,0.0,912.2090241885162,129.5267595704645
625,-0.3821633458137512,-1688.1021786364727,0.3527388870716095,0.0,0.18567471206188202,0.0,0.41699478030204773,0.0,0.9554083794355392,0.0,913.1644325679517,129.5267595704645
626,-0.3749059736728668,-1688.4770846101455,0.3514370918273926,0.0,0.18755710124969482,0.0,0.39827069640159607,0.0,0.9372648894786835,0.0,914.1016974574304,129.5267595704645
627,-0.37033572793006897,-1688.8474203380756,0.319633424282074,0.0,0.18737608194351196,0.0,0.4188297688961029,0.0,0.9258392751216888,0.0,915.0275367325521,129.5267595704645
628,-0.3874034881591797,-1689.2348238262348,0.34860697388648987,0.0,0.20223942399024963,0.0,0.4176623523235321,0.0,0.9685087502002716,0.0,915.9960454827524,129.5267595704645
629,-1.2928465604782104,-1690.527670386713,0.3487769067287445,0.0,0.2308756411075592,0.0,2.652463912963867,0.0,3.232116460800171,0.0,919.2281619435525,129.5267595704645
630,-0.6652621030807495,-1691.1929324897937,0.34246259927749634,0.0,0.31018462777137756,0.0,1.0105080604553223,0.0,1.6631552875041962,0.0,920.8913172310567,129.5267595704645
631,-1.523669958114624,-1692.7166024479084,0.3763113021850586,0.0,0.3105776011943817,0.0,0.8367810249328613,0.0,1.5236699283123016,0.0,922.414987159369,129.5267595704645
632,-1.268888235092163,-1693.9854906830005,0.0,0.37374255061149597,0.8361832499504089,0.0,0.4327050447463989,0.0,0.8951457440853119,0.0,923.3101329034544,129.5267595704645
633,-2.127901792526245,-1696.1133924755268,0.0,0.7184192538261414,0.2372327446937561,0.0,1.8906689882278442,0.0,1.409482479095459,0.0,924.7196153825498,129.5267595704645
634,-0.08819844573736191,-1696.2015909212641,0.0,0.9992810487747192,0.08819844573736191,0.0,0.0,1.4820383787155151,0.0,2.3931209817528725,924.7196153825498,131.91988055221736
635,-0.2831929922103882,-1696.4847839134745,0.0,1.164985179901123,0.2831929922103882,0.0,0.0,0.5730229616165161,0.0,1.454815149307251,924.7196153825498,133.37469570152462
636,0.0,-1696.4847839134745,0.0,1.2253801822662354,0.0,0.14808499813079834,0.0,0.40855467319488525,0.0,1.782019853591919,924.7196153825498,135.15671555511653
637,0.0,-1696.4847839134745,0.0,1.243593454360962,0.0,0.27941322326660156,0.0,0.39769959449768066,0.0,1.9207062721252441,924.7196153825498,137.07742182724178
638,0.0,-1696.4847839134745,0.0,0.6936972141265869,0.0,0.30119627714157104,0.0,1.126915454864502,0.0,2.12180894613266,924.7196153825498,139.19923077337444
639,0.0,-1696.4847839134745,0.0,0.697390615940094,0.0,0.22867080569267273,0.0,0.6626204252243042,0.0,1.588681846857071,924.7196153825498,140.7879126202315
640,-0.41181862354278564,-1696.8966025370173,0.41181862354278564,0.0,0.0,0.20805931091308594,0.0,0.4817996621131897,0.0,0.27804034948349,924.7196153825498,141.065952969715
641,-1.5358631610870361,-1698.4324656981044,0.31945550441741943,0.0,0.0,0.05981552600860596,0.0645102709531784,0.0,0.3241502493619919,0.0,925.0437656319118,141.065952969715
642,-9.751930236816406,-1708.1843959349208,0.5452353954315186,0.0,1.1327673196792603,0.0,0.7599798440933228,0.0,2.4379825592041016,0.0,927.4817481911159,141.065952969715
643,-37.37276077270508,-1745.5571567076258,0.517493724822998,0.0,0.35864752531051636,0.0,8.467048645019531,0.0,9.343189895153046,0.0,936.824938086269,141.065952969715
644,-9.85219955444336,-1755.4093562620692,0.8479077816009521,0.0,0.36468249559402466,0.0,1.2504595518112183,0.0,2.463049829006195,0.0,939.2879879152752,141.065952969715
645,-22.842077255249023,-1778.2514335173182,4.1328816413879395,0.0,0.3876185119152069,0.0,1.1900190114974976,0.0,5.710519164800644,0.0,944.9985070800758,141.065952969715
646,-0.629442572593689,-1778.880876089912,0.4215100109577179,0.0,0.44255486130714417,0.0,0.7095414996147156,0.0,1.5736063718795776,0.0,946.5721134519554,141.065952969715
647,-0.7212368249893188,-1779.6021129149012,0.3560788035392761,0.0,0.920464277267456,0.0,0.5265489816665649,0.0,1.8030920624732971,0.0,948.3752055144287,141.065952969715
648,-0.3227737545967102,-1779.924886669498,0.35421058535575867,0.0,0.0,0.3009627163410187,0.45272377133369446,0.0,0.5059716403484344,0.0,948.8811771547771,141.065952969715
649,-0.3837133049964905,-1780.3085999744944,0.3527388870716095,0.0,0.18754252791404724,0.0,0.41900184750556946,0.0,0.9592832624912262,0.0,949.8404604172683,141.065952969715
650,-0.3820580244064331,-1780.6906579989009,0.3514370918273926,0.0,0.1871049851179123,0.0,0.4166029393672943,0.0,0.9551450163125992,0.0,950.7956054335809,141.065952969715
651,-0.3825397789478302,-1781.0731977778487,0.35007867217063904,0.0,0.18744099140167236,0.0,0.4188297688961029,0.0,0.9563494324684143,0.0,951.7519548660493,141.065952969715
652,-0.39440828561782837,-1781.4676060634665,0.34860697388648987,0.0,0.20225338637828827,0.0,0.4351603388786316,0.0,0.9860206991434097,0.0,952.7379755651928,141.065952969715
653,-0.8393680453300476,-1782.3069741087966,1.3677350282669067,0.0,0.23087544739246368,0.0,0.49980950355529785,0.0,2.0984199792146683,0.0,954.8363955444074,141.065952969715
654,-1.7263559103012085,-1784.0333300190978,2.7056221961975098,0.0,0.24639129638671875,0.0,1.3638761043548584,0.0,4.315889596939087,0.0,959.1522851413465,141.065952969715
655,-2.2332911491394043,-1786.2666211682372,1.1488118171691895,0.0,0.21834512054920197,0.0,0.8661340475082397,0.0,2.233290985226631,0.0,961.3855761265731,141.065952969715
656,-5.0541911125183105,-1791.3208122807555,0.0,0.36626678705215454,0.500525951385498,0.0,4.5536651611328125,0.0,4.687924325466156,0.0,966.0735004520393,141.065952969715
657,-7.683877944946289,-1799.0046902257018,0.0,0.7502269148826599,0.14646469056606293,0.0,7.537413120269775,0.0,6.933650895953178,0.0,973.0071513479925,141.065952969715
658,-1.4486033916473389,-1800.4532936173491,0.0,0.9725360870361328,0.006602431181818247,0.0,1.4420009851455688,0.0,0.4760673292912543,0.0,973.4832186772837,141.065952969715
659,0.0,-1800.4532936173491,0.0,0.24473510682582855,0.0,0.09424187988042831,0.0,0.43421176075935364,0.0,0.7731887474656105,973.4832186772837,141.8391417171806
660,-0.4343595802783966,-1800.8876531976275,0.0,0.9004762172698975,0.4343595802783966,0.0,0.0,0.7895535826683044,0.0,1.2556702196598053,973.4832186772837,143.09481193684042
661,-0.6367893815040588,-1801.5244425791316,0.0,1.1207208633422852,0.0,0.21797694265842438,0.6367893815040588,0.0,0.0,0.7019084244966507,973.4832186772837,143.79672036133707
662,-0.7364920973777771,-1802.2609346765094,0.7364920973777771,0.0,0.0,0.2784642279148102,0.0,0.3462909162044525,0.1117369532585144,0.0,973.5949556305422,143.79672036133707
663,0.0,-1802.2609346765094,0.0,0.8766398429870605,0.0,0.18615472316741943,0.0,1.5221202373504639,0.0,2.584914803504944,973.5949556305422,146.381635164842
664,-0.00890298467129469,-1802.2698376611806,0.00890298467129469,0.0,0.0,0.17176036536693573,0.0,1.0359585285186768,0.0,1.1988159092143178,973.5949556305422,147.58045107405633
665,-0.3979336619377136,-1802.6677713231184,0.0,0.07415522634983063,0.0,0.04232895374298096,0.0994834154844284,0.0,0.0,0.01700076460838318,973.5949556305422,147.5974518386647
666,-6.261115074157715,-1808.928886397276,0.40967029333114624,0.0,0.2636435031890869,0.0,0.8919649124145508,0.0,1.565278708934784,0.0,975.160234339477,147.5974518386647
667,-15.332640647888184,-1824.2615270451643,2.1317942142486572,0.0,0.3581891655921936,0.0,1.3431768417358398,0.0,3.8331602215766907,0.0,978.9933945610537,147.5974518386647
668,-10.646308898925781,-1834.90783594409,0.7031154632568359,0.0,0.878742516040802,0.0,1.0797193050384521,0.0,2.66157728433609,0.0,981.6549718453898,147.5974518386647
669,-67.9278564453125,-1902.8356923894025,7.0275139808654785,0.0,0.9278475046157837,0.0,9.026601791381836,0.0,16.981963276863098,0.0,998.6369351222529,147.5974518386647
670,-0.8314670324325562,-1903.667159421835,0.4215100109577179,0.0,0.0,0.029493212699890137,1.65715754032135,0.0,2.049174338579178,0.0,1000.6861094608321,147.5974518386647
671,-0.6107605695724487,-1904.2779199914075,0.37498530745506287,0.0,0.6253671050071716,0.0,0.5265489816665649,0.0,1.5269013941287994,0.0,1002.2130108549609,147.5974518386647
672,-0.31156793236732483,-1904.5894879237749,0.3568393290042877,0.0,0.0,0.1791442483663559,0.42208048701286316,0.0,0.599775567650795,0.0,1002.8127864226117,147.5974518386647
673,-0.6058153510093689,-1905.1953032747842,0.34507817029953003,0.0,0.7504583597183228,0.0,0.41900184750556946,0.0,1.5145383775234222,0.0,1004.3273248001351,147.5974518386647
674,-0.9659271240234375,-1906.1612303988077,1.7011696100234985,0.0,0.29704520106315613,0.0,0.4166029393672943,0.0,2.414817750453949,0.0,1006.742142550589,147.5974518386647
675,-0.3825647234916687,-1906.5437951222993,0.35007867217063904,0.0,0.18750335276126862,0.0,0.4188297688961029,0.0,0.9564117938280106,0.0,1007.6985543444171,147.5974518386647
676,-0.3944091796875,-1906.9382043019868,0.34860697388648987,0.0,0.20225559175014496,0.0,0.4351603388786316,0.0,0.9860229045152664,0.0,1008.6845772489323,147.5974518386647
677,-0.4317849278450012,-1907.3699892298318,0.3487769067287445,0.0,0.23087584972381592,0.0,0.49980950355529785,0.0,1.0794622600078583,0.0,1009.7640395089402,147.5974518386647
678,-1.0204813480377197,-1908.3904705778696,1.0169463157653809,0.0,1.0625839233398438,0.0,0.47167298197746277,0.0,2.5512032210826874,0.0,1012.3152427300229,147.5974518386647
679,-1.0375131368637085,-1909.4279837147333,0.21681378781795502,0.0,0.23787231743335724,0.0,0.5828270316123962,0.0,1.0375131368637085,0.0,1013.3527558668866,147.5974518386647
680,-0.4406924843788147,-1909.868676199112,0.0,0.1919764280319214,0.22050392627716064,0.0,0.22018855810165405,0.0,0.2487160563468933,0.0,1013.6014719232335,147.5974518386647
681,-0.7578384280204773,-1910.6265146271326,0.4022056460380554,0.0,0.25337982177734375,0.0,0.10225296765565872,0.0,0.7578384354710579,0.0,1014.3593103587045,147.5974518386647
682,-0.3820599615573883,-1911.00857458869,0.0,0.8945507407188416,0.3820599615573883,0.0,0.0,0.0920955017209053,0.0,0.6045862808823586,1014.3593103587045,148.20203811954707
683,-1.620985984802246,-1912.6295605734922,0.0,0.21135073900222778,0.0,0.030194442719221115,1.620985984802246,0.0,1.3794408030807972,0.0,1015.7387511617853,148.20203811954707
684,0.0,-1912.6295605734922,0.0,1.1891871690750122,0.0,0.1299884021282196,0.0,0.2818286418914795,0.0,1.6010042130947113,1015.7387511617853,149.80304233264178
685,0.0,-1912.6295605734922,0.0,1.1782113313674927,0.0,0.24672216176986694,0.0,0.3639719784259796,0.0,1.7889054715633392,1015.7387511617853,151.59194780420512
686,0.0,-1912.6295605734922,0.0,1.0789623260498047,0.0,0.23463253676891327,0.0,0.07611163705587387,0.0,1.3897064998745918,1015.7387511617853,152.9816543040797
687,0.0,-1912.6295605734922,0.0,0.9265273213386536,0.0,0.21109844744205475,0.0,0.8023814558982849,0.0,1.9400072246789932,1015.7387511617853,154.9216615287587
688,-0.4294658899307251,-1913.059026463423,0.4294658899307251,0.0,0.0,0.17130400240421295,0.0,0.42698851227760315,0.0,0.168826624751091,1015.7387511617853,155.0904881535098
689,-5.987172603607178,-1919.04619906703,1.3497508764266968,0.0,0.0,0.01854950562119484,0.14704230427742004,0.0,1.478243675082922,0.0,1017.2169948368683,155.0904881535098
690,-44.431671142578125,-1963.4778702096082,1.4444351196289062,0.0,1.6074070930480957,0.0,8.056076049804688,0.0,11.10791826248169,0.0,1028.32491309935,155.0904881535098
691,-12.882181167602539,-1976.3600513772108,1.0972508192062378,0.0,0.696815550327301,0.0,1.4264789819717407,0.0,3.2205453515052795,0.0,1031.5454584508552,155.0904881535098
692,-5.996800422668457,-1982.3568517998792,0.4469718635082245,0.0,0.7351001501083374,0.0,0.3171280026435852,0.0,1.499200016260147,0.0,1033.0446584671154,155.0904881535098
693,-6.693719387054443,-1989.0505711869337,0.45421919226646423,0.0,0.40903207659721375,0.0,0.8101785778999329,0.0,1.6734298467636108,0.0,1034.718088313879,155.0904881535098
694,-0.6969630718231201,-1989.7475342587568,0.57329261302948,0.0,0.05132293701171875,0.0,1.1177921295166016,0.0,1.7424076795578003,0.0,1036.4604959934368,155.0904881535098
695,-0.5858604907989502,-1990.3333947495557,0.3560788035392761,0.0,0.0,0.0578908771276474,1.1085724830627441,0.0,1.4067604094743729,0.0,1037.8672564029112,155.0904881535098
696,-0.3378080725669861,-1990.6712028221227,0.35421058535575867,0.0,0.0682290568947792,0.0,0.42208048701286316,0.0,0.844520129263401,0.0,1038.7117765321746,155.0904881535098
697,-0.30869629979133606,-1990.979899121914,0.3527388870716095,0.0,0.0,1.0426090955734253,0.41900184750556946,0.0,0.0,0.27086836099624634,1038.7117765321746,155.36135651450604
698,-0.3714733123779297,-1991.351372434292,0.3514370918273926,0.0,0.16064319014549255,0.0,0.4166029393672943,0.0,0.9286832213401794,0.0,1039.6404597535147,155.36135651450604
699,-0.3825116753578186,-1991.7338841096498,0.35007867217063904,0.0,0.18737070262432098,0.0,0.4188297688961029,0.0,0.9562791436910629,0.0,1040.5967388972058,155.36135651450604
700,-0.39440304040908813,-1992.128287150059,0.34860697388648987,0.0,0.20224028825759888,0.0,0.4351603388786316,0.0,0.9860076010227203,0.0,1041.5827464982285,155.36135651450604
701,-0.43178480863571167,-1992.5600719586946,0.3487769067287445,0.0,0.23087558150291443,0.0,0.49980950355529785,0.0,1.0794619917869568,0.0,1042.6622084900155,155.36135651450604
702,-0.4050378203392029,-1992.9651097790338,0.3108523190021515,0.0,0.24310490489006042,0.0,0.4586373567581177,0.0,1.0125945806503296,0.0,1043.6748030706658,155.36135651450604
703,-1.8209704160690308,-1994.7860801951028,1.3067142963409424,0.0,0.20033147931098938,0.0,0.3139246702194214,0.0,1.8209704458713531,0.0,1045.4957735165372,155.36135651450604
704,-1.3224836587905884,-1996.1085638538934,0.7592211961746216,0.0,0.2643275260925293,0.0,0.2989349663257599,0.0,1.3224836885929108,0.0,1046.81825720513,155.36135651450604
705,-2.9930005073547363,-1999.1015643612482,1.9054900407791138,0.0,0.24723315238952637,0.0,0.8402770757675171,0.0,2.9930002689361572,0.0,1049.8112574740662,155.36135651450604
706,-1.3152620792388916,-2000.416826440487,1.2209644317626953,0.0,0.09429768472909927,0.0,0.0,0.18462733924388885,1.1306347772479057,0.0,1050.9418922513141,155.36135651450604
707,-0.0017803049413487315,-2000.4186067454284,0.0,1.0740123987197876,0.0017803049413487315,0.0,0.0,0.3524157404899597,0.0,1.4246478342683986,1050.9418922513141,156.78600434877444
708,-0.06494231522083282,-2000.4835490606492,0.0,1.1632142066955566,0.06494231522083282,0.0,0.0,0.057513393461704254,0.0,1.155785284936428,1050.9418922513141,157.94178963371087
709,-0.3119810223579407,-2000.7955300830072,0.0,0.9385082721710205,0.0,0.16362735629081726,0.3119810223579407,0.0,0.0,0.7901546061038971,1050.9418922513141,158.73194423981477
710,0.0,-2000.7955300830072,0.0,0.5056313276290894,0.0,0.13752496242523193,0.0,0.38076251745224,0.0,1.0239188075065613,1050.9418922513141,159.75586304732133
711,-0.0006525281351059675,-2000.7961826111423,0.0,0.6964879035949707,0.0,0.025233205407857895,0.0006525281351059675,0.0,0.0,0.7210685808677226,1050.9418922513141,160.47693162818905
712,-0.18966397643089294,-2000.9858465875732,0.0,0.03524324670433998,0.0,0.09797130525112152,0.18966397643089294,0.0,0.05644942447543144,0.0,1050.9983416757896,160.47693162818905
713,-3.4942877292633057,-2004.4801343168365,0.20622381567955017,0.0,0.025920702144503593,0.0,0.6414273977279663,0.0,0.8735719155520201,0.0,1051.8719135913416,160.47693162818905
714,-6.017908573150635,-2010.4980428899871,0.3609231412410736,0.0,0.5004211664199829,0.0,0.6431328058242798,0.0,1.5044771134853363,0.0,1053.376390704827,160.47693162818905
715,-8.747198104858398,-2019.2452409948455,0.861149787902832,0.0,0.46824032068252563,0.0,0.8574093580245972,0.0,2.186799466609955,0.0,1055.5631901714369,160.47693162818905
716,-10.541097640991211,-2029.7863386358367,1.2025023698806763,0.0,0.36468249559402466,0.0,1.0680893659591675,0.0,2.6352742314338684,0.0,1058.1984644028707,160.47693162818905
717,-11.977590560913086,-2041.7639291967498,1.5637325048446655,0.0,0.3876185119152069,0.0,1.0430465936660767,0.0,2.994397610425949,0.0,1061.1928620132967,160.47693162818905
718,-1.347766399383545,-2043.1116955961334,0.4215100109577179,0.0,0.28260722756385803,0.0,2.6652984619140625,0.0,3.3694157004356384,0.0,1064.5622777137323,160.47693162818905
