time_step,reward,all_rewards,grid_import_Building_1_kwh,export_Building_1_kwh,grid_import_Building_2_kwh,export_Building_2_kwh,grid_import_Building_3_kwh,export_Building_3_kwh,grid_import_kwh,export_kwh,cumulative_grid_import_kwh,cumulative_export_kwh
0,-1.7140388488769531,-1.7140388488769531,2.033644199371338,0.0,0.5619984865188599,0.0,1.689454197883606,0.0,4.285096883773804,0.0,4.285096883773804,0.0
1,-0.6021565794944763,-2.3161954283714294,0.8462807536125183,0.0,0.18591776490211487,0.0,0.47319296002388,0.0,1.5053914785385132,0.0,5.790488362312317,0.0
2,-0.5420485138893127,-2.858243942260742,0.7249863147735596,0.0,0.18461598455905914,0.0,0.4455188810825348,0.0,1.3551211804151535,0.0,7.14560954272747,0.0
3,-0.5014392733573914,-3.3596832156181335,0.6327978372573853,0.0,0.1873515099287033,0.0,0.433448851108551,0.0,1.2535981982946396,0.0,8.39920774102211,0.0
4,-0.49782103300094604,-3.8575042486190796,0.6071555614471436,0.0,0.20223666727542877,0.0,0.4351603388786316,0.0,1.244552567601204,0.0,9.643760308623314,0.0
5,-0.6925255656242371,-4.550029814243317,1.00062894821167,0.0,0.23087537288665771,0.0,0.49980950355529785,0.0,1.7313138246536255,0.0,11.37507413327694,0.0
6,-1.15556800365448,-5.705597817897797,1.607621669769287,0.0,0.24817126989364624,0.0,1.033126950263977,0.0,2.8889198899269104,0.0,14.26399402320385,0.0
7,-1.763502597808838,-7.4691004157066345,0.5342340469360352,0.0,0.3452141582965851,0.0,0.8840543627738953,0.0,1.7635025680065155,0.0,16.027496591210365,0.0
8,-9.774259567260742,-17.243359982967377,4.653266429901123,0.0,2.933849573135376,0.0,2.187143325805664,0.0,9.774259328842163,0.0,25.80175592005253,0.0
9,-3.2866463661193848,-20.53000634908676,0.48263463377952576,0.0,0.6722479462623596,0.0,2.1317636966705322,0.0,3.2866462767124176,0.0,29.088402196764946,0.0
10,-1.9179718494415283,-22.44797819852829,0.0,0.3569531738758087,0.6334824562072754,0.0,1.284489393234253,0.0,1.5610186755657196,0.0,30.649420872330666,0.0
11,-3.455195903778076,-25.903174102306366,1.8172708749771118,0.0,0.6685148477554321,0.0,0.969410240650177,0.0,3.455195963382721,0.0,34.10461683571339,0.0
12,-1.9672014713287354,-27.8703755736351,0.26597872376441956,0.0,0.9704316258430481,0.0,0.7307910919189453,0.0,1.967201441526413,0.0,36.0718182772398,0.0
13,0.0,-27.8703755736351,0.0,1.293045997619629,0.0,0.2805768847465515,0.0,0.6318330764770508,0.0,2.205455958843231,36.0718182772398,2.205455958843231
14,-2.6816835403442383,-30.55205911397934,1.1042695045471191,0.0,0.9623680114746094,0.0,0.6150459051132202,0.0,2.6816834211349487,0.0,38.75350169837475,2.205455958843231
15,-5.896438121795654,-36.448497235774994,2.219130277633667,0.0,2.2224984169006348,0.0,1.4548097848892212,0.0,5.896438479423523,0.0,44.64994017779827,2.205455958843231
16,-2.5742937326431274,-39.02279096841812,0.0,0.1696302890777588,1.4175413846969604,0.0,1.156752347946167,0.0,2.4046634435653687,0.0,47.05460362136364,2.205455958843231
17,-11.68552017211914,-50.70831114053726,1.2073426246643066,0.0,0.8695511221885681,0.0,0.8444862961769104,0.0,2.921380043029785,0.0,49.975983664393425,2.205455958843231
18,-10.0704927444458,-60.77880388498306,0.4625154137611389,0.0,1.2874456644058228,0.0,0.7676620483398438,0.0,2.5176231265068054,0.0,52.49360679090023,2.205455958843231
19,-9.796884536743164,-70.57568842172623,1.0769085884094238,0.0,0.3912005126476288,0.0,0.9811120629310608,0.0,2.4492211639881134,0.0,54.942827954888344,2.205455958843231
20,-9.521113395690918,-80.09680181741714,0.5288646817207336,0.0,0.780853271484375,0.0,1.0705604553222656,0.0,2.3802784085273743,0.0,57.32310636341572,2.205455958843231
21,-13.147750854492188,-93.24455267190933,0.9365671873092651,0.0,0.3876185119152069,0.0,1.962751865386963,0.0,3.286937564611435,0.0,60.61004392802715,2.205455958843231
22,-1.0331870317459106,-94.27773970365524,0.4215100109577179,0.0,0.19325745105743408,0.0,1.9681999683380127,0.0,2.5829674303531647,0.0,63.19301135838032,2.205455958843231
23,-1.0328195095062256,-95.31055921316147,0.3560788035392761,0.0,0.18901224434375763,0.0,2.0369577407836914,0.0,2.582048788666725,0.0,65.77506014704704,2.205455958843231
24,-0.3854495882987976,-95.69600880146027,0.35421058535575867,0.0,0.18733283877372742,0.0,0.42208048701286316,0.0,0.9636239111423492,0.0,66.73868405818939,2.205455958843231
25,-6.304713249206543,-102.00072205066681,6.637031078338623,0.0,5.0706787109375,0.0,4.054072856903076,0.0,15.7617826461792,0.0,82.50046670436859,2.205455958843231
26,0.0,-102.00072205066681,0.0,1.0216219425201416,0.0,1.2595409154891968,0.0,0.9837827682495117,0.0,3.26494562625885,82.50046670436859,5.470401585102081
27,-0.47419142723083496,-102.47491347789764,0.0,1.1668285131454468,0.0,1.2772892713546753,1.1854785680770874,0.0,0.0,1.2586392164230347,82.50046670436859,6.729040801525116
28,-0.7899170517921448,-103.26483052968979,1.3441137075424194,0.0,0.19551844894886017,0.0,0.4351603388786316,0.0,1.9747924953699112,0.0,84.4752591997385,6.729040801525116
29,-0.8386150002479553,-104.10344552993774,1.3658525943756104,0.0,0.23087537288665771,0.0,0.49980950355529785,0.0,2.096537470817566,0.0,86.57179667055607,6.729040801525116
30,-1.7269411087036133,-105.83038663864136,2.357550621032715,0.0,0.8064035773277283,0.0,1.1533982753753662,0.0,4.317352473735809,0.0,90.88914914429188,6.729040801525116
31,-0.7622600793838501,-106.59264671802521,0.07796920090913773,0.0,0.19240280985832214,0.0,0.49188804626464844,0.0,0.7622600570321083,0.0,91.65140920132399,6.729040801525116
32,-3.49031138420105,-110.08295810222626,0.0,0.36149874329566956,3.0001754760742188,0.0,0.49013590812683105,0.0,3.1288126409053802,0.0,94.78022184222937,6.729040801525116
33,-0.9508003890514374,-111.0337584912777,0.0,0.4318349361419678,0.7027061581611633,0.0,0.24809423089027405,0.0,0.5189654529094696,0.0,95.29918729513884,6.729040801525116
34,-0.44446785748004913,-111.47822634875774,0.06265433132648468,0.0,0.38181352615356445,0.0,0.0,0.018229525536298752,0.4262383319437504,0.0,95.72542562708259,6.729040801525116
35,-0.5458567142486572,-112.0240830630064,0.3224653899669647,0.0,0.2233913242816925,0.0,0.0,0.21491865813732147,0.33093805611133575,0.0,96.05636368319392,6.729040801525116
36,-4.797369956970215,-116.82145301997662,4.797369956970215,0.0,0.0,0.04580845683813095,0.0,0.4474849998950958,4.304076500236988,0.0,100.36044018343091,6.729040801525116
37,-1.7521350383758545,-118.57358805835247,1.7521350383758545,0.0,0.0,0.17027628421783447,0.0,0.596929669380188,0.984929084777832,0.0,101.34536926820874,6.729040801525116
38,0.0,-118.57358805835247,0.0,0.5143934488296509,0.0,0.05979296937584877,0.0,0.06400222331285477,0.0,0.6381886415183544,101.34536926820874,7.36722944304347
39,-0.7720916271209717,-119.34567968547344,0.0,0.6550762057304382,0.7720916271209717,0.0,0.0,0.24682287871837616,0.0,0.1298074573278427,101.34536926820874,7.497036900371313
40,-1.1289808750152588,-120.4746605604887,0.447745680809021,0.0,0.19314506649971008,0.0,0.4880902171134949,0.0,1.128980964422226,0.0,102.47435023263097,7.497036900371313
41,-5.931690454483032,-126.40635101497173,0.0,0.14580199122428894,1.1163161993026733,0.0,0.3666064143180847,0.0,1.3371206223964691,0.0,103.81147085502744,7.497036900371313
42,-9.899267196655273,-136.305618211627,1.109107494354248,0.0,0.2910788059234619,0.0,1.074630618095398,0.0,2.474816918373108,0.0,106.28628777340055,7.497036900371313
43,-6.815476417541504,-143.1210946291685,0.7583456039428711,0.0,0.21914196014404297,0.0,0.7263814806938171,0.0,1.7038690447807312,0.0,107.99015681818128,7.497036900371313
44,-11.773115158081055,-154.89420978724957,2.2908387184143066,0.0,0.20169100165367126,0.0,0.4507490396499634,0.0,2.9432787597179413,0.0,110.93343557789922,7.497036900371313
45,-6.123412132263184,-161.01762191951275,0.6353296637535095,0.0,0.19623863697052002,0.0,0.6992846727371216,0.0,1.5308529734611511,0.0,112.46428855136037,7.497036900371313
46,-5.5814361572265625,-166.5990580767393,5.799878120422363,0.0,4.521030426025391,0.0,3.632681131362915,0.0,13.953589677810669,0.0,126.41787822917104,7.497036900371313
47,0.0,-166.5990580767393,0.0,0.9980766773223877,0.0,1.2392109632492065,0.0,0.9793566465377808,0.0,3.216644287109375,126.41787822917104,10.713681187480688
48,-0.3854495882987976,-166.9845076650381,0.35421058535575867,0.0,0.18733283877372742,0.0,0.42208048701286316,0.0,0.9636239111423492,0.0,127.38150214031339,10.713681187480688
49,-0.383063405752182,-167.3675710707903,0.3527388870716095,0.0,0.18591776490211487,0.0,0.41900184750556946,0.0,0.9576584994792938,0.0,128.33916063979268,10.713681187480688
50,-0.38106241822242737,-167.74863348901272,0.3514370918273926,0.0,0.18461598455905914,0.0,0.4166029393672943,0.0,0.952656015753746,0.0,129.29181665554643,10.713681187480688
51,-0.16753190755844116,-167.91616539657116,0.0,1.164527177810669,0.0,1.258032202720642,0.4188297688961029,0.0,0.0,2.003729611635208,129.29181665554643,12.717410799115896
52,-0.373315691947937,-168.2894810885191,0.3211958706378937,0.0,0.17693297564983368,0.0,0.4351603388786316,0.0,0.933289185166359,0.0,130.22510584071279,12.717410799115896
53,-0.4317846894264221,-168.72126577794552,0.3487769067287445,0.0,0.23087537288665771,0.0,0.49980950355529785,0.0,1.0794617831707,0.0,131.3045676238835,12.717410799115896
54,-0.3967689275741577,-169.11803470551968,0.30258339643478394,0.0,0.23897044360637665,0.0,0.4503684341907501,0.0,0.9919222742319107,0.0,132.2964898981154,12.717410799115896
55,-1.1287806034088135,-170.2468153089285,0.5197288393974304,0.0,0.2986651062965393,0.0,0.31038662791252136,0.0,1.128780573606491,0.0,133.4252704717219,12.717410799115896
56,-1.865159034729004,-172.1119743436575,0.794775664806366,0.0,0.2044009417295456,0.0,0.8659823536872864,0.0,1.865158960223198,0.0,135.29042943194509,12.717410799115896
57,-0.6539461761713028,-172.7659205198288,0.0,0.5403615236282349,0.22833411395549774,0.0,0.42561206221580505,0.0,0.11358465254306793,0.0,135.40401408448815,12.717410799115896
58,-3.4110419750213623,-176.17696249485016,0.18284235894680023,0.0,1.737468957901001,0.0,1.4907306432724,0.0,3.411041960120201,0.0,138.81505604460835,12.717410799115896
59,-1.274584412574768,-177.45154690742493,0.0,1.0440349578857422,1.274584412574768,0.0,0.0,0.3224382996559143,0.0,0.09188884496688843,138.81505604460835,12.809299644082785
60,-0.3657621741294861,-177.8173090815544,0.0,1.0866937637329102,0.3657621741294861,0.0,0.0,0.11811089515686035,0.0,0.8390424847602844,138.81505604460835,13.648342128843069
61,-7.003236293792725,-184.82054537534714,0.0,0.7644610404968262,0.0,0.18274803459644318,7.003236293792725,0.0,6.056027218699455,0.0,144.8710832633078,13.648342128843069
62,0.0,-184.82054537534714,0.0,0.6829460859298706,0.0,0.16892418265342712,0.0,0.05988061800599098,0.0,0.9117508865892887,144.8710832633078,14.560093015432358
63,-2.0864264369010925,-186.90697181224823,1.561369776725769,0.0,0.0,0.013574364595115185,0.5250566601753235,0.0,2.0728520723059773,0.0,146.9439353356138,14.560093015432358
64,-2.13383150100708,-189.0408033132553,0.9007319211959839,0.0,0.011278570629656315,0.0,1.2218209505081177,0.0,2.133831442333758,0.0,149.07776677794755,14.560093015432358
65,-4.178135871887207,-193.21893918514252,0.14395681023597717,0.0,0.21786905825138092,0.0,0.6827080249786377,0.0,1.0445338934659958,0.0,150.12230067141354,14.560093015432358
66,-13.064570426940918,-206.28350961208344,0.9867361783981323,0.0,0.313500314950943,0.0,1.9659061431884766,0.0,3.266142636537552,0.0,153.3884433079511,14.560093015432358
67,-10.057050704956055,-216.3405603170395,0.8331621885299683,0.0,0.35911455750465393,0.0,1.3219858407974243,0.0,2.5142625868320465,0.0,155.90270589478314,14.560093015432358
68,-8.556650161743164,-224.89721047878265,0.6107575297355652,0.0,0.36468249559402466,0.0,1.1637225151062012,0.0,2.139162540435791,0.0,158.04186843521893,14.560093015432358
69,-9.092700958251953,-233.9899114370346,0.6353296637535095,0.0,0.4478263854980469,0.0,1.1900190114974976,0.0,2.273175060749054,0.0,160.31504349596798,14.560093015432358
70,-0.4447058439254761,-234.43461728096008,0.48252609372138977,0.0,0.19325745105743408,0.0,0.4359810948371887,0.0,1.1117646396160126,0.0,161.426808135584,14.560093015432358
71,-0.5947997570037842,-235.02941703796387,0.8712420463562012,0.0,0.18901224434375763,0.0,0.4267451763153076,0.0,1.4869994670152664,0.0,162.91380760259926,14.560093015432358
72,-0.38755255937576294,-235.41696959733963,0.3594680726528168,0.0,0.18733283877372742,0.0,0.42208048701286316,0.0,0.9688813984394073,0.0,163.88268900103867,14.560093015432358
73,-0.383063405752182,-235.8000330030918,0.3527388870716095,0.0,0.18591776490211487,0.0,0.41900184750556946,0.0,0.9576584994792938,0.0,164.84034750051796,14.560093015432358
74,-0.38106241822242737,-236.18109542131424,0.3514370918273926,0.0,0.18461598455905914,0.0,0.4166029393672943,0.0,0.952656015753746,0.0,165.7930035162717,14.560093015432358
75,-0.376414954662323,-236.55751037597656,0.3348560631275177,0.0,0.1873515099287033,0.0,0.4188297688961029,0.0,0.9410373419523239,0.0,166.73404085822403,14.560093015432358
76,-0.3944016098976135,-236.95191198587418,0.34860697388648987,0.0,0.20223666727542877,0.0,0.4351603388786316,0.0,0.9860039800405502,0.0,167.72004483826458,14.560093015432358
77,-0.8505450487136841,-237.80245703458786,1.3677350282669067,0.0,0.23087537288665771,0.0,0.5277521014213562,0.0,2.1263625025749207,0.0,169.8464073408395,14.560093015432358
78,-1.010900855064392,-238.81335788965225,0.3598918616771698,0.0,0.25422030687332153,0.0,1.9131399393081665,0.0,2.527252107858658,0.0,172.37365944869816,14.560093015432358
79,-14.017195701599121,-252.83055359125137,5.7576494216918945,0.0,4.68964958190918,0.0,3.5698964595794678,0.0,14.017195463180542,0.0,186.3908549118787,14.560093015432358
80,-2.233278274536133,-255.0638318657875,0.14558805525302887,0.0,0.36487680673599243,0.0,1.722813367843628,0.0,2.2332782298326492,0.0,188.62413314171135,14.560093015432358
81,-2.1276042461395264,-257.19143611192703,0.8276567459106445,0.0,0.0721484050154686,0.0,1.2277990579605103,0.0,2.1276042088866234,0.0,190.75173735059798,14.560093015432358
82,-2.7621365785598755,-259.9535726904869,1.1301755905151367,0.0,0.0,0.02979702688753605,1.6319609880447388,0.0,2.7323395516723394,0.0,193.48407690227032,14.560093015432358
83,-1.3660794496536255,-261.31965214014053,0.8316859602928162,0.0,0.2927956283092499,0.0,0.24159787595272064,0.0,1.3660794645547867,0.0,194.8501563668251,14.560093015432358
84,-2.1587493419647217,-263.47840148210526,0.0,1.413143515586853,1.317218542098999,0.0,0.8415307998657227,0.0,0.7456058263778687,0.0,195.59576219320297,14.560093015432358
85,-2.534006953239441,-266.0124084353447,0.0,0.10344289988279343,1.213132381439209,0.0,1.320874571800232,0.0,2.4305640533566475,0.0,198.02632624655962,14.560093015432358
86,-1.2719372659921646,-267.28434570133686,0.0,0.5747829079627991,0.08487845957279205,0.0,1.1870588064193726,0.0,0.6971543580293655,0.0,198.72348060458899,14.560093015432358
87,-1.5269627571105957,-268.81130845844746,0.39555931091308594,0.0,0.5952135324478149,0.0,0.53618985414505,0.0,1.526962697505951,0.0,200.25044330209494,14.560093015432358
88,-2.0650277137756348,-270.8763361722231,0.6664116978645325,0.0,0.7570313811302185,0.0,0.641584575176239,0.0,2.06502765417099,0.0,202.31547095626593,14.560093015432358
89,-19.168664932250977,-290.04500110447407,1.987291693687439,0.0,1.858508586883545,0.0,0.9463656544685364,0.0,4.79216593503952,0.0,207.10763689130545,14.560093015432358
90,-6.088956832885742,-296.1339579373598,0.398721843957901,0.0,0.29576143622398376,0.0,0.827755868434906,0.0,1.5222391486167908,0.0,208.62987603992224,14.560093015432358
91,-7.220834732055664,-303.3547926694155,0.5945645570755005,0.0,0.4842626452445984,0.0,0.7263814806938171,0.0,1.805208683013916,0.0,210.43508472293615,14.560093015432358
92,-49.52165985107422,-352.8764525204897,3.988950729370117,0.0,4.691475868225098,0.0,3.6999881267547607,0.0,12.380414724349976,0.0,222.81549944728613,14.560093015432358
93,0.0,-352.8764525204897,0.0,0.49017155170440674,0.0,1.040629267692566,0.0,0.6243087649345398,0.0,2.1551095843315125,222.81549944728613,16.71520259976387
94,-0.38439658284187317,-353.26084910333157,0.0,1.2703239917755127,0.0,1.1349992752075195,0.9609914422035217,0.0,0.0,1.4443318247795105,222.81549944728613,18.15953442454338
95,-0.4620809257030487,-353.7229300290346,0.32121002674102783,0.0,0.3074433207511902,0.0,0.5265489816665649,0.0,1.155202329158783,0.0,223.9707017764449,18.15953442454338
96,-0.39770686626434326,-354.12063689529896,0.35421058535575867,0.0,0.18733283877372742,0.0,0.45272377133369446,0.0,0.9942671954631805,0.0,224.9649689719081,18.15953442454338
97,-0.38226059079170227,-354.50289748609066,0.3527388870716095,0.0,0.18591776490211487,0.0,0.41699478030204773,0.0,0.9556514322757721,0.0,225.92062040418386,18.15953442454338
98,-0.38106241822242737,-354.8839599043131,0.3514370918273926,0.0,0.18461598455905914,0.0,0.4166029393672943,0.0,0.952656015753746,0.0,226.8732764199376,18.15953442454338
99,-0.3825039863586426,-355.26646389067173,0.35007867217063904,0.0,0.1873515099287033,0.0,0.4188297688961029,0.0,0.9562599509954453,0.0,227.82953637093306,18.15953442454338
100,-0.7567803859710693,-356.0232442766428,1.2545539140701294,0.0,0.20223666727542877,0.0,0.4351603388786316,0.0,1.8919509202241898,0.0,229.72148729115725,18.15953442454338
101,-0.44220879673957825,-356.4654530733824,0.3468944728374481,0.0,0.23087537288665771,0.0,0.5277521014213562,0.0,1.105521947145462,0.0,230.8270092383027,18.15953442454338
102,-2.5374794006347656,-359.00293247401714,3.1332976818084717,0.0,1.3672153949737549,0.0,1.843185305595398,0.0,6.3436983823776245,0.0,237.17070762068033,18.15953442454338
103,-7.401485919952393,-366.40441839396954,3.461625337600708,0.0,2.2424330711364746,0.0,1.6974271535873413,0.0,7.401485562324524,0.0,244.57219318300486,18.15953442454338
104,-1.2503057718276978,-367.65472416579723,0.26671406626701355,0.0,0.23807062208652496,0.0,0.745521068572998,0.0,1.2503057569265366,0.0,245.8224989399314,18.15953442454338
105,-0.23039452731609344,-367.8851186931133,0.0,0.4958544075489044,0.23039452731609344,0.0,0.0,0.13957266509532928,0.0,0.40503254532814026,245.8224989399314,18.56456696987152
106,0.0,-367.8851186931133,0.0,1.0164076089859009,0.0,0.015333311632275581,0.0,0.3945979177951813,0.0,1.4263388384133577,245.8224989399314,19.99090580828488
107,-0.5092339515686035,-368.39435264468193,0.0,0.9263487458229065,0.5092339515686035,0.0,0.0,0.5706278085708618,0.0,0.9877426028251648,245.8224989399314,20.978648411110044
108,-5.561096474528313,-373.95544911921024,0.0,0.966838538646698,5.441120147705078,0.0,0.11997632682323456,0.0,4.594257935881615,0.0,250.416756875813,20.978648411110044
109,0.0,-373.95544911921024,0.0,0.7738717198371887,0.0,0.43488988280296326,0.0,0.4543624222278595,0.0,1.6631240248680115,250.416756875813,22.641772435978055
110,0.0,-373.95544911921024,0.0,0.8958898782730103,0.0,0.599341630935669,0.0,0.5466712713241577,0.0,2.041902780532837,250.416756875813,24.683675216510892
111,-8.041460990905762,-381.996910110116,3.524381637573242,0.0,2.0872435569763184,0.0,2.429835796356201,0.0,8.041460990905762,0.0,258.45821786671877,24.683675216510892
112,-1.477487564086914,-383.4743976742029,0.5429503917694092,0.0,0.41641396284103394,0.0,0.5181232690811157,0.0,1.4774876236915588,0.0,259.9357054904103,24.683675216510892
113,-18.521831512451172,-401.9962291866541,1.9222850799560547,0.0,0.6469826698303223,0.0,2.061190128326416,0.0,4.630457878112793,0.0,264.5661633685231,24.683675216510892
114,-12.829387664794922,-414.825616851449,0.37103885412216187,0.0,1.2792996168136597,0.0,1.5570083856582642,0.0,3.2073468565940857,0.0,267.7735102251172,24.683675216510892
115,-20.092050552368164,-434.9176674038172,0.7546690702438354,0.0,1.3454039096832275,0.0,2.9229397773742676,0.0,5.023012757301331,0.0,272.79652298241854,24.683675216510892
116,-59.64251708984375,-494.5601844936609,5.70359468460083,0.0,4.691295146942139,0.0,4.515739917755127,0.0,14.910629749298096,0.0,287.70715273171663,24.683675216510892
117,0.0,-494.5601844936609,0.0,1.0096691846847534,0.0,1.0407949686050415,0.0,0.9601864814758301,0.0,3.010650634765625,287.70715273171663,27.694325851276517
118,-0.282985657453537,-494.84317015111446,0.0,0.9198372960090637,0.0,1.1347988843917847,0.7074641585350037,0.0,0.0,1.3471720218658447,287.70715273171663,29.04149787314236
119,-0.4763208031654358,-495.3194909542799,0.5817528367042542,0.0,0.1823039948940277,0.0,0.4267451763153076,0.0,1.1908020079135895,0.0,288.8979547396302,29.04149787314236
120,-0.3854495882987976,-495.7049405425787,0.35421058535575867,0.0,0.18733283877372742,0.0,0.42208048701286316,0.0,0.9636239111423492,0.0,289.86157865077257,29.04149787314236
121,-0.383063405752182,-496.0880039483309,0.3527388870716095,0.0,0.18591776490211487,0.0,0.41900184750556946,0.0,0.9576584994792938,0.0,290.81923715025187,29.04149787314236
122,-0.38106241822242737,-496.4690663665533,0.3514370918273926,0.0,0.18461598455905914,0.0,0.4166029393672943,0.0,0.952656015753746,0.0,291.7718931660056,29.04149787314236
123,-0.37383416295051575,-496.8429005295038,0.35007867217063904,0.0,0.1873515099287033,0.0,0.39715519547462463,0.0,0.934585377573967,0.0,292.7064785435796,29.04149787314236
124,-0.3944016098976135,-497.23730213940144,0.34860697388648987,0.0,0.20223666727542877,0.0,0.4351603388786316,0.0,0.9860039800405502,0.0,293.69248252362013,29.04149787314236
125,-0.6732375025749207,-497.91053964197636,0.9524089097976685,0.0,0.23087537288665771,0.0,0.49980950355529785,0.0,1.683093786239624,0.0,295.37557630985975,29.04149787314236
126,-7.1278605461120605,-505.0384001880884,7.075279712677002,0.0,1.4237765073776245,0.0,9.320594787597656,0.0,17.819651007652283,0.0,313.19522731751204,29.04149787314236
127,-1.0115041732788086,-506.0499043613672,0.10226792097091675,0.0,0.28070199489593506,0.0,0.628534197807312,0.0,1.0115041136741638,0.0,314.2067314311862,29.04149787314236
128,-0.7270533442497253,-506.77695770561695,0.0,0.21943727135658264,0.26006796956062317,0.0,0.4669853746891022,0.0,0.5076160728931427,0.0,314.71434750407934,29.04149787314236
129,-4.702228546142578,-511.47918625175953,4.173412322998047,0.0,0.13157224655151367,0.0,0.39724376797676086,0.0,4.702228337526321,0.0,319.41657584160566,29.04149787314236
130,-0.21567924320697784,-511.6948654949665,0.0,0.837080717086792,0.10908318310976028,0.0,0.10659606009721756,0.0,0.0,0.6214014738798141,319.41657584160566,29.662899347022176
131,-0.010712550953030586,-511.70557804591954,0.0,1.1622930765151978,0.010712550953030586,0.0,0.0,0.5703308582305908,0.0,1.721911383792758,319.41657584160566,31.384810730814934
132,-0.11713474243879318,-511.82271278835833,0.0,1.1904658079147339,0.11713474243879318,0.0,0.0,0.6025114059448242,0.0,1.675842471420765,319.41657584160566,33.0606532022357
133,-1.499376654624939,-513.3220894429833,0.0,1.2007795572280884,0.868255615234375,0.0,0.631121039390564,0.0,0.2985970973968506,0.0,319.7151729390025,33.0606532022357
134,-1.4992665648460388,-514.8213560078293,0.0,0.6445506811141968,0.8515787720680237,0.0,0.6476877927780151,0.0,0.854715883731842,0.0,320.56988882273436,33.0606532022357
135,-7.626747131347656,-522.448103139177,3.2140705585479736,0.0,2.0569143295288086,0.0,2.3557627201080322,0.0,7.6267476081848145,0.0,328.19663643091917,33.0606532022357
136,-1.8666868209838867,-524.3147899601609,0.43985965847969055,0.0,0.9559313058853149,0.0,0.4708959460258484,0.0,1.8666869103908539,0.0,330.06332334131,33.0606532022357
137,-19.05470848083496,-543.3694984409958,2.815167188644409,0.0,1.107488989830017,0.0,0.8410211205482483,0.0,4.763677299022675,0.0,334.8270006403327,33.0606532022357
138,-8.017797470092773,-551.3872959110886,0.918773353099823,0.0,0.2831476926803589,0.0,0.8025283813476562,0.0,2.004449427127838,0.0,336.83145006746054,33.0606532022357
139,-10.333518981933594,-561.7208148930222,1.6380316019058228,0.0,0.21908357739448547,0.0,0.7262647151947021,0.0,2.5833798944950104,0.0,339.41482996195555,33.0606532022357
140,-40.91211700439453,-602.6329318974167,7.694016456604004,0.0,0.20169100165367126,0.0,2.332322120666504,0.0,10.228029578924179,0.0,349.6428595408797,33.0606532022357
141,-57.27067565917969,-659.9036075565964,6.036374568939209,0.0,4.524178504943848,0.0,3.7571160793304443,0.0,14.317669153213501,0.0,363.9605286940932,33.0606532022357
142,0.0,-659.9036075565964,0.0,0.9519054889678955,0.0,1.235488772392273,0.0,0.9662969708442688,0.0,3.1536912322044373,363.9605286940932,36.214344434440136
143,-0.16986791789531708,-660.0734754744917,0.0,1.1603922843933105,0.0,1.2749961614608765,0.4246697723865509,0.0,0.0,2.010718673467636,363.9605286940932,38.22506310790777
144,-0.3854495882987976,-660.4589250627905,0.35421058535575867,0.0,0.18733283877372742,0.0,0.42208048701286316,0.0,0.9636239111423492,0.0,364.9241526052356,38.22506310790777
145,-0.5642924308776855,-661.0232174936682,0.5866090059280396,0.0,0.18591776490211487,0.0,0.6382042765617371,0.0,1.4107310473918915,0.0,366.33488365262747,38.22506310790777
146,-0.4570200741291046,-661.4802375677973,0.32855209708213806,0.0,0.17819273471832275,0.0,0.6358053684234619,0.0,1.1425502002239227,0.0,367.4774338528514,38.22506310790777
147,-0.4553890824317932,-661.9356266502291,0.33477944135665894,0.0,0.18733562529087067,0.0,0.6163576245307922,0.0,1.1384726911783218,0.0,368.6159065440297,38.22506310790777
148,-0.41193777322769165,-662.3475644234568,0.34860697388648987,0.0,0.20223666727542877,0.0,0.4790008068084717,0.0,1.0298444479703903,0.0,369.6457509920001,38.22506310790777
149,-2.2582478523254395,-664.6058122757822,2.3998217582702637,0.0,1.3571373224258423,0.0,1.8886604309082031,0.0,5.645619511604309,0.0,375.2913705036044,38.22506310790777
150,-2.2727439403533936,-666.8785562161356,2.2849538326263428,0.0,1.378410816192627,0.0,2.0184950828552246,0.0,5.681859731674194,0.0,380.9732302352786,38.22506310790777
151,-1.8946971893310547,-668.7732534054667,0.3870762586593628,0.0,0.7691993117332458,0.0,0.738421618938446,0.0,1.8946971893310547,0.0,382.86792742460966,38.22506310790777
152,-2.5260660648345947,-671.2993194703013,1.4906659126281738,0.0,0.729051947593689,0.0,0.30634817481040955,0.0,2.5260660350322723,0.0,385.39399345964193,38.22506310790777
153,-0.19011560082435608,-671.4894350711256,0.0,0.5706719756126404,0.19011560082435608,0.0,0.0,0.02427547238767147,0.0,0.4048318471759558,385.39399345964193,38.62989495508373
154,-0.2923145890235901,-671.7817496601492,0.0,0.7727327942848206,0.2923145890235901,0.0,0.0,0.27234557271003723,0.0,0.7527637779712677,385.39399345964193,39.382658733054996
155,-9.175369262695312,-680.9571189228445,6.585570335388184,0.0,1.58272123336792,0.0,1.0070786476135254,0.0,9.175370216369629,0.0,394.56936367601156,39.382658733054996
156,-0.291073739528656,-681.2481926623732,0.0,0.03266453742980957,0.0,0.14224159717559814,0.291073739528656,0.0,0.11616760492324829,0.0,394.6855312809348,39.382658733054996
157,0.0,-681.2481926623732,0.0,0.49131590127944946,0.0,0.2452315241098404,0.0,0.2801191210746765,0.0,1.0166665464639664,394.6855312809348,40.39932527951896
158,-0.8337987065315247,-682.0819913689047,0.0,0.7494138479232788,0.8337987065315247,0.0,0.0,0.6091670989990234,0.0,0.5247822403907776,394.6855312809348,40.92410751990974
159,-1.4627183675765991,-683.5447097364813,1.4627183675765991,0.0,0.0,0.2047167718410492,0.0,0.6147118210792542,0.6432897746562958,0.0,395.3288210555911,40.92410751990974
160,-2.7250008583068848,-686.2697105947882,1.061845302581787,0.0,0.9616400003433228,0.0,0.701515793800354,0.0,2.725001096725464,0.0,398.05382215231657,40.92410751990974
161,-19.581085205078125,-705.8507957998663,2.48807430267334,0.0,1.1198649406433105,0.0,1.2873319387435913,0.0,4.895271182060242,0.0,402.9490933343768,40.92410751990974
162,-16.561370849609375,-722.4121666494757,1.0783368349075317,0.0,1.2839975357055664,0.0,1.7780084609985352,0.0,4.140342831611633,0.0,407.08943616598845,40.92410751990974
163,-12.978249549865723,-735.3904161993414,0.6995631456375122,0.0,1.345164179801941,0.0,1.1998350620269775,0.0,3.2445623874664307,0.0,410.3339985534549,40.92410751990974
164,-11.466395378112793,-746.8568115774542,1.4313558340072632,0.0,0.36468249559402466,0.0,1.0705604553222656,0.0,2.8665987849235535,0.0,413.20059733837843,40.92410751990974
165,-7.724128246307373,-754.5809398237616,0.5447744131088257,0.0,0.19623863697052002,0.0,1.1900190114974976,0.0,1.9310320615768433,0.0,415.1316293999553,40.92410751990974
166,-0.39589303731918335,-754.9768328610808,0.3604939579963684,0.0,0.19325745105743408,0.0,0.4359810948371887,0.0,0.9897325038909912,0.0,416.12136190384626,40.92410751990974
167,-0.38873451948165894,-755.3655673805624,0.3560788035392761,0.0,0.18901224434375763,0.0,0.4267451763153076,0.0,0.9718362241983414,0.0,417.0931981280446,40.92410751990974
168,-0.3854495882987976,-755.7510169688612,0.35421058535575867,0.0,0.18733283877372742,0.0,0.42208048701286316,0.0,0.9636239111423492,0.0,418.05682203918695,40.92410751990974
169,-0.383063405752182,-756.1340803746134,0.3527388870716095,0.0,0.18591776490211487,0.0,0.41900184750556946,0.0,0.9576584994792938,0.0,419.01448053866625,40.92410751990974
170,-0.38106241822242737,-756.5151427928358,0.3514370918273926,0.0,0.18461598455905914,0.0,0.4166029393672943,0.0,0.952656015753746,0.0,419.96713655442,40.92410751990974
171,-0.3825039863586426,-756.8976467791945,0.35007867217063904,0.0,0.1873515099287033,0.0,0.4188297688961029,0.0,0.9562599509954453,0.0,420.92339650541544,40.92410751990974
172,-0.3944016098976135,-757.2920483890921,0.34860697388648987,0.0,0.20223666727542877,0.0,0.4351603388786316,0.0,0.9860039800405502,0.0,421.909400485456,40.92410751990974
173,-1.458889365196228,-758.7509377542883,2.916538715362549,0.0,0.23087537288665771,0.0,0.49980950355529785,0.0,3.6472235918045044,0.0,425.5566240772605,40.92410751990974
174,-1.6169466972351074,-760.3678844515234,1.411741852760315,0.0,0.8027651309967041,0.0,1.8278599977493286,0.0,4.042366981506348,0.0,429.59899105876684,40.92410751990974
175,-2.0968093872070312,-762.4646938387305,0.1516353189945221,0.0,0.7369452714920044,0.0,1.2082287073135376,0.0,2.096809297800064,0.0,431.6958003565669,40.92410751990974
176,-2.834852933883667,-765.2995467726141,1.1688817739486694,0.0,0.7728756070137024,0.0,0.8930955529212952,0.0,2.834852933883667,0.0,434.5306532904506,40.92410751990974
177,-0.18657486140727997,-765.4861216340214,0.0,0.6238800287246704,0.18657486140727997,0.0,0.0,0.031356967985630035,0.0,0.4686621353030205,434.5306532904506,41.39276965521276
178,-0.03914664313197136,-765.5252682771534,0.0,0.9074476957321167,0.03914664313197136,0.0,0.0,0.2856380045413971,0.0,1.1539390571415424,434.5306532904506,42.5467087123543
179,-0.19224512577056885,-765.7175134029239,0.0,1.0420626401901245,0.19224512577056885,0.0,0.0,0.45010045170783997,0.0,1.2999179661273956,434.5306532904506,43.8466266784817
180,0.0,-765.7175134029239,0.0,1.1424123048782349,0.0,0.10660106688737869,0.0,0.5544579029083252,0.0,1.8034712746739388,434.5306532904506,45.65009795315564
181,-0.9072238206863403,-766.6247372236103,0.0,0.8901332020759583,0.9072238206863403,0.0,0.0,0.5087555646896362,0.0,0.49166494607925415,434.5306532904506,46.14176289923489
182,-0.8962207436561584,-767.5209579672664,0.0,0.9799602627754211,0.8962207436561584,0.0,0.0,0.48432299494743347,0.0,0.5680625140666962,434.5306532904506,46.70982541330159
183,-2.2436177730560303,-769.7645757403225,1.217983365058899,0.0,0.0,0.16624821722507477,1.0256344079971313,0.0,2.0773695558309555,0.0,436.60802284628153,46.70982541330159
184,-1.9437048435211182,-771.7082805838436,0.4706668555736542,0.0,0.9713348746299744,0.0,0.501703143119812,0.0,1.9437048733234406,0.0,438.55172771960497,46.70982541330159
185,-12.742259979248047,-784.4505405630916,1.019048810005188,0.0,1.1168324947357178,0.0,1.0496834516525269,0.0,3.1855647563934326,0.0,441.7372924759984,46.70982541330159
186,-10.162530899047852,-794.6130714621395,0.6814900636672974,0.0,1.2805780172348022,0.0,0.5785647034645081,0.0,2.5406327843666077,0.0,444.277925260365,46.70982541330159
187,-61.68755340576172,-856.3006248679012,6.3163557052612305,0.0,4.687662124633789,0.0,4.417870044708252,0.0,15.421887874603271,0.0,459.6998131349683,46.70982541330159
188,-36.41666030883789,-892.7172851767391,3.0518152713775635,0.0,1.6463398933410645,0.0,4.406009674072266,0.0,9.104164838790894,0.0,468.8039779737592,46.70982541330159
189,-3.2982916831970215,-896.0155768599361,0.0,0.3812638521194458,0.0,0.5677884817123413,0.8245729207992554,0.0,0.0,0.12447941303253174,468.8039779737592,46.83430482633412
190,0.0,-896.0155768599361,0.0,1.7073931694030762,0.0,1.7089933156967163,0.0,0.1739073395729065,0.0,3.590293824672699,468.8039779737592,50.42459865100682
191,-0.19318021833896637,-896.2087570782751,0.3155868649482727,0.0,0.15058323740959167,0.0,0.016780436038970947,0.0,0.4829505383968353,0.0,469.286928512156,50.42459865100682
192,-0.5120689868927002,-896.7208260651678,0.6707591414451599,0.0,0.18733283877372742,0.0,0.42208048701286316,0.0,1.2801724672317505,0.0,470.56710097938776,50.42459865100682
193,-0.42881786823272705,-897.1496439334005,0.34507817029953003,0.0,0.307964563369751,0.0,0.41900184750556946,0.0,1.0720445811748505,0.0,471.6391455605626,50.42459865100682
194,-0.38106241822242737,-897.5307063516229,0.3514370918273926,0.0,0.18461598455905914,0.0,0.4166029393672943,0.0,0.952656015753746,0.0,472.59180157631636,50.42459865100682
195,-0.3825039863586426,-897.9132103379816,0.35007867217063904,0.0,0.1873515099287033,0.0,0.4188297688961029,0.0,0.9562599509954453,0.0,473.5480615273118,50.42459865100682
196,-0.3944016098976135,-898.3076119478792,0.34860697388648987,0.0,0.20223666727542877,0.0,0.4351603388786316,0.0,0.9860039800405502,0.0,474.53406550735235,50.42459865100682
197,-1.3457692861557007,-899.6533812340349,1.3761818408966064,0.0,0.79400634765625,0.0,1.1942349672317505,0.0,3.364423155784607,0.0,477.89848866313696,50.42459865100682
198,-1.6628748178482056,-901.3162560518831,2.2045345306396484,0.0,0.8040204644203186,0.0,1.1486319303512573,0.0,4.157186925411224,0.0,482.0556755885482,50.42459865100682
199,-3.197237253189087,-904.5134933050722,1.125339388847351,0.0,0.8656190633773804,0.0,1.2062788009643555,0.0,3.197237253189087,0.0,485.25291284173727,50.42459865100682
200,-1.9017574787139893,-906.4152507837862,1.3969422578811646,0.0,0.24484512209892273,0.0,0.25997012853622437,0.0,1.9017575085163116,0.0,487.1546703502536,50.42459865100682
201,-0.29184219241142273,-906.7070929761976,0.0,0.6303125619888306,0.23515954613685608,0.0,0.05668264627456665,0.0,0.0,0.33847036957740784,487.1546703502536,50.763069020584226
202,-0.11333481408655643,-906.8204277902842,0.0,0.9267101287841797,0.10197068750858307,0.0,0.011364126577973366,0.0,0.0,0.8133753146976233,487.1546703502536,51.57644433528185
203,-6.605735778808594,-913.4261635690928,2.538308620452881,0.0,1.8467069864273071,0.0,2.2207205295562744,0.0,6.605736136436462,0.0,493.76040648669004,51.57644433528185
204,-0.008087906055152416,-913.4342514751479,0.0,0.35866621136665344,0.008087906055152416,0.0,0.0,0.16686540842056274,0.0,0.5174437137320638,493.76040648669004,52.09388804901391
205,-4.995195211842656,-918.4294466869906,0.0,0.08942629396915436,0.025905432179570198,0.0,4.969289779663086,0.0,4.905768917873502,0.0,498.66617540456355,52.09388804901391
206,-1.3493021428585052,-919.7787488298491,0.487641304731369,0.0,0.0,0.1010127067565918,0.8616608381271362,0.0,1.2482894361019135,0.0,499.91446484066546,52.09388804901391
207,-0.40926867723464966,-920.1880175070837,0.1957930475473404,0.0,0.05972663313150406,0.0,0.1537490040063858,0.0,0.40926868468523026,0.0,500.3237335253507,52.09388804901391
208,-0.23267818614840508,-920.4206956932321,0.0,0.24827715754508972,0.04585401341319084,0.0,0.18682417273521423,0.0,0.0,0.015598971396684647,500.3237335253507,52.1094870204106
209,-4.363675594329834,-924.784371287562,0.1961147040128708,0.0,0.1650208830833435,0.0,0.729783296585083,0.0,1.0909188836812973,0.0,501.414652409032,52.1094870204106
210,-10.066301345825195,-934.8506726333871,0.3991195857524872,0.0,0.29596030712127686,0.0,1.8214954137802124,0.0,2.5165753066539764,0.0,503.93122771568596,52.1094870204106
211,-61.337677001953125,-996.1883496353403,6.23517370223999,0.0,4.685553073883057,0.0,4.413691997528076,0.0,15.334418773651123,0.0,519.2656464893371,52.1094870204106
212,-32.450340270996094,-1028.6386899063364,2.819027900695801,0.0,1.6462609767913818,0.0,3.6472954750061035,0.0,8.112584352493286,0.0,527.3782308418304,52.1094870204106
213,-27.39714241027832,-1056.0358323166147,2.698420763015747,0.0,1.5220184326171875,0.0,2.6288466453552246,0.0,6.849285840988159,0.0,534.2275166828185,52.1094870204106
214,-0.22574582695960999,-1056.2615781435743,0.0,0.42088887095451355,0.0,0.013150691986083984,0.5643645524978638,0.0,0.13032498955726624,0.0,534.3578416723758,52.1094870204106
215,0.0,-1056.2615781435743,0.0,1.7035040855407715,0.0,1.8795323371887207,0.0,0.7355066537857056,0.0,4.318543076515198,534.3578416723758,56.428030096925795
216,-0.3865010738372803,-1056.6480792174116,0.3568393290042877,0.0,0.18733283877372742,0.0,0.42208048701286316,0.0,0.9662526547908783,0.0,535.3240943271667,56.428030096925795
217,-0.3799991011619568,-1057.0280783185735,0.34507817029953003,0.0,0.18591776490211487,0.0,0.41900184750556946,0.0,0.9499977827072144,0.0,536.2740921098739,56.428030096925795
218,-0.2701313905417919,-1057.2982097091153,0.5289559364318848,0.0,0.14637252688407898,0.0,0.0,0.5191206932067871,0.15620777010917664,0.0,536.4302998799831,56.428030096925795
219,-0.3760685324668884,-1057.6742782415822,0.3495500683784485,0.0,0.18687689304351807,0.0,0.40374431014060974,0.0,0.9401712715625763,0.0,537.3704711515456,56.428030096925795
220,-0.3944016098976135,-1058.0686798514798,0.34860697388648987,0.0,0.20223666727542877,0.0,0.4351603388786316,0.0,0.9860039800405502,0.0,538.3564751315862,56.428030096925795
221,-0.9848334193229675,-1059.0535132708028,1.7313987016677856,0.0,0.23087537288665771,0.0,0.49980950355529785,0.0,2.462083578109741,0.0,540.8185587096959,56.428030096925795
222,-1.3094534873962402,-1060.362966758199,1.328688383102417,0.0,0.8014514446258545,0.0,1.1434940099716187,0.0,3.27363383769989,0.0,544.0921925473958,56.428030096925795
223,-0.5891687870025635,-1060.9521355452016,0.057517584413290024,0.0,0.20612981915473938,0.0,0.3255213499069214,0.0,0.5891687534749508,0.0,544.6813613008708,56.428030096925795
224,-0.21486059576272964,-1061.1669961409643,0.0,0.39134976267814636,0.1452266275882721,0.0,0.06963396817445755,0.0,0.0,0.17648916691541672,544.6813613008708,56.60451926384121
225,-0.2449120432138443,-1061.4119081841782,0.0,0.7491872310638428,0.2449120432138443,0.0,0.0,0.11053763329982758,0.0,0.614812821149826,544.6813613008708,57.21933208499104
226,-0.10591587424278259,-1061.517824058421,0.0,0.9638462066650391,0.10591587424278259,0.0,0.0,0.16139096021652222,0.0,1.0193212926387787,544.6813613008708,58.23865337762982
227,0.0,-1061.517824058421,0.0,1.1795684099197388,0.0,0.028032707050442696,0.0,0.5876062512397766,0.0,1.795207368209958,544.6813613008708,60.033860745839775
228,-0.03794948011636734,-1061.5557735385373,0.0,0.9936406016349792,0.03794948011636734,0.0,0.0,0.27996915578842163,0.0,1.2356602773070335,544.6813613008708,61.26952102314681
229,-8.180971145629883,-1069.7367446841672,0.0,1.003985047340393,8.180971145629883,0.0,0.0,0.6080606579780579,6.568925440311432,0.0,551.2502867411822,61.26952102314681
230,0.0,-1069.7367446841672,0.0,1.0160142183303833,0.0,0.1581920087337494,0.0,0.5203769207000732,0.0,1.694583147764206,551.2502867411822,62.964104170911014
231,0.0,-1069.7367446841672,0.0,0.6432213187217712,0.0,0.04518565908074379,0.0,0.31277215480804443,0.0,1.0011791326105595,551.2502867411822,63.96528330352157
232,-5.730368614196777,-1075.467113298364,4.113112926483154,0.0,0.0,0.008898989297449589,1.617255687713623,0.0,5.721469624899328,0.0,556.9717563660815,63.96528330352157
233,-2.5672082901000977,-1078.034321588464,0.07977397739887238,0.0,0.14066290855407715,0.0,0.4213652014732361,0.0,0.6418020874261856,0.0,557.6135584535077,63.96528330352157
234,-9.7849760055542,-1087.8192975940183,1.3207228183746338,0.0,0.5330559015274048,0.0,0.592465341091156,0.0,2.4462440609931946,0.0,560.0598025145009,63.96528330352157
235,-10.172307968139648,-1097.991605562158,0.8556849360466003,0.0,0.3578053414821625,0.0,1.3295866250991821,0.0,2.543076902627945,0.0,562.6028794171289,63.96528330352157
236,-7.932244777679443,-1105.9238503398374,1.1676297187805176,0.0,0.36468249559402466,0.0,0.4507490396499634,0.0,1.9830612540245056,0.0,564.5859406711534,63.96528330352157
237,-58.54641342163086,-1164.4702637614682,5.863667964935303,0.0,4.523741722106934,0.0,4.249194145202637,0.0,14.636603832244873,0.0,579.2225445033982,63.96528330352157
238,0.0,-1164.4702637614682,0.0,0.3453202545642853,0.0,1.2357172966003418,0.0,0.9710323214530945,0.0,2.5520698726177216,579.2225445033982,66.5173531761393
239,-0.16986390948295593,-1164.6401276709512,0.0,1.160125494003296,0.0,1.2747193574905396,0.42465975880622864,0.0,0.0,2.010185092687607,579.2225445033982,68.5275382688269
240,-0.3854495882987976,-1165.02557725925,0.35421058535575867,0.0,0.18733283877372742,0.0,0.42208048701286316,0.0,0.9636239111423492,0.0,580.1861684145406,68.5275382688269
241,-0.383063405752182,-1165.4086406650022,0.3527388870716095,0.0,0.18591776490211487,0.0,0.41900184750556946,0.0,0.9576584994792938,0.0,581.1438269140199,68.5275382688269
242,-0.3744159936904907,-1165.7830566586927,0.3412325382232666,0.0,0.17820453643798828,0.0,0.4166029393672943,0.0,0.9360400140285492,0.0,582.0798669280484,68.5275382688269
243,-0.3824670910835266,-1166.1655237497762,0.3500022292137146,0.0,0.18733574450016022,0.0,0.4188297688961029,0.0,0.9561677426099777,0.0,583.0360346706584,68.5275382688269
244,-0.38925331830978394,-1166.554777068086,0.3357362449169159,0.0,0.20223666727542877,0.0,0.4351603388786316,0.0,0.9731332510709763,0.0,584.0091679217294,68.5275382688269
245,-0.44220879673957825,-1166.9969858648255,0.3468944728374481,0.0,0.23087537288665771,0.0,0.5277521014213562,0.0,1.105521947145462,0.0,585.1146898688748,68.5275382688269
246,-2.692633628845215,-1169.6896194936708,1.3636397123336792,0.0,0.8055227398872375,0.0,4.5624213218688965,0.0,6.731583774089813,0.0,591.8462736429647,68.5275382688269
247,-4.1616339683532715,-1173.851253462024,2.1625139713287354,0.0,0.7746247053146362,0.0,1.2244954109191895,0.0,4.161634087562561,0.0,596.0079077305272,68.5275382688269
248,-2.2600769996643066,-1176.1113304616883,0.7994797825813293,0.0,1.0725849866867065,0.0,0.38801226019859314,0.0,2.260077029466629,0.0,598.2679847599939,68.5275382688269
249,-0.9932252466678619,-1177.1045557083562,0.0,0.16169406473636627,0.2862636148929596,0.0,0.7069616317749023,0.0,0.8315311819314957,0.0,599.0995159419253,68.5275382688269
250,0.0,-1177.1045557083562,0.0,0.5522568821907043,0.0,0.01259163673967123,0.0,0.14417864382266998,0.0,0.7090271627530456,599.0995159419253,69.23656543157995
251,0.0,-1177.1045557083562,0.0,0.8463038802146912,0.0,0.06984102725982666,0.0,0.48367542028427124,0.0,1.399820327758789,599.0995159419253,70.63638575933874
252,-9.18427062034607,-1186.2888263287023,0.0,1.100285291671753,5.367477893829346,0.0,3.8167927265167236,0.0,8.083985328674316,0.0,607.1835012705997,70.63638575933874
253,0.0,-1186.2888263287023,0.0,1.0048272609710693,0.0,0.15461088716983795,0.0,0.693827748298645,0.0,1.8532658964395523,607.1835012705997,72.48965165577829
254,-5.9188567996025085,-1192.2076831283048,5.203329086303711,0.0,0.0,0.577225387096405,0.7155277132987976,0.0,5.3416314125061035,0.0,612.5251326831058,72.48965165577829
255,-2.2729289531707764,-1194.4806120814756,1.232638955116272,0.0,0.0,0.16560088098049164,1.0402899980545044,0.0,2.1073280721902847,0.0,614.632460755296,72.48965165577829
256,-2.786498546600342,-1197.267110628076,1.2205657958984375,0.0,1.0022997856140137,0.0,0.5636328458786011,0.0,2.7864984273910522,0.0,617.4189591826871,72.48965165577829
257,-14.517230033874512,-1211.7843406619504,1.6034835577011108,0.0,1.1332602500915527,0.0,0.89256352186203,0.0,3.6293073296546936,0.0,621.0482665123418,72.48965165577829
258,-11.70552921295166,-1223.489869874902,0.836626410484314,0.0,1.282760739326477,0.0,0.8069952130317688,0.0,2.92638236284256,0.0,623.9746488751844,72.48965165577829
259,-11.377297401428223,-1234.8671672763303,0.5181800127029419,0.0,1.3452800512313843,0.0,0.9808642864227295,0.0,2.8443243503570557,0.0,626.8189732255414,72.48965165577829
260,-7.856637001037598,-1242.723804277368,0.4469718635082245,0.0,0.20169100165367126,0.0,1.3154963254928589,0.0,1.9641591906547546,0.0,628.7831324161962,72.48965165577829
261,-34.455078125,-1277.178882402368,0.3636639416217804,0.0,0.19623863697052002,0.0,8.05386734008789,0.0,8.613769918680191,0.0,637.3969023348764,72.48965165577829
262,-5.514458179473877,-1282.6933405818418,5.616644382476807,0.0,4.519843578338623,0.0,3.6496565341949463,0.0,13.786144495010376,0.0,651.1830468298867,72.48965165577829
263,0.0,-1282.6933405818418,0.0,0.5589965581893921,0.0,1.2399985790252686,0.0,0.500131368637085,0.0,2.2991265058517456,651.1830468298867,74.78877816163003
264,-0.3854495882987976,-1283.0787901701406,0.35421058535575867,0.0,0.18733283877372742,0.0,0.42208048701286316,0.0,0.9636239111423492,0.0,652.1466707410291,74.78877816163003
265,-0.16717451810836792,-1283.245964688249,0.0,1.1462489366531372,0.0,1.2589304447174072,0.4179362952709198,0.0,0.0,1.9872430860996246,652.1466707410291,76.77602124772966
266,-0.3599843978881836,-1283.6059490861371,0.32403457164764404,0.0,0.15932346880435944,0.0,0.4166029393672943,0.0,0.8999609798192978,0.0,653.0466317208484,76.77602124772966
267,-0.3825039863586426,-1283.9884530724958,0.35007867217063904,0.0,0.1873515099287033,0.0,0.4188297688961029,0.0,0.9562599509954453,0.0,654.0028916718438,76.77602124772966
268,-0.3944016098976135,-1284.3828546823934,0.34860697388648987,0.0,0.20223666727542877,0.0,0.4351603388786316,0.0,0.9860039800405502,0.0,654.9888956518844,76.77602124772966
269,-0.44220879673957825,-1284.825063479133,0.3468944728374481,0.0,0.23087537288665771,0.0,0.5277521014213562,0.0,1.105521947145462,0.0,656.0944175990298,76.77602124772966
270,-1.327096939086914,-1286.1521604182199,1.3624169826507568,0.0,0.8049114346504211,0.0,1.1504138708114624,0.0,3.3177422881126404,0.0,659.4121598871425,76.77602124772966
271,-2.9344186782836914,-1289.0865790965036,1.1377812623977661,0.0,0.7717373967170715,0.0,1.024899959564209,0.0,2.9344186186790466,0.0,662.3465785058215,76.77602124772966
272,-0.4473426192998886,-1289.5339217158034,0.0,0.30443722009658813,0.29079610109329224,0.0,0.15654651820659637,0.0,0.14290539920330048,0.0,662.4894839050248,76.77602124772966
273,-0.865479126572609,-1290.399400842376,0.0,0.48703962564468384,0.7553882002830505,0.0,0.11009092628955841,0.0,0.3784395009279251,0.0,662.8679234059528,76.77602124772966
274,-0.017429426312446594,-1290.4168302686885,0.017429426312446594,0.0,0.0,0.007893882691860199,0.0,0.3797190487384796,0.0,0.3701835051178932,662.8679234059528,77.14620475284755
275,-0.008054452948272228,-1290.4248847216368,0.008054452948272228,0.0,0.0,0.03747405856847763,0.0,0.418941468000412,0.0,0.4483610736206174,662.8679234059528,77.59456582646817
276,-5.589179992675781,-1296.0140647143126,0.0,1.138273000717163,5.589179992675781,0.0,0.0,0.5503185391426086,3.9005884528160095,0.0,666.7685118587688,77.59456582646817
277,0.0,-1296.0140647143126,0.0,1.0237867832183838,0.0,0.35211047530174255,0.0,0.09319671243429184,0.0,1.4690939709544182,666.7685118587688,79.06365979742259
278,-0.723732054233551,-1296.737796768546,0.0,1.038109540939331,0.0,0.5739087462425232,0.723732054233551,0.0,0.0,0.8882862329483032,666.7685118587688,79.95194603037089
279,-3.240354537963867,-1299.97815130651,3.240354537963867,0.0,0.0,0.15215057134628296,0.0,0.49624112248420715,2.591962844133377,0.0,669.3604747029021,79.95194603037089
280,-8.459726452827454,-1308.4378777593374,7.267529487609863,0.0,0.0,0.15689289569854736,1.1921969652175903,0.0,8.302833557128906,0.0,677.663308260031,79.95194603037089
281,-16.45229148864746,-1324.8901692479849,1.9356064796447754,0.0,0.8301161527633667,0.0,1.347350001335144,0.0,4.113072633743286,0.0,681.7763808937743,79.95194603037089
282,-10.009737014770508,-1334.8999062627554,1.3047536611557007,0.0,0.27689045667648315,0.0,0.9207901358604431,0.0,2.502434253692627,0.0,684.278815147467,79.95194603037089
283,-21.671411514282227,-1356.5713177770376,1.331661581993103,0.0,0.3581482172012329,0.0,3.7280430793762207,0.0,5.417852878570557,0.0,689.6966680260375,79.95194603037089
284,-69.05255126953125,-1425.6238690465689,6.401920795440674,0.0,4.691047668457031,0.0,6.170169830322266,0.0,17.26313829421997,0.0,706.9598063202575,79.95194603037089
285,-10.826910018920898,-1436.4507790654898,0.0,0.6913650035858154,0.0,0.9212554097175598,2.7067275047302246,0.0,1.0941070914268494,0.0,708.0539134116843,79.95194603037089
286,-3.2774341106414795,-1439.7282131761312,0.0,0.9272291660308838,0.0,1.1338831186294556,8.193585395812988,0.0,6.132473111152649,0.0,714.186386522837,79.95194603037089
287,-0.6743624806404114,-1440.4025756567717,0.34554237127304077,0.0,0.1823437213897705,0.0,1.15802001953125,0.0,1.6859061121940613,0.0,715.872292635031,79.95194603037089
288,-0.48250019550323486,-1440.885075852275,0.35421058535575867,0.0,0.18733283877372742,0.0,0.6647070646286011,0.0,1.2062504887580872,0.0,717.0785431237891,79.95194603037089
289,-0.383063405752182,-1441.268139258027,0.3527388870716095,0.0,0.18591776490211487,0.0,0.41900184750556946,0.0,0.9576584994792938,0.0,718.0362016232684,79.95194603037089
290,-0.47684574127197266,-1441.744984999299,0.3514370918273926,0.0,0.42407429218292236,0.0,0.4166029393672943,0.0,1.1921143233776093,0.0,719.228315946646,79.95194603037089
291,-0.3825039863586426,-1442.1274889856577,0.35007867217063904,0.0,0.1873515099287033,0.0,0.4188297688961029,0.0,0.9562599509954453,0.0,720.1845758976415,79.95194603037089
292,-0.3944016098976135,-1442.5218905955553,0.34860697388648987,0.0,0.20223666727542877,0.0,0.4351603388786316,0.0,0.9860039800405502,0.0,721.170579877682,79.95194603037089
293,-0.4317846894264221,-1442.9536752849817,0.3487769067287445,0.0,0.23087537288665771,0.0,0.49980950355529785,0.0,1.0794617831707,0.0,722.2500416608527,79.95194603037089
294,-0.7850555181503296,-1443.738730803132,0.3086540102958679,0.0,0.24200575053691864,0.0,1.4119789600372314,0.0,1.962638720870018,0.0,724.2126803817227,79.95194603037089
295,-4.34940242767334,-1448.0881332308054,1.079450011253357,0.0,0.8666271567344666,0.0,2.403325319290161,0.0,4.349402487277985,0.0,728.5620828690007,79.95194603037089
296,-1.5320606231689453,-1449.6201938539743,0.0,0.30276864767074585,0.7282388210296631,0.0,0.8038218021392822,0.0,1.2292919754981995,0.0,729.7913748444989,79.95194603037089
297,-0.15505149960517883,-1449.7752453535795,0.0,0.6869267225265503,0.15505149960517883,0.0,0.0,0.0944036915898323,0.0,0.6262789145112038,729.7913748444989,80.5782249448821
298,-0.17815127596259117,-1449.953396629542,0.0,0.9478568434715271,0.018942054361104965,0.0,0.1592092216014862,0.0,0.0,0.7697055675089359,729.7913748444989,81.34793051239103
299,-0.2190306931734085,-1450.1724273227155,0.0,0.976818859577179,0.2190306931734085,0.0,0.0,0.38485661149024963,0.0,1.14264477789402,729.7913748444989,82.49057529028505
300,-9.215200424194336,-1459.3876277469099,0.0,1.0798332691192627,5.37792444229126,0.0,3.837275981903076,0.0,8.135367155075073,0.0,737.926741999574,82.49057529028505
301,0.0,-1459.3876277469099,0.0,1.1599277257919312,0.0,0.5406943559646606,0.0,0.7389431595802307,0.0,2.4395652413368225,737.926741999574,84.93014053162187
302,0.0,-1459.3876277469099,0.0,1.032222032546997,0.0,0.23371729254722595,0.0,0.6592313647270203,0.0,1.9251706898212433,737.926741999574,86.85531122144312
303,-3.271459937095642,-1462.6590876840055,2.266378164291382,0.0,0.0,1.6209211349487305,1.0050817728042603,0.0,1.6505388021469116,0.0,739.5772808017209,86.85531122144312
304,-3.9882739782333374,-1466.6473616622388,2.619044780731201,0.0,0.0,0.18506614863872528,1.3692291975021362,0.0,3.803207829594612,0.0,743.3804886313155,86.85531122144312
305,-11.703033447265625,-1478.3503951095045,0.991116464138031,0.0,1.102866291999817,0.0,0.8317756652832031,0.0,2.925758421421051,0.0,746.3062470527366,86.85531122144312
306,-5.105081081390381,-1483.4554761908948,0.43507087230682373,0.0,0.27634379267692566,0.0,0.5648555755615234,0.0,1.2762702405452728,0.0,747.5825172932819,86.85531122144312
307,-63.79706954956055,-1547.2525457404554,6.869729518890381,0.0,4.685321807861328,0.0,4.3942155838012695,0.0,15.949266910552979,0.0,763.5317842038348,86.85531122144312
308,-34.765193939208984,-1582.0177396796644,3.432140350341797,0.0,1.9493765830993652,0.0,3.309781551361084,0.0,8.691298484802246,0.0,772.2230826886371,86.85531122144312
309,-3.7887840270996094,-1585.806523706764,0.0,0.47228124737739563,0.0,0.5685522556304932,0.9471960067749023,0.0,0.0,0.09363749623298645,772.2230826886371,86.9489487176761
310,-0.14431218802928925,-1585.9508358947933,0.0,1.6457743644714355,0.0,0.7501809000968933,0.3607804775238037,0.0,0.0,2.035174787044525,772.2230826886371,88.98412350472063
311,-0.472398042678833,-1586.423233937472,0.7888453006744385,0.0,0.15060639381408691,0.0,0.24154338240623474,0.0,1.1809950768947601,0.0,773.4040777655318,88.98412350472063
312,-0.3854495882987976,-1586.808683525771,0.35421058535575867,0.0,0.18733283877372742,0.0,0.42208048701286316,0.0,0.9636239111423492,0.0,774.3677016766742,88.98412350472063
313,-0.4307340979576111,-1587.2394176237285,0.3527388870716095,0.0,0.3050944209098816,0.0,0.41900184750556946,0.0,1.0768351554870605,0.0,775.4445368321612,88.98412350472063
314,-0.38106241822242737,-1587.620480041951,0.3514370918273926,0.0,0.18461598455905914,0.0,0.4166029393672943,0.0,0.952656015753746,0.0,776.397192847915,88.98412350472063
315,-0.3825039863586426,-1588.0029840283096,0.35007867217063904,0.0,0.1873515099287033,0.0,0.4188297688961029,0.0,0.9562599509954453,0.0,777.3534527989104,88.98412350472063
316,-0.3944016098976135,-1588.3973856382072,0.34860697388648987,0.0,0.20223666727542877,0.0,0.4351603388786316,0.0,0.9860039800405502,0.0,778.339456778951,88.98412350472063
317,-0.4310317635536194,-1588.8284174017608,0.3468944728374481,0.0,0.23087537288665771,0.0,0.49980950355529785,0.0,1.0775793492794037,0.0,779.4170361282304,88.98412350472063
318,-0.6169724464416504,-1589.4453898482025,0.773635745048523,0.0,0.30857521295547485,0.0,0.4602200984954834,0.0,1.5424310564994812,0.0,780.9594671847299,88.98412350472063
319,-5.703677177429199,-1595.1490670256317,3.6099977493286133,0.0,0.8835747838020325,0.0,1.2101043462753296,0.0,5.703676879405975,0.0,786.6631440641358,88.98412350472063
320,-3.2213481664657593,-1598.3704151920974,0.0,0.337597131729126,1.0635040998458862,0.0,2.157844066619873,0.0,2.8837510347366333,0.0,789.5468950988725,88.98412350472063
321,-0.13882970809936523,-1598.5092449001968,0.0,0.7193703055381775,0.13882970809936523,0.0,0.0,0.1268472671508789,0.0,0.7073878645896912,789.5468950988725,89.69151136931032
322,-0.34943366050720215,-1598.858678560704,0.0,1.0019334554672241,0.34943366050720215,0.0,0.0,0.3801237940788269,0.0,1.0326235890388489,789.5468950988725,90.72413495834917
323,-1.9672794342041016,-1600.825957994908,0.0,0.04444405809044838,1.0583152770996094,0.0,0.9089641571044922,0.0,1.9228353761136532,0.0,791.4697304749861,90.72413495834917
324,-1.2137436866760254,-1602.0397016815841,1.2137436866760254,0.0,0.0,0.013881473802030087,0.0,0.6073720455169678,0.5924901673570275,0.0,792.0622206423432,90.72413495834917
325,-2.7257847785949707,-1604.765486460179,1.071484088897705,0.0,0.9198969602584839,0.0,0.7344037890434265,0.0,2.7257848381996155,0.0,794.7880054805428,90.72413495834917
326,-1.563222348690033,-1606.3287088088691,0.0,1.0266070365905762,0.8728973865509033,0.0,0.6903249621391296,0.0,0.5366153120994568,0.0,795.3246207926422,90.72413495834917
327,-2.3064430952072144,-1608.6351519040763,1.2993853092193604,0.0,0.0,0.17553649842739105,1.007057785987854,0.0,2.1309065967798233,0.0,797.4555273894221,90.72413495834917
328,-2.7453008890151978,-1611.3804527930915,1.5794854164123535,0.0,0.0,0.17008362710475922,1.1658154726028442,0.0,2.5752172619104385,0.0,800.0307446513325,90.72413495834917
329,-14.2586030960083,-1625.6390558890998,0.9230409264564514,0.0,1.80970299243927,0.0,0.8319067358970642,0.0,3.5646506547927856,0.0,803.5953953061253,90.72413495834917
330,-9.894830703735352,-1635.5338865928352,0.42546793818473816,0.0,1.268921971321106,0.0,0.7793176174163818,0.0,2.473707526922226,0.0,806.0691028330475,90.72413495834917
331,-63.66869354248047,-1699.2025801353157,5.999615669250488,0.0,4.862583160400391,0.0,5.05497407913208,0.0,15.917172908782959,0.0,821.9862757418305,90.72413495834917
332,-37.718955993652344,-1736.921536128968,2.8190202713012695,0.0,1.6462490558624268,0.0,4.9644694328308105,0.0,9.429738759994507,0.0,831.416014501825,90.72413495834917
333,-1.3123728036880493,-1738.233908932656,0.0,0.3818237781524658,0.0,0.5686626434326172,0.32809320092201233,0.0,0.0,0.6223932206630707,831.416014501825,91.34652817901224
334,0.0,-1738.233908932656,0.0,1.4805424213409424,0.0,1.7078641653060913,0.0,0.43488460779190063,0.0,3.6232911944389343,831.416014501825,94.96981937345117
335,-0.38243651390075684,-1738.6163454465568,0.31560462713241577,0.0,0.15060971677303314,0.0,0.48987698554992676,0.0,0.9560913294553757,0.0,832.3721058312804,94.96981937345117
336,-0.3854495882987976,-1739.0017950348556,0.35421058535575867,0.0,0.18733283877372742,0.0,0.42208048701286316,0.0,0.9636239111423492,0.0,833.3357297424227,94.96981937345117
337,-0.383063405752182,-1739.3848584406078,0.3527388870716095,0.0,0.18591776490211487,0.0,0.41900184750556946,0.0,0.9576584994792938,0.0,834.293388241902,94.96981937345117
338,-0.38106241822242737,-1739.7659208588302,0.3514370918273926,0.0,0.18461598455905914,0.0,0.4166029393672943,0.0,0.952656015753746,0.0,835.2460442576557,94.96981937345117
339,-0.3825039863586426,-1740.1484248451889,0.35007867217063904,0.0,0.1873515099287033,0.0,0.4188297688961029,0.0,0.9562599509954453,0.0,836.2023042086512,94.96981937345117
340,-0.8197687268257141,-1740.9681935720146,1.412024736404419,0.0,0.20223666727542877,0.0,0.4351603388786316,0.0,2.0494217425584793,0.0,838.2517259512097,94.96981937345117
341,-2.2582478523254395,-1743.22644142434,2.3998217582702637,0.0,1.3571373224258423,0.0,1.8886604309082031,0.0,5.645619511604309,0.0,843.897345462814,94.96981937345117
342,-0.4914790391921997,-1743.7179204635322,0.3177548944950104,0.0,0.31123512983322144,0.0,0.5997075438499451,0.0,1.2286975681781769,0.0,845.1260430309922,94.96981937345117
343,-4.548192024230957,-1748.2661124877632,1.1371679306030273,0.0,0.8715333342552185,0.0,2.5394906997680664,0.0,4.548191964626312,0.0,849.6742349956185,94.96981937345117
344,-9.281511306762695,-1757.5476237945259,1.6969701051712036,0.0,6.05824613571167,0.0,1.5262950658798218,0.0,9.281511306762695,0.0,858.9557463023812,94.96981937345117
345,-2.4181222915649414,-1759.9657460860908,0.0,0.6684800982475281,2.043917655944824,0.0,0.3742046356201172,0.0,1.7496421933174133,0.0,860.7053884956986,94.96981937345117
346,-0.5046385526657104,-1760.4703846387565,0.0,0.8657894134521484,0.5046385526657104,0.0,0.0,0.06333417445421219,0.0,0.4244850352406502,860.7053884956986,95.39430440869182
347,-1.0554454326629639,-1761.5258300714195,0.0,1.0811127424240112,1.0554454326629639,0.0,0.0,0.3135860860347748,0.0,0.33925339579582214,860.7053884956986,95.73355780448765
348,-9.151224374771118,-1770.6770544461906,0.0,1.0756162405014038,5.356542110443115,0.0,3.794682264328003,0.0,8.075608134269714,0.0,868.7809966299683,95.73355780448765
349,0.0,-1770.6770544461906,0.0,1.0898463726043701,0.0,0.5295330882072449,0.0,0.7067732214927673,0.0,2.3261526823043823,868.7809966299683,98.05971048679203
350,-0.8500936627388,-1771.5271481089294,0.0,0.026807889342308044,0.0,0.3904115855693817,0.8500936627388,0.0,0.4328741878271103,0.0,869.2138708177954,98.05971048679203
351,-1.3447391986846924,-1772.871887307614,1.3447391986846924,0.0,0.0,0.13450603187084198,0.0,0.4610081911087036,0.7492249757051468,0.0,869.9630957935005,98.05971048679203
352,-2.0526864528656006,-1774.9245737604797,0.547777533531189,0.0,0.9819585084915161,0.0,0.5229504108428955,0.0,2.0526864528656006,0.0,872.0157822463661,98.05971048679203
353,-17.55274772644043,-1792.4773214869201,2.2006490230560303,0.0,1.1197128295898438,0.0,1.067825198173523,0.0,4.388187050819397,0.0,876.4039692971855,98.05971048679203
354,-11.382952690124512,-1803.8602741770446,0.5882323384284973,0.0,1.2753522396087646,0.0,0.982153594493866,0.0,2.845738172531128,0.0,879.2497074697167,98.05971048679203
355,-11.661643981933594,-1815.5219181589782,0.5922967791557312,0.0,1.3442699909210205,0.0,0.9788442850112915,0.0,2.915411055088043,0.0,882.1651185248047,98.05971048679203
356,-9.145607948303223,-1824.6675261072814,0.6107575297355652,0.0,0.36468249559402466,0.0,1.3109619617462158,0.0,2.2864019870758057,0.0,884.4515205118805,98.05971048679203
357,-64.24830627441406,-1888.9158323816955,7.591553688049316,0.0,4.7139081954956055,0.0,3.756614923477173,0.0,16.062076807022095,0.0,900.5135973189026,98.05971048679203
358,0.0,-1888.9158323816955,0.0,0.9526652097702026,0.0,1.236402153968811,0.0,0.708179771900177,0.0,2.8972471356391907,900.5135973189026,100.95695762243122
359,-0.9965745806694031,-1889.912406962365,0.0,1.1594629287719727,0.0,1.2738902568817139,2.49143648147583,0.0,0.058083295822143555,0.0,900.5716806147248,100.95695762243122
360,-0.3854495882987976,-1890.2978565506637,0.35421058535575867,0.0,0.18733283877372742,0.0,0.42208048701286316,0.0,0.9636239111423492,0.0,901.5353045258671,100.95695762243122
361,-0.4236218333244324,-1890.7214783839881,0.3424888253211975,0.0,0.2975638508796692,0.0,0.41900184750556946,0.0,1.0590545237064362,0.0,902.5943590495735,100.95695762243122
362,-0.3810250163078308,-1891.102503400296,0.3513599634170532,0.0,0.18459965288639069,0.0,0.4166029393672943,0.0,0.9525625556707382,0.0,903.5469216052443,100.95695762243122
363,-0.3825039863586426,-1891.4850073866546,0.35007867217063904,0.0,0.1873515099287033,0.0,0.4188297688961029,0.0,0.9562599509954453,0.0,904.5031815562397,100.95695762243122
364,-0.383042573928833,-1891.8680499605834,0.3357362449169159,0.0,0.18670983612537384,0.0,0.4351603388786316,0.0,0.9576064199209213,0.0,905.4607879761606,100.95695762243122
365,-0.43417853116989136,-1892.3022284917533,0.3468944728374481,0.0,0.238742396235466,0.0,0.49980950355529785,0.0,1.085446372628212,0.0,906.5462343487889,100.95695762243122
366,-1.3617528676986694,-1893.663981359452,1.3712012767791748,0.0,0.8739824891090393,0.0,1.1591981649398804,0.0,3.4043819308280945,0.0,909.950616279617,100.95695762243122
367,-4.83780574798584,-1898.5017871074378,2.897237777709961,0.0,0.8864492177963257,0.0,1.0541183948516846,0.0,4.837805390357971,0.0,914.7884216699749,100.95695762243122
368,-0.7520660758018494,-1899.2538531832397,0.0,0.1338678002357483,0.3272620737552643,0.0,0.4248040020465851,0.0,0.6181982755661011,0.0,915.406619945541,100.95695762243122
369,-0.9698960781097412,-1900.2237492613494,0.14676064252853394,0.0,0.42874759435653687,0.0,0.394387811422348,0.0,0.9698960483074188,0.0,916.3765159938484,100.95695762243122
370,-2.153414487838745,-1902.3771637491882,0.5908964276313782,0.0,0.7289772629737854,0.0,0.8335407972335815,0.0,2.153414487838745,0.0,918.5299304816872,100.95695762243122
371,-0.08802532404661179,-1902.4651890732348,0.0,0.9015223383903503,0.08802532404661179,0.0,0.0,0.004361285828053951,0.0,0.8178583001717925,918.5299304816872,101.77481592260301
372,-2.8227717876434326,-1905.2879608608782,2.5415303707122803,0.0,0.09124017506837845,0.0,0.19000130891799927,0.0,2.822771854698658,0.0,921.3527023363858,101.77481592260301
373,0.0,-1905.2879608608782,0.0,0.9138545989990234,0.0,0.043571170419454575,0.0,0.39401775598526,0.0,1.351443525403738,921.3527023363858,103.12625944800675
374,-0.03735210373997688,-1905.3253129646182,0.0,0.6446906328201294,0.03735210373997688,0.0,0.0,0.2543701231479645,0.0,0.861708652228117,921.3527023363858,103.98796810023487
375,0.0,-1905.3253129646182,0.0,0.6583986282348633,0.0,0.1270235776901245,0.0,0.11020905524492264,0.0,0.8956312611699104,921.3527023363858,104.88359936140478
376,-3.09195077419281,-1908.417263738811,2.581608533859253,0.0,0.0,0.03169924393296242,0.5103422403335571,0.0,3.0602515302598476,0.0,924.4129538666457,104.88359936140478
377,-7.227620601654053,-1915.644884340465,1.5050020217895508,0.0,0.11727970838546753,0.0,0.1846233606338501,0.0,1.8069050908088684,0.0,926.2198589574546,104.88359936140478
378,-7.573293685913086,-1923.2181780263782,0.8175526261329651,0.0,0.2798459529876709,0.0,0.7959249019622803,0.0,1.8933234810829163,0.0,928.1131824385375,104.88359936140478
379,-11.247644424438477,-1934.4658224508166,0.9985082149505615,0.0,0.3572947680950165,0.0,1.4561080932617188,0.0,2.8119110763072968,0.0,930.9250935148448,104.88359936140478
380,-14.70458984375,-1949.1704122945666,1.52295982837677,0.0,0.36468249559402466,0.0,1.7885050773620605,0.0,3.6761474013328552,0.0,934.6012409161776,104.88359936140478
381,-11.406282424926758,-1960.5766947194934,0.9929230809211731,0.0,0.6686283349990845,0.0,1.1900190114974976,0.0,2.851570427417755,0.0,937.4528113435954,104.88359936140478
382,-0.5541300177574158,-1961.1308247372508,0.48252609372138977,0.0,0.19325745105743408,0.0,0.7095414996147156,0.0,1.3853250443935394,0.0,938.8381363879889,104.88359936140478
383,-0.38873451948165894,-1961.5195592567325,0.3560788035392761,0.0,0.18901224434375763,0.0,0.4267451763153076,0.0,0.9718362241983414,0.0,939.8099726121873,104.88359936140478
384,-0.3854495882987976,-1961.9050088450313,0.35421058535575867,0.0,0.18733283877372742,0.0,0.42208048701286316,0.0,0.9636239111423492,0.0,940.7735965233296,104.88359936140478
385,-0.383063405752182,-1962.2880722507834,0.3527388870716095,0.0,0.18591776490211487,0.0,0.41900184750556946,0.0,0.9576584994792938,0.0,941.7312550228089,104.88359936140478
386,-0.38106241822242737,-1962.6691346690059,0.3514370918273926,0.0,0.18461598455905914,0.0,0.4166029393672943,0.0,0.952656015753746,0.0,942.6839110385627,104.88359936140478
387,-0.3825039863586426,-1963.0516386553645,0.35007867217063904,0.0,0.1873515099287033,0.0,0.4188297688961029,0.0,0.9562599509954453,0.0,943.6401709895581,104.88359936140478
388,-0.4587799906730652,-1963.5104186460376,0.34860697388648987,0.0,0.36318257451057434,0.0,0.4351603388786316,0.0,1.1469498872756958,0.0,944.7871208768338,104.88359936140478
389,-0.4461085796356201,-1963.9565272256732,0.3487769067287445,0.0,0.238742396235466,0.0,0.5277521014213562,0.0,1.1152714043855667,0.0,945.9023922812194,104.88359936140478
390,-1.8700435161590576,-1965.8265707418323,1.33143949508667,0.0,1.9290889501571655,0.0,1.4145804643630981,0.0,4.675108909606934,0.0,950.5775011908263,104.88359936140478
391,-4.372485637664795,-1970.199056379497,1.1543771028518677,0.0,1.144735336303711,0.0,2.073373317718506,0.0,4.3724857568740845,0.0,954.9499869477004,104.88359936140478
392,-1.5022823810577393,-1971.7013387605548,0.25774627923965454,0.0,0.35324275493621826,0.0,0.8912932872772217,0.0,1.5022823214530945,0.0,956.4522692691535,104.88359936140478
393,-7.874381065368652,-1979.5757198259234,2.805042028427124,0.0,2.124185562133789,0.0,2.94515323638916,0.0,7.874380826950073,0.0,964.3266500961035,104.88359936140478
394,-1.5600091516971588,-1981.1357289776206,0.0,0.5358102321624756,0.2749073803424835,0.0,1.2851017713546753,0.0,1.0241989195346832,0.0,965.3508490156382,104.88359936140478
395,-0.7341304421424866,-1981.869859419763,0.0,0.35644495487213135,0.2166476845741272,0.0,0.5174827575683594,0.0,0.3776854872703552,0.0,965.7285345029086,104.88359936140478
396,-7.166900634765625,-1989.0367600545287,5.3932013511657715,0.0,0.17484444379806519,0.0,1.5988550186157227,0.0,7.166900813579559,0.0,972.8954353164881,104.88359936140478
397,-0.34171247482299805,-1989.3784725293517,0.0,0.06488997489213943,0.1906745284795761,0.0,0.15103794634342194,0.0,0.2768224999308586,0.0,973.172257816419,104.88359936140478
398,-0.0801943987607956,-1989.4586669281125,0.0,0.3616254925727844,0.0801943987607956,0.0,0.0,0.04360410198569298,0.0,0.3250351957976818,973.172257816419,105.20863455720246
399,-0.7797586619853973,-1990.238425590098,0.6481359601020813,0.0,0.13162270188331604,0.0,0.0,0.13371360301971436,0.646045058965683,0.0,973.8183028753847,105.20863455720246
400,-1.2503453493118286,-1991.4887709394097,0.9426003694534302,0.0,0.13181371986865997,0.0,0.1759311854839325,0.0,1.2503452748060226,0.0,975.0686481501907,105.20863455720246
401,-5.136585712432861,-1996.6253566518426,0.20092672109603882,0.0,0.5062978267669678,0.0,0.5769218802452087,0.0,1.2841464281082153,0.0,976.3527945782989,105.20863455720246
402,-7.140779495239258,-2003.7661361470819,0.5019849538803101,0.0,0.4273751974105835,0.0,0.8558346629142761,0.0,1.7851948142051697,0.0,978.1379893925041,105.20863455720246
403,-9.340612411499023,-2013.1067485585809,0.8840000033378601,0.0,0.47447291016578674,0.0,0.9766800999641418,0.0,2.3351530134677887,0.0,980.4731424059719,105.20863455720246
404,-8.702505111694336,-2021.8092536702752,0.9750229120254517,0.0,0.20169100165367126,0.0,0.9989123344421387,0.0,2.1756262481212616,0.0,982.6487686540931,105.20863455720246
405,-9.534673690795898,-2031.343927361071,0.5447744131088257,0.0,0.784104585647583,0.0,1.0547893047332764,0.0,2.383668303489685,0.0,985.0324369575828,105.20863455720246
406,-0.7306020259857178,-2032.0745293870568,0.48252609372138977,0.0,0.19325745105743408,0.0,1.150721549987793,0.0,1.8265050947666168,0.0,986.8589420523494,105.20863455720246
407,-0.3962970972061157,-2032.470826484263,0.37498530745506287,0.0,0.18901224434375763,0.0,0.4267451763153076,0.0,0.9907427281141281,0.0,987.8496847804636,105.20863455720246
408,-0.576275110244751,-2033.0471015945077,0.3568393290042877,0.0,0.18733283877372742,0.0,0.8965155482292175,0.0,1.4406877160072327,0.0,989.2903724964708,105.20863455720246
409,-0.3799991011619568,-2033.4271006956697,0.34507817029953003,0.0,0.18591776490211487,0.0,0.41900184750556946,0.0,0.9499977827072144,0.0,990.240370279178,105.20863455720246
410,-0.3759951591491699,-2033.8030958548188,0.33876895904541016,0.0,0.18461598455905914,0.0,0.4166029393672943,0.0,0.9399878829717636,0.0,991.1803581621498,105.20863455720246
411,-0.3825039863586426,-2034.1855998411775,0.35007867217063904,0.0,0.1873515099287033,0.0,0.4188297688961029,0.0,0.9562599509954453,0.0,992.1366181131452,105.20863455720246
412,-0.3944016098976135,-2034.580001451075,0.34860697388648987,0.0,0.20223666727542877,0.0,0.4351603388786316,0.0,0.9860039800405502,0.0,993.1226220931858,105.20863455720246
413,-1.505231499671936,-2036.085232950747,3.0323939323425293,0.0,0.23087537288665771,0.0,0.49980950355529785,0.0,3.763078808784485,0.0,996.8857009019703,105.20863455720246
414,-1.257326602935791,-2037.3425595536828,0.967478334903717,0.0,1.4486463069915771,0.0,0.7271917462348938,0.0,3.143316388130188,0.0,1000.0290172901005,105.20863455720246
415,-1.1755759716033936,-2038.5181355252862,0.14348652958869934,0.0,0.3252641260623932,0.0,0.7068252563476562,0.0,1.1755759119987488,0.0,1001.2045932020992,105.20863455720246
416,-1.3784908056259155,-2039.896626330912,0.0,0.09780334681272507,0.36970365047454834,0.0,1.0087871551513672,0.0,1.2806874588131905,0.0,1002.4852806609124,105.20863455720246
417,-1.8017152547836304,-2041.6983415856957,0.0,0.31128448247909546,1.5204766988754272,0.0,0.2812385559082031,0.0,1.490430772304535,0.0,1003.9757114332169,105.20863455720246
418,-6.643699645996094,-2048.342041231692,2.1045613288879395,0.0,1.5168694257736206,0.0,3.0222690105438232,0.0,6.643699765205383,0.0,1010.6194111984223,105.20863455720246
419,-5.633893013000488,-2053.9759342446923,2.4101028442382812,0.0,1.9150885343551636,0.0,1.3087013959884644,0.0,5.633892774581909,0.0,1016.2533039730042,105.20863455720246
420,-2.0340799689292908,-2056.0100142136216,0.0,0.5201259255409241,0.8061240315437317,0.0,1.227955937385559,0.0,1.5139540433883667,0.0,1017.7672580163926,105.20863455720246
421,-4.239416122436523,-2060.249430336058,3.225623846054077,0.0,0.017452159896492958,0.0,0.996340274810791,0.0,4.239416280761361,0.0,1022.006674297154,105.20863455720246
422,-2.3756442070007324,-2062.625074543059,1.3025531768798828,0.0,0.018596366047859192,0.0,1.0544946193695068,0.0,2.375644162297249,0.0,1024.3823184594512,105.20863455720246
423,-3.2847867012023926,-2065.9098612442613,1.47719144821167,0.0,0.6473217606544495,0.0,1.160273551940918,0.0,3.2847867608070374,0.0,1027.6671052202582,105.20863455720246
424,-3.95729398727417,-2069.8671552315354,1.9251089096069336,0.0,0.7580757141113281,0.0,1.2741093635559082,0.0,3.95729398727417,0.0,1031.6243992075324,105.20863455720246
425,-14.800420761108398,-2084.667575992644,1.4855352640151978,0.0,1.1961756944656372,0.0,1.0183943510055542,0.0,3.700105309486389,0.0,1035.3245045170188,105.20863455720246
426,-9.498254776000977,-2094.165830768645,0.3383907973766327,0.0,1.4176288843154907,0.0,0.6185441017150879,0.0,2.3745637834072113,0.0,1037.699068300426,105.20863455720246
427,-13.972746849060059,-2108.138577617705,2.412489175796509,0.0,0.3575150668621063,0.0,0.7231824994087219,0.0,3.493186742067337,0.0,1041.1922550424933,105.20863455720246
428,-8.652246475219727,-2116.7908240929246,0.6107575297355652,0.0,0.48174363374710083,0.0,1.0705604553222656,0.0,2.1630616188049316,0.0,1043.3553166612983,105.20863455720246
429,-17.42622947692871,-2134.2170535698533,3.152406930923462,0.0,0.3876185119152069,0.0,0.8165318369865417,0.0,4.356557279825211,0.0,1047.7118739411235,105.20863455720246
430,-0.4691122770309448,-2134.6861658468843,0.5435421466827393,0.0,0.19325745105743408,0.0,0.4359810948371887,0.0,1.172780692577362,0.0,1048.8846546337008,105.20863455720246
431,-0.4911831021308899,-2135.177348949015,0.37498530745506287,0.0,0.18901224434375763,0.0,0.6639602184295654,0.0,1.227957770228386,0.0,1050.1126124039292,105.20863455720246
432,-0.3854495882987976,-2135.562798537314,0.35421058535575867,0.0,0.18733283877372742,0.0,0.42208048701286316,0.0,0.9636239111423492,0.0,1051.0762363150716,105.20863455720246
433,-0.383063405752182,-2135.945861943066,0.3527388870716095,0.0,0.18591776490211487,0.0,0.41900184750556946,0.0,0.9576584994792938,0.0,1052.0338948145509,105.20863455720246
434,-0.38106241822242737,-2136.3269243612885,0.3514370918273926,0.0,0.18461598455905914,0.0,0.4166029393672943,0.0,0.952656015753746,0.0,1052.9865508303046,105.20863455720246
435,-0.7361571192741394,-2137.0630814805627,1.2342115640640259,0.0,0.1873515099287033,0.0,0.4188297688961029,0.0,1.840392842888832,0.0,1054.8269436731935,105.20863455720246
436,-0.3944016098976135,-2137.4574830904603,0.34860697388648987,0.0,0.20223666727542877,0.0,0.4351603388786316,0.0,0.9860039800405502,0.0,1055.812947653234,105.20863455720246
437,-0.4317846894264221,-2137.8892677798867,0.3487769067287445,0.0,0.23087537288665771,0.0,0.49980950355529785,0.0,1.0794617831707,0.0,1056.8924094364047,105.20863455720246
438,-0.9575468301773071,-2138.846814610064,0.3447021245956421,0.0,0.26002979278564453,0.0,1.789135217666626,0.0,2.3938671350479126,0.0,1059.2862765714526,105.20863455720246
439,-7.204122543334961,-2146.050937153399,0.216424360871315,0.0,6.503270149230957,0.0,0.48442813754081726,0.0,7.204122647643089,0.0,1066.4903992190957,105.20863455720246
440,-2.5417733192443848,-2148.5927104726434,0.3642098307609558,0.0,1.3781979084014893,0.0,0.7993655204772949,0.0,2.54177325963974,0.0,1069.0321724787354,105.20863455720246
441,-9.085108757019043,-2157.6778192296624,4.054471969604492,0.0,3.0959632396698,0.0,1.934673547744751,0.0,9.085108757019043,0.0,1078.1172812357545,105.20863455720246
442,-1.648603081703186,-2159.3264223113656,0.8570280075073242,0.0,0.38516879081726074,0.0,0.4064062833786011,0.0,1.648603081703186,0.0,1079.7658843174577,105.20863455720246
443,-1.285915493965149,-2160.6123378053308,0.7068331241607666,0.0,0.30769190192222595,0.0,0.27139046788215637,0.0,1.285915493965149,0.0,1081.0517998114228,105.20863455720246
444,-3.0716552734375,-2163.6839930787683,0.31805720925331116,0.0,0.6301204562187195,0.0,2.1234774589538574,0.0,3.071655124425888,0.0,1084.1234549358487,105.20863455720246
445,-3.810649871826172,-2167.4946429505944,0.0,0.05283172428607941,2.031580924987793,0.0,1.779068946838379,0.0,3.7578181475400925,0.0,1087.8812730833888,105.20863455720246
446,-8.006512641906738,-2175.501155592501,0.5093734264373779,0.0,5.668200492858887,0.0,1.8289388418197632,0.0,8.006512761116028,0.0,1095.8877858445048,105.20863455720246
447,-3.859889507293701,-2179.361045099795,1.1591192483901978,0.0,0.8811531662940979,0.0,1.8196170330047607,0.0,3.8598894476890564,0.0,1099.747675292194,105.20863455720246
448,-3.686248779296875,-2183.0472938790917,1.2087043523788452,0.0,0.8379177451133728,0.0,1.6396268606185913,0.0,3.6862489581108093,0.0,1103.4339242503047,105.20863455720246
449,-18.176607131958008,-2201.2239010110497,1.4416462182998657,0.0,1.3281311988830566,0.0,1.7743743658065796,0.0,4.544151782989502,0.0,1107.9780760332942,105.20863455720246
450,-12.162324905395508,-2213.3862259164453,0.7868546843528748,0.0,1.3390384912490845,0.0,0.914688229560852,0.0,3.0405814051628113,0.0,1111.018657438457,105.20863455720246
451,-15.057703018188477,-2228.4439289346337,1.6971893310546875,0.0,1.3438875675201416,0.0,0.7233487367630005,0.0,3.7644256353378296,0.0,1114.7830830737948,105.20863455720246
452,-11.02440357208252,-2239.4683325067163,1.0530593395233154,0.0,0.36468249559402466,0.0,1.3383591175079346,0.0,2.7561009526252747,0.0,1117.5391840264201,105.20863455720246
453,-9.550280570983887,-2249.0186130777,0.856479287147522,0.0,0.3876185119152069,0.0,1.1434723138809204,0.0,2.3875701129436493,0.0,1119.9267541393638,105.20863455720246
454,-0.6032353043556213,-2249.6218483820558,0.6426564455032349,0.0,0.19325745105743408,0.0,0.672174334526062,0.0,1.508088231086731,0.0,1121.4348423704505,105.20863455720246
455,-0.5716732740402222,-2250.193521656096,0.577232837677002,0.0,0.18901224434375763,0.0,0.6629379987716675,0.0,1.429183080792427,0.0,1122.864025451243,105.20863455720246
456,-0.714120626449585,-2250.9076422825456,0.35421058535575867,0.0,0.30339986085891724,0.0,1.1276911497116089,0.0,1.7853015959262848,0.0,1124.6493270471692,105.20863455720246
457,-0.9175360202789307,-2251.8251783028245,1.4537259340286255,0.0,0.18591776490211487,0.0,0.6541962623596191,0.0,2.2938399612903595,0.0,1126.9431670084596,105.20863455720246
458,-0.38106241822242737,-2252.206240721047,0.3514370918273926,0.0,0.18461598455905914,0.0,0.4166029393672943,0.0,0.952656015753746,0.0,1127.8958230242133,105.20863455720246
459,-0.3825039863586426,-2252.5887447074056,0.35007867217063904,0.0,0.1873515099287033,0.0,0.4188297688961029,0.0,0.9562599509954453,0.0,1128.8520829752088,105.20863455720246
460,-0.6967861652374268,-2253.285530872643,1.1220662593841553,0.0,0.20223666727542877,0.0,0.4176623523235321,0.0,1.7419652789831161,0.0,1130.5940482541919,105.20863455720246
461,-1.253042459487915,-2254.538573332131,1.5058200359344482,0.0,0.23087537288665771,0.0,1.3959107398986816,0.0,3.1326061487197876,0.0,1133.7266544029117,105.20863455720246
462,-0.503325343132019,-2255.041898675263,0.4037284255027771,0.0,0.24932989478111267,0.0,0.6052549481391907,0.0,1.2583132684230804,0.0,1134.9849676713347,105.20863455720246
463,-11.905712127685547,-2266.9476108029485,6.847469806671143,0.0,4.604190349578857,0.0,0.4540519118309021,0.0,11.905712068080902,0.0,1146.8906797394156,105.20863455720246
464,-1.842865228652954,-2268.7904760316014,0.8859472870826721,0.0,0.3925790786743164,0.0,0.5643388628959656,0.0,1.842865228652954,0.0,1148.7335449680686,105.20863455720246
465,-7.05667781829834,-2275.8471538498998,3.0042872428894043,0.0,2.1489439010620117,0.0,1.9034464359283447,0.0,7.056677579879761,0.0,1155.7902225479484,105.20863455720246
466,-1.861550211906433,-2277.708704061806,0.6899386048316956,0.0,0.8872683048248291,0.0,0.2843433916568756,0.0,1.8615503013134003,0.0,1157.6517728492618,105.20863455720246
467,-4.058022499084473,-2281.7667265608907,1.26346755027771,0.0,2.509974241256714,0.0,0.2845804989337921,0.0,4.058022290468216,0.0,1161.70979513973,105.20863455720246
468,-4.492183566093445,-2286.258910126984,0.0,0.4541109502315521,2.969489097595215,0.0,1.52269446849823,0.0,4.038072615861893,0.0,1165.7478677555919,105.20863455720246
469,-1.3351810425519943,-2287.594091169536,0.0,0.4983679950237274,1.219461441040039,0.0,0.11571960151195526,0.0,0.8368130475282669,0.0,1166.5846808031201,105.20863455720246
470,-1.246284045279026,-2288.840375214815,0.0,0.468612402677536,1.1743495464324951,0.0,0.07193449884653091,0.0,0.77767164260149,0.0,1167.3623524457216,105.20863455720246
471,-3.448208808898926,-2292.288584023714,0.7227678894996643,0.0,1.3421754837036133,0.0,1.383265495300293,0.0,3.4482088685035706,0.0,1170.8105613142252,105.20863455720246
472,-4.054995059967041,-2296.343579083681,2.017991065979004,0.0,1.006934642791748,0.0,1.030069351196289,0.0,4.054995059967041,0.0,1174.8655563741922,105.20863455720246
473,-22.60502815246582,-2318.948607236147,2.4007532596588135,0.0,1.2563016414642334,0.0,1.9942022562026978,0.0,5.651257157325745,0.0,1180.516813531518,105.20863455720246
474,-7.149350166320801,-2326.0979574024677,0.434172123670578,0.0,0.4899592995643616,0.0,0.8632060885429382,0.0,1.7873375117778778,0.0,1182.3041510432959,105.20863455720246
475,-34.379425048828125,-2360.477382451296,3.0266640186309814,0.0,1.6447715759277344,0.0,3.9234204292297363,0.0,8.594856023788452,0.0,1190.8990070670843,105.20863455720246
476,-35.433719635009766,-2395.9111020863056,2.8123462200164795,0.0,1.6153066158294678,0.0,4.430777072906494,0.0,8.858429908752441,0.0,1199.7574369758368,105.20863455720246
477,-12.340842247009277,-2408.251944333315,0.6510131359100342,0.0,0.0,0.545734167098999,2.434197425842285,0.0,2.5394763946533203,0.0,1202.29691337049,105.20863455720246
478,-0.25524502992630005,-2408.507189363241,0.0,1.2345317602157593,0.0,1.7374788522720337,0.6381125450134277,0.0,0.0,2.3338980674743652,1202.29691337049,107.54253262467682
479,-0.965398907661438,-2409.4725882709026,2.162620782852173,0.0,0.19658946990966797,0.0,0.054286837577819824,0.0,2.4134970903396606,0.0,1204.7104104608297,107.54253262467682
480,-0.474224328994751,-2409.9468125998974,0.5761474967002869,0.0,0.18733283877372742,0.0,0.42208048701286316,0.0,1.1855608224868774,0.0,1205.8959712833166,107.54253262467682
481,-0.383063405752182,-2410.3298760056496,0.3527388870716095,0.0,0.18591776490211487,0.0,0.41900184750556946,0.0,0.9576584994792938,0.0,1206.853629782796,107.54253262467682
482,-0.38106241822242737,-2410.710938423872,0.3514370918273926,0.0,0.18461598455905914,0.0,0.4166029393672943,0.0,0.952656015753746,0.0,1207.8062857985497,107.54253262467682
483,-0.7983925938606262,-2411.5093310177326,0.35007867217063904,0.0,0.1873515099287033,0.0,1.458551287651062,0.0,1.9959814697504044,0.0,1209.8022672683,107.54253262467682
484,-0.5504357218742371,-2412.059766739607,0.7561901807785034,0.0,0.20223666727542877,0.0,0.4176623523235321,0.0,1.3760892003774643,0.0,1211.1783564686775,107.54253262467682
485,-0.44220879673957825,-2412.5019755363464,0.3468944728374481,0.0,0.23087537288665771,0.0,0.5277521014213562,0.0,1.105521947145462,0.0,1212.283878415823,107.54253262467682
486,-1.4233028888702393,-2413.9252784252167,1.3352035284042358,0.0,0.8047090768814087,0.0,1.418344497680664,0.0,3.5582571029663086,0.0,1215.8421355187893,107.54253262467682
487,-3.234522819519043,-2417.1598012447357,0.06792356073856354,0.0,0.2113327980041504,0.0,2.9552664756774902,0.0,3.234522834420204,0.0,1219.0766583532095,107.54253262467682
488,-1.850713849067688,-2419.0105150938034,0.0,0.2953050136566162,0.7563799619674683,0.0,1.0943338871002197,0.0,1.5554088354110718,0.0,1220.6320671886206,107.54253262467682
489,-0.17388348281383514,-2419.1843985766172,0.0,0.6492627263069153,0.17388348281383514,0.0,0.0,0.05673970654606819,0.0,0.5321189500391483,1220.6320671886206,108.07465157471597
490,-0.08252085000276566,-2419.26691942662,0.0,0.8206992745399475,0.08252085000276566,0.0,0.0,0.1988895982503891,0.0,0.937068022787571,1220.6320671886206,109.01171959750354
491,-3.889835834503174,-2423.156755261123,2.313371181488037,0.0,0.6279453635215759,0.0,0.9485191106796265,0.0,3.8898356556892395,0.0,1224.5219028443098,109.01171959750354
492,0.0,-2423.156755261123,0.0,0.7520954608917236,0.0,0.0029281415045261383,0.0,0.3471120595932007,0.0,1.1021356619894505,1224.5219028443098,110.113855259493
493,-1.8879305720329285,-2425.044685833156,0.0,0.9417436718940735,0.9977735877037048,0.0,0.8901569843292236,0.0,0.946186900138855,0.0,1225.4680897444487,110.113855259493
494,-1.9261574745178223,-2426.970843307674,0.0,0.3910040557384491,0.9938757419586182,0.0,0.9322817325592041,0.0,1.5351534187793732,0.0,1227.003243163228,110.113855259493
495,-2.5789732933044434,-2429.5498166009784,0.5008105635643005,0.0,1.0490379333496094,0.0,1.0291247367858887,0.0,2.5789732336997986,0.0,1229.5822163969278,110.113855259493
496,-2.85776948928833,-2432.4075860902667,0.631647527217865,0.0,1.0518251657485962,0.0,1.1742968559265137,0.0,2.857769548892975,0.0,1232.4399859458208,110.113855259493
497,-12.697492599487305,-2445.105078689754,1.049638271331787,0.0,1.16623055934906,0.0,0.9585040807723999,0.0,3.174372911453247,0.0,1235.614358857274,110.113855259493
498,-18.20758628845215,-2463.312664978206,3.070821762084961,0.0,0.8911504149436951,0.0,0.5899243950843811,0.0,4.551896572113037,0.0,1240.166255429387,110.113855259493
499,-8.412591934204102,-2471.7252569124103,1.0269628763198853,0.0,0.35601088404655457,0.0,0.7201741337776184,0.0,2.1031478941440582,0.0,1242.2694033235312,110.113855259493
500,-57.62777328491211,-2529.3530301973224,5.703295707702637,0.0,4.692272186279297,0.0,4.011375427246094,0.0,14.406943321228027,0.0,1256.6763466447592,110.113855259493
501,0.0,-2529.3530301973224,0.0,0.04294249415397644,0.0,1.042472004890442,0.0,0.34441491961479187,0.0,1.4298294186592102,1256.6763466447592,111.5436846781522
502,-0.2672598659992218,-2529.6202900633216,0.0,0.9355285167694092,0.0,1.132767915725708,0.6681496500968933,0.0,0.0,1.4001467823982239,1256.6763466447592,112.94383146055043
503,-0.42811837792396545,-2530.0484084412456,0.3455721437931061,0.0,0.29797857999801636,0.0,0.4267451763153076,0.0,1.07029590010643,0.0,1257.7466425448656,112.94383146055043
504,-0.3854495882987976,-2530.4338580295444,0.35421058535575867,0.0,0.18733283877372742,0.0,0.42208048701286316,0.0,0.9636239111423492,0.0,1258.710266456008,112.94383146055043
505,-0.42911022901535034,-2530.8629682585597,0.3527388870716095,0.0,0.3010348379611969,0.0,0.41900184750556946,0.0,1.0727755725383759,0.0,1259.7830420285463,112.94383146055043
506,-0.38106241822242737,-2531.244030676782,0.3514370918273926,0.0,0.18461598455905914,0.0,0.4166029393672943,0.0,0.952656015753746,0.0,1260.7356980443,112.94383146055043
507,-0.3825039863586426,-2531.626534663141,0.35007867217063904,0.0,0.1873515099287033,0.0,0.4188297688961029,0.0,0.9562599509954453,0.0,1261.6919579952955,112.94383146055043
508,-0.38925331830978394,-2532.0157879814506,0.3357362449169159,0.0,0.20223666727542877,0.0,0.4351603388786316,0.0,0.9731332510709763,0.0,1262.6650912463665,112.94383146055043
509,-1.0860786437988281,-2533.1018666252494,1.9565691947937012,0.0,0.23087537288665771,0.0,0.5277521014213562,0.0,2.715196669101715,0.0,1265.3802879154682,112.94383146055043
510,-4.626025199890137,-2537.7278918251395,1.7726473808288574,0.0,0.8196393251419067,0.0,8.972776412963867,0.0,11.565063118934631,0.0,1276.9453510344028,112.94383146055043
511,-2.1382293701171875,-2539.8661211952567,0.15855766832828522,0.0,1.4071950912475586,0.0,0.5724765062332153,0.0,2.138229265809059,0.0,1279.083580300212,112.94383146055043
512,-2.60206937789917,-2542.468190573156,0.16519969701766968,0.0,0.7438047528266907,0.0,1.69306480884552,0.0,2.6020692586898804,0.0,1281.6856495589018,112.94383146055043
513,-0.7754702121019363,-2543.243660785258,0.0,0.6769324541091919,0.16004861891269684,0.0,0.6154215931892395,0.0,0.09853775799274445,0.0,1281.7841873168945,112.94383146055043
514,-0.007497816812247038,-2543.25115860207,0.0,0.4888811707496643,0.007497816812247038,0.0,0.0,0.34893566370010376,0.0,0.830319017637521,1281.7841873168945,113.77415047818795
515,-0.7460956540307961,-2543.997254256101,0.7456040382385254,0.0,0.0004916157922707498,0.0,0.0,0.3399659991264343,0.4061296549043618,0.0,1282.190316971799,113.77415047818795
516,-2.3285317420959473,-2546.325785998197,2.3285317420959473,0.0,0.0,0.13063593208789825,0.0,0.6025276184082031,1.5953681915998459,0.0,1283.7856851633987,113.77415047818795
517,0.0,-2546.325785998197,0.0,1.1816695928573608,0.0,0.2484513223171234,0.0,0.7386198043823242,0.0,2.1687407195568085,1283.7856851633987,115.94289119774476
518,-0.8652487397193909,-2547.191034737916,0.0,1.0419042110443115,0.8652487397193909,0.0,0.0,0.5462669730186462,0.0,0.7229224443435669,1283.7856851633987,116.66581364208832
519,-2.7530592679977417,-2549.944094005914,1.6288318634033203,0.0,0.0,0.20423081517219543,1.1242274045944214,0.0,2.5488284528255463,0.0,1286.3345136162243,116.66581364208832
520,-1.8695924282073975,-2551.8136864341213,0.5080579519271851,0.0,0.9341670274734497,0.0,0.4273674488067627,0.0,1.8695924282073975,0.0,1288.2041060444317,116.66581364208832
521,-11.281597137451172,-2563.0952835715725,0.948972761631012,0.0,1.0817945003509521,0.0,0.7896319627761841,0.0,2.820399224758148,0.0,1291.0245052691898,116.66581364208832
522,-8.91286849975586,-2572.0081520713284,0.4168977439403534,0.0,1.2646368741989136,0.0,0.5466824173927307,0.0,2.2282170355319977,0.0,1293.2527223047218,116.66581364208832
523,-15.354153633117676,-2587.362305704446,0.5939352512359619,0.0,1.3450891971588135,0.0,1.8995139598846436,0.0,3.838538408279419,0.0,1297.0912607130012,116.66581364208832
524,-49.697322845458984,-2637.059628549905,6.522132396697998,0.0,1.8910839557647705,0.0,4.011114120483398,0.0,12.424330472946167,0.0,1309.5155911859474,116.66581364208832
525,-1.630735993385315,-2638.6903645432903,0.0,0.7390791773796082,0.3876185119152069,0.0,0.020065486431121826,0.0,0.0,0.3313951790332794,1309.5155911859474,116.9972088211216
526,-0.41483061015605927,-2639.1051951534464,0.0,1.0937460660934448,0.3296126127243042,0.0,0.7074639201164246,0.0,0.0,0.056669533252716064,1309.5155911859474,117.05387835437432
527,-0.4107663035392761,-2639.5159614569857,0.36448225378990173,0.0,0.23568828403949738,0.0,0.4267451763153076,0.0,1.0269157141447067,0.0,1310.5425069000921,117.05387835437432
528,-0.3901447057723999,-2639.906106162758,0.35421058535575867,0.0,0.19907063245773315,0.0,0.42208048701286316,0.0,0.975361704826355,0.0,1311.5178686049185,117.05387835437432
529,-0.383063405752182,-2640.2891695685103,0.3527388870716095,0.0,0.18591776490211487,0.0,0.41900184750556946,0.0,0.9576584994792938,0.0,1312.4755271043978,117.05387835437432
530,-0.38106241822242737,-2640.6702319867327,0.3514370918273926,0.0,0.18461598455905914,0.0,0.4166029393672943,0.0,0.952656015753746,0.0,1313.4281831201515,117.05387835437432
531,-0.4742303490638733,-2641.1444623357966,0.35007867217063904,0.0,0.4166674017906189,0.0,0.4188297688961029,0.0,1.1855758428573608,0.0,1314.6137589630089,117.05387835437432
532,-0.3944016098976135,-2641.538863945694,0.34860697388648987,0.0,0.20223666727542877,0.0,0.4351603388786316,0.0,0.9860039800405502,0.0,1315.5997629430494,117.05387835437432
533,-0.4317846894264221,-2641.9706486351206,0.3487769067287445,0.0,0.23087537288665771,0.0,0.49980950355529785,0.0,1.0794617831707,0.0,1316.6792247262201,117.05387835437432
534,-2.389235496520996,-2644.3598841316416,2.7664406299591064,0.0,1.365964412689209,0.0,1.8406834602355957,0.0,5.973088502883911,0.0,1322.652313229104,117.05387835437432
535,-2.268202781677246,-2646.628086913319,0.10145055502653122,0.0,0.5448907613754272,0.0,1.6218613386154175,0.0,2.268202655017376,0.0,1324.9205158841214,117.05387835437432
536,-2.902154177427292,-2649.530241090746,0.0,0.3353753387928009,2.6300389766693115,0.0,0.27211520075798035,0.0,2.566778838634491,0.0,1327.487294722756,117.05387835437432
537,-9.444294929504395,-2658.9745360202505,0.6008652448654175,0.0,8.606256484985352,0.0,0.23717337846755981,0.0,9.444295108318329,0.0,1336.9315898310742,117.05387835437432
538,-5.664942145347595,-2664.639478165598,5.049230098724365,0.0,0.61571204662323,0.0,0.0,0.031604867428541183,5.633337277919054,0.0,1342.5649271089933,117.05387835437432
539,0.0,-2664.639478165598,0.0,1.144559621810913,0.0,0.03349335119128227,0.0,0.015048542991280556,0.0,1.193101515993476,1342.5649271089933,118.2469798703678
540,-0.3689352869987488,-2665.008413452597,0.0,0.4473486542701721,0.0,0.056489020586013794,0.3689352869987488,0.0,0.0,0.13490238785743713,1342.5649271089933,118.38188225822523
541,0.0,-2665.008413452597,0.0,0.8032835125923157,0.0,0.20749174058437347,0.0,0.5003226399421692,0.0,1.5110978931188583,1342.5649271089933,119.89298015134409
542,-1.5716594457626343,-2666.5800728983595,1.5716594457626343,0.0,0.0,0.22840949892997742,0.0,0.2740533947944641,1.0691965520381927,0.0,1343.6341236610315,119.89298015134409
543,-5.249531164765358,-2671.829604063125,5.1226091384887695,0.0,0.0,0.14496320486068726,0.12692202627658844,0.0,5.104567959904671,0.0,1348.7386916209362,119.89298015134409
544,-0.5736870169639587,-2672.403291080089,0.0,0.15906882286071777,0.0,0.1092294305562973,0.5736870169639587,0.0,0.30538876354694366,0.0,1349.044080384483,119.89298015134409
545,-2.491736888885498,-2674.8950279689743,0.15528148412704468,0.0,0.09507961571216583,0.0,0.3725731670856476,0.0,0.6229342669248581,0.0,1349.667014651408,119.89298015134409
546,-11.178516387939453,-2686.0735443569138,0.538820743560791,0.0,0.7438444495201111,0.0,1.5119638442993164,0.0,2.7946290373802185,0.0,1352.4616436887882,119.89298015134409
547,-9.333561897277832,-2695.4071062541916,1.247894525527954,0.0,0.35911455750465393,0.0,0.7263814806938171,0.0,2.333390563726425,0.0,1354.7950342525146,119.89298015134409
548,-60.33375549316406,-2755.7408617473557,6.573580741882324,0.0,4.808650016784668,0.0,3.7012083530426025,0.0,15.083439111709595,0.0,1369.8784733642242,119.89298015134409
549,0.0,-2755.7408617473557,0.0,0.3103973865509033,0.0,0.9282148480415344,0.0,0.5866997838020325,0.0,1.8253120183944702,1369.8784733642242,121.71829216973856
550,-4.283523082733154,-2760.024384830089,4.078882217407227,0.0,2.9805893898010254,0.0,3.6493356227874756,0.0,10.708807229995728,0.0,1380.58728059422,121.71829216973856
551,0.0,-2760.024384830089,0.0,0.7671398520469666,0.0,0.8705654144287109,0.0,0.9998910427093506,0.0,2.637596309185028,1380.58728059422,124.35588847892359
552,-0.3854495882987976,-2760.4098344183876,0.35421058535575867,0.0,0.18733283877372742,0.0,0.42208048701286316,0.0,0.9636239111423492,0.0,1381.5509045053623,124.35588847892359
553,-0.1671665757894516,-2760.577000994177,0.0,1.461954116821289,0.0,1.3475860357284546,0.4179164171218872,0.0,0.0,2.3916237354278564,1381.5509045053623,126.74751221435145
554,-0.34935611486434937,-2760.9263571090414,0.3042829930782318,0.0,0.15250439941883087,0.0,0.4166029393672943,0.0,0.873390331864357,0.0,1382.4242948372266,126.74751221435145
555,-0.3825039863586426,-2761.3088610954,0.35007867217063904,0.0,0.1873515099287033,0.0,0.4188297688961029,0.0,0.9562599509954453,0.0,1383.380554788222,126.74751221435145
556,-0.3944016098976135,-2761.7032627052977,0.34860697388648987,0.0,0.20223666727542877,0.0,0.4351603388786316,0.0,0.9860039800405502,0.0,1384.3665587682626,126.74751221435145
557,-0.4317846894264221,-2762.135047394724,0.3487769067287445,0.0,0.23087537288665771,0.0,0.49980950355529785,0.0,1.0794617831707,0.0,1385.4460205514333,126.74751221435145
558,-0.41255033016204834,-2762.547597724886,0.33445003628730774,0.0,0.2414994090795517,0.0,0.4554263651371002,0.0,1.0313758105039597,0.0,1386.4773963619373,126.74751221435145
559,-1.37713623046875,-2763.924733955355,0.053132280707359314,0.0,0.8090472221374512,0.0,0.5149567723274231,0.0,1.3771362751722336,0.0,1387.8545326371095,126.74751221435145
560,-0.7118367552757263,-2764.6365707106306,0.0,0.33972299098968506,0.24874383211135864,0.0,0.4630929231643677,0.0,0.37211376428604126,0.0,1388.2266464013956,126.74751221435145
561,-0.46248841285705566,-2765.0990591234877,0.0,0.7332850098609924,0.22979986667633057,0.0,0.2326885461807251,0.0,0.0,0.27079659700393677,1388.2266464013956,127.01830881135538
562,-0.8974553346633911,-2765.996514458151,0.0,0.01716652140021324,0.8974553346633911,0.0,0.0,0.05302396044135094,0.8272648528218269,0.0,1389.0539112542174,127.01830881135538
563,-2.134435534477234,-2768.1309499926283,1.0190635919570923,0.0,0.0,0.1403072625398636,1.1153719425201416,0.0,1.9941282719373703,0.0,1391.0480395261548,127.01830881135538
564,-5.222996097058058,-2773.3539460896864,5.169285297393799,0.0,0.05371079966425896,0.0,0.0,0.30404436588287354,4.918951731175184,0.0,1395.96699125733,127.01830881135538
565,-1.9370598793029785,-2775.2910059689893,1.9370598793029785,0.0,0.0,0.13482186198234558,0.0,0.5260208249092102,1.2762171924114227,0.0,1397.2432084497414,127.01830881135538
566,0.0,-2775.2910059689893,0.0,1.0548300743103027,0.0,0.20560972392559052,0.0,0.6152123808860779,0.0,1.8756521791219711,1397.2432084497414,128.89396099047735
567,0.0,-2775.2910059689893,0.0,0.7357444763183594,0.0,0.11498678475618362,0.0,0.27781617641448975,0.0,1.1285474374890327,1397.2432084497414,130.0225084279664
568,-2.7038031220436096,-2777.994809091033,0.0,0.2551598846912384,0.9248583912849426,0.0,1.778944730758667,0.0,2.448643237352371,0.0,1399.6918516870937,130.0225084279664
569,-5.496302127838135,-2783.491111218871,0.9289909601211548,0.0,0.08785857260227203,0.0,0.35722601413726807,0.0,1.3740755468606949,0.0,1401.0659272339544,130.0225084279664
570,-10.629817962646484,-2794.1209291815176,0.41911715269088745,0.0,1.0024840831756592,0.0,1.2358533143997192,0.0,2.657454550266266,0.0,1403.7233817842207,130.0225084279664
571,-7.688718318939209,-2801.809647500457,0.5895199179649353,0.0,0.35659223794937134,0.0,0.9760674238204956,0.0,1.9221795797348022,0.0,1405.6455613639555,130.0225084279664
572,-8.184001922607422,-2809.993649423064,0.6107575297355652,0.0,0.36468249559402466,0.0,1.0705604553222656,0.0,2.0460004806518555,0.0,1407.6915618446073,130.0225084279664
573,-9.78446102142334,-2819.7781104444875,0.7614763379096985,0.0,0.19623863697052002,0.0,1.4884002208709717,0.0,2.44611519575119,0.0,1410.1376770403585,130.0225084279664
574,-6.296933650970459,-2826.075044095458,7.294236660003662,0.0,4.52063512802124,0.0,3.927461862564087,0.0,15.74233365058899,0.0,1425.8800106909475,130.0225084279664
575,-2.858985424041748,-2828.9340295194997,2.583235740661621,0.0,1.4705662727355957,0.0,3.093661308288574,0.0,7.147463321685791,0.0,1433.0274740126333,130.0225084279664
576,-0.3987583518028259,-2829.3327878713026,0.3568393290042877,0.0,0.18733283877372742,0.0,0.45272377133369446,0.0,0.9968959391117096,0.0,1434.024369951745,130.0225084279664
577,-0.383063405752182,-2829.7158512770548,0.3527388870716095,0.0,0.18591776490211487,0.0,0.41900184750556946,0.0,0.9576584994792938,0.0,1434.9820284512243,130.0225084279664
578,0.0,-2829.7158512770548,0.0,0.57823246717453,0.0,0.7748714685440063,0.0,0.08860889077186584,0.0,1.4417128264904022,1434.9820284512243,131.4642212544568
579,0.0,-2829.7158512770548,0.0,1.7130719423294067,0.0,1.8459839820861816,0.0,0.9803018569946289,0.0,4.539357781410217,1434.9820284512243,136.003579035867
580,-0.18886449933052063,-2829.9047157763853,0.3082300126552582,0.0,0.1639312207698822,0.0,0.0,0.14694494009017944,0.32521629333496094,0.0,1435.3072447445593,136.003579035867
581,-1.6211682558059692,-2831.5258840321912,3.3222358226776123,0.0,0.23087537288665771,0.0,0.49980950355529785,0.0,4.052920699119568,0.0,1439.3601654436789,136.003579035867
582,-1.9897600412368774,-2833.515644073428,2.3590176105499268,0.0,1.1671322584152222,0.0,1.4482500553131104,0.0,4.974399924278259,0.0,1444.334565367957,136.003579035867
583,-2.161489486694336,-2835.6771335601225,1.1802514791488647,0.0,0.358120322227478,0.0,0.6231178045272827,0.0,2.1614896059036255,0.0,1446.4960549738607,136.003579035867
584,-5.398403167724609,-2841.075536727847,1.9757635593414307,0.0,1.5053441524505615,0.0,1.917295217514038,0.0,5.39840292930603,0.0,1451.8944579031668,136.003579035867
585,-2.4111509323120117,-2843.486687660159,0.5276044607162476,0.0,0.9096731543540955,0.0,0.9738733172416687,0.0,2.4111509323120117,0.0,1454.3056088354788,136.003579035867
586,-3.5679893493652344,-2847.0546770095243,1.3448504209518433,0.0,0.9139909148216248,0.0,1.3091479539871216,0.0,3.5679892897605896,0.0,1457.8735981252394,136.003579035867
587,-3.836641311645508,-2850.89131832117,2.2725369930267334,0.0,0.6262699961662292,0.0,0.9378343224525452,0.0,3.836641311645508,0.0,1461.7102394368849,136.003579035867
588,-2.637907385826111,-2853.529225706996,0.0,0.9252549409866333,1.3557939529418945,0.0,1.2821134328842163,0.0,1.7126524448394775,0.0,1463.4228918817244,136.003579035867
589,-2.1876091957092285,-2855.716834902705,0.0,0.8178094029426575,1.1735179424285889,0.0,1.0140912532806396,0.0,1.369799792766571,0.0,1464.792691674491,136.003579035867
590,-2.3574941158294678,-2858.0743290185346,0.24066291749477386,0.0,1.1332846879959106,0.0,0.9835464358329773,0.0,2.357494041323662,0.0,1467.1501857158146,136.003579035867
591,-2.6064016819000244,-2860.6807307004347,1.4396928548812866,0.0,1.1667088270187378,0.0,0.0,0.3160651922225952,2.290336489677429,0.0,1469.440522205492,136.003579035867
592,-2.8150887489318848,-2863.4958194493665,1.0782047510147095,0.0,1.0592834949493408,0.0,0.6776005029678345,0.0,2.8150887489318848,0.0,1472.255610954424,136.003579035867
593,-13.024105072021484,-2876.519924521388,0.9536947011947632,0.0,1.1523621082305908,0.0,1.1499695777893066,0.0,3.2560263872146606,0.0,1475.5116373416386,136.003579035867
594,-9.593746185302734,-2886.1136707066908,0.30708345770835876,0.0,1.2849140167236328,0.0,0.8064391613006592,0.0,2.3984366357326508,0.0,1477.9100739773712,136.003579035867
595,-15.462564468383789,-2901.5762351750745,2.3147993087768555,0.0,0.35625216364860535,0.0,1.1945897340774536,0.0,3.8656412065029144,0.0,1481.7757151838741,136.003579035867
596,-8.493425369262695,-2910.0696605443372,0.6107575297355652,0.0,0.41281142830848694,0.0,1.0997874736785889,0.0,2.123356431722641,0.0,1483.8990716155968,136.003579035867
597,-61.07051467895508,-2971.1401752232923,6.795698642730713,0.0,4.714773654937744,0.0,3.7571566104888916,0.0,15.267628908157349,0.0,1499.1667005237541,136.003579035867
598,-3.3855271339416504,-2974.525702357234,3.709092617034912,0.0,1.4747995138168335,0.0,3.27992582321167,0.0,8.463817954063416,0.0,1507.6305184778175,136.003579035867
599,0.0,-2974.525702357234,0.0,0.5712262392044067,0.0,0.7680073976516724,0.0,0.06151822209358215,0.0,1.4007518589496613,1507.6305184778175,137.40433089481667
600,-0.3854495882987976,-2974.9111519455328,0.35421058535575867,0.0,0.18733283877372742,0.0,0.42208048701286316,0.0,0.9636239111423492,0.0,1508.5941423889599,137.40433089481667
601,0.0,-2974.9111519455328,0.0,1.7132141590118408,0.0,1.850326418876648,0.0,0.9416217803955078,0.0,4.505162358283997,1508.5941423889599,141.90949325310066
602,-2.209031581878662,-2977.1201835274114,2.4062469005584717,0.0,1.3108779191970825,0.0,1.805453896522522,0.0,5.522578716278076,0.0,1514.116721105238,141.90949325310066
603,-0.3471398837864399,-2977.467323411198,0.7180780172348022,0.0,0.14977169036865234,0.0,0.0,0.20825478434562683,0.6595949232578278,0.0,1514.7763160284958,141.90949325310066
604,-0.7897718548774719,-2978.2570952660753,1.34674072265625,0.0,0.20177169144153595,0.0,0.4259171783924103,0.0,1.9744295924901962,0.0,1516.750745620986,141.90949325310066
605,-0.6786805391311646,-2978.9357758052065,0.9380737543106079,0.0,0.23087537288665771,0.0,0.5277521014213562,0.0,1.6967012286186218,0.0,1518.4474468496046,141.90949325310066
606,-1.6262140274047852,-2980.5619898326113,2.0884218215942383,0.0,0.8121740221977234,0.0,1.1649391651153564,0.0,4.065535008907318,0.0,1522.512981858512,141.90949325310066
607,-3.602092742919922,-2984.164082575531,1.7868266105651855,0.0,0.7779470086097717,0.0,1.0373191833496094,0.0,3.6020928025245667,0.0,1526.1150746610365,141.90949325310066
608,-2.628204584121704,-2986.792287159653,0.7191189527511597,0.0,0.7254801392555237,0.0,1.183605432510376,0.0,2.6282045245170593,0.0,1528.7432791855535,141.90949325310066
609,-1.454508289694786,-2988.2467954493477,0.0,0.43275222182273865,0.17460213601589203,0.0,1.279906153678894,0.0,1.0217560678720474,0.0,1529.7650352534256,141.90949325310066
610,-0.020695986226201057,-2988.267491435574,0.0,0.5142026543617249,0.020695986226201057,0.0,0.0,0.3225393295288086,0.0,0.8160459976643324,1529.7650352534256,142.725539250765
611,-4.428626537322998,-2992.696117972897,1.2003366947174072,0.0,1.622597575187683,0.0,1.6056923866271973,0.0,4.428626656532288,0.0,1534.1936619099579,142.725539250765
612,-0.263426274061203,-2992.959544246958,0.0,1.0591528415679932,0.0,0.06497130542993546,0.263426274061203,0.0,0.0,0.8606978729367256,1534.1936619099579,143.58623712370172
613,-1.018891990184784,-2993.978436237143,0.0,0.8234636783599854,0.9493795037269592,0.0,0.06951248645782471,0.0,0.19542831182479858,0.0,1534.3890902217827,143.58623712370172
614,-0.9028545022010803,-2994.881290739344,0.0,1.0116024017333984,0.9028545022010803,0.0,0.0,0.21245795488357544,0.0,0.32120585441589355,1534.3890902217827,143.90744297811761
615,-2.2108447551727295,-2997.0921354945167,1.2015968561172485,0.0,0.0,0.17444145679473877,1.009247899055481,0.0,2.0364032983779907,0.0,1536.4254935201607,143.90744297811761
616,-2.418271541595459,-2999.510407036112,0.4893663823604584,0.0,0.952752947807312,0.0,0.9761523008346558,0.0,2.418271631002426,0.0,1538.843765151163,143.90744297811761
617,-15.875879287719727,-3015.386286323832,1.4118276834487915,0.0,1.0981496572494507,0.0,1.4589924812316895,0.0,3.9689698219299316,0.0,1542.812734973093,143.90744297811761
618,-9.792581558227539,-3025.1788678820594,0.36787644028663635,0.0,1.2777183055877686,0.0,0.8025505542755127,0.0,2.4481453001499176,0.0,1545.260880273243,143.90744297811761
619,-57.33476257324219,-3082.5136304553016,5.985814571380615,0.0,4.6843180656433105,0.0,3.6635582447052,0.0,14.333690881729126,0.0,1559.594571154972,143.90744297811761
620,-35.500999450683594,-3118.014629905985,3.5973587036132812,0.0,1.6462043523788452,0.0,3.6316871643066406,0.0,8.875250220298767,0.0,1568.4698213752708,143.90744297811761
621,-1.3153866529464722,-3119.3300165589317,0.0,0.4731806218624115,0.0,0.5695000886917114,0.32884666323661804,0.0,0.0,0.7138340473175049,1568.4698213752708,144.62127702543512
622,-0.8990230560302734,-3120.229039614962,0.0,1.6446013450622559,1.975195050239563,0.0,0.27236253023147583,0.0,0.602956235408783,0.0,1569.0727776106796,144.62127702543512
623,-0.26838418841362,-3120.4974238033756,0.3156299591064453,0.0,0.2639889419078827,0.0,0.09134158492088318,0.0,0.6709604859352112,0.0,1569.7437380966148,144.62127702543512
624,-0.8554491996765137,-3121.352873003052,0.35421058535575867,0.0,0.18733283877372742,0.0,1.5970796346664429,0.0,2.138623058795929,0.0,1571.8823611554108,144.62127702543512
625,-0.38226059079170227,-3121.735133593844,0.3527388870716095,0.0,0.18591776490211487,0.0,0.41699478030204773,0.0,0.9556514322757721,0.0,1572.8380125876865,144.62127702543512
626,-0.37372952699661255,-3122.1088631208404,0.3514370918273926,0.0,0.18461598455905914,0.0,0.39827069640159607,0.0,0.9343237727880478,0.0,1573.7723363604746,144.62127702543512
627,-6.2927656173706055,-3128.401628738211,6.601795196533203,0.0,5.076535701751709,0.0,4.053583145141602,0.0,15.731914043426514,0.0,1589.504250403901,144.62127702543512
628,-0.38740241527557373,-3128.7890311534866,0.34860697388648987,0.0,0.20223666727542877,0.0,0.4176623523235321,0.0,0.9685059934854507,0.0,1590.4727563973865,144.62127702543512
629,-0.5071978569030762,-3129.2962290103897,0.0,1.0271220207214355,0.0,1.2007397413253784,1.2679946422576904,0.0,0.0,0.9598671197891235,1590.4727563973865,145.58114414522424
630,-0.22923679649829865,-3129.525465806888,0.0,1.1709707975387573,0.0,1.1503498554229736,0.573091983795166,0.0,0.0,1.748228669166565,1590.4727563973865,147.3293728143908
631,-5.767886161804199,-3135.293351968692,2.420703649520874,0.0,1.430299162864685,0.0,1.9168832302093506,0.0,5.76788604259491,0.0,1596.2406424399815,147.3293728143908
632,-2.5393259525299072,-3137.832677921222,0.6536623239517212,0.0,0.8361832499504089,0.0,1.0494804382324219,0.0,2.539326012134552,0.0,1598.779968452116,147.3293728143908
633,-0.9846715927124023,-3138.8173495139345,0.0,0.7184192538261414,0.2372327446937561,0.0,0.7474388480186462,0.0,0.266252338886261,0.0,1599.0462207910023,147.3293728143908
634,-0.08819844573736191,-3138.905547959672,0.0,0.9992810487747192,0.08819844573736191,0.0,0.0,0.3774714171886444,0.0,1.2885540202260017,1599.0462207910023,148.6179268346168
635,-0.2831929922103882,-3139.188740951882,0.0,1.164985179901123,0.2831929922103882,0.0,0.0,0.5730229616165161,0.0,1.454815149307251,1599.0462207910023,150.07274198392406
636,-0.7009167671203613,-3139.8896577190026,0.0,1.2253801822662354,0.41504597663879395,0.0,0.2858707904815674,0.0,0.0,0.524463415145874,1599.0462207910023,150.59720539906994
637,-1.4351558685302734,-3141.324813587533,0.0,1.243593454360962,0.8468486666679382,0.0,0.5883072018623352,0.0,0.19156241416931152,0.0,1599.2377832051716,150.59720539906994
638,-1.4197272658348083,-3142.7445408533677,0.0,0.6936972141265869,0.8250656723976135,0.0,0.5946615934371948,0.0,0.7260300517082214,0.0,1599.9638132568798,150.59720539906994
639,-1.3574191331863403,-3144.101959986554,1.3574191331863403,0.0,0.0,0.22867107391357422,0.0,0.6626204252243042,0.4661276340484619,0.0,1600.4299408909283,150.59720539906994
640,-2.4666285514831543,-3146.568588538037,2.4666285514831543,0.0,0.0,0.20805951952934265,0.0,0.4817996621131897,1.776769369840622,0.0,1602.206710260769,150.59720539906994
641,-12.688969612121582,-3159.2575581501587,1.346860408782959,0.0,1.066446304321289,0.0,0.7589357495307922,0.0,3.1722424626350403,0.0,1605.378952723404,150.59720539906994
642,-9.751930236816406,-3169.009488386975,0.5452353954315186,0.0,1.1327673196792603,0.0,0.7599798440933228,0.0,2.4379825592041016,0.0,1607.816935282608,150.59720539906994
643,-37.37276077270508,-3206.38224915968,0.517493724822998,0.0,0.35864752531051636,0.0,8.467048645019531,0.0,9.343189895153046,0.0,1617.160125177761,150.59720539906994
644,-59.940914154052734,-3266.323163313733,6.103195667266846,0.0,4.69126558303833,0.0,4.190767288208008,0.0,14.985228538513184,0.0,1632.1453537162743,150.59720539906994
645,-11.031939506530762,-3277.3551028202637,2.7579848766326904,0.0,0.0,1.0429528951644897,0.0,0.22078406810760498,1.4942479133605957,0.0,1633.6396016296349,150.59720539906994
646,-0.28297939896583557,-3277.6380822192295,0.0,1.0931494235992432,0.0,1.0192434787750244,0.7074484825134277,0.0,0.0,1.4049444198608398,1633.6396016296349,152.00214981893077
647,-0.4404984414577484,-3278.0785806606873,0.3456037640571594,0.0,0.2290932983160019,0.0,0.5265489816665649,0.0,1.1012460440397263,0.0,1634.7408476736746,152.00214981893077
648,-0.4427238702774048,-3278.5213045309647,0.35421058535575867,0.0,0.2998753786087036,0.0,0.45272377133369446,0.0,1.1068097352981567,0.0,1635.8476574089727,152.00214981893077
649,-0.383063405752182,-3278.904367936717,0.3527388870716095,0.0,0.18591776490211487,0.0,0.41900184750556946,0.0,0.9576584994792938,0.0,1636.805315908452,152.00214981893077
650,-0.38106241822242737,-3279.2854303549393,0.3514370918273926,0.0,0.18461598455905914,0.0,0.4166029393672943,0.0,0.952656015753746,0.0,1637.7579719242058,152.00214981893077
651,-0.3825039863586426,-3279.667934341298,0.35007867217063904,0.0,0.1873515099287033,0.0,0.4188297688961029,0.0,0.9562599509954453,0.0,1638.7142318752012,152.00214981893077
652,-0.3944016098976135,-3280.0623359511956,0.34860697388648987,0.0,0.20223666727542877,0.0,0.4351603388786316,0.0,0.9860039800405502,0.0,1639.7002358552418,152.00214981893077
653,-0.8393679857254028,-3280.901703936921,1.3677350282669067,0.0,0.23087537288665771,0.0,0.49980950355529785,0.0,2.0984199047088623,0.0,1641.7986557599506,152.00214981893077
654,-1.5023921728134155,-3282.4040961097344,2.7056221961975098,0.0,0.24639129638671875,0.0,0.8039667010307312,0.0,3.7559801936149597,0.0,1645.5546359535656,152.00214981893077
655,-2.589261531829834,-3284.993357641564,1.1488118171691895,0.0,0.21834512054920197,0.0,1.2221044301986694,0.0,2.589261367917061,0.0,1648.1438973214827,152.00214981893077
656,-5.179886817932129,-3290.1732444594963,0.0,0.36626678705215454,0.500525951385498,0.0,4.679360866546631,0.0,4.813620030879974,0.0,1652.9575173523626,152.00214981893077
657,-6.507904872298241,-3296.6811493317946,0.0,0.7502269148826599,0.14646469056606293,0.0,6.361440181732178,0.0,5.757677957415581,0.0,1658.7151953097782,152.00214981893077
658,-0.8990600951947272,-3297.5802094269893,0.0,0.9725360870361328,0.006602431181818247,0.0,0.8924576640129089,0.0,0.0,0.07347599184140563,1658.7151953097782,152.07562581077218
659,0.0,-3297.5802094269893,0.0,0.24473510682582855,0.0,0.09424187988042831,0.0,0.35691264271736145,0.0,0.6958896294236183,1658.7151953097782,152.7715154401958
660,-9.919872760772705,-3307.500082187762,0.0,0.9004762172698975,5.887174129486084,0.0,4.032698631286621,0.0,9.019396543502808,0.0,1667.734591853281,152.7715154401958
661,-0.21245522797107697,-3307.712537415733,0.0,1.1207208633422852,0.0,0.5223800539970398,0.21245522797107697,0.0,0.0,1.430645689368248,1667.734591853281,154.20216112956405
662,-0.7364920973777771,-3308.449029513111,0.7364920973777771,0.0,0.0,0.2784642279148102,0.0,0.7487252354621887,0.0,0.2906973659992218,1667.734591853281,154.49285849556327
663,-1.1781699657440186,-3309.627199478855,1.1781699657440186,0.0,0.0,1.6289560794830322,0.0,0.578641951084137,0.0,1.0294280648231506,1667.734591853281,155.52228656038642
664,-3.2261747121810913,-3312.853374191036,2.0637128353118896,0.0,0.0,0.19701038300991058,1.1624618768692017,0.0,3.0291643291711807,0.0,1670.7637561824522,155.52228656038642
665,-9.071842193603516,-3321.9252163846395,0.9532496929168701,0.0,0.5208019614219666,0.0,0.7939088940620422,0.0,2.267960548400879,0.0,1673.031716730853,155.52228656038642
666,-4.851075172424316,-3326.776291557064,0.40967029333114624,0.0,0.2636435031890869,0.0,0.539454996585846,0.0,1.212768793106079,0.0,1674.2444855239592,155.52228656038642
667,-16.552356719970703,-3343.3286482770345,2.1317942142486572,0.0,0.3581891655921936,0.0,1.6481059789657593,0.0,4.13808935880661,0.0,1678.3825748827658,155.52228656038642
668,-8.63096809387207,-3351.9596163709066,0.7031154632568359,0.0,0.36468249559402466,0.0,1.0899442434310913,0.0,2.157742202281952,0.0,1680.5403170850477,155.52228656038642
669,-65.76693725585938,-3417.726553626766,7.0275139808654785,0.0,0.3876185119152069,0.0,9.026601791381836,0.0,16.44173428416252,0.0,1696.9820513692102,155.52228656038642
670,-1.008329153060913,-3418.734882779827,0.4215100109577179,0.0,0.44215521216392517,0.0,1.65715754032135,0.0,2.520822763442993,0.0,1699.5028741326532,155.52228656038642
671,-0.6410889625549316,-3419.375971742382,0.37498530745506287,0.0,0.7011880874633789,0.0,0.5265489816665649,0.0,1.6027223765850067,0.0,1701.1055965092382,155.52228656038642
672,-0.39119619131088257,-3419.7671679336927,0.3568393290042877,0.0,0.19907063245773315,0.0,0.42208048701286316,0.0,0.977990448474884,0.0,1702.0835869577131,155.52228656038642
673,-0.6056935787200928,-3420.372861512413,0.34507817029953003,0.0,0.7501539587974548,0.0,0.41900184750556946,0.0,1.5142339766025543,0.0,1703.5978209343157,155.52228656038642
674,-0.9658172726631165,-3421.338678785076,1.7011696100234985,0.0,0.2967706322669983,0.0,0.4166029393672943,0.0,2.414543181657791,0.0,1706.0123641159735,155.52228656038642
675,-0.3825039863586426,-3421.7211827714345,0.35007867217063904,0.0,0.1873515099287033,0.0,0.4188297688961029,0.0,0.9562599509954453,0.0,1706.968624066969,155.52228656038642
676,-0.3944016098976135,-3422.115584381332,0.34860697388648987,0.0,0.20223666727542877,0.0,0.4351603388786316,0.0,0.9860039800405502,0.0,1707.9546280470095,155.52228656038642
677,-0.4317846894264221,-3422.5473690707586,0.3487769067287445,0.0,0.23087537288665771,0.0,0.49980950355529785,0.0,1.0794617831707,0.0,1709.0340898301802,155.52228656038642
678,-2.8484504222869873,-3425.3958194930456,3.07175612449646,0.0,2.1888458728790283,0.0,1.8605239391326904,0.0,7.121125936508179,0.0,1716.1552157666883,155.52228656038642
679,-4.448736667633057,-3429.8445561606786,1.2442187070846558,0.0,1.9272652864456177,0.0,1.2772525548934937,0.0,4.448736548423767,0.0,1720.603952315112,155.52228656038642
680,-1.003823459148407,-3430.848379619827,0.0,0.1919764280319214,0.7836349010467529,0.0,0.22018855810165405,0.0,0.8118470311164856,0.0,1721.4157993462286,155.52228656038642
681,-0.7578384280204773,-3431.6062180478475,0.4022056460380554,0.0,0.25337982177734375,0.0,0.10225296765565872,0.0,0.7578384354710579,0.0,1722.1736377816997,155.52228656038642
682,-0.3820599615573883,-3431.988278009405,0.0,0.8945507407188416,0.3820599615573883,0.0,0.0,0.0920955017209053,0.0,0.6045862808823586,1722.1736377816997,156.12687284126878
683,-1.620985984802246,-3433.609263994207,0.0,0.21135073900222778,0.0,0.030194442719221115,1.620985984802246,0.0,1.3794408030807972,0.0,1723.5530785847805,156.12687284126878
684,-0.9962734580039978,-3434.605537452211,0.0,1.1891871690750122,0.9962734580039978,0.0,0.0,0.2818286418914795,0.0,0.4747423529624939,1723.5530785847805,156.60161519423127
685,-1.5332290530204773,-3436.1387665052316,0.0,1.1782113313674927,0.8795397281646729,0.0,0.6536893248558044,0.0,0.3550177216529846,0.0,1723.9080963064334,156.60161519423127
686,-1.846692144870758,-3437.9854586501024,0.0,1.0789623260498047,0.8916293382644653,0.0,0.9550628066062927,0.0,0.7677298188209534,0.0,1724.6758261252544,156.60161519423127
687,-2.2319633960723877,-3440.2174220461748,0.10087758302688599,0.0,0.9151632785797119,0.0,1.2159225940704346,0.0,2.2319634556770325,0.0,1726.9077895809314,156.60161519423127
688,-2.4842758178710938,-3442.701697864046,2.4842758178710938,0.0,0.0,0.1713041365146637,0.0,0.4082888960838318,1.9046827852725983,0.0,1728.812472366204,156.60161519423127
689,-17.305343627929688,-3460.0070414919755,2.3771557807922363,0.0,1.1077123880386353,0.0,0.8414677977561951,0.0,4.326335966587067,0.0,1733.138808332791,156.60161519423127
690,-43.07775115966797,-3503.0847926516435,1.4444351196289062,0.0,1.2689265012741089,0.0,8.056076049804688,0.0,10.769437670707703,0.0,1743.9082460034988,156.60161519423127
691,-10.477346420288086,-3513.5621390719316,1.0972508192062378,0.0,0.5973512530326843,0.0,0.9247347116470337,0.0,2.619336783885956,0.0,1746.5275827873847,156.60161519423127
692,-56.394676208496094,-3569.9568152804277,5.704781532287598,0.0,4.692464828491211,0.0,3.701422929763794,0.0,14.098669290542603,0.0,1760.6262520779273,156.60161519423127
693,0.0,-3569.9568152804277,0.0,0.9211933612823486,0.0,1.0433616638183594,0.0,0.5800811648368835,0.0,2.5446361899375916,1760.6262520779273,159.14625138416886
694,-0.44629135727882385,-3570.4031066377065,0.0,0.9407356977462769,0.0,1.2680457830429077,1.1157283782958984,0.0,0.0,1.0930531024932861,1760.6262520779273,160.23930448666215
695,-0.6546578407287598,-3571.0577644784353,0.3456334173679352,0.0,0.1824386715888977,0.0,1.1085724830627441,0.0,1.636644572019577,0.0,1762.262896649947,160.23930448666215
696,-0.3854495882987976,-3571.443214066734,0.35421058535575867,0.0,0.18733283877372742,0.0,0.42208048701286316,0.0,0.9636239111423492,0.0,1763.2265205610893,160.23930448666215
697,-0.383063405752182,-3571.8262774724863,0.3527388870716095,0.0,0.18591776490211487,0.0,0.41900184750556946,0.0,0.9576584994792938,0.0,1764.1841790605686,160.23930448666215
698,-0.38106241822242737,-3572.2073398907087,0.3514370918273926,0.0,0.18461598455905914,0.0,0.4166029393672943,0.0,0.952656015753746,0.0,1765.1368350763223,160.23930448666215
699,-0.3825039863586426,-3572.5898438770673,0.35007867217063904,0.0,0.1873515099287033,0.0,0.4188297688961029,0.0,0.9562599509954453,0.0,1766.0930950273178,160.23930448666215
700,-0.3944016098976135,-3572.984245486965,0.34860697388648987,0.0,0.20223666727542877,0.0,0.4351603388786316,0.0,0.9860039800405502,0.0,1767.0790990073583,160.23930448666215
701,-1.3457692861557007,-3574.3300147731206,1.3761818408966064,0.0,0.79400634765625,0.0,1.1942349672317505,0.0,3.364423155784607,0.0,1770.443522163143,160.23930448666215
702,-1.3190224170684814,-3575.649037190189,1.3382571935653687,0.0,0.8062359094619751,0.0,1.1530628204345703,0.0,3.297555923461914,0.0,1773.7410780866048,160.23930448666215
703,-1.8209704160690308,-3577.470007606258,1.3067142963409424,0.0,0.20033147931098938,0.0,0.3139246702194214,0.0,1.8209704458713531,0.0,1775.5620485324762,160.23930448666215
704,-1.3224836587905884,-3578.7924912650487,0.7592211961746216,0.0,0.2643275260925293,0.0,0.2989349663257599,0.0,1.3224836885929108,0.0,1776.884532221069,160.23930448666215
705,-3.6874258518218994,-3582.4799171168706,1.9054900407791138,0.0,0.24723315238952637,0.0,1.5347025394439697,0.0,3.68742573261261,0.0,1780.5719579536817,160.23930448666215
706,-1.3152621164917946,-3583.7951792333624,1.2209644317626953,0.0,0.09429768472909927,0.0,0.0,0.18462733924388885,1.1306347772479057,0.0,1781.7025927309296,160.23930448666215
707,-5.430236339569092,-3589.2254155729315,2.00820255279541,0.0,1.6911731958389282,0.0,1.7308608293533325,0.0,5.430236577987671,0.0,1787.1328293089173,160.23930448666215
708,-0.06494231522083282,-3589.2903578881524,0.0,1.1632142066955566,0.06494231522083282,0.0,0.0,0.057513393461704254,0.0,1.155785284936428,1787.1328293089173,161.39508977159858
709,0.0,-3589.2903578881524,0.0,0.9385082721710205,0.0,0.16362735629081726,0.0,0.25184541940689087,0.0,1.3539810478687286,1787.1328293089173,162.7490708194673
710,0.0,-3589.2903578881524,0.0,0.5056313276290894,0.0,0.13752496242523193,0.0,0.47904282808303833,0.0,1.1221991181373596,1787.1328293089173,163.87126993760467
711,0.0,-3589.2903578881524,0.0,0.6964879035949707,0.0,0.025233205407857895,0.0,0.09830903261899948,0.0,0.8200301416218281,1787.1328293089173,164.6913000792265
712,-1.1322922334074974,-3590.42265012156,0.0,0.03524324670433998,1.0282906293869019,0.0,0.10400160402059555,0.0,1.0970489867031574,0.0,1788.2298782956204,164.6913000792265
713,-8.063793182373047,-3598.486443303933,0.20622381567955017,0.0,1.152182698249817,0.0,0.6575417518615723,0.0,2.0159482657909393,0.0,1790.2458265614114,164.6913000792265
714,-8.417314529418945,-3606.903757833352,0.3609231412410736,0.0,0.5004211664199829,0.0,1.242984414100647,0.0,2.1043287217617035,0.0,1792.350155283173,164.6913000792265
715,-9.22077751159668,-3616.1245353449485,0.861149787902832,0.0,0.46824032068252563,0.0,0.9758043885231018,0.0,2.3051944971084595,0.0,1794.6553497802815,164.6913000792265
716,-10.550981521606445,-3626.675516866555,1.2025023698806763,0.0,0.36468249559402466,0.0,1.0705604553222656,0.0,2.6377453207969666,0.0,1797.2930951010785,164.6913000792265
717,-62.072547912597656,-3688.7480647791526,6.819677829742432,0.0,4.7148284912109375,0.0,3.983630895614624,0.0,15.518137216567993,0.0,1812.8112323176465,164.6913000792265
718,-0.5052081346511841,-3689.253272913804,0.0,0.9536858797073364,0.0,1.2377203702926636,1.2630202770233154,0.0,0.0,0.9283859729766846,1812.8112323176465,165.61968605220318
