time_step,reward,all_rewards,grid_import_Building_1_kwh,export_Building_1_kwh,grid_import_Building_2_kwh,export_Building_2_kwh,grid_import_Building_3_kwh,export_Building_3_kwh,grid_import_kwh,export_kwh,cumulative_grid_import_kwh,cumulative_export_kwh
0,-5.139645386752277,-5.139645386752277,2.033644199371338,0.0,0.5619984865188599,0.0,1.689454197883606,0.0,4.285096883773804,0.0,4.285096883773804,0.0
1,-1.6839745004054711,-6.823619887157748,0.8462807536125183,0.0,0.18591776490211487,0.0,0.47319296002388,0.0,1.5053914785385132,0.0,5.790488362312317,0.0
2,-1.4726600649483959,-8.296279952106143,0.7249863147735596,0.0,0.18461598455905914,0.0,0.4455188810825348,0.0,1.3551211804151535,0.0,7.14560954272747,0.0
3,-1.3522917836373631,-9.648571735743506,0.6327978372573853,0.0,0.1873515099287033,0.0,0.433448851108551,0.0,1.2535981982946396,0.0,8.39920774102211,0.0
4,-1.3404934578582597,-10.989065193601766,0.6071555614471436,0.0,0.20223666727542877,0.0,0.4351603388786316,0.0,1.244552567601204,0.0,9.643760308623314,0.0
5,-1.9118836324615909,-12.900948826063356,1.00062894821167,0.0,0.23087537288665771,0.0,0.49980950355529785,0.0,1.7313138246536255,0.0,11.37507413327694,0.0
6,-3.354300748708435,-16.255249574771792,1.607621669769287,0.0,0.24817126989364624,0.0,1.033126950263977,0.0,2.8889198899269104,0.0,14.26399402320385,0.0
7,-1.9811749608502816,-18.236424535622074,0.5342340469360352,0.0,0.3452141582965851,0.0,0.8840543627738953,0.0,1.7635025680065155,0.0,16.027496591210365,0.0
8,-13.564181395953787,-31.80060593157586,4.653266429901123,0.0,2.933849573135376,0.0,2.187143325805664,0.0,9.774259328842163,0.0,25.80175592005253,0.0
9,-3.905401891423189,-35.70600782299905,0.48263463377952576,0.0,0.6722479462623596,0.0,2.1317636966705322,0.0,3.2866462767124176,0.0,29.088402196764946,0.0
10,-2.179013477481447,-37.885021300480496,0.0,0.3569531738758087,0.6334824562072754,0.0,1.284489393234253,0.0,1.5610186755657196,0.0,30.649420872330666,0.0
11,-4.024840580057725,-41.90986188053822,1.8172708749771118,0.0,0.6685148477554321,0.0,0.969410240650177,0.0,3.455195963382721,0.0,34.10461683571339,0.0
12,-4.211990281093831,-46.121852161632056,0.26597872376441956,0.0,0.9704316258430481,0.0,0.7307910919189453,0.0,1.967201441526413,0.0,36.0718182772398,0.0
13,-5.514216329954804,-51.63606849158686,1.7891688346862793,0.0,1.4088159799575806,0.0,1.4514431953430176,0.0,4.649428009986877,0.0,40.72124628722668,0.0
14,-5.970012163361216,-57.60608065494808,2.1316745281219482,0.0,1.525498867034912,0.0,1.3094712495803833,0.0,4.966644644737244,0.0,45.68789093196392,0.0
15,-14.438435101291061,-72.04451575623914,1.191725492477417,0.0,1.6593674421310425,0.0,0.7603843212127686,0.0,3.611477255821228,0.0,49.29936818778515,0.0
16,-18.762361974841834,-90.80687773108097,2.9125845432281494,0.0,0.8544104099273682,0.0,0.46232691407203674,0.0,4.229321867227554,0.0,53.5286900550127,0.0
17,-17.311370245392325,-108.1182479764733,1.2073426246643066,0.0,0.8695511221885681,0.0,0.8444862961769104,0.0,2.921380043029785,0.0,56.45007009804249,0.0
18,-12.040774385935222,-120.15902236240852,2.5173251628875732,0.0,1.2874456644058228,0.0,2.156512975692749,0.0,5.961283802986145,0.0,62.41135390102863,0.0
19,-11.06829792578216,-131.22732028819067,3.131718397140503,0.0,1.5174624919891357,0.0,2.3699629306793213,0.0,7.01914381980896,0.0,69.4304977208376,0.0
20,-8.788916077088235,-140.0162363652789,2.583674430847168,0.0,1.9071152210235596,0.0,2.459411382675171,0.0,6.950201034545898,0.0,76.38069875538349,0.0
21,-12.524438540299801,-152.5406749055787,1.9639720916748047,0.0,0.9507495164871216,0.0,2.657177448272705,0.0,5.571899056434631,0.0,81.95259781181812,0.0
22,-14.149945133896107,-166.6906200394748,1.448914885520935,0.0,5.647619247436523,0.0,2.662625312805176,0.0,9.759159445762634,0.0,91.71175725758076,0.0
23,-9.45835401322672,-176.1489740527015,1.383483648300171,0.0,2.596863269805908,0.0,2.7313830852508545,0.0,6.711730003356934,0.0,98.42348726093769,0.0
24,-6.004025661795449,-182.15299971449696,1.3816155195236206,0.0,2.447998523712158,0.0,1.1165059804916382,0.0,4.946120023727417,0.0,103.36960728466511,0.0
25,-10.186852773893937,-192.3398524883909,3.434953451156616,0.0,1.8686013221740723,0.0,2.5022780895233154,0.0,7.805832862854004,0.0,111.17544014751911,0.0
26,-3.6820019834617326,-196.02185447185263,1.3788419961929321,0.0,0.7318140864372253,0.0,1.1110284328460693,0.0,3.221684515476227,0.0,114.39712466299534,0.0
27,-4.726200949927543,-200.74805542178018,1.377483606338501,0.0,0.7504824995994568,0.0,1.881975531578064,0.0,4.009941637516022,0.0,118.40706630051136,0.0
28,-2.044091344960898,-202.79214676674107,1.3546943664550781,0.0,0.0,0.7330616116523743,0.4351603388786316,0.0,1.0567930936813354,0.0,119.4638593941927,0.0
29,-2.131171979689749,-204.92331874643082,1.3658525943756104,0.0,0.0,1.8337033987045288,0.49980950355529785,0.0,0.031958699226379395,0.0,119.49581809341908,0.0
30,-2.29510092471316,-207.21841967114398,1.3301458358764648,0.0,0.24327263236045837,0.0,0.4589728116989136,0.0,2.032391279935837,0.0,121.52820937335491,0.0
31,-2.47316632204932,-209.69158599319329,0.07796920090913773,0.0,0.19240280985832214,0.0,0.49188804626464844,0.0,0.7622600570321083,0.0,122.29046943038702,0.0
32,-5.281633161398123,-214.97321915459142,0.0,0.36149874329566956,1.8357616662979126,0.0,0.49013590812683105,0.0,1.964398831129074,0.0,124.2548682615161,0.0
33,-3.169583568542396,-218.14280272313383,0.5955699682235718,0.0,1.2658371925354004,0.0,0.9425197243690491,0.0,2.8039268851280212,0.0,127.05879514664412,0.0
34,-3.81036521236119,-221.953167935495,1.0900592803955078,0.0,0.9449445009231567,0.0,0.6761959195137024,0.0,2.711199700832367,0.0,129.76999484747648,0.0
35,-4.681514779089179,-226.6346827145842,1.3498703241348267,0.0,0.7865223288536072,0.0,0.47950679063796997,0.0,2.615899443626404,0.0,132.3858942911029,0.0
36,-18.228293312584455,-244.86297602716866,7.879584789276123,0.0,1.6435843706130981,0.0,1.635791540145874,0.0,11.158960700035095,0.0,143.54485499113798,0.0
37,-9.425739087682224,-254.28871511485087,3.8069448471069336,0.0,0.9558195471763611,0.0,0.7919212579727173,0.0,5.554685652256012,0.0,149.099540643394,0.0
38,-9.005661014736464,-263.29437612958736,1.5404163599014282,0.0,1.0664689540863037,0.0,1.3248486518859863,0.0,3.9317339658737183,0.0,153.0312746092677,0.0
39,-10.435001005338494,-273.72937713492587,1.399733543395996,0.0,1.8983535766601562,0.0,1.1420280933380127,0.0,4.440115213394165,0.0,157.47138982266188,0.0
40,-14.280620354531742,-288.0099974894576,2.5025556087493896,0.0,1.3194069862365723,0.0,1.876941204071045,0.0,5.698903799057007,0.0,163.17029362171888,0.0
41,-7.803872182784475,-295.81386967224205,1.9090077877044678,0.0,1.6794472932815552,0.0,1.7554574012756348,0.0,5.343912482261658,0.0,168.51420610398054,0.0
42,-12.386255391197984,-308.20012506344005,3.163917303085327,0.0,1.4173407554626465,0.0,2.4634814262390137,0.0,7.044739484786987,0.0,175.55894558876753,0.0
43,-7.875108925812097,-316.0752339892521,2.81315541267395,0.0,1.3454039096832275,0.0,2.115232467651367,0.0,6.273791790008545,0.0,181.83273737877607,0.0
44,-10.133782911430911,-326.209016900683,4.345648288726807,0.0,1.3279529809951782,0.0,1.8396000862121582,0.0,7.513201355934143,0.0,189.34593873471022,0.0
45,-7.6118882215807,-333.82090512226375,2.6901395320892334,0.0,1.3225005865097046,0.0,2.0881357192993164,0.0,6.100775837898254,0.0,195.44671457260847,0.0
46,-9.633452138789144,-343.4543572610529,1.5709470510482788,0.0,0.7563884258270264,0.0,1.3866462707519531,0.0,3.7139817476272583,0.0,199.16069632023573,0.0
47,-7.057317646699464,-350.51167490775237,1.4023902416229248,0.0,0.7521432042121887,0.0,1.1211706399917603,0.0,3.275704085826874,0.0,202.4364004060626,0.0
48,-15.074036709796808,-365.5857116175492,0.35421058535575867,0.0,0.18733283877372742,0.0,0.42208048701286316,0.0,0.9636239111423492,0.0,203.40002431720495,0.0
49,-6.766137780834895,-372.35184939838405,2.407548666000366,0.0,1.312179684638977,0.0,1.8078527450561523,0.0,5.527581095695496,0.0,208.92760541290045,0.0
50,-6.759155843002998,-379.11100524138703,2.4062469005584717,0.0,1.3108779191970825,0.0,1.805453896522522,0.0,5.522578716278076,0.0,214.45018412917852,0.0
51,-1.3211554270853612,-380.4321606684724,0.3348560631275177,0.0,0.1873515099287033,0.0,0.4188297688961029,0.0,0.9410373419523239,0.0,215.39122147113085,0.0
52,-3.797526169785664,-384.2296868382581,0.34860697388648987,0.0,0.20223666727542877,0.0,0.4351603388786316,0.0,0.9860039800405502,0.0,216.3772254511714,0.0
53,-3.856807885725276,-388.0864947239834,1.3761818408966064,0.0,0.79400634765625,0.0,1.1942349672317505,0.0,3.364423155784607,0.0,219.741648606956,0.0
54,-3.743962772278234,-391.8304574962616,1.3299883604049683,0.0,0.8021014332771301,0.0,1.1447938680648804,0.0,3.2768836617469788,0.0,223.01853226870298,0.0
55,-3.927097695910936,-395.75755519217256,1.5471336841583252,0.0,0.8617960810661316,0.0,1.0048121213912964,0.0,3.413741886615753,0.0,226.43227415531874,0.0
56,-6.363194938056966,-402.1207501302295,1.8221806287765503,0.0,1.8937938213348389,0.0,1.5604077577590942,0.0,5.276382207870483,0.0,231.70865636318922,0.0
57,-4.143717891851345,-406.26446802208085,0.4870434105396271,0.0,1.917726993560791,0.0,1.12003755569458,0.0,3.524807959794998,0.0,235.23346432298422,0.0
58,-10.726549169566466,-416.9910171916473,3.26505708694458,0.0,1.1743378639221191,0.0,3.574007034301758,0.0,8.013401985168457,0.0,243.24686630815268,0.0
59,-8.562637359721414,-425.5536545513687,2.038179636001587,0.0,2.963977336883545,0.0,1.7608380317687988,0.0,6.762995004653931,0.0,250.0098613128066,0.0
60,-4.316630985248791,-429.8702855366175,0.968116044998169,0.0,1.4920241832733154,0.0,1.2707399129867554,0.0,3.7308801412582397,0.0,253.74074145406485,0.0
61,-18.23159294018265,-448.10187847680015,1.290348768234253,0.0,0.9435139298439026,0.0,8.39208698272705,0.0,10.625949680805206,0.0,264.36669113487005,0.0
62,-4.220469526941887,-452.32234800374204,1.3718637228012085,0.0,0.9573377966880798,0.0,1.3289703130722046,0.0,3.658171832561493,0.0,268.02486296743155,0.0
63,-8.632737631833244,-460.9550856355753,3.6161797046661377,0.0,1.112687587738037,0.0,1.9139076471328735,0.0,6.642774939537048,0.0,274.6676379069686,0.0
64,-8.582177532854807,-469.5372631684301,2.9555418491363525,0.0,1.137540578842163,0.0,2.6106719970703125,0.0,6.703754425048828,0.0,281.3713923320174,0.0
65,-6.870144881392316,-476.40740804982244,2.1987667083740234,0.0,1.3441309928894043,0.0,2.071558952331543,0.0,5.614456653594971,0.0,286.9858489856124,0.0
66,-10.320593732498903,-486.7280017823213,3.041545867919922,0.0,1.4397622346878052,0.0,3.354757070541382,0.0,7.836065173149109,0.0,294.8219141587615,0.0
67,-9.078666514019744,-495.80666829634106,2.887971878051758,0.0,1.4853764772415161,0.0,2.71083664894104,0.0,7.084185004234314,0.0,301.9060991629958,0.0
68,-8.487558654096814,-504.29422695043786,2.665567398071289,0.0,1.4909443855285645,0.0,2.5525734424591064,0.0,6.70908522605896,0.0,308.6151843890548,0.0
69,-8.677585946887966,-512.9718128973258,2.6901395320892334,0.0,1.5740883350372314,0.0,2.5788698196411133,0.0,6.843097686767578,0.0,315.45828207582235,0.0
70,-6.996980100122456,-519.9687929974482,2.5373358726501465,0.0,1.3195194005966187,0.0,1.8248319625854492,0.0,5.681687235832214,0.0,321.13996931165457,0.0
71,-7.5909604487370705,-527.5597534461853,2.9260518550872803,0.0,1.3152742385864258,0.0,1.815596103668213,0.0,6.056922197341919,0.0,327.1968915089965,0.0
72,-6.782415808102959,-534.3421692542883,2.4142777919769287,0.0,1.3135948181152344,0.0,1.8109314441680908,0.0,5.538804054260254,0.0,332.73569556325674,0.0
73,-6.766137780834895,-541.1083070351232,2.407548666000366,0.0,1.312179684638977,0.0,1.8078527450561523,0.0,5.527581095695496,0.0,338.26327665895224,0.0
74,-6.759155843002998,-547.8674628781262,2.4062469005584717,0.0,1.3108779191970825,0.0,1.805453896522522,0.0,5.522578716278076,0.0,343.7858553752303,0.0
75,-6.7407713223099215,-554.6082342004361,2.3896658420562744,0.0,1.3136134147644043,0.0,1.8076807260513306,0.0,5.510959982872009,0.0,349.2968153581023,0.0
76,-6.803493606630494,-561.4117278070665,2.403416872024536,0.0,1.3284986019134521,0.0,1.8240113258361816,0.0,5.55592679977417,0.0,354.8527421578765,0.0
77,-8.61290916805656,-570.0246369751231,3.4225449562072754,0.0,1.3571373224258423,0.0,1.9166030883789062,0.0,6.696285367012024,0.0,361.5490275248885,0.0
78,-2.9857909784323082,-573.0104279535554,0.3598918616771698,0.0,0.25422030687332153,0.0,1.9131399393081665,0.0,2.527252107858658,0.0,364.0762796327472,0.0
79,-1.6119579529806567,-574.6223859065361,0.500566840171814,0.0,0.3611260652542114,0.0,0.6291292905807495,0.0,1.490822196006775,0.0,365.56710182875395,0.0
80,-6.952936644437436,-581.5753225509735,1.1729929447174072,0.0,2.054269790649414,0.0,2.417238712310791,0.0,5.644501447677612,0.0,371.21160327643156,0.0
81,-10.579863498813701,-592.1551860497872,1.855061650276184,0.0,4.142265796661377,0.0,1.922224521636963,0.0,7.919551968574524,0.0,379.1311552450061,0.0
82,-6.781780279171484,-598.9369663289586,2.1575803756713867,0.0,1.025357961654663,0.0,2.3263864517211914,0.0,5.509324789047241,0.0,384.6404800340533,0.0
83,-12.832249662570462,-611.7692159915291,4.911137580871582,0.0,1.9821885824203491,0.0,2.3248744010925293,0.0,9.21820056438446,0.0,393.8586805984378,0.0
84,-5.069250386131431,-616.8384663776606,0.19369256496429443,0.0,0.9306818842887878,0.0,2.8976361751556396,0.0,4.022010624408722,0.0,397.8806912228465,0.0
85,-3.9228815623896454,-620.7613479400502,1.951366901397705,0.0,0.0,0.8245552182197571,1.320874571800232,0.0,2.44768625497818,0.0,400.3283774778247,0.0
86,-4.497921402300757,-625.259269342351,1.4800269603729248,0.0,1.2111403942108154,0.0,1.1870588064193726,0.0,3.878226161003113,0.0,404.2066036388278,0.0
87,-1.6963741870037934,-626.9556435293548,0.39555931091308594,0.0,0.5952135324478149,0.0,0.53618985414505,0.0,1.526962697505951,0.0,405.73356633633375,0.0
88,-2.3290660140980988,-629.2847095434529,0.6664116978645325,0.0,0.7570313811302185,0.0,0.641584575176239,0.0,2.06502765417099,0.0,407.79859399050474,0.0
89,-5.903221372011521,-635.1879309154644,1.987291693687439,0.0,1.858508586883545,0.0,0.9463656544685364,0.0,4.79216593503952,0.0,412.59075992554426,0.0
90,-7.565280001375424,-642.7532109168399,2.4535317420959473,0.0,1.4220234155654907,0.0,2.216606855392456,0.0,6.092162013053894,0.0,418.68292193859816,0.0
91,-7.9696848874572455,-650.7228958042971,2.649374485015869,0.0,1.6105245351791382,0.0,2.115232467651367,0.0,6.3751314878463745,0.0,425.05805342644453,0.0
92,-3.206765174648057,-653.9296609789451,0.4663321375846863,0.0,0.890594482421875,0.0,1.455080270767212,0.0,2.812006890773773,0.0,427.8700603172183,0.0
93,-4.717340286553514,-658.6470012654986,1.5721793174743652,0.0,0.9507495164871216,0.0,1.5109572410583496,0.0,4.033886075019836,0.0,431.90394639223814,0.0
94,-4.998084437620581,-663.6450857031192,1.6863653659820557,0.0,0.8927435874938965,0.0,1.6575719118118286,0.0,4.236680865287781,0.0,436.1406272575259,0.0
95,-3.999920925918289,-667.6450066290375,1.383483648300171,0.0,0.8772912621498108,0.0,1.2209744453430176,0.0,3.4817493557929993,0.0,439.6223766133189,0.0
96,-1.030110720056789,-668.6751173490943,0.3275684118270874,0.0,0.18710492551326752,0.0,0.45272377133369446,0.0,0.9673971086740494,0.0,440.58977372199297,0.0
97,-3.7044762483995877,-672.3795935974939,1.3801437616348267,0.0,0.7490487098693848,0.0,1.1114202737808228,0.0,3.240612745285034,0.0,443.830386467278,0.0
98,-3.700753142720154,-676.080346740214,1.3788419961929321,0.0,0.7477469444274902,0.0,1.1110284328460693,0.0,3.2376173734664917,0.0,447.0680038407445,0.0
99,-3.704992139517684,-679.7853388797317,1.377483606338501,0.0,0.7504824995994568,0.0,1.113255262374878,0.0,3.2412213683128357,0.0,450.30922520905733,0.0
100,-2.1269827152980083,-681.9123215950298,1.2544606924057007,0.0,0.20223666727542877,0.0,0.4351603388786316,0.0,1.891857698559761,0.0,452.2010829076171,0.0
101,-1.182720845264253,-683.095042440294,0.3468944728374481,0.0,0.23087537288665771,0.0,0.5277521014213562,0.0,1.105521947145462,0.0,453.30660485476255,0.0
102,-11.6260022900789,-694.7210447303729,4.160702705383301,0.0,1.9303463697433472,0.0,2.5376107692718506,0.0,8.628659844398499,0.0,461.93526469916105,0.0
103,-13.343161379142458,-708.0642061095153,4.489030361175537,0.0,2.8055639266967773,0.0,2.391852855682373,0.0,9.686447143554688,0.0,471.62171184271574,0.0
104,-4.077331712837907,-712.1415378223533,1.2941190004348755,0.0,0.801201581954956,0.0,1.4399466514587402,0.0,3.5352672338485718,0.0,475.1569790765643,0.0
105,-0.24241869156893817,-712.3839565139222,0.0,0.4958544075489044,0.23039452731609344,0.0,0.0,0.13957266509532928,0.0,0.40503254532814026,475.1569790765643,0.40503254532814026
106,-3.558837890625,-715.9427944045472,0.0,1.0164076089859009,0.0,0.015333311632275581,0.0,0.3945979177951813,0.0,1.4263388384133577,475.1569790765643,1.831371383741498
107,-9.69443448237184,-725.637228886919,0.0,0.9263487458229065,0.5092339515686035,0.0,0.0,0.5706278085708618,0.0,0.9877426028251648,475.1569790765643,2.819113986566663
108,-6.647800106281279,-732.2850289932003,2.1153762340545654,0.0,1.1138375997543335,0.0,2.2032525539398193,0.0,5.432466387748718,0.0,480.58944546431303,2.819113986566663
109,-4.375787326753374,-736.6608163199537,1.2809380292892456,0.0,1.5566736459732056,0.0,0.9344885349273682,0.0,3.7721002101898193,0.0,484.36154567450285,2.819113986566663
110,-3.938445935875917,-740.5992622558297,1.1589199304580688,0.0,1.4281775951385498,0.0,0.8421796560287476,0.0,3.429277181625366,0.0,487.7908228561282,2.819113986566663
111,-2.7215362456637844,-743.3207985014934,0.4421669840812683,0.0,1.5308197736740112,0.0,0.3465593159198761,0.0,2.3195460736751556,0.0,490.11036892980337,2.819113986566663
112,-7.463594547115943,-750.7843930486093,0.5429503917694092,0.0,0.41641396284103394,0.0,0.5181232690811157,0.0,1.4774876236915588,0.0,491.58785655349493,2.819113986566663
113,-13.988823179944788,-764.7732162285541,1.9222850799560547,0.0,0.6469826698303223,0.0,2.061190128326416,0.0,4.630457878112793,0.0,496.2183144316077,2.819113986566663
114,-10.760089388541868,-775.533305617096,2.4258487224578857,0.0,1.2792996168136597,0.0,2.94585919380188,0.0,6.651007533073425,0.0,502.86932196468115,2.819113986566663
115,-11.54295991801997,-787.0762655351159,2.809478998184204,0.0,1.3454039096832275,0.0,4.311790943145752,0.0,8.466673851013184,0.0,511.33599581569433,2.819113986566663
116,-5.85344658709584,-792.9297121222118,1.4743767976760864,0.0,0.9278134703636169,0.0,2.2696120738983154,0.0,4.671802341938019,0.0,516.0077981576324,2.819113986566663
117,-3.993993251197331,-796.9237053734091,1.3910688161849976,0.0,0.9507495164871216,0.0,1.1374701261520386,0.0,3.4792884588241577,0.0,519.4870866164565,2.819113986566663
118,-4.574874595780226,-801.4985799691893,1.6241395473480225,0.0,0.8927435874938965,0.0,1.4039669036865234,0.0,3.9208500385284424,0.0,523.407936654985,2.819113986566663
119,-4.03871444033148,-805.5372944095208,1.619722604751587,0.0,0.7521432042121887,0.0,1.1211706399917603,0.0,3.493036448955536,0.0,526.9009731039405,2.819113986566663
120,-5.580659024249933,-811.1179534337707,0.35421058535575867,0.0,0.18733283877372742,0.0,0.42208048701286316,0.0,0.9636239111423492,0.0,527.8645970150828,2.819113986566663
121,-3.7069878543734056,-814.8249412881441,1.3801437616348267,0.0,0.7490487098693848,0.0,1.1134272813796997,0.0,3.242619752883911,0.0,531.1072167679667,2.819113986566663
122,-3.700753142720154,-818.5256944308643,1.3788419961929321,0.0,0.7477469444274902,0.0,1.1110284328460693,0.0,3.2376173734664917,0.0,534.3448341414332,2.819113986566663
123,-3.6779115526746664,-822.203605983539,1.377483606338501,0.0,0.7504824995994568,0.0,1.0915806293487549,0.0,3.2195467352867126,0.0,537.56438087672,2.819113986566663
124,-1.0497081766216017,-823.2533141601606,0.34860697388648987,0.0,0.20223666727542877,0.0,0.4351603388786316,0.0,0.9860039800405502,0.0,538.5503848567605,2.819113986566663
125,-1.8528052632368976,-825.1061194233974,0.9524089097976685,0.0,0.23087537288665771,0.0,0.49980950355529785,0.0,1.683093786239624,0.0,540.2334786430001,2.819113986566663
126,-37.676433549140526,-862.7825529725379,8.10268497467041,0.0,1.9869074821472168,0.0,10.015020370483398,0.0,20.104612827301025,0.0,560.3380914703012,2.819113986566663
127,-3.766401062373183,-866.5489540349112,1.1296727657318115,0.0,0.8438329696655273,0.0,1.3229596614837646,0.0,3.2964653968811035,0.0,563.6345568671823,2.819113986566663
128,-3.141915338617544,-869.6908693735287,0.8079676628112793,0.0,0.8231989145278931,0.0,1.1614108085632324,0.0,2.792577385902405,0.0,566.4271342530847,2.819113986566663
129,-7.192992869592553,-876.8838622431213,4.173412322998047,0.0,0.13157224655151367,0.0,0.39724376797676086,0.0,4.702228337526321,0.0,571.129362590611,2.819113986566663
130,-4.985744200468083,-881.8696064435893,0.0,0.837080717086792,0.10908318310976028,0.0,0.10659606009721756,0.0,0.0,0.6214014738798141,571.129362590611,3.440515460446477
131,-9.72664680183701,-891.5962532454263,0.0,1.1622930765151978,0.010712550953030586,0.0,0.0,0.5703308582305908,0.0,1.721911383792758,571.129362590611,5.162426844239235
132,-6.233502991770241,-897.8297562371965,1.8917490243911743,0.0,1.8065276145935059,0.0,1.4807651042938232,0.0,5.179041743278503,0.0,576.3084043338895,5.162426844239235
133,-4.169753422110137,-901.9995096593067,0.854030191898346,0.0,1.4313864707946777,0.0,1.325546383857727,0.0,3.6109630465507507,0.0,579.9193673804402,5.162426844239235
134,-4.867702910104825,-906.8672125694115,1.4102591276168823,0.0,1.4147096872329712,0.0,1.3421133756637573,0.0,4.167082190513611,0.0,584.0864495709538,5.162426844239235
135,-2.241791281543163,-909.1090038509548,0.13185594975948334,0.0,1.4937834739685059,0.0,0.2724864184856415,0.0,1.8981258422136307,0.0,585.9845754131675,5.162426844239235
136,-2.1091078492027964,-911.2181117001576,0.43985965847969055,0.0,0.9559313058853149,0.0,0.4708959460258484,0.0,1.8666869103908539,0.0,587.8512623235583,5.162426844239235
137,-6.0290637323985115,-917.2471754325561,2.815167188644409,0.0,1.107488989830017,0.0,0.8410211205482483,0.0,4.763677299022675,0.0,592.614939622581,5.162426844239235
138,-8.329092763655062,-925.5762681962111,2.973583221435547,0.0,1.4094096422195435,0.0,2.1913793087005615,0.0,6.574372172355652,0.0,599.1893117949367,5.162426844239235
139,-9.353896243729814,-934.9301644399409,3.6928415298461914,0.0,1.3453454971313477,0.0,2.1151156425476074,0.0,7.1533026695251465,0.0,606.3426144644618,5.162426844239235
140,-26.294332768230763,-961.2244972081717,9.748826026916504,0.0,1.3279529809951782,0.0,3.721173048019409,0.0,14.797952055931091,0.0,621.1405665203929,5.162426844239235
141,-4.808984778177409,-966.0334819863491,1.8072268962860107,0.0,0.7593696117401123,0.0,1.5109572410583496,0.0,4.077553749084473,0.0,625.2181202694774,5.162426844239235
142,-3.827141703141374,-969.8606236894905,1.448914885520935,0.0,0.7563884258270264,0.0,1.1304066181182861,0.0,3.3357099294662476,0.0,628.5538301989436,5.162426844239235
143,-3.7246936526044996,-973.585317342095,1.383483648300171,0.0,0.7521432042121887,0.0,1.1211706399917603,0.0,3.25679749250412,0.0,631.8106276914477,5.162426844239235
144,-5.235682599079035,-978.820999941174,0.35421058535575867,0.0,0.18733283877372742,0.0,0.42208048701286316,0.0,0.9636239111423492,0.0,632.7742516025901,5.162426844239235
145,-6.216989209438675,-985.0379891506127,0.5866090059280396,0.0,0.18591776490211487,0.0,0.6382042765617371,0.0,1.4107310473918915,0.0,634.184982649982,5.162426844239235
146,-9.086997838811142,-994.1249869894239,0.33876895904541016,0.0,0.18461598455905914,0.0,0.6358053684234619,0.0,1.1591903120279312,0.0,635.3441729620099,5.162426844239235
147,-11.50840951593636,-1005.6333965053602,0.3348560631275177,0.0,0.1873515099287033,0.0,0.6163576245307922,0.0,1.1385651975870132,0.0,636.4827381595969,5.162426844239235
148,-13.144812757179942,-1018.7782092625401,0.34860697388648987,0.0,0.20223666727542877,0.0,0.4790008068084717,0.0,1.0298444479703903,0.0,637.5125826075673,5.162426844239235
149,-10.370577618656773,-1029.1487868811969,3.427227020263672,0.0,1.9202682971954346,0.0,2.583085775375366,0.0,7.930581092834473,0.0,645.4431637004018,5.162426844239235
150,-3.8950974458470897,-1033.043884327044,1.2575488090515137,0.0,0.8152798414230347,0.0,1.3240694999694824,0.0,3.3968981504440308,0.0,648.8400618508458,5.162426844239235
151,-4.884386758805746,-1037.9282710858497,1.4144811630249023,0.0,1.332330346107483,0.0,1.432847023010254,0.0,4.179658532142639,0.0,653.0197203829885,5.162426844239235
152,-5.852465584960626,-1043.7807366708103,2.518070936203003,0.0,1.2921829223632812,0.0,1.0007736682891846,0.0,4.811027526855469,0.0,657.8307479098439,5.162426844239235
153,-0.3918530413103815,-1044.1725897121207,0.0,0.5706719756126404,0.19011560082435608,0.0,0.0,0.02427547238767147,0.0,0.4048318471759558,657.8307479098439,5.567258691415191
154,-2.8308399208918433,-1047.0034296330125,0.0,0.7727327942848206,0.2923145890235901,0.0,0.0,0.27234557271003723,0.0,0.7527637779712677,657.8307479098439,6.320022469386458
155,-14.131727310889083,-1061.1351569439016,6.585570335388184,0.0,1.58272123336792,0.0,1.0070786476135254,0.0,9.175370216369629,0.0,667.0061181262136,6.320022469386458
156,-8.907355103941363,-1070.042512047843,3.0495502948760986,0.0,1.5471513271331787,0.0,2.374350070953369,0.0,6.9710516929626465,0.0,673.9771698191762,6.320022469386458
157,-7.2133746902542555,-1077.2558867380974,2.5908987522125244,0.0,1.4441614151000977,0.0,1.803157091140747,0.0,5.838217258453369,0.0,679.8153870776296,6.320022469386458
158,-4.009847778104107,-1081.2657345162015,1.3053959608078003,0.0,1.3969296216964722,0.0,0.7796838283538818,0.0,3.4820094108581543,0.0,683.2973964884877,6.320022469386458
159,-4.04240481725291,-1085.3081393334544,0.4353134334087372,0.0,1.4846761226654053,0.0,1.468564510345459,0.0,3.3885540664196014,0.0,686.6859505549073,6.320022469386458
160,-3.139316039429783,-1088.4474553728842,1.061845302581787,0.0,0.9616400003433228,0.0,0.701515793800354,0.0,2.725001096725464,0.0,689.4109516516328,6.320022469386458
161,-6.092660242824087,-1094.5401156157084,2.48807430267334,0.0,1.1198649406433105,0.0,1.2873319387435913,0.0,4.895271182060242,0.0,694.306222833693,6.320022469386458
162,-9.954503093487165,-1104.4946187091955,3.1331467628479004,0.0,1.2839975357055664,0.0,3.1668593883514404,0.0,7.584003686904907,0.0,701.8902265205979,6.320022469386458
163,-8.492918322156441,-1112.9875370313518,2.754373073577881,0.0,1.345164179801941,0.0,2.588685989379883,0.0,6.688223242759705,0.0,708.5784497633576,6.320022469386458
164,-9.695792850547624,-1122.6833298818995,3.4861655235290527,0.0,1.4909443855285645,0.0,2.459411382675171,0.0,7.436521291732788,0.0,716.0149710550904,6.320022469386458
165,-4.99884166538582,-1127.6821715472852,1.5721793174743652,0.0,0.7593695521354675,0.0,1.8844444751739502,0.0,4.215993344783783,0.0,720.2309643998742,6.320022469386458
166,-3.7470514632817435,-1131.4292230105668,1.3878989219665527,0.0,0.7563884258270264,0.0,1.1304066181182861,0.0,3.2746939659118652,0.0,723.5056583657861,6.320022469386458
167,-3.7246936526044996,-1135.1539166631712,1.383483648300171,0.0,0.7521432042121887,0.0,1.1211706399917603,0.0,3.25679749250412,0.0,726.7624558582902,6.320022469386458
168,-3.7144312183611934,-1138.8683478815324,1.3816155195236206,0.0,0.7504638433456421,0.0,1.1165059804916382,0.0,3.248585343360901,0.0,730.0110412016511,6.320022469386458
169,-3.7069878543734056,-1142.5753357359058,1.3801437616348267,0.0,0.7490487098693848,0.0,1.1134272813796997,0.0,3.242619752883911,0.0,733.253660954535,6.320022469386458
170,-6.759155843002998,-1149.334491578909,2.4062469005584717,0.0,1.3108779191970825,0.0,1.805453896522522,0.0,5.522578716278076,0.0,738.7762396708131,6.320022469386458
171,-1.01723195547122,-1150.3517235343802,0.35007867217063904,0.0,0.1873515099287033,0.0,0.4188297688961029,0.0,0.9562599509954453,0.0,739.7324996218085,6.320022469386458
172,-1.0497081766216017,-1151.4014317110018,0.34860697388648987,0.0,0.20223666727542877,0.0,0.4351603388786316,0.0,0.9860039800405502,0.0,740.7185036018491,6.320022469386458
173,-4.6336688571241496,-1156.035100568126,2.916538715362549,0.0,0.23087537288665771,0.0,0.49980950355529785,0.0,3.6472235918045044,0.0,744.3657271936536,6.320022469386458
174,-1.9572286564466628,-1157.9923292245726,0.384336918592453,0.0,0.23963414132595062,0.0,1.133434534072876,0.0,1.7574055939912796,0.0,746.1231327876449,6.320022469386458
175,-5.179541917037267,-1163.17187114161,1.1790401935577393,0.0,1.3000762462615967,0.0,1.9026541709899902,0.0,4.381770610809326,0.0,750.5049033984542,6.320022469386458
176,-6.181937890209704,-1169.3538090318195,2.196286678314209,0.0,1.33600652217865,0.0,1.587520956993103,0.0,5.119814157485962,0.0,755.6247175559402,6.320022469386458
177,-0.19549453647914986,-1169.5493035682987,0.0,0.6238800287246704,0.18657486140727997,0.0,0.0,0.031356967985630035,0.0,0.4686621353030205,755.6247175559402,6.788684604689479
178,-2.2587294353758316,-1171.8080330036746,0.0,0.9074476957321167,0.03914664313197136,0.0,0.0,0.2856380045413971,0.0,1.1539390571415424,755.6247175559402,7.942623661831021
179,-6.442420134125459,-1178.2504531378002,0.0,1.0420626401901245,0.19224512577056885,0.0,0.0,0.45010045170783997,0.0,1.2999179661273956,755.6247175559402,9.242541627958417
180,-6.059196637124643,-1184.3096497749248,1.9398025274276733,0.0,1.582791805267334,0.0,1.5288186073303223,0.0,5.05141294002533,0.0,760.6761304959655,9.242541627958417
181,-4.046890899937446,-1188.3565406748621,1.164676547050476,0.0,1.4703547954559326,0.0,0.880095362663269,0.0,3.5151267051696777,0.0,764.1912572011352,9.242541627958417
182,-3.949286108862601,-1192.3058267837248,1.0748494863510132,0.0,1.4593517780303955,0.0,0.9045279026031494,0.0,3.438729166984558,0.0,767.6299863681197,9.242541627958417
183,-2.4115072100476005,-1194.7173339937724,0.19057846069335938,0.0,1.5231447219848633,0.0,0.3312089145183563,0.0,2.044932097196579,0.0,769.6749184653163,9.242541627958417
184,-3.4053185227144405,-1198.1226525164868,0.4706668555736542,0.0,0.9713348746299744,0.0,0.501703143119812,0.0,1.9437048733234406,0.0,771.6186233386397,9.242541627958417
185,-7.177598258068539,-1205.3002507745553,1.019048810005188,0.0,1.1168324947357178,0.0,1.0496834516525269,0.0,3.1855647563934326,0.0,774.8041880950332,9.242541627958417
186,-7.4585299191499725,-1212.7587806937051,2.736299991607666,0.0,1.2805780172348022,0.0,1.9674155712127686,0.0,5.984293580055237,0.0,780.7884816750884,9.242541627958417
187,-7.328018157722192,-1220.0867988514274,2.085840940475464,0.0,0.9214714169502258,0.0,2.1710727214813232,0.0,5.178385078907013,0.0,785.9668667539954,9.242541627958417
188,-6.570109681545518,-1226.656908532973,1.8708724975585938,0.0,0.9278134703636169,0.0,2.510606527328491,0.0,5.309292495250702,0.0,791.2761592492461,9.242541627958417
189,-5.403832441848095,-1232.060740974821,1.5721793174743652,0.0,0.9507495164871216,0.0,2.0080373287200928,0.0,4.53096616268158,0.0,795.8071254119277,9.242541627958417
190,-4.901166184627408,-1236.9619071594484,1.3878989219665527,0.0,0.8927435874938965,0.0,1.8760063648223877,0.0,4.156648874282837,0.0,799.9637742862105,9.242541627958417
191,-4.0423329487177275,-1241.0042401081662,1.383483648300171,0.0,0.7521432042121887,0.0,1.36971116065979,0.0,3.5053380131721497,0.0,803.4691122993827,9.242541627958417
192,-4.137627384940357,-1245.1418674931065,1.6981639862060547,0.0,0.7504638433456421,0.0,1.1165059804916382,0.0,3.565133810043335,0.0,807.034246109426,9.242541627958417
193,-3.8423477627258604,-1248.9842152558324,1.3724830150604248,0.0,0.8710955381393433,0.0,1.1134272813796997,0.0,3.3570058345794678,0.0,810.3912519440055,9.242541627958417
194,-3.700753142720154,-1252.6849683985527,1.3788419961929321,0.0,0.7477469444274902,0.0,1.1110284328460693,0.0,3.2376173734664917,0.0,813.628869317472,9.242541627958417
195,-3.704992139517684,-1256.3899605380702,1.377483606338501,0.0,0.7504824995994568,0.0,1.113255262374878,0.0,3.2412213683128357,0.0,816.8700906857848,9.242541627958417
196,-1.0497081766216017,-1257.4396687146918,0.34860697388648987,0.0,0.20223666727542877,0.0,0.4351603388786316,0.0,0.9860039800405502,0.0,817.8560946658254,9.242541627958417
197,-1.1531664418822671,-1258.5928351565742,0.3487769067287445,0.0,0.23087537288665771,0.0,0.49980950355529785,0.0,1.0794617831707,0.0,818.9355564489961,9.242541627958417
198,-2.4103609163417357,-1261.003196072916,1.1771295070648193,0.0,0.24088947474956512,0.0,0.4542064964771271,0.0,1.8722254782915115,0.0,820.8077819272876,9.242541627958417
199,-4.895602010083465,-1265.8987980829993,0.09793445467948914,0.0,0.3024880588054657,0.0,0.5118532776832581,0.0,0.9122757911682129,0.0,821.7200577184558,9.242541627958417
200,-5.470958657660183,-1271.3697567406596,2.424347162246704,0.0,0.8079760670661926,0.0,0.954395592212677,0.0,4.186718821525574,0.0,825.9067765399814,9.242541627958417
201,-3.1283078141262886,-1274.498064554786,0.3970923125743866,0.0,0.7982905507087708,0.0,0.7511081099510193,0.0,1.9464909732341766,0.0,827.8532675132155,9.242541627958417
202,-3.750000437442841,-1278.2480649922288,0.10069479793310165,0.0,0.6651016473770142,0.0,0.7057895660400391,0.0,1.4715860113501549,0.0,829.3248535245657,9.242541627958417
203,-5.926265870478936,-1284.1743308627078,0.4834986627101898,0.0,0.7204452157020569,0.0,0.83186936378479,0.0,2.0358132421970367,0.0,831.3606667667627,9.242541627958417
204,-5.380236214433074,-1289.554567077141,1.696143627166748,0.0,1.1343498229980469,0.0,1.2219855785369873,0.0,4.052479028701782,0.0,835.4131457954645,9.242541627958417
205,-16.057883113270567,-1305.6124501904114,1.965383529663086,0.0,1.1521674394607544,0.0,6.358140468597412,0.0,9.475691437721252,0.0,844.8888372331858,9.242541627958417
206,-9.688281071124699,-1315.3007312615362,2.5424511432647705,0.0,1.0252492427825928,0.0,2.250511646270752,0.0,5.818212032318115,0.0,850.7070492655039,9.242541627958417
207,-8.7024843225935,-1324.0032155841297,2.250602960586548,0.0,1.1859885454177856,0.0,1.5425999164581299,0.0,4.979191422462463,0.0,855.6862406879663,9.242541627958417
208,-7.999350568536108,-1332.0025661526658,1.806532621383667,0.0,1.1721159219741821,0.0,1.575675129890442,0.0,4.554323673248291,0.0,860.2405643612146,9.242541627958417
209,-8.778688225082842,-1340.7812543777486,2.250924587249756,0.0,1.2912828922271729,0.0,2.1186342239379883,0.0,5.660841703414917,0.0,865.9014060646296,9.242541627958417
210,-9.142836365883428,-1349.924090743632,2.4539294242858887,0.0,1.4222222566604614,0.0,3.2103464603424072,0.0,7.086498141288757,0.0,872.9879042059183,9.242541627958417
211,-7.064718310711665,-1356.9888090543436,2.0060906410217285,0.0,0.9208078384399414,0.0,2.1673035621643066,0.0,5.094202041625977,0.0,878.0821062475443,9.242541627958417
212,-5.122215409863147,-1362.1110244642068,1.63816237449646,0.0,0.9278134703636169,0.0,1.7649859189987183,0.0,4.330961763858795,0.0,882.4130680114031,9.242541627958417
213,-5.350027754228494,-1367.4610522184353,1.6627345085144043,0.0,0.9507495164871216,0.0,1.8844444751739502,0.0,4.497928500175476,0.0,886.9109965115786,9.242541627958417
214,-5.533852899504182,-1372.9949051179394,1.509930968284607,0.0,1.482208013534546,0.0,1.6775274276733398,0.0,4.669666409492493,0.0,891.580662921071,9.242541627958417
215,-3.774206389614495,-1376.7691115075538,1.4212967157363892,0.0,0.7521432042121887,0.0,1.1211706399917603,0.0,3.294610559940338,0.0,894.8752734810114,9.242541627958417
216,-1.4024804070631025,-1378.171591914617,0.3568393290042877,0.0,0.18733283877372742,0.0,0.42208048701286316,0.0,0.9662526547908783,0.0,895.8415261358023,9.242541627958417
217,-6.241118614444004,-1384.412710529061,0.34507817029953003,0.0,0.18591776490211487,0.0,0.41900184750556946,0.0,0.9499977827072144,0.0,896.7915239185095,9.242541627958417
218,-8.927454293254476,-1393.3401648223155,0.5692089200019836,0.0,0.18461598455905914,0.0,0.4166029393672943,0.0,1.170427843928337,0.0,897.9619517624378,9.242541627958417
219,-10.515267386379422,-1403.855432208695,0.35007867217063904,0.0,0.1873515099287033,0.0,0.4188297688961029,0.0,0.9562599509954453,0.0,898.9182117134333,9.242541627958417
220,-11.87475471592824,-1415.7301869246232,0.34860697388648987,0.0,0.20223666727542877,0.0,0.4351603388786316,0.0,0.9860039800405502,0.0,899.9042156934738,9.242541627958417
221,-14.512847393207322,-1430.2430343178305,1.7313987016677856,0.0,0.23087537288665771,0.0,0.49980950355529785,0.0,2.462083578109741,0.0,902.3662992715836,9.242541627958417
222,-15.989644461107636,-1446.2326787789382,0.30128347873687744,0.0,0.2383204847574234,0.0,0.44906851649284363,0.0,0.9886724799871445,0.0,903.3549717515707,9.242541627958417
223,-3.9461211436101444,-1450.1787999225483,1.084922432899475,0.0,0.7692607641220093,0.0,1.019946813583374,0.0,2.8741300106048584,0.0,906.2291017621756,9.242541627958417
224,-3.081466079351235,-1453.2602660018995,0.6360551714897156,0.0,0.7083576321601868,0.0,0.7640594840049744,0.0,2.1084722876548767,0.0,908.3375740498304,9.242541627958417
225,-3.3507978842410835,-1456.6110638861405,0.27821770310401917,0.0,0.8080430030822754,0.0,0.5838878154754639,0.0,1.6701485216617584,0.0,910.0077225714922,9.242541627958417
226,-4.642395476924298,-1461.2534593630648,0.06355869770050049,0.0,0.6690468788146973,0.0,0.5330345034599304,0.0,1.2656400799751282,0.0,911.2733626514673,9.242541627958417
227,-6.06777394458217,-1467.321233307647,1.9026461839675903,0.0,1.661360263824463,0.0,1.4956700801849365,0.0,5.05967652797699,0.0,916.3330391794443,9.242541627958417
228,-6.8415649020601,-1474.162798209707,2.088573932647705,0.0,1.7273423671722412,0.0,1.8033074140548706,0.0,5.619223713874817,0.0,921.9522628933191,9.242541627958417
229,-24.20409937679635,-1498.3668975865035,2.0782299041748047,0.0,9.87036418914795,0.0,1.4752156734466553,0.0,13.42380976676941,0.0,935.3760726600885,9.242541627958417
230,-4.330132156013614,-1502.697029742517,1.0387955904006958,0.0,0.9680699706077576,0.0,0.868474006652832,0.0,2.8753395676612854,0.0,938.2514122277498,9.242541627958417
231,-6.668190348044926,-1509.365220090562,1.4115885496139526,0.0,1.0810762643814087,0.0,1.0760787725448608,0.0,3.568743586540222,0.0,941.82015581429,9.242541627958417
232,-18.674945146988108,-1528.0401652375501,6.1679229736328125,0.0,1.1173629760742188,0.0,3.0061066150665283,0.0,10.29139256477356,0.0,952.1115483790636,9.242541627958417
233,-9.353074802333511,-1537.3932400398837,2.1345837116241455,0.0,1.2669248580932617,0.0,1.8102161884307861,0.0,5.211724758148193,0.0,957.3232731372118,9.242541627958417
234,-10.215027791596972,-1547.6082678314806,3.375532627105713,0.0,1.6593178510665894,0.0,1.981316328048706,0.0,7.016166806221008,0.0,964.3394399434328,9.242541627958417
235,-9.12511281877758,-1556.7333806502581,2.910494804382324,0.0,1.4840673208236694,0.0,2.718437671661377,0.0,7.112999796867371,0.0,971.4524397403002,9.242541627958417
236,-8.341677650632462,-1565.0750583008905,3.2224395275115967,0.0,1.4909443855285645,0.0,1.8395999670028687,0.0,6.55298388004303,0.0,978.0054236203432,9.242541627958417
237,-5.251004948636613,-1570.3260632495271,1.6349718570709229,0.0,0.7593696117401123,0.0,2.0031888484954834,0.0,4.3975303173065186,0.0,982.4029539376497,9.242541627958417
238,-4.664162129409895,-1574.990225378937,2.055718183517456,0.0,0.7563884258270264,0.0,1.1304066181182861,0.0,3.9425132274627686,0.0,986.3454671651125,9.242541627958417
239,-3.7246935001441632,-1578.7149188790813,1.383483648300171,0.0,0.7521432042121887,0.0,1.1211705207824707,0.0,3.2567973732948303,0.0,989.6022645384073,9.242541627958417
240,-5.141635052692317,-1583.8565539317735,0.35421058535575867,0.0,0.18733283877372742,0.0,0.42208048701286316,0.0,0.9636239111423492,0.0,990.5658884495497,9.242541627958417
241,-7.84097382742893,-1591.6975277592026,0.3527388870716095,0.0,0.18591776490211487,0.0,0.41900184750556946,0.0,0.9576584994792938,0.0,991.523546949029,9.242541627958417
242,-6.759155843002998,-1598.4566836022057,2.4062469005584717,0.0,1.3108779191970825,0.0,1.805453896522522,0.0,5.522578716278076,0.0,997.046125665307,9.242541627958417
243,-1.01723195547122,-1599.473915557677,0.35007867217063904,0.0,0.1873515099287033,0.0,0.4188297688961029,0.0,0.9562599509954453,0.0,998.0023856163025,9.242541627958417
244,-3.724341753231587,-1603.1982573109085,1.3631411790847778,0.0,0.7653676271438599,0.0,1.1295857429504395,0.0,3.258094549179077,0.0,1001.2604801654816,9.242541627958417
245,-1.182720845264253,-1604.3809781561727,0.3468944728374481,0.0,0.23087537288665771,0.0,0.5277521014213562,0.0,1.105521947145462,0.0,1002.366002112627,9.242541627958417
246,-6.088582956088787,-1610.4695611122615,0.3362347483634949,0.0,0.24239176511764526,0.0,3.8679957389831543,0.0,4.446622252464294,0.0,1006.8126243650913,9.242541627958417
247,-5.360301079117615,-1615.829862191379,1.1351090669631958,0.0,0.21149376034736633,0.0,0.5300699472427368,0.0,1.876672774553299,0.0,1008.6892971396446,9.242541627958417
248,-7.412472828910092,-1623.2423350202891,1.8268847465515137,0.0,1.6357159614562988,0.0,1.0824377536773682,0.0,4.545038461685181,0.0,1013.2343356013298,9.242541627958417
249,-6.080550287018296,-1629.3228853073074,0.0,0.16169406473636627,0.2862636148929596,0.0,0.7069616317749023,0.0,0.8315311819314957,0.0,1014.0658667832613,9.242541627958417
250,-10.648441314697266,-1639.9713266220047,0.0,0.5522568821907043,0.0,0.01259163673967123,0.0,0.14417864382266998,0.0,0.7090271627530456,1014.0658667832613,9.951568790711462
251,-15.853128433227539,-1655.8244550552322,0.0,0.8463038802146912,0.0,0.06984102725982666,0.0,0.48367542028427124,0.0,1.399820327758789,1014.0658667832613,11.351389118470252
252,-5.939648155466746,-1661.764103210699,1.9819295406341553,0.0,1.0407243967056274,0.0,0.876520037651062,0.0,3.8991739749908447,0.0,1017.9650407582521,11.351389118470252
253,-5.07265196545155,-1666.8367551761505,1.0499825477600098,0.0,1.8374618291854858,0.0,1.412481427192688,0.0,4.299925804138184,0.0,1022.2649665623903,11.351389118470252
254,-16.09246086203947,-1682.92921603819,7.258138656616211,0.0,1.4496773481369019,0.0,1.4120484590530396,0.0,10.119864463806152,0.0,1032.3848310261965,11.351389118470252
255,-2.7044739735002765,-1685.63369001169,0.2052340805530548,0.0,1.5304725170135498,0.0,0.34586453437805176,0.0,2.0815711319446564,0.0,1034.4664021581411,11.351389118470252
256,-6.065347014646276,-1691.6990370263363,1.2205657958984375,0.0,1.0022997856140137,0.0,0.5636328458786011,0.0,2.7864984273910522,0.0,1037.2529005855322,11.351389118470252
257,-6.214018118008686,-1697.913055144345,1.6034835577011108,0.0,1.1332602500915527,0.0,0.89256352186203,0.0,3.6293073296546936,0.0,1040.8822079151869,11.351389118470252
258,-8.038491879798137,-1705.951547024143,2.8914363384246826,0.0,1.282760739326477,0.0,2.1958460807800293,0.0,6.370043158531189,0.0,1047.252251073718,11.351389118470252
259,-7.875840628757288,-1713.8273876529004,2.5729899406433105,0.0,1.3452800512313843,0.0,2.3697152137756348,0.0,6.28798520565033,0.0,1053.5402362793684,11.351389118470252
260,-8.25813671326546,-1722.0855243661658,2.501781702041626,0.0,1.3279529809951782,0.0,2.7043471336364746,0.0,6.534081816673279,0.0,1060.0743180960417,11.351389118470252
261,-19.120863922334813,-1741.2063882885006,1.3910688161849976,0.0,0.7593696117401123,0.0,8.748292922973633,0.0,10.898731350898743,0.0,1070.9730494469404,11.351389118470252
262,-4.097856409294302,-1745.304244697795,1.3878989219665527,0.0,0.7563884258270264,0.0,1.403967022895813,0.0,3.548254370689392,0.0,1074.5213038176298,11.351389118470252
263,-4.982452646973337,-1750.2866973447683,1.8421448469161987,0.0,0.7521432042121887,0.0,1.611038327217102,0.0,4.2053263783454895,0.0,1078.7266301959753,11.351389118470252
264,-6.1582537813300116,-1756.4449511260982,0.35421058535575867,0.0,0.18733283877372742,0.0,0.42208048701286316,0.0,0.9636239111423492,0.0,1079.6902541071177,11.351389118470252
265,-7.732089016027563,-1764.1770401421259,0.3527388870716095,0.0,0.18591776490211487,0.0,0.41900184750556946,0.0,0.9576584994792938,0.0,1080.647912606597,11.351389118470252
266,-7.74876865744308,-1771.925808799569,0.3514370918273926,0.0,0.18461598455905914,0.0,0.4166029393672943,0.0,0.952656015753746,0.0,1081.6005686223507,11.351389118470252
267,-3.704992139517684,-1775.6308009390866,1.377483606338501,0.0,0.7504824995994568,0.0,1.113255262374878,0.0,3.2412213683128357,0.0,1084.8417899906635,11.351389118470252
268,-1.0497081766216017,-1776.6805091157082,0.34860697388648987,0.0,0.20223666727542877,0.0,0.4351603388786316,0.0,0.9860039800405502,0.0,1085.827793970704,11.351389118470252
269,-4.652168934863862,-1781.332678050572,0.3468944728374481,0.0,0.23087537288665771,0.0,0.5277521014213562,0.0,1.105521947145462,0.0,1086.9333159178495,11.351389118470252
270,-10.229518698576332,-1791.5621967491484,0.3350120782852173,0.0,0.24178043007850647,0.0,0.45598840713500977,0.0,1.0327809154987335,0.0,1087.9660968333483,11.351389118470252
271,-14.661521009936234,-1806.2237177590846,0.11037639528512955,0.0,0.20860640704631805,0.0,0.33047452569007874,0.0,0.6494573280215263,0.0,1088.6155541613698,11.351389118470252
272,-6.388414784539709,-1812.6121325436243,0.7229676842689514,0.0,0.8539270758628845,0.0,0.8509719967842102,0.0,2.427866756916046,0.0,1091.0434209182858,11.351389118470252
273,-12.44303768160065,-1825.0551702252249,0.0,0.48703962564468384,0.7553882002830505,0.0,0.11009092628955841,0.0,0.3784395009279251,0.0,1091.4218604192138,11.351389118470252
274,-17.387530021625473,-1842.4427002468503,0.017429426312446594,0.0,0.0,0.007893882691860199,0.0,0.3797190487384796,0.0,0.3701835051178932,1091.4218604192138,11.721572623588145
275,-25.027798367442564,-1867.4704986142929,0.008054452948272228,0.0,0.0,0.03747405856847763,0.0,0.418941468000412,0.0,0.4483610736206174,1091.4218604192138,12.169933697208762
276,-7.975104273667399,-1875.4456028879604,1.943941593170166,0.0,1.2623215913772583,0.0,1.532957911491394,0.0,4.739221096038818,0.0,1096.1610815152526,12.169933697208762
277,-4.625681027346124,-1880.0712839153066,1.0310230255126953,0.0,1.6401785612106323,0.0,1.2956541776657104,0.0,3.966855764389038,0.0,1100.1279372796416,12.169933697208762
278,-4.516441130089634,-1884.5877250453962,1.016700267791748,0.0,1.4527318477630615,0.0,1.418157696723938,0.0,3.8875898122787476,0.0,1104.0155270919204,12.169933697208762
279,-6.6373713006785895,-1891.2250963460747,2.212949514389038,0.0,1.543911337852478,0.0,1.5870351791381836,0.0,5.3438960313797,0.0,1109.3594231233,12.169933697208762
280,-12.909169310592446,-1904.1342656566671,6.240124702453613,0.0,1.5325000286102295,0.0,0.4977715015411377,0.0,8.27039623260498,0.0,1117.629819355905,12.169933697208762
281,-10.518926587405307,-1914.6531922440724,1.9356064796447754,0.0,0.8301161527633667,0.0,1.347350001335144,0.0,4.113072633743286,0.0,1121.7428919896483,12.169933697208762
282,-10.003153461131944,-1924.6563457052043,3.3595635890960693,0.0,1.403152346611023,0.0,2.309641122817993,0.0,7.0723570585250854,0.0,1128.8152490481734,12.169933697208762
283,-14.264345598067784,-1938.9206913032722,3.3864715099334717,0.0,1.4844101667404175,0.0,5.116893768310547,0.0,9.987775444984436,0.0,1138.8030244931579,12.169933697208762
284,-9.32816423164805,-1948.2488555349203,2.1731889247894287,0.0,0.9278134703636169,0.0,3.92413592338562,0.0,7.025138318538666,0.0,1145.8281628116965,12.169933697208762
285,-10.527462259959655,-1958.77631779488,1.709868311882019,0.0,1.071045160293579,0.0,4.80728006362915,0.0,7.5881935358047485,0.0,1153.4163563475013,12.169933697208762
286,-21.773449570060578,-1980.5497673649406,1.6161417961120605,0.0,0.8927435874938965,0.0,8.890093803405762,0.0,11.398979187011719,0.0,1164.815335534513,12.169933697208762
287,-4.694577353810695,-1985.2443447187513,1.383483648300171,0.0,0.7521432042121887,0.0,1.8524454832077026,0.0,3.9880723357200623,0.0,1168.803407870233,12.169933697208762
288,-4.024142526928065,-1989.2684872456794,1.3816155195236206,0.0,0.7504638433456421,0.0,1.3591325283050537,0.0,3.4912118911743164,0.0,1172.2946197614074,12.169933697208762
289,-3.7069878543734056,-1992.9754751000528,1.3801437616348267,0.0,0.7490487098693848,0.0,1.1134272813796997,0.0,3.242619752883911,0.0,1175.5372395142913,12.169933697208762
290,-3.988683875017872,-1996.9641589750706,1.3788419961929321,0.0,0.9872052669525146,0.0,1.1110284328460693,0.0,3.477075695991516,0.0,1179.0143152102828,12.169933697208762
291,-1.01723195547122,-1997.981390930542,0.35007867217063904,0.0,0.1873515099287033,0.0,0.4188297688961029,0.0,0.9562599509954453,0.0,1179.9705751612782,12.169933697208762
292,-2.784100342759297,-2000.7654912733012,0.34860697388648987,0.0,0.20223666727542877,0.0,0.4351603388786316,0.0,0.9860039800405502,0.0,1180.9565791413188,12.169933697208762
293,-4.648111968005313,-2005.4136032413066,0.3487769067287445,0.0,0.23087537288665771,0.0,0.49980950355529785,0.0,1.0794617831707,0.0,1182.0360409244895,12.169933697208762
294,-9.906895404690818,-2015.3204986459975,0.3086540102958679,0.0,0.24200575053691864,0.0,1.4119789600372314,0.0,1.962638720870018,0.0,1183.9986796453595,12.169933697208762
295,-13.968122216622453,-2029.28862086262,0.052045077085494995,0.0,0.30349618196487427,0.0,2.573025703430176,0.0,2.928566962480545,0.0,1186.92724660784,12.169933697208762
296,-4.060441639079882,-2033.3490625017,0.7246362566947937,0.0,1.2913697957992554,0.0,1.4982472658157349,0.0,3.514253318309784,0.0,1190.4414999261498,12.169933697208762
297,-1.9804701443162778,-2035.3295326460163,0.0,0.6869267225265503,0.15505149960517883,0.0,0.0,0.0944036915898323,0.0,0.6262789145112038,1190.4414999261498,12.796212611719966
298,-9.747345000791274,-2045.0768776468076,0.0,0.9478568434715271,0.018942054361104965,0.0,0.1592092216014862,0.0,0.0,0.7697055675089359,1190.4414999261498,13.565918179228902
299,-17.563279822831277,-2062.640157469639,0.0,0.976818859577179,0.2190306931734085,0.0,0.0,0.38485661149024963,0.0,1.14264477789402,1190.4414999261498,14.708562957122922
300,-4.657314083992344,-2067.297471553631,2.0023815631866455,0.0,1.0509504079818726,0.0,0.8969720005989075,0.0,3.9503039717674255,0.0,1194.3918038979173,14.708562957122922
301,-2.9230435654443974,-2070.2205151190756,0.894882082939148,0.0,1.451812505722046,0.0,0.20678190886974335,0.0,2.553476497530937,0.0,1196.9452803954482,14.708562957122922
302,-7.267600551801225,-2077.4881156708766,2.049992561340332,0.0,1.4556756019592285,0.0,1.4043933153152466,0.0,4.910061478614807,0.0,1201.855341874063,14.708562957122922
303,-5.156535266849103,-2082.6446509377256,1.2389731407165527,0.0,1.5128684043884277,0.0,0.31065627932548523,0.0,3.0624978244304657,0.0,1204.9178396984935,14.708562957122922
304,-4.8604484191295025,-2087.505099356855,1.5916399955749512,0.0,1.52961003780365,0.0,0.6748037338256836,0.0,3.7960537672042847,0.0,1208.7138934656978,14.708562957122922
305,-3.9735079160365077,-2091.4786072728916,0.991116464138031,0.0,1.102866291999817,0.0,0.8317756652832031,0.0,2.925758421421051,0.0,1211.6396518871188,14.708562957122922
306,-7.2149871003930315,-2098.6935943732847,2.4898805618286133,0.0,1.4026057720184326,0.0,1.9537065029144287,0.0,5.846192836761475,0.0,1217.4858447238803,14.708562957122922
307,-8.381492083744023,-2107.0750864570286,2.64092755317688,0.0,0.9222455024719238,0.0,2.1486873626708984,0.0,5.711860418319702,0.0,1223.1977051422,14.708562957122922
308,-6.833567255313154,-2113.9086537123417,2.2512893676757812,0.0,1.2310192584991455,0.0,1.455080270767212,0.0,4.937388896942139,0.0,1228.1350940391421,14.708562957122922
309,-5.567553308213631,-2119.476207020555,1.4816241264343262,0.0,0.9507495164871216,0.0,2.1281368732452393,0.0,4.560510516166687,0.0,1232.6956045553088,14.708562957122922
310,-7.375224434364325,-2126.8514314549193,1.448914885520935,0.0,1.850569486618042,0.0,2.4038796424865723,0.0,5.703364014625549,0.0,1238.3989685699344,14.708562957122922
311,-4.996610377444785,-2131.8480418323643,1.8567274808883667,0.0,0.7521432042121887,0.0,1.6064178943634033,0.0,4.215288579463959,0.0,1242.6142571493983,14.708562957122922
312,-10.04376327229681,-2141.891805104661,0.35421058535575867,0.0,0.18733283877372742,0.0,0.42208048701286316,0.0,0.9636239111423492,0.0,1243.5778810605407,14.708562957122922
313,-3.848886463235975,-2145.740691567897,1.3801437616348267,0.0,0.8682253956794739,0.0,1.1134272813796997,0.0,3.3617964386940002,0.0,1246.9396774992347,14.708562957122922
314,-1.9102219045133926,-2147.6509134724106,0.3514370918273926,0.0,0.18461598455905914,0.0,0.4166029393672943,0.0,0.952656015753746,0.0,1247.8923335149884,14.708562957122922
315,-4.905407919826689,-2152.5563213922374,0.35007867217063904,0.0,0.1873515099287033,0.0,0.4188297688961029,0.0,0.9562599509954453,0.0,1248.8485934659839,14.708562957122922
316,-7.848351288804219,-2160.4046726810416,0.34860697388648987,0.0,0.20223666727542877,0.0,0.4351603388786316,0.0,0.9860039800405502,0.0,1249.8345974460244,14.708562957122922
317,-10.141176565531119,-2170.5458492465727,0.3468944728374481,0.0,0.23087537288665771,0.0,0.49980950355529785,0.0,1.0775793492794037,0.0,1250.9121767953038,14.708562957122922
318,-16.05412709318,-2186.5999763397526,0.773635745048523,0.0,0.30857521295547485,0.0,0.4602200984954834,0.0,1.5424310564994812,0.0,1252.4546078518033,14.708562957122922
319,-24.89431468452009,-2211.4942910242726,2.5825929641723633,0.0,0.3204438388347626,0.0,0.515678882598877,0.0,3.418715685606003,0.0,1255.8733235374093,14.708562957122922
320,-22.07979848285877,-2233.5740895071312,0.0,0.337597131729126,1.0635040998458862,0.0,0.7689933180809021,0.0,1.4949002861976624,0.0,1257.368223823607,14.708562957122922
321,-21.344669303947178,-2254.9187588110785,0.0,0.7193703055381775,0.13882970809936523,0.0,0.0,0.1268472671508789,0.0,0.7073878645896912,1257.368223823607,15.415950821712613
322,-26.902376228678165,-2281.821135039757,0.0,1.0019334554672241,0.34943366050720215,0.0,0.0,0.3801237940788269,0.0,1.0326235890388489,1257.368223823607,16.448574410751462
323,-17.133930655966687,-2298.9550656957235,0.9829608201980591,0.0,3.713151454925537,0.0,1.7662127017974854,0.0,6.4623249769210815,0.0,1263.830548800528,16.448574410751462
324,-6.598483366483542,-2305.553549062207,4.295958518981934,0.0,0.24428126215934753,0.0,0.0717940479516983,0.0,4.612033829092979,0.0,1268.442582629621,16.448574410751462
325,-5.889416428568766,-2311.442965490776,3.126293897628784,0.0,0.022027388215065002,0.0,1.4267503023147583,0.0,4.5750715881586075,0.0,1273.0176542177796,16.448574410751462
326,-4.456239098567819,-2315.8992045893438,1.028202772140503,0.0,1.429467797279358,0.0,1.3847506046295166,0.0,3.8424211740493774,0.0,1276.860075391829,16.448574410751462
327,-2.4679339086915535,-2318.3671384980353,0.2719804346561432,0.0,1.5138565301895142,0.0,0.31263235211372375,0.0,2.098469316959381,0.0,1278.9585447087884,16.448574410751462
328,-2.975495014898827,-2321.3426335129343,0.5520805716514587,0.0,1.5193092823028564,0.0,0.471390038728714,0.0,2.542779892683029,0.0,1281.5013246014714,16.448574410751462
329,-4.255698532404759,-2325.5983320453392,0.9230409264564514,0.0,1.80970299243927,0.0,0.8319067358970642,0.0,3.5646506547927856,0.0,1285.0659752562642,16.448574410751462
330,-7.33614917357081,-2332.93448121891,2.4802777767181396,0.0,1.268921971321106,0.0,2.168168544769287,0.0,5.917368292808533,0.0,1290.9833435490727,16.448574410751462
331,-7.679994370141927,-2340.6144755890523,1.7706878185272217,0.0,1.0980852842330933,0.0,2.8085691928863525,0.0,5.6773422956466675,0.0,1296.6606858447194,16.448574410751462
332,-7.116530730419368,-2347.731006319472,1.63816237449646,0.0,0.9278134703636169,0.0,3.081758499145508,0.0,5.647734344005585,0.0,1302.308420188725,16.448574410751462
333,-4.717340286553514,-2352.4483466060256,1.5721793174743652,0.0,0.9507495164871216,0.0,1.5109572410583496,0.0,4.033886075019836,0.0,1306.3423062637448,16.448574410751462
334,-4.839881635382283,-2357.288228241408,1.6140192747116089,0.0,0.8927435874938965,0.0,1.6134085655212402,0.0,4.120171427726746,0.0,1310.4624776914716,16.448574410751462
335,-4.685069170171817,-2361.97329741158,1.383483648300171,0.0,0.7521432042121887,0.0,1.8456478118896484,0.0,3.981274664402008,0.0,1314.4437523558736,16.448574410751462
336,-10.56604873372259,-2372.5393461453027,0.35421058535575867,0.0,0.18733283877372742,0.0,0.42208048701286316,0.0,0.9636239111423492,0.0,1315.407376267016,16.448574410751462
337,-3.7069878543734056,-2376.246333999676,1.3801437616348267,0.0,0.7490487098693848,0.0,1.1134272813796997,0.0,3.242619752883911,0.0,1318.6499960198998,16.448574410751462
338,-2.4128464162321426,-2378.6591804159084,0.3514370918273926,0.0,0.18461598455905914,0.0,0.4166029393672943,0.0,0.952656015753746,0.0,1319.6026520356536,16.448574410751462
339,-6.008875861110869,-2384.6680562770193,0.35007867217063904,0.0,0.1873515099287033,0.0,0.4188297688961029,0.0,0.9562599509954453,0.0,1320.558911986649,16.448574410751462
340,-10.127137928629951,-2394.7951942056493,1.412024736404419,0.0,0.20223666727542877,0.0,0.4351603388786316,0.0,2.0494217425584793,0.0,1322.6083337292075,16.448574410751462
341,-10.370577134922165,-2405.1657713405716,3.4272265434265137,0.0,1.9202682971954346,0.0,2.5830860137939453,0.0,7.9305808544158936,0.0,1330.5389145836234,16.448574410751462
342,-1.3199922531884791,-2406.48576359376,0.3177548944950104,0.0,0.31123512983322144,0.0,0.5997075438499451,0.0,1.2286975681781769,0.0,1331.7676121518016,16.448574410751462
343,-2.680346447036188,-2409.1661100407964,0.10976297408342361,0.0,0.30840232968330383,0.0,1.8450653553009033,0.0,2.2632306590676308,0.0,1334.0308428108692,16.448574410751462
344,-12.211896429712127,-2421.3780064705084,0.6695652604103088,0.0,5.495115280151367,0.0,0.8318696022033691,0.0,6.996550142765045,0.0,1341.0273929536343,16.448574410751462
345,-12.409179192600666,-2433.787185663109,0.0,0.6684800982475281,2.043917655944824,0.0,0.3742046356201172,0.0,1.7496421933174133,0.0,1342.7770351469517,16.448574410751462
346,-18.522716233248275,-2452.3099018963576,0.0,0.8657894134521484,0.5046385526657104,0.0,0.0,0.06333417445421219,0.0,0.4244850352406502,1342.7770351469517,16.873059445992112
347,-21.846268833077136,-2474.1561707294345,0.0,1.0811127424240112,1.0554454326629639,0.0,0.0,0.3135860860347748,0.0,0.33925339579582214,1342.7770351469517,17.212312841787934
348,-5.078558007588447,-2479.234728737023,2.006598711013794,0.0,1.0295039415359497,0.0,0.8540791869163513,0.0,3.890181839466095,0.0,1346.6672169864178,17.212312841787934
349,-4.42915924991866,-2483.6638879869415,0.964963436126709,0.0,1.4632904529571533,0.0,1.3893542289733887,0.0,3.817608118057251,0.0,1350.484825104475,17.212312841787934
350,-6.280041107934299,-2489.943929094876,2.0280020236968994,0.0,1.6355818510055542,0.0,1.546593427658081,0.0,5.210177302360535,0.0,1355.6950024068356,17.212312841787934
351,-4.223624018755294,-2494.167553113631,0.31733423471450806,0.0,1.561527967453003,0.0,1.6222680807113647,0.0,3.5011302828788757,0.0,1359.1961326897144,17.212312841787934
352,-3.171749907122244,-2497.3393030207535,0.547777533531189,0.0,0.9819585084915161,0.0,0.5229504108428955,0.0,2.0526864528656006,0.0,1361.24881914258,17.212312841787934
353,-6.477997600240842,-2503.8173006209945,2.2006490230560303,0.0,1.1197128295898438,0.0,1.067825198173523,0.0,4.388187050819397,0.0,1365.6370061933994,17.212312841787934
354,-8.118296253081148,-2511.9355968740756,2.6430420875549316,0.0,1.2753522396087646,0.0,2.371004581451416,0.0,6.289398908615112,0.0,1371.9264051020145,17.212312841787934
355,-7.986460264989642,-2519.922057139065,2.647106647491455,0.0,1.3442699909210205,0.0,2.3676950931549072,0.0,6.359071731567383,0.0,1378.285476833582,17.212312841787934
356,-8.717901968826695,-2528.6399591078916,2.665567398071289,0.0,1.4909443855285645,0.0,2.699812889099121,0.0,6.856324672698975,0.0,1385.141801506281,17.212312841787934
357,-7.936375156168095,-2536.57633426406,3.3624985218048096,0.0,0.9507495164871216,0.0,1.5109572410583496,0.0,5.824205279350281,0.0,1390.9660067856312,17.212312841787934
358,-4.177946481792435,-2540.754280745852,1.448914885520935,0.0,0.7563884258270264,0.0,1.4039669036865234,0.0,3.609270215034485,0.0,1394.5752770006657,17.212312841787934
359,-6.741897444319964,-2547.496178190172,1.383483648300171,0.0,0.7521432042121887,0.0,3.187969446182251,0.0,5.323596298694611,0.0,1399.8988732993603,17.212312841787934
360,-5.10404693318548,-2552.6002251233576,0.35421058535575867,0.0,0.18733283877372742,0.0,0.42208048701286316,0.0,0.9636239111423492,0.0,1400.8624972105026,17.212312841787934
361,-3.8475892513473235,-2556.447814374705,1.3801437616348267,0.0,0.8671466112136841,0.0,1.1134272813796997,0.0,3.3607176542282104,0.0,1404.2232148647308,17.212312841787934
362,-1.0133312642546037,-2557.46114563896,0.3514370918273926,0.0,0.18461598455905914,0.0,0.4166029393672943,0.0,0.952656015753746,0.0,1405.1758708804846,17.212312841787934
363,-3.887072577419462,-2561.3482182163793,0.35007867217063904,0.0,0.1873515099287033,0.0,0.4188297688961029,0.0,0.9562599509954453,0.0,1406.13213083148,17.212312841787934
364,-6.746394654628122,-2568.0946128710075,0.3357362449169159,0.0,0.18670983612537384,0.0,0.4351603388786316,0.0,0.9576064199209213,0.0,1407.089737251401,17.212312841787934
365,-8.820781301780773,-2576.915394172788,0.3468944728374481,0.0,0.238742396235466,0.0,0.49980950355529785,0.0,1.085446372628212,0.0,1408.1751836240292,17.212312841787934
366,-13.29699350555826,-2590.2123876783467,0.34379640221595764,0.0,0.310851514339447,0.0,0.4647727310657501,0.0,1.1194206476211548,0.0,1409.2946042716503,17.212312841787934
367,-20.10232232279661,-2610.3147100011433,1.8698327541351318,0.0,0.3233182430267334,0.0,0.35969290137290955,0.0,2.552843898534775,0.0,1411.847448170185,17.212312841787934
368,-5.704544452466083,-2616.0192544536094,0.8935371041297913,0.0,0.8903930187225342,0.0,1.1192294359207153,0.0,2.9031595587730408,0.0,1414.7506077289581,17.212312841787934
369,-6.973975704161168,-2622.9932301577705,1.1741656064987183,0.0,0.9918785691261292,0.0,1.088813304901123,0.0,3.2548574805259705,0.0,1418.005465209484,17.212312841787934
370,-16.209020597214085,-2639.2022507549846,0.0,0.43650850653648376,0.16584628820419312,0.0,0.1391153484582901,0.0,0.0,0.13154686987400055,1418.005465209484,17.343859711661935
371,-8.728788190803355,-2647.931038945788,0.1258825808763504,0.0,0.6511563062667847,0.0,0.6900641918182373,0.0,1.4671030789613724,0.0,1419.4725682884455,17.343859711661935
372,-12.108890030131848,-2660.03992897592,4.596340179443359,0.0,1.2175021171569824,0.0,1.5788522958755493,0.0,7.392694592475891,0.0,1426.8652628809214,17.343859711661935
373,-6.322521174659396,-2666.362450150579,1.1409552097320557,0.0,1.0826908349990845,0.0,0.9948331713676453,0.0,3.2184792160987854,0.0,1430.0837420970201,17.343859711661935
374,-11.228157295604628,-2677.5906074461836,1.4101191759109497,0.0,1.16361403465271,0.0,1.1344808340072632,0.0,3.708214044570923,0.0,1433.791956141591,17.343859711661935
375,-12.397355354297636,-2689.9879628004815,1.3964111804962158,0.0,0.9992383718490601,0.0,1.2786418199539185,0.0,3.6742913722991943,0.0,1437.4662475138903,17.343859711661935
376,-14.8161720284197,-2704.804134828901,4.636418342590332,0.0,1.0945626497268677,0.0,1.8991931676864624,0.0,7.630174160003662,0.0,1445.096421673894,17.343859711661935
377,-11.144457235240852,-2715.948592064142,3.55981183052063,0.0,1.2435415983200073,0.0,1.5734742879867554,0.0,6.376827716827393,0.0,1451.4732493907213,17.343859711661935
378,-9.342684220486348,-2725.291276284628,2.8723623752593994,0.0,1.4061079025268555,0.0,2.1847758293151855,0.0,6.46324610710144,0.0,1457.9364954978228,17.343859711661935
379,-9.557138642961553,-2734.8484149275896,3.0533180236816406,0.0,1.4835567474365234,0.0,2.844959020614624,0.0,7.381833791732788,0.0,1465.3183292895555,17.343859711661935
380,-10.996523219241915,-2745.8449381468317,3.5777697563171387,0.0,1.4909443855285645,0.0,3.177356004714966,0.0,8.246070146560669,0.0,1473.5643994361162,17.343859711661935
381,-9.552284285927582,-2755.3972224327595,3.0477328300476074,0.0,1.794890284538269,0.0,2.5788698196411133,0.0,7.42149293422699,0.0,1480.9858923703432,17.343859711661935
382,-1.861549121530505,-2757.25877155429,0.48252609372138977,0.0,0.19325745105743408,0.0,0.7095414996147156,0.0,1.3853250443935394,0.0,1482.3712174147367,17.343859711661935
383,-3.7246936526044996,-2760.9834652068944,1.383483648300171,0.0,0.7521432042121887,0.0,1.1211706399917603,0.0,3.25679749250412,0.0,1485.6280149072409,17.343859711661935
384,-3.6801215334052073,-2764.6635867402997,0.35421058535575867,0.0,0.18733283877372742,0.0,0.42208048701286316,0.0,0.9636239111423492,0.0,1486.5916388183832,17.343859711661935
385,-6.6461362572385,-2771.3097229975383,0.3527388870716095,0.0,0.18591776490211487,0.0,0.41900184750556946,0.0,0.9576584994792938,0.0,1487.5492973178625,17.343859711661935
386,-6.759155843002998,-2778.0688788405414,2.4062469005584717,0.0,1.3108779191970825,0.0,1.805453896522522,0.0,5.522578716278076,0.0,1493.0718760341406,17.343859711661935
387,-6.763732789238027,-2784.8326116297794,2.404888391494751,0.0,1.3136134147644043,0.0,1.8076807260513306,0.0,5.526182532310486,0.0,1498.598058566451,17.343859711661935
388,-1.2244104396374016,-2786.0570220694167,0.34860697388648987,0.0,0.36318257451057434,0.0,0.4351603388786316,0.0,1.1469498872756958,0.0,1499.7450084537268,17.343859711661935
389,-1.193252759500798,-2787.2502748289176,0.3487769067287445,0.0,0.238742396235466,0.0,0.5277521014213562,0.0,1.1152714043855667,0.0,1500.8602798581123,17.343859711661935
390,-6.845170397917265,-2794.0954452268347,0.30403462052345276,0.0,4.007938385009766,0.0,0.7201549410820007,0.0,5.032127946615219,0.0,1505.8924078047276,17.343859711661935
391,-2.4209404353221586,-2796.516385662157,0.12697218358516693,0.0,0.5816044211387634,0.0,1.3789477348327637,0.0,2.087524339556694,0.0,1507.9799321442842,17.343859711661935
392,-4.397394375528038,-2800.9137800376852,1.2851511240005493,0.0,0.9163737297058105,0.0,1.5857187509536743,0.0,3.787243604660034,0.0,1511.7671757489443,17.343859711661935
393,-3.798134084055635,-2804.711914121741,0.7502322793006897,0.0,0.9979237914085388,0.0,1.5563023090362549,0.0,3.3044583797454834,0.0,1515.0716341286898,17.343859711661935
394,-10.275886940456001,-2814.987801062197,2.5464043617248535,0.0,1.964300274848938,0.0,3.368378162384033,0.0,7.879082798957825,0.0,1522.9507169276476,17.343859711661935
395,-9.224484182450247,-2824.2122852446473,2.7257697582244873,0.0,1.9060407876968384,0.0,2.600759267807007,0.0,7.2325698137283325,0.0,1530.183286741376,17.343859711661935
396,-17.177548785104012,-2841.3898340297515,7.44801139831543,0.0,0.0,0.13413983583450317,2.987705945968628,0.0,10.301577508449554,0.0,1540.4848642498255,17.343859711661935
397,-4.2650298487695455,-2845.654863878521,1.9899197816848755,0.0,0.0,0.1392005831003189,1.539888858795166,0.0,3.3906080573797226,0.0,1543.8754723072052,17.343859711661935
398,-4.972838854487595,-2850.627702733009,1.69318425655365,0.0,1.2001054286956787,0.0,1.3452467918395996,0.0,4.238536477088928,0.0,1548.1140087842941,17.343859711661935
399,-6.4132214680887705,-2857.040924201098,2.7029457092285156,0.0,1.2578846216201782,0.0,1.255137324333191,0.0,5.215967655181885,0.0,1553.329976439476,17.343859711661935
400,-7.290225135875901,-2864.331149336974,2.997410297393799,0.0,1.2580757141113281,0.0,1.5647821426391602,0.0,5.820268154144287,0.0,1559.1502445936203,17.343859711661935
401,-7.185213526528355,-2871.5163628635023,2.2557365894317627,0.0,1.6325597763061523,0.0,1.9657727479934692,0.0,5.854069113731384,0.0,1565.0043137073517,17.343859711661935
402,-7.937931445187751,-2879.45429430869,2.5567948818206787,0.0,1.553637146949768,0.0,2.244685649871826,0.0,6.355117678642273,0.0,1571.359431385994,17.343859711661935
403,-8.784308759767187,-2888.238603068457,2.938809871673584,0.0,1.600734829902649,0.0,2.3655309677124023,0.0,6.905075669288635,0.0,1578.2645070552826,17.343859711661935
404,-8.605173818860045,-2896.843776887317,3.0298328399658203,0.0,1.3279529809951782,0.0,2.387763261795044,0.0,6.7455490827560425,0.0,1585.0100561380386,17.343859711661935
405,-3.16784981898517,-2900.011626706302,0.5447744131088257,0.0,0.784104585647583,0.0,1.0547893047332764,0.0,2.383668303489685,0.0,1587.3937244415283,17.343859711661935
406,-5.693032890125661,-2905.704659596428,0.48252609372138977,0.0,0.19325745105743408,0.0,1.150721549987793,0.0,1.8265050947666168,0.0,1589.220229536295,17.343859711661935
407,-3.749414356904542,-2909.4540739533327,1.4023902416229248,0.0,0.7521432042121887,0.0,1.1211706399917603,0.0,3.275704085826874,0.0,1592.4959336221218,17.343859711661935
408,-5.706283881108307,-2915.160357834441,0.3568393290042877,0.0,0.18733283877372742,0.0,0.8965155482292175,0.0,1.4406877160072327,0.0,1593.936621338129,17.343859711661935
409,-3.6969967743834893,-2918.8573546088246,1.3724830150604248,0.0,0.7490487098693848,0.0,1.1134272813796997,0.0,3.2349590063095093,0.0,1597.1715803444386,17.343859711661935
410,-0.9994222804480335,-2919.8567768892726,0.33876895904541016,0.0,0.18461598455905914,0.0,0.4166029393672943,0.0,0.9399878829717636,0.0,1598.1115682274103,17.343859711661935
411,-1.6422510289575478,-2921.4990279182302,0.35007867217063904,0.0,0.1873515099287033,0.0,0.4188297688961029,0.0,0.9562599509954453,0.0,1599.0678281784058,17.343859711661935
412,-3.6400726327983595,-2925.1391005510286,0.34860697388648987,0.0,0.20223666727542877,0.0,0.4351603388786316,0.0,0.9860039800405502,0.0,1600.0538321584463,17.343859711661935
413,-9.62738885508371,-2934.766489406112,3.0323939323425293,0.0,0.23087537288665771,0.0,0.49980950355529785,0.0,3.763078808784485,0.0,1603.8169109672308,17.343859711661935
414,-6.590098215971599,-2941.3565876220837,1.9948831796646118,0.0,2.011777400970459,0.0,1.4216172695159912,0.0,5.428277850151062,0.0,1609.2451888173819,17.343859711661935
415,-3.9737854711907845,-2945.3303730932744,1.1708914041519165,0.0,0.8883950710296631,0.0,1.4012507200241089,0.0,3.4605371952056885,0.0,1612.7057260125875,17.343859711661935
416,-4.133114740523757,-2949.4634878337984,0.9296015501022339,0.0,0.9328346252441406,0.0,1.7032126188278198,0.0,3.5656487941741943,0.0,1616.2713748067617,17.343859711661935
417,-4.73044328293207,-2954.1939311167303,0.0,0.31128448247909546,1.5204766988754272,0.0,0.2812385559082031,0.0,1.490430772304535,0.0,1617.7618055790663,17.343859711661935
418,-8.423781689661395,-2962.617712806392,2.1045613288879395,0.0,1.5168694257736206,0.0,3.0222690105438232,0.0,6.643699765205383,0.0,1624.4055053442717,17.343859711661935
419,-9.759355020529838,-2972.3770678269216,0.0,0.6721116900444031,0.2256956547498703,0.0,3.5569353103637695,0.0,3.1105192750692368,0.0,1627.516024619341,17.343859711661935
420,-4.812254079339775,-2977.1893219062613,1.5346839427947998,0.0,1.932386040687561,0.0,0.5840460062026978,0.0,4.051115989685059,0.0,1631.567140609026,17.343859711661935
421,-11.854843527113847,-2989.044165433375,5.280433654785156,0.0,1.1437140703201294,0.0,0.9943974614143372,0.0,7.418545186519623,0.0,1638.9856857955456,17.343859711661935
422,-7.242384287424084,-2996.286549720799,1.3025531768798828,0.0,1.1448583602905273,0.0,1.0544946193695068,0.0,3.501906156539917,0.0,1642.4875919520855,17.343859711661935
423,-10.362928995687216,-3006.649478716486,1.47719144821167,0.0,0.6473217606544495,0.0,1.160273551940918,0.0,3.2847867608070374,0.0,1645.7723787128925,17.343859711661935
424,-9.652038061593963,-3016.30151677808,1.9251089096069336,0.0,0.7580757141113281,0.0,1.2741093635559082,0.0,3.95729398727417,0.0,1649.7296727001667,17.343859711661935
425,-4.38466832090346,-3020.6861850989835,1.4855352640151978,0.0,1.1961756944656372,0.0,1.0183943510055542,0.0,3.700105309486389,0.0,1653.429778009653,17.343859711661935
426,-7.164497433071238,-3027.8506825320546,2.393200635910034,0.0,1.4176288843154907,0.0,2.007395029067993,0.0,5.818224549293518,0.0,1659.2480025589466,17.343859711661935
427,-10.96005301295714,-3038.810735545012,4.467298984527588,0.0,1.4837770462036133,0.0,2.1120333671569824,0.0,8.063109397888184,0.0,1667.3111119568348,17.343859711661935
428,-8.503214560643292,-3047.3139501056553,2.665567398071289,0.0,1.6080056428909302,0.0,2.459411382675171,0.0,6.73298442363739,0.0,1674.0440963804722,17.343859711661935
429,-12.613752364214946,-3059.9277024698704,5.207216739654541,0.0,1.5138804912567139,0.0,2.205382823944092,0.0,8.926480054855347,0.0,1682.9705764353275,17.343859711661935
430,-7.0910973280032215,-3067.0187997978737,2.5983519554138184,0.0,1.3195194005966187,0.0,1.8248319625854492,0.0,5.742703318595886,0.0,1688.7132797539234,17.343859711661935
431,-7.150401492109183,-3074.169201289983,2.429795026779175,0.0,1.3152742385864258,0.0,2.0528111457824707,0.0,5.797880411148071,0.0,1694.5111601650715,17.343859711661935
432,-6.774470524353829,-3080.943671814337,2.40902042388916,0.0,1.3135948181152344,0.0,1.8109314441680908,0.0,5.533546686172485,0.0,1700.044706851244,17.343859711661935
433,-6.766137780834895,-3087.709809595172,2.407548666000366,0.0,1.312179684638977,0.0,1.8078527450561523,0.0,5.527581095695496,0.0,1705.5722879469395,17.343859711661935
434,-6.759155843002998,-3094.468965438175,2.4062469005584717,0.0,1.3108779191970825,0.0,1.805453896522522,0.0,5.522578716278076,0.0,1711.0948666632175,17.343859711661935
435,-8.176860808121678,-3102.6458262462966,3.2890212535858154,0.0,1.3136134147644043,0.0,1.8076807260513306,0.0,6.41031539440155,0.0,1717.505182057619,17.343859711661935
436,-6.803493606630494,-3109.449319852927,2.403416872024536,0.0,1.3284986019134521,0.0,1.8240113258361816,0.0,5.55592679977417,0.0,1723.0611088573933,17.343859711661935
437,-6.931429986154128,-3116.380749839081,2.4035866260528564,0.0,1.3571373224258423,0.0,1.8886604309082031,0.0,5.649384379386902,0.0,1728.7104932367802,17.343859711661935
438,-8.943157923242918,-3125.323907762324,2.3995118141174316,0.0,1.386291742324829,0.0,3.1779861450195312,0.0,6.963789701461792,0.0,1735.674282938242,17.343859711661935
439,-18.80500333648913,-3144.128911098813,2.2712342739105225,0.0,7.629532337188721,0.0,1.873279094696045,0.0,11.774045705795288,0.0,1747.4483286440372,17.343859711661935
440,-9.010228722700715,-3153.1391398215137,2.4190196990966797,0.0,2.504459857940674,0.0,2.1882164478302,0.0,7.111696004867554,0.0,1754.5600246489048,17.343859711661935
441,-8.791009339870044,-3161.9301491613837,0.9722576141357422,0.0,1.4065701961517334,0.0,4.180739402770996,0.0,6.559567213058472,0.0,1761.1195918619633,17.343859711661935
442,-14.711138657584518,-3176.641287818968,7.166186809539795,0.0,1.5114307403564453,0.0,0.3901125192642212,0.0,9.067730069160461,0.0,1770.1873219311237,17.343859711661935
443,-9.277080369517483,-3185.9183681884856,3.943878173828125,0.0,1.433953881263733,0.0,1.658159852027893,0.0,7.035991907119751,0.0,1777.2233138382435,17.343859711661935
444,-7.757447310443537,-3193.6758154989293,2.3728671073913574,0.0,1.7563823461532593,0.0,2.1234774589538574,0.0,6.252726912498474,0.0,1783.476040750742,17.343859711661935
445,-8.855656039357898,-3202.5314715382874,2.0019781589508057,0.0,3.1578428745269775,0.0,1.779068946838379,0.0,6.938889980316162,0.0,1790.4149307310581,17.343859711661935
446,-17.122180354789073,-3219.6536518930766,2.564183235168457,0.0,6.79446268081665,0.0,1.8289388418197632,0.0,11.18758475780487,0.0,1801.602515488863,17.343859711661935
447,-4.629448614193929,-3224.2831005072703,1.1591192483901978,0.0,0.8811531662940979,0.0,1.8196170330047607,0.0,3.8598894476890564,0.0,1805.462404936552,17.343859711661935
448,-4.387666057632024,-3228.6707665649024,1.2087043523788452,0.0,0.8379177451133728,0.0,1.6396268606185913,0.0,3.6862489581108093,0.0,1809.1486538946629,17.343859711661935
449,-5.509825249011421,-3234.180591813914,1.4416462182998657,0.0,1.3281311988830566,0.0,1.7743743658065796,0.0,4.544151782989502,0.0,1813.6928056776524,17.343859711661935
450,-8.19069509102802,-3242.371286904942,2.8416645526885986,0.0,1.3390384912490845,0.0,2.3035390377044678,0.0,6.484242081642151,0.0,1820.1770477592945,17.343859711661935
451,-9.452693802350675,-3251.8239807072923,3.7519991397857666,0.0,1.3438875675201416,0.0,2.112199544906616,0.0,7.208086252212524,0.0,1827.385134011507,17.343859711661935
452,-9.471521222149494,-3261.295501929442,3.1078691482543945,0.0,1.4909443855285645,0.0,2.72721004486084,0.0,7.326023578643799,0.0,1834.7111575901508,17.343859711661935
453,-8.878313677046457,-3270.1738156064885,2.9112889766693115,0.0,1.5138804912567139,0.0,2.5323233604431152,0.0,6.957492828369141,0.0,1841.66865041852,17.343859711661935
454,-7.580375824505072,-3277.7541914309936,2.6974661350250244,0.0,1.3195194005966187,0.0,2.061025381088257,0.0,6.0780109167099,0.0,1847.7466613352299,17.343859711661935
455,-7.459403097438426,-3285.213594528432,2.632042646408081,0.0,1.3152742385864258,0.0,2.051788806915283,0.0,5.99910569190979,0.0,1853.7457670271397,17.343859711661935
456,-7.957110672223893,-3293.170705200656,2.40902042388916,0.0,1.429661750793457,0.0,2.5165421962738037,0.0,6.355224370956421,0.0,1860.100991398096,17.343859711661935
457,-8.882899530413823,-3302.0536047310698,3.508535861968994,0.0,1.312179684638977,0.0,2.0430471897125244,0.0,6.863762736320496,0.0,1866.9647541344166,17.343859711661935
458,-6.759155843002998,-3308.812760574073,2.4062469005584717,0.0,1.3108779191970825,0.0,1.805453896522522,0.0,5.522578716278076,0.0,1872.4873328506947,17.343859711661935
459,-6.763732789238027,-3315.576493363311,2.404888391494751,0.0,1.3136134147644043,0.0,1.8076807260513306,0.0,5.526182532310486,0.0,1878.0135153830051,17.343859711661935
460,-8.006585018214054,-3323.583078381525,3.1768760681152344,0.0,1.3284986019134521,0.0,1.8065133094787598,0.0,6.311887979507446,0.0,1884.3254033625126,17.343859711661935
461,-10.152843457708403,-3333.7359218392335,3.5606298446655273,0.0,1.3571373224258423,0.0,2.784761667251587,0.0,7.7025288343429565,0.0,1892.0279321968555,17.343859711661935
462,-5.83658001997952,-3339.572501859213,1.510624647140503,0.0,1.3755918741226196,0.0,1.9941059350967407,0.0,4.880322456359863,0.0,1896.9082546532154,17.343859711661935
463,-2.65585629737482,-3342.2283581565875,1.5849545001983643,0.0,0.27039510011672974,0.0,0.4540519118309021,0.0,2.309401512145996,0.0,1899.2176561653614,17.343859711661935
464,-6.835905383657265,-3349.0642635402446,1.913352131843567,0.0,0.9557100534439087,0.0,2.647615432739258,0.0,5.516677618026733,0.0,1904.7343337833881,17.343859711661935
465,-6.48649683579867,-3355.5507603760434,0.0,2.1167237758636475,0.459551066160202,0.0,4.149574279785156,0.0,2.492401570081711,0.0,1907.2267353534698,17.343859711661935
466,-21.51484558228604,-3377.0656059583293,6.93057918548584,0.0,5.782059192657471,0.0,0.26996269822120667,0.0,12.982601076364517,0.0,1920.2093364298344,17.343859711661935
467,-15.027762294245598,-3392.093368252575,4.496800899505615,0.0,4.354889869689941,0.0,1.6713539361953735,0.0,10.52304470539093,0.0,1930.7323811352253,17.343859711661935
468,-6.181350158833562,-3398.2747184114087,1.6006988286972046,0.0,2.014348268508911,0.0,1.52269446849823,0.0,5.137741565704346,0.0,1935.8701227009296,17.343859711661935
469,-3.6188651286058615,-3401.8935835400143,1.5564417839050293,0.0,0.0,0.8194881081581116,1.504570484161377,0.0,2.2415241599082947,0.0,1938.111646860838,17.343859711661935
470,-4.8988479127475815,-3406.792431452762,1.5861973762512207,0.0,1.1359124183654785,0.0,1.4607853889465332,0.0,4.182895183563232,0.0,1942.2945420444012,17.343859711661935
471,-4.074240464257525,-3410.866671917019,0.7227678894996643,0.0,1.3421754837036133,0.0,1.383265495300293,0.0,3.4482088685035706,0.0,1945.7427509129047,17.343859711661935
472,-4.907626439403323,-3415.7742983564226,2.017991065979004,0.0,1.006934642791748,0.0,1.030069351196289,0.0,4.054995059967041,0.0,1949.7977459728718,17.343859711661935
473,-7.114691672125817,-3422.8889900285485,2.4007532596588135,0.0,1.2563016414642334,0.0,1.9942022562026978,0.0,5.651257157325745,0.0,1955.4490031301975,17.343859711661935
474,-7.930470873275594,-3430.819460901824,2.4889819622039795,0.0,1.616221308708191,0.0,2.2520570755004883,0.0,6.357260346412659,0.0,1961.8062634766102,17.343859711661935
475,-4.053370135141348,-3434.8728310369656,0.9071887731552124,0.0,0.9217718839645386,0.0,1.6745902299880981,0.0,3.503550887107849,0.0,1965.309814363718,17.343859711661935
476,-4.336242691361111,-3439.2090737283265,0.0,0.2809421122074127,1.043880581855774,0.0,2.470573663711548,0.0,3.233512133359909,0.0,1968.543326497078,17.343859711661935
477,-9.433776738782969,-3448.6428504671094,2.5825369358062744,0.0,0.9507495164871216,0.0,3.622389554977417,0.0,7.155676007270813,0.0,1975.6990025043488,17.343859711661935
478,-6.807593932872055,-3455.4504443999813,1.8893508911132812,0.0,0.8927435874938965,0.0,2.700789451599121,0.0,5.482883930206299,0.0,1981.181886434555,17.343859711661935
479,-6.8712136468471705,-3462.3216580468284,3.2312138080596924,0.0,0.7988192439079285,0.0,1.3848588466644287,0.0,5.41489189863205,0.0,1986.596778333187,17.343859711661935
480,-1.229653549424167,-3463.5513115962526,0.5369234681129456,0.0,0.18733283877372742,0.0,0.42208048701286316,0.0,1.1463367938995361,0.0,1987.7431151270866,17.343859711661935
481,-3.7069878543734056,-3467.258299450626,1.3801437616348267,0.0,0.7490487098693848,0.0,1.1134272813796997,0.0,3.242619752883911,0.0,1990.9857348799706,17.343859711661935
482,-3.700753142720154,-3470.9590525933463,1.3788419961929321,0.0,0.7477469444274902,0.0,1.1110284328460693,0.0,3.2376173734664917,0.0,1994.223352253437,17.343859711661935
483,-2.2818376176108375,-3473.2408902109573,0.3497234582901001,0.0,0.1873515099287033,0.0,1.458551287651062,0.0,1.9956262558698654,0.0,1996.218978509307,17.343859711661935
484,-1.4946159710758786,-3474.735506182033,0.7561901807785034,0.0,0.20223666727542877,0.0,0.4176623523235321,0.0,1.3760892003774643,0.0,1997.5950677096844,17.343859711661935
485,-1.182720845264253,-3475.9182270272972,0.3468944728374481,0.0,0.23087537288665771,0.0,0.5277521014213562,0.0,1.105521947145462,0.0,1998.7005896568298,17.343859711661935
486,-1.4173415736292325,-3477.3355686009263,0.3077986538410187,0.0,0.24157807230949402,0.0,0.7239189743995667,0.0,1.2732957005500793,0.0,1999.97388535738,17.343859711661935
487,-7.1923559189303745,-3484.5279245198567,1.095328450202942,0.0,0.7744637727737427,0.0,3.6496918201446533,0.0,5.519484043121338,0.0,2005.4933694005013,17.343859711661935
488,-4.499990935046853,-3489.0279154549035,0.7320998907089233,0.0,1.3195109367370605,0.0,1.7887593507766724,0.0,3.8403701782226562,0.0,2009.333739578724,17.343859711661935
489,-0.18197573296512418,-3489.2098911878684,0.0,0.6492627263069153,0.17388348281383514,0.0,0.0,0.05673970654606819,0.0,0.5321189500391483,2009.333739578724,17.875978661701083
490,-3.492971193407387,-3492.7028623812757,0.0,0.8206992745399475,0.08252085000276566,0.0,0.0,0.1988895982503891,0.0,0.937068022787571,2009.333739578724,18.813046684488654
491,-26.440641148950057,-3519.1435035302256,6.541396141052246,0.0,3.266597032546997,0.0,1.8058578968048096,0.0,11.613851070404053,0.0,2020.947590649128,18.813046684488654
492,-3.5687427658225435,-3522.7122462960483,2.3301193714141846,0.0,0.25778448581695557,0.0,0.3348383903503418,0.0,2.922742247581482,0.0,2023.8703328967094,18.813046684488654
493,-1.9796481266757346,-3524.691894422724,0.0,0.2612265944480896,0.09681610018014908,0.0,1.58250892162323,0.0,1.4180984273552895,0.0,2025.2884313240647,18.813046684488654
494,-3.9295306637518177,-3528.621425086476,0.14840759336948395,0.0,1.5503125190734863,0.0,1.6267073154449463,0.0,3.3254274278879166,0.0,2028.6138587519526,18.813046684488654
495,-3.9201902541765845,-3532.5416153406527,0.5008105635643005,0.0,1.0490379333496094,0.0,1.0291247367858887,0.0,2.5789732336997986,0.0,2031.1928319856524,18.813046684488654
496,-3.9934596317433817,-3536.535074972396,0.631647527217865,0.0,1.0518251657485962,0.0,1.1742968559265137,0.0,2.857769548892975,0.0,2034.0506015345454,18.813046684488654
497,-3.6986698128832565,-3540.233744785279,1.049638271331787,0.0,1.16623055934906,0.0,0.9585040807723999,0.0,3.174372911453247,0.0,2037.2249744459987,18.813046684488654
498,-12.813480162443351,-3553.0472249477225,5.125631332397461,0.0,2.0174124240875244,0.0,1.9787752628326416,0.0,9.121819019317627,0.0,2046.3467934653163,18.813046684488654
499,-8.481835064680359,-3561.529060012403,3.081772804260254,0.0,1.4822728633880615,0.0,2.109025001525879,0.0,6.673070669174194,0.0,2053.0198641344905,18.813046684488654
500,-4.8904793850859,-3566.419539397489,1.464437484741211,0.0,0.9278134703636169,0.0,1.7649859189987183,0.0,4.157236874103546,0.0,2057.177101008594,18.813046684488654
501,-6.15345000290304,-3572.572989400392,2.358809471130371,0.0,0.9507495164871216,0.0,1.7451868057250977,0.0,5.05474579334259,0.0,2062.2318468019366,18.813046684488654
502,-4.500624056466149,-3577.0736134568583,1.607208013534546,0.0,0.8927435874938965,0.0,1.364635944366455,0.0,3.8645875453948975,0.0,2066.0964343473315,18.813046684488654
503,-3.862347709706773,-3580.935961166565,1.383483648300171,0.0,0.8677297830581665,0.0,1.1211706399917603,0.0,3.3723840713500977,0.0,2069.4688184186816,18.813046684488654
504,-4.518406979572199,-3585.4543681461373,0.35421058535575867,0.0,0.18733283877372742,0.0,0.42208048701286316,0.0,0.9636239111423492,0.0,2070.432442329824,18.813046684488654
505,-3.8440061157868772,-3589.298374261924,1.3801437616348267,0.0,0.8641657829284668,0.0,1.1134272813796997,0.0,3.357736825942993,0.0,2073.790179155767,18.813046684488654
506,-3.700753142720154,-3592.9991274046442,1.3788419961929321,0.0,0.7477469444274902,0.0,1.1110284328460693,0.0,3.2376173734664917,0.0,2077.0277965292335,18.813046684488654
507,-3.704992139517684,-3596.704119544162,1.377483606338501,0.0,0.7504824995994568,0.0,1.113255262374878,0.0,3.2412213683128357,0.0,2080.2690178975463,18.813046684488654
508,-1.0355842982182797,-3597.73970384238,0.3357362449169159,0.0,0.20223666727542877,0.0,0.4351603388786316,0.0,0.9731332510709763,0.0,2081.2421511486173,18.813046684488654
509,-3.2097461632929187,-3600.949450005673,1.9565691947937012,0.0,0.23087537288665771,0.0,0.5277521014213562,0.0,2.715196669101715,0.0,2083.957347817719,18.813046684488654
510,-17.813592734564367,-3618.7630427402373,0.7452424764633179,0.0,0.25650835037231445,0.0,8.278350830078125,0.0,9.280101656913757,0.0,2093.2374494746327,18.813046684488654
511,-5.241499868504914,-3624.004542608742,1.1859625577926636,0.0,1.9703260660171509,0.0,1.266901969909668,0.0,4.423190593719482,0.0,2097.660640068352,18.813046684488654
512,-5.9125370869606355,-3629.917079695703,1.1926045417785645,0.0,1.3069356679916382,0.0,2.3874902725219727,0.0,4.887030482292175,0.0,2102.5476705506444,18.813046684488654
513,-5.964045156760589,-3635.8811248524635,0.0,0.6769324541091919,0.16004861891269684,0.0,0.6154215931892395,0.0,0.09853775799274445,0.0,2102.646208308637,18.813046684488654
514,-10.423848251117747,-3646.3049731035812,0.0,0.4888811707496643,0.007497816812247038,0.0,0.0,0.34893566370010376,0.0,0.830319017637521,2102.646208308637,19.643365702126175
515,-20.429203199709544,-3666.734176303291,0.7456040382385254,0.0,0.0004916157922707498,0.0,0.0,0.3399659991264343,0.4061296549043618,0.0,2103.0523379635415,19.643365702126175
516,-6.293801920379099,-3673.02797822367,0.273721843957901,0.0,0.9956260323524475,0.0,0.7863233089447021,0.0,2.0556711852550507,0.0,2105.1080091487966,19.643365702126175
517,-6.8533016630161825,-3679.881279886686,1.9005450010299683,0.0,1.4409416913986206,0.0,1.3446567058563232,0.0,4.686143398284912,0.0,2109.7941525470815,19.643365702126175
518,-8.321203346094354,-3688.2024832327807,1.0129055976867676,0.0,1.4283798933029175,0.0,0.842583954334259,0.0,3.283869445323944,0.0,2113.0780219924054,19.643365702126175
519,-14.067265856277437,-3702.269749089058,0.601426899433136,0.0,1.4851621389389038,0.0,0.42980194091796875,0.0,2.5163909792900085,0.0,2115.5944129716954,19.643365702126175
520,-12.98810816767745,-3715.257857256736,0.5080579519271851,0.0,0.9341670274734497,0.0,0.4273674488067627,0.0,1.8695924282073975,0.0,2117.464005399903,19.643365702126175
521,-12.79909568650213,-3728.056952943238,0.948972761631012,0.0,1.0817945003509521,0.0,0.7896319627761841,0.0,2.820399224758148,0.0,2120.284404624661,19.643365702126175
522,-8.05577325898227,-3736.11272620222,2.471707582473755,0.0,1.2646368741989136,0.0,1.9355334043502808,0.0,5.671877861022949,0.0,2125.956282485684,19.643365702126175
523,-9.4583212612213,-3745.5710474634416,2.648745059967041,0.0,1.3450891971588135,0.0,3.288364887237549,0.0,7.282199144363403,0.0,2133.2384816300473,19.643365702126175
524,-5.859797188491731,-3751.4308446519335,2.293407678604126,0.0,0.7648220062255859,0.0,1.7649860382080078,0.0,4.82321572303772,0.0,2138.061697353085,19.643365702126175
525,-5.684457157824177,-3757.1153018097575,1.6627345085144043,0.0,0.9507495164871216,0.0,2.117722511291504,0.0,4.73120653629303,0.0,2142.792903889378,19.643365702126175
526,-5.480381600600999,-3762.5956834103586,1.448914885520935,0.0,0.8927435874938965,0.0,1.4039669036865234,0.0,3.745625376701355,0.0,2146.5385292660794,19.643365702126175
527,-6.247867726415539,-3768.8435511367743,1.4023902416229248,0.0,0.7988192439079285,0.0,1.1211706399917603,0.0,3.3223801255226135,0.0,2149.860909391602,19.643365702126175
528,-3.728284081251699,-3772.571835218026,1.3816155195236206,0.0,0.7622016072273254,0.0,1.1165059804916382,0.0,3.2603231072425842,0.0,2153.1212324988446,19.643365702126175
529,-3.7069878543734056,-3776.2788230723995,1.3801437616348267,0.0,0.7490487098693848,0.0,1.1134272813796997,0.0,3.242619752883911,0.0,2156.3638522517285,19.643365702126175
530,-3.700753142720154,-3779.97957621512,1.3788419961929321,0.0,0.7477469444274902,0.0,1.1110284328460693,0.0,3.2376173734664917,0.0,2159.601469625195,19.643365702126175
531,-1.2670330706594728,-3781.2466092857794,0.35007867217063904,0.0,0.4166674017906189,0.0,0.4188297688961029,0.0,1.1855758428573608,0.0,2160.7870454680524,19.643365702126175
532,-3.7411102665788114,-3784.987719552358,1.376011848449707,0.0,0.7653676271438599,0.0,1.1295857429504395,0.0,3.2709652185440063,0.0,2164.0580106865964,19.643365702126175
533,-3.856807885725276,-3788.8445274380833,1.3761818408966064,0.0,0.79400634765625,0.0,1.1942349672317505,0.0,3.364423155784607,0.0,2167.422433842381,19.643365702126175
534,-10.951100688502532,-3799.795628126586,3.7938456535339355,0.0,1.9290953874588013,0.0,2.535109043121338,0.0,8.258050084114075,0.0,2175.680483926495,19.643365702126175
535,-5.471608235597052,-3805.267236362183,1.1288554668426514,0.0,1.1080217361450195,0.0,2.31628680229187,0.0,4.553164005279541,0.0,2180.2336479317746,19.643365702126175
536,-6.153045327328036,-3811.4202816895113,0.692029595375061,0.0,3.1931700706481934,0.0,0.9665406942367554,0.0,4.85174036026001,0.0,2185.0853882920346,19.643365702126175
537,-17.166012566958536,-3828.58629425647,0.6008652448654175,0.0,8.606256484985352,0.0,0.23717337846755981,0.0,9.444295108318329,0.0,2194.529683400353,19.643365702126175
538,-13.04750536491967,-3841.6337996213897,6.076634883880615,0.0,1.1788430213928223,0.0,0.66282057762146,0.0,7.9182984828948975,0.0,2202.447981883248,19.643365702126175
539,-7.8584451914338835,-3849.4922448128236,0.0,0.11715476959943771,0.5296376347541809,0.0,0.6793769001960754,0.0,1.0918597653508186,0.0,2203.5398416485987,19.643365702126175
540,-8.476614618975322,-3857.968859431799,2.634866237640381,0.0,1.6329039335250854,0.0,2.452211618423462,0.0,6.719981789588928,0.0,2210.2598234381876,19.643365702126175
541,-3.4990622201067194,-3861.4679216519057,1.2515263557434082,0.0,0.9187701940536499,0.0,0.8885282874107361,0.0,3.058824837207794,0.0,2213.3186482753954,19.643365702126175
542,-9.376967727669486,-3870.8448893795753,3.626469373703003,0.0,0.8978524208068848,0.0,1.1147974729537964,0.0,5.639119267463684,0.0,2218.957767542859,19.643365702126175
543,-18.351569929276405,-3889.196459308852,7.1774187088012695,0.0,0.9812987446784973,0.0,1.5157729387283325,0.0,9.6744903922081,0.0,2228.632257935067,19.643365702126175
544,-9.323385554638895,-3898.519844863491,1.8957409858703613,0.0,1.017032504081726,0.0,1.9625380039215088,0.0,4.875311493873596,0.0,2233.5075694289408,19.643365702126175
545,-9.168204977485662,-3907.688049840977,2.2100913524627686,0.0,1.221341609954834,0.0,1.7614240646362305,0.0,5.192857027053833,0.0,2238.7004264559946,19.643365702126175
546,-10.697749106132646,-3918.3857989471094,2.59363055229187,0.0,1.8701063394546509,0.0,2.9008147716522217,0.0,7.364551663398743,0.0,2246.0649781193933,19.643365702126175
547,-8.861866910522751,-3927.247665857632,3.302704334259033,0.0,1.4853764772415161,0.0,2.115232467651367,0.0,6.9033132791519165,0.0,2252.9682913985453,19.643365702126175
548,-5.852781074716681,-3933.100446932349,2.344886541366577,0.0,1.0424724817276,0.0,1.455080270767212,0.0,4.842439293861389,0.0,2257.8107306924067,19.643365702126175
549,-5.582161836790746,-3938.6826087691397,2.091506004333496,0.0,1.0654085874557495,0.0,1.5109572410583496,0.0,4.667871832847595,0.0,2262.4786025252542,19.643365702126175
550,-4.177946481792435,-3942.860555250932,1.448914885520935,0.0,0.7563884258270264,0.0,1.4039669036865234,0.0,3.609270215034485,0.0,2266.0878727402887,19.643365702126175
551,-4.134254110408417,-3946.9948093613407,1.383483648300171,0.0,0.8668022155761719,0.0,1.1211706399917603,0.0,3.371456503868103,0.0,2269.459329244157,19.643365702126175
552,-7.662385098468683,-3954.6571944598095,0.35421058535575867,0.0,0.18733283877372742,0.0,0.42208048701286316,0.0,0.9636239111423492,0.0,2270.422953155299,19.643365702126175
553,-3.981457922283001,-3958.6386523820925,1.3801437616348267,0.0,0.9774726033210754,0.0,1.1134272813796997,0.0,3.471043646335602,0.0,2273.893996801635,19.643365702126175
554,-3.68424109648505,-3962.3228934785775,1.3661738634109497,0.0,0.7477469444274902,0.0,1.1110284328460693,0.0,3.2249492406845093,0.0,2277.1189460423193,19.643365702126175
555,-1.01723195547122,-3963.340125434049,0.35007867217063904,0.0,0.1873515099287033,0.0,0.4188297688961029,0.0,0.9562599509954453,0.0,2278.0752059933147,19.643365702126175
556,-3.7411102665788114,-3967.0812357006275,1.376011848449707,0.0,0.7653676271438599,0.0,1.1295857429504395,0.0,3.2709652185440063,0.0,2281.3461712118587,19.643365702126175
557,-3.856807885725276,-3970.9380435863527,1.3761818408966064,0.0,0.79400634765625,0.0,1.1942349672317505,0.0,3.364423155784607,0.0,2284.7105943676434,19.643365702126175
558,-1.0989727082505991,-3972.0370162946033,0.33445003628730774,0.0,0.2414994090795517,0.0,0.4554263651371002,0.0,1.0313758105039597,0.0,2285.7419701781473,19.643365702126175
559,-4.219345959511546,-3976.2563622541147,1.08053719997406,0.0,1.3721781969070435,0.0,1.209382176399231,0.0,3.6620975732803345,0.0,2289.4040677514276,19.643365702126175
560,-2.967903012663121,-3979.224265266778,0.0,0.33972299098968506,0.24874383211135864,0.0,0.4630929231643677,0.0,0.37211376428604126,0.0,2289.7761815157137,19.643365702126175
561,-2.5216344274628573,-3981.7458996942405,0.2941198945045471,0.0,0.7929308414459229,0.0,0.927113950252533,0.0,2.014164686203003,0.0,2291.7903462019167,19.643365702126175
562,-5.024162137149096,-3986.7700618313897,1.0102384090423584,0.0,1.4605863094329834,0.0,0.6414015293121338,0.0,3.1122262477874756,0.0,2294.902572449704,19.643365702126175
563,-9.930922872815463,-3996.700984704205,3.073873519897461,0.0,2.1122167110443115,0.0,2.504222869873047,0.0,7.690313100814819,0.0,2302.592885550519,19.643365702126175
564,-15.239057156350214,-4011.940041860555,7.224095344543457,0.0,1.179972767829895,0.0,1.0848065614700317,0.0,9.488874673843384,0.0,2312.0817602243624,19.643365702126175
565,-10.14636117243635,-4022.0864030329913,3.9918696880340576,0.0,0.9914400577545166,0.0,0.8628301024436951,0.0,5.846139848232269,0.0,2317.9279000725946,19.643365702126175
566,-6.984793289820891,-4029.0711963228123,0.9999797344207764,0.0,0.9206522107124329,0.0,0.7736385464668274,0.0,2.6942704916000366,0.0,2320.6221705641947,19.643365702126175
567,-4.794118341100931,-4033.865314663913,1.3190653324127197,0.0,1.0112751722335815,0.0,1.1110347509384155,0.0,3.441375255584717,0.0,2324.0635458197794,19.643365702126175
568,-10.181172379141397,-4044.0464870430546,1.799649953842163,0.0,2.0511202812194824,0.0,3.1677956581115723,0.0,7.018565893173218,0.0,2331.0821117129526,19.643365702126175
569,-8.301833097576338,-4052.348320140631,2.9838008880615234,0.0,1.2141205072402954,0.0,1.7460769414901733,0.0,5.943998336791992,0.0,2337.0261100497446,19.643365702126175
570,-9.190560246086704,-4061.5388803867177,2.4739270210266113,0.0,2.1287460327148438,0.0,2.624704360961914,0.0,7.227377414703369,0.0,2344.253487464448,19.643365702126175
571,-8.158336643418938,-4069.6972170301365,2.644329786300659,0.0,1.4828542470932007,0.0,2.3649184703826904,0.0,6.49210250377655,0.0,2350.7455899682245,19.643365702126175
572,-8.345008746615713,-4078.0422257767523,2.665567398071289,0.0,1.4909443855285645,0.0,2.459411382675171,0.0,6.615923166275024,0.0,2357.3615131344995,19.643365702126175
573,-9.014916798538408,-4087.0571425752905,2.816286087036133,0.0,1.3225005865097046,0.0,2.877251148223877,0.0,7.016037821769714,0.0,2364.3775509562693,19.643365702126175
574,-6.942200489234619,-4093.999343064525,3.065558910369873,0.0,0.7563884258270264,0.0,1.681365728378296,0.0,5.503313064575195,0.0,2369.8808640208445,19.643365702126175
575,-3.875480982522879,-4097.874824047048,1.4023902416229248,0.0,0.7521432042121887,0.0,1.2209744453430176,0.0,3.375507891178131,0.0,2373.2563719120226,19.643365702126175
576,-4.842321002362487,-4102.71714504941,0.3568393290042877,0.0,0.18733283877372742,0.0,0.45272377133369446,0.0,0.9968959391117096,0.0,2374.2532678511343,19.643365702126175
577,-1.0188188286496327,-4103.735963878059,0.3527388870716095,0.0,0.18591776490211487,0.0,0.41900184750556946,0.0,0.9576584994792938,0.0,2375.2109263506136,19.643365702126175
578,-6.759155843002998,-4110.495119721062,2.4062469005584717,0.0,1.3108779191970825,0.0,1.805453896522522,0.0,5.522578716278076,0.0,2380.7335050668917,19.643365702126175
579,-1.01723195547122,-4111.512351676533,0.35007867217063904,0.0,0.1873515099287033,0.0,0.4188297688961029,0.0,0.9562599509954453,0.0,2381.689765017887,19.643365702126175
580,-1.0497081766216017,-4112.562059853155,0.34860697388648987,0.0,0.20223666727542877,0.0,0.4351603388786316,0.0,0.9860039800405502,0.0,2382.6757689979277,19.643365702126175
581,-5.3042080641714815,-4117.866267917327,3.3222358226776123,0.0,0.23087537288665771,0.0,0.49980950355529785,0.0,4.052920699119568,0.0,2386.7286896970472,19.643365702126175
582,-5.503471154681968,-4123.369739072009,1.3316127061843872,0.0,0.6040012836456299,0.0,0.7538245916366577,0.0,2.689438581466675,0.0,2389.418128278514,19.643365702126175
583,-5.73608668568235,-4129.1058257576915,2.2076563835144043,0.0,0.9212512969970703,0.0,1.3175432682037354,0.0,4.44645094871521,0.0,2393.864579227229,19.643365702126175
584,-13.669049793147082,-4142.774875550838,4.03057336807251,0.0,2.631606101989746,0.0,3.3061461448669434,0.0,9.9683256149292,0.0,2403.8329048421583,19.643365702126175
585,-5.570046642485577,-4148.344922193324,1.555009365081787,0.0,1.472804069519043,0.0,1.6682988405227661,0.0,4.696112275123596,0.0,2408.529017117282,19.643365702126175
586,-7.444490598902263,-4155.789412792226,2.372255325317383,0.0,1.4771219491958618,0.0,2.1685030460357666,0.0,6.017880320549011,0.0,2414.546897437831,19.643365702126175
587,-3.5389711036067104,-4159.328383895833,2.2725369930267334,0.0,0.6262699961662292,0.0,0.0,0.4013521075248718,2.497454881668091,0.0,2417.044352319499,19.643365702126175
588,-6.0552160819345024,-4165.3835999777675,1.1295548677444458,0.0,1.9189250469207764,0.0,1.9745944738388062,0.0,5.023074388504028,0.0,2422.067426708003,19.643365702126175
589,-5.565166324418321,-4170.9487663021855,1.2370004653930664,0.0,1.7366489171981812,0.0,1.7085168361663818,0.0,4.682166218757629,0.0,2426.7495929267607,19.643365702126175
590,-6.931397600601606,-4177.880163902787,2.2954726219177246,0.0,1.6964155435562134,0.0,1.6779719591140747,0.0,5.669860124588013,0.0,2432.4194530513487,19.643365702126175
591,-3.8214005811348115,-4181.701564483922,0.41228798031806946,0.0,0.6035779118537903,0.0,1.7672113180160522,0.0,2.783077210187912,0.0,2435.2025302615366,19.643365702126175
592,-3.254624954374556,-4184.956189438297,1.0782047510147095,0.0,1.0592834949493408,0.0,0.6776005029678345,0.0,2.8150887489318848,0.0,2438.0176190104685,19.643365702126175
593,-3.803047661569318,-4188.759237099866,0.9536947011947632,0.0,1.1523621082305908,0.0,1.1499695777893066,0.0,3.2560263872146606,0.0,2441.273645397683,19.643365702126175
594,-7.2172786334585215,-4195.976515733325,2.3618931770324707,0.0,1.2849140167236328,0.0,2.1952900886535645,0.0,5.842097282409668,0.0,2447.115742680093,19.643365702126175
595,-11.478011146560059,-4207.454526879885,4.369609355926514,0.0,1.4825141429901123,0.0,2.5834407806396484,0.0,8.435564279556274,0.0,2455.551306959649,19.643365702126175
596,-8.455120028898882,-4215.9096469087835,2.665567398071289,0.0,1.5390733480453491,0.0,2.488638401031494,0.0,6.693279147148132,0.0,2462.244586106797,19.643365702126175
597,-6.153311350344019,-4222.062958259127,2.567244529724121,0.0,0.9507495164871216,0.0,1.5109572410583496,0.0,5.028951287269592,0.0,2467.273537394067,19.643365702126175
598,-5.717790023555831,-4227.780748282683,2.528259038925171,0.0,0.7563884258270264,0.0,1.4039669036865234,0.0,4.688614368438721,0.0,2471.9621517625055,19.643365702126175
599,-3.7246936526044996,-4231.505441935287,1.383483648300171,0.0,0.7521432042121887,0.0,1.1211706399917603,0.0,3.25679749250412,0.0,2475.2189492550096,19.643365702126175
600,-1.0253726167792303,-4232.530814552067,0.35421058535575867,0.0,0.18733283877372742,0.0,0.42208048701286316,0.0,0.9636239111423492,0.0,2476.182573166152,19.643365702126175
601,-3.7069878543734056,-4236.23780240644,1.3801437616348267,0.0,0.7490487098693848,0.0,1.1134272813796997,0.0,3.242619752883911,0.0,2479.425192919036,19.643365702126175
602,-20.201991349924167,-4256.439793756364,5.614165782928467,0.0,4.519386291503906,0.0,3.3569068908691406,0.0,13.490458965301514,0.0,2492.9156518843374,19.643365702126175
603,0.0,-4256.439793756364,0.0,0.6167601346969604,0.0,1.2426117658615112,0.0,0.9920873641967773,0.0,2.851459264755249,2492.9156518843374,22.494824966881424
604,-0.4643501573966562,-4256.904143913761,0.0,0.16798070073127747,0.0,1.2602980136871338,0.43306684494018555,0.0,0.0,0.9952118694782257,2492.9156518843374,23.49003683635965
605,-1.8470818957743393,-4258.751225809535,0.9275714159011841,0.0,0.2242485135793686,0.0,0.5277521014213562,0.0,1.6795720309019089,0.0,2494.5952239152393,23.49003683635965
606,-1.97300188804775,-4260.724227697583,1.0610169172286987,0.0,0.2490430623292923,0.0,0.4705136716365814,0.0,1.7805736511945724,0.0,2496.375797566434,23.49003683635965
607,-2.6318521946264566,-4263.35607989221,0.759421706199646,0.0,0.21481603384017944,0.0,0.3428937792778015,0.0,1.317131519317627,0.0,2497.6929290857515,23.49003683635965
608,-7.116558328897041,-4270.4726382211065,0.0,0.30828598141670227,0.1623491495847702,0.0,0.48917993903160095,0.0,0.3432431071996689,0.0,2498.036172192951,23.49003683635965
609,-16.814610561774096,-4287.287248782881,3.7949352264404297,0.0,3.9379377365112305,0.0,3.525500535964966,0.0,11.258373498916626,0.0,2509.294545691868,23.49003683635965
610,-8.60117799832883,-4295.88842678121,0.0,1.8874431848526,0.020695986226201057,0.0,0.0,0.3225393295288086,0.0,2.1892865281552076,2509.294545691868,25.679323364514858
611,-1.8040932719321816,-4297.692520053142,1.2003366947174072,0.0,0.19276006519794464,0.0,0.21192261576652527,0.0,1.6050193756818771,0.0,2510.8995650675497,25.679323364514858
612,-5.626187957176434,-4303.318708010319,2.023061990737915,0.0,0.1617347151041031,0.0,2.346702814102173,0.0,4.531499519944191,0.0,2515.431064587494,25.679323364514858
613,-3.459506713921204,-4306.778214724241,0.0,0.26803842186927795,1.505877137184143,0.0,1.4351625442504883,0.0,2.6730012595653534,0.0,2518.1040658470592,25.679323364514858
614,-4.221296138495555,-4310.999510862736,1.0157963037490845,0.0,1.4659854173660278,0.0,1.1763930320739746,0.0,3.658174753189087,0.0,2521.7622406002483,25.679323364514858
615,-2.3639917956293854,-4313.363502658366,0.17419198155403137,0.0,1.5149513483047485,0.0,0.3148224353790283,0.0,2.0039657652378082,0.0,2523.766206365486,25.679323364514858
616,-2.7701607219502082,-4316.133663380317,0.4893663823604584,0.0,0.952752947807312,0.0,0.9761523008346558,0.0,2.418271631002426,0.0,2526.1844779964886,25.679323364514858
617,-4.734614187383336,-4320.8682775677,1.4118276834487915,0.0,1.0981496572494507,0.0,1.4589924812316895,0.0,3.9689698219299316,0.0,2530.1534478184185,25.679323364514858
618,-7.293973667382402,-4328.162251235082,2.4226863384246826,0.0,1.2777183055877686,0.0,2.191401481628418,0.0,5.891806125640869,0.0,2536.0452539440594,25.679323364514858
619,-4.81016259651753,-4332.9724138316,1.7577464580535889,0.0,0.9206659197807312,0.0,1.4176477193832397,0.0,4.09606009721756,0.0,2540.141314041277,25.679323364514858
620,-6.23985267714323,-4339.212266508743,2.4165453910827637,0.0,0.9278134703636169,0.0,1.7649859189987183,0.0,5.109344780445099,0.0,2545.250658821722,25.679323364514858
621,-4.596491780635725,-4343.808758289379,1.4816241264343262,0.0,0.9507495164871216,0.0,1.5109573602676392,0.0,3.943331003189087,0.0,2549.193989824911,25.679323364514858
622,-11.423941565666297,-4355.232699855045,1.448914885520935,0.0,4.574721336364746,0.0,2.3186206817626953,0.0,8.342256903648376,0.0,2557.5362467285595,25.679323364514858
623,-4.283448803003678,-4359.516148658049,1.383483648300171,0.0,0.8654970526695251,0.0,1.450678825378418,0.0,3.699659526348114,0.0,2561.2359062549076,25.679323364514858
624,-5.323864072908829,-4364.840012730958,1.3816155195236206,0.0,0.7504638433456421,0.0,2.2915050983428955,0.0,4.423584461212158,0.0,2565.6594907161198,25.679323364514858
625,-3.7044762483995877,-4368.544488979357,1.3801437616348267,0.0,0.7490487098693848,0.0,1.1114202737808228,0.0,3.240612745285034,0.0,2568.900103461405,25.679323364514858
626,-3.677850627115501,-4372.222339606473,1.3788419961929321,0.0,0.7477469444274902,0.0,1.092696189880371,0.0,3.2192851305007935,0.0,2572.1193885919056,25.679323364514858
627,-0.9838669718315407,-4373.206206578305,0.319633424282074,0.0,0.1873515099287033,0.0,0.4188297688961029,0.0,0.9258147031068802,0.0,2573.0452032950125,25.679323364514858
628,-3.7191837002691654,-4376.925390278574,1.376011848449707,0.0,0.7653676271438599,0.0,1.1120878458023071,0.0,3.253467321395874,0.0,2576.2986706164083,25.679323364514858
629,-4.046672666474019,-4380.972062945048,0.3487769067287445,0.0,0.23087537288665771,0.0,2.652463912963867,0.0,3.2321161925792694,0.0,2579.5307868089876,25.679323364514858
630,-1.3434864770119583,-4382.315549422059,0.34246259927749634,0.0,0.31018462777137756,0.0,0.5976065397262573,0.0,1.2502537667751312,0.0,2580.7810405757627,25.679323364514858
631,-10.58306189909667,-4392.898611321156,3.458526134490967,0.0,1.999970555305481,0.0,2.6113085746765137,0.0,8.069805264472961,0.0,2588.8508458402357,25.679323364514858
632,-5.747442913175561,-4398.646054234331,1.6810672283172607,0.0,1.399314284324646,0.0,1.7439059019088745,0.0,4.824287414550781,0.0,2593.6751332547865,25.679323364514858
633,-1.5887432483786714,-4400.23479748271,0.0,0.7184192538261414,0.2372327446937561,0.0,0.7474388480186462,0.0,0.266252338886261,0.0,2593.9413855936727,25.679323364514858
634,-5.881800012573638,-4406.116597495284,0.0,0.9992810487747192,0.08819844573736191,0.0,0.0,0.3774714171886444,0.0,1.2885540202260017,2593.9413855936727,26.96787738474086
635,-12.089405868217321,-4418.206003363501,0.0,1.164985179901123,0.2831929922103882,0.0,0.0,0.5730229616165161,0.0,1.454815149307251,2593.9413855936727,28.42269253404811
636,-2.8864533687239913,-4421.0924567322245,0.0,0.197975292801857,0.9781769514083862,0.0,0.98029625415802,0.0,1.7604979127645493,0.0,2595.7018835064373,28.42269253404811
637,-4.261412436539804,-4425.3538691687645,0.8112163543701172,0.0,1.4099795818328857,0.0,1.2827327251434326,0.0,3.5039286613464355,0.0,2599.2058121677837,28.42269253404811
638,-4.70026177347888,-4430.054130942243,1.3611125946044922,0.0,1.3881967067718506,0.0,1.289086937904358,0.0,4.038396239280701,0.0,2603.2442084070644,28.42269253404811
639,-3.8258928921878987,-4433.880023834431,0.33001425862312317,0.0,1.4607219696044922,0.0,1.4206560850143433,0.0,3.2113923132419586,0.0,2606.4556007203064,28.42269253404811
640,-6.510773758825048,-4440.390797593256,1.4392235279083252,0.0,1.4813333749771118,0.0,1.6014769077301025,0.0,4.5220338106155396,0.0,2610.977634530922,28.42269253404811
641,-6.68928935433263,-4447.080086947589,1.346860408782959,0.0,1.066446304321289,0.0,0.7589357495307922,0.0,3.1722424626350403,0.0,2614.149876993557,28.42269253404811
642,-11.828222960974518,-4458.908309908564,2.6000452041625977,0.0,2.2590293884277344,0.0,2.1488306522369385,0.0,7.0079052448272705,0.0,2621.1577822383842,28.42269253404811
643,-24.91472702670874,-4483.823036935272,2.572303533554077,0.0,1.4849095344543457,0.0,9.855899810791016,0.0,13.913112878799438,0.0,2635.0708951171837,28.42269253404811
644,-7.093506447062955,-4490.9165433823355,1.8753126859664917,0.0,0.9278134703636169,0.0,1.944885015487671,0.0,4.7480111718177795,0.0,2639.8189062890015,28.42269253404811
645,-12.009061443633556,-4502.9256048259695,5.1602864265441895,0.0,0.9507495164871216,0.0,1.8844444751739502,0.0,7.995480418205261,0.0,2647.8143867072067,28.42269253404811
646,-4.527753893022529,-4507.453358718992,1.448914885520935,0.0,1.005685806274414,0.0,1.4039669036865234,0.0,3.8585675954818726,0.0,2651.6729543026886,28.42269253404811
647,-3.9060259341107852,-4511.359384653102,1.383483648300171,0.0,0.7988192439079285,0.0,1.2209744453430176,0.0,3.403277337551117,0.0,2655.0762316402397,28.42269253404811
648,-3.8868542798973627,-4515.246238932999,1.3816155195236206,0.0,0.8630063533782959,0.0,1.1471492052078247,0.0,3.391771078109741,0.0,2658.4680027183495,28.42269253404811
649,-3.7069878543734056,-4518.953226787373,1.3801437616348267,0.0,0.7490487098693848,0.0,1.1134272813796997,0.0,3.242619752883911,0.0,2661.7106224712334,28.42269253404811
650,-3.700753142720154,-4522.653979930093,1.3788419961929321,0.0,0.7477469444274902,0.0,1.1110284328460693,0.0,3.2376173734664917,0.0,2664.9482398447,28.42269253404811
651,-3.242936148586454,-4525.896916078679,0.35007867217063904,0.0,0.1873515099287033,0.0,0.4188297688961029,0.0,0.9562599509954453,0.0,2665.9044997956953,28.42269253404811
652,-5.171412278184102,-4531.068328356863,0.34860697388648987,0.0,0.20223666727542877,0.0,0.4351603388786316,0.0,0.9860039800405502,0.0,2666.890503775736,28.42269253404811
653,-9.23630301230302,-4540.304631369167,1.3677350282669067,0.0,0.23087537288665771,0.0,0.49980950355529785,0.0,2.0984199047088623,0.0,2668.9889236804447,28.42269253404811
654,-17.52604290037167,-4557.830674269539,2.7056221961975098,0.0,0.24639129638671875,0.0,0.8039667010307312,0.0,3.7559801936149597,0.0,2672.7449038740597,28.42269253404811
655,-6.910772194798787,-4564.741446464337,2.1762168407440186,0.0,0.7814760804176331,0.0,1.916529893875122,0.0,4.874222815036774,0.0,2677.6191266890964,28.42269253404811
656,-11.988703799184487,-4576.730150263522,0.661138117313385,0.0,1.0636569261550903,0.0,5.373786449432373,0.0,7.098581492900848,0.0,2684.7177081819973,28.42269253404811
657,-22.230631171619017,-4598.960781435141,0.0,0.7502269148826599,0.14646469056606293,0.0,6.361440181732178,0.0,5.757677957415581,0.0,2690.475386139413,28.42269253404811
658,-22.461882711524154,-4621.422664146666,0.0,0.9725360870361328,0.006602431181818247,0.0,0.8924576640129089,0.0,0.0,0.07347599184140563,2690.475386139413,28.496168525889516
659,-36.92243957519531,-4658.345103721861,0.0,0.24473510682582855,0.0,0.09424187988042831,0.0,0.35691264271736145,0.0,0.6958896294236183,2690.475386139413,29.192058155313134
660,-10.18414441745209,-4668.5292481393135,2.1817386150360107,0.0,1.5606215000152588,0.0,1.0923945903778076,0.0,4.834754705429077,0.0,2695.310140844842,29.192058155313134
661,-8.348460428067042,-4676.877708567381,0.9340888857841492,0.0,1.4714159965515137,0.0,2.3177967071533203,0.0,4.723301589488983,0.0,2700.033442434331,29.192058155313134
662,-10.815405322784478,-4687.6931138901655,3.81870698928833,0.0,1.410928726196289,0.0,1.334551215171814,0.0,6.564186930656433,0.0,2706.5976293649874,29.192058155313134
663,-6.02027078751631,-4693.7133846776815,0.15076503157615662,0.0,1.5032379627227783,0.0,1.505688190460205,0.0,3.15969118475914,0.0,2709.7573205497465,29.192058155313134
664,-8.146598265668478,-4701.85998294335,1.03630793094635,0.0,1.5176326036453247,0.0,0.4680364429950714,0.0,3.021976977586746,0.0,2712.7792975273333,29.192058155313134
665,-16.83490391305277,-4718.694886856402,0.9532496929168701,0.0,0.5208019614219666,0.0,0.7939088940620422,0.0,2.267960548400879,0.0,2715.047258075734,29.192058155313134
666,-11.191737536208384,-4729.88662439261,2.46448016166687,0.0,1.3899054527282715,0.0,1.9283058643341064,0.0,5.782691478729248,0.0,2720.8299495544634,29.192058155313134
667,-12.699937397159562,-4742.58656178977,4.186604022979736,0.0,1.484451174736023,0.0,3.036956787109375,0.0,8.708011984825134,0.0,2729.5379615392885,29.192058155313134
668,-8.52112565084527,-4751.107687440615,2.757925271987915,0.0,1.4909443855285645,0.0,2.478795289993286,0.0,6.727664947509766,0.0,2736.2656264867983,29.192058155313134
669,-37.83182856958355,-4788.9395160101985,8.05491828918457,0.0,0.9507495164871216,0.0,9.721027374267578,0.0,18.72669517993927,0.0,2754.9923216667376,29.192058155313134
670,-7.451959291209488,-4796.391475301408,1.448914885520935,0.0,1.0052862167358398,0.0,2.3515830039978027,0.0,4.805784106254578,0.0,2759.798105772992,29.192058155313134
671,-4.505752415387591,-4800.897227716795,1.4023902416229248,0.0,1.2643190622329712,0.0,1.2209744453430176,0.0,3.8876837491989136,0.0,2763.685789522191,29.192058155313134
672,-3.731715870579573,-4804.628943587374,1.3842442035675049,0.0,0.7622016072273254,0.0,1.1165059804916382,0.0,3.2629517912864685,0.0,2766.9487413134775,29.192058155313134
673,-7.515044527715844,-4812.14398811509,2.399888038635254,0.0,1.8764159679412842,0.0,1.8078527450561523,0.0,6.08415675163269,0.0,2773.03289806511,29.192058155313134
674,-5.777354615550429,-4817.92134273064,2.728574514389038,0.0,0.8599016070365906,0.0,1.1110284328460693,0.0,4.699504554271698,0.0,2777.732402619382,29.192058155313134
675,-1.01723195547122,-4818.938574686112,0.35007867217063904,0.0,0.1873515099287033,0.0,0.4188297688961029,0.0,0.9562599509954453,0.0,2778.6886625703773,29.192058155313134
676,-3.003620911606953,-4821.942195597719,0.34860697388648987,0.0,0.20223666727542877,0.0,0.4351603388786316,0.0,0.9860039800405502,0.0,2779.674666550418,29.192058155313134
677,-5.838183073962345,-4827.780378671681,0.3487769067287445,0.0,0.23087537288665771,0.0,0.49980950355529785,0.0,1.0794617831707,0.0,2780.7541283335886,29.192058155313134
678,-12.76863194349324,-4840.549010615175,4.099161148071289,0.0,2.751976728439331,0.0,2.5549495220184326,0.0,9.406087398529053,0.0,2790.1602157321176,29.192058155313134
679,-6.5894176693478075,-4847.138428284523,0.21681378781795502,0.0,4.006119728088379,0.0,0.5828270316123962,0.0,4.80576054751873,0.0,2794.9659762796364,29.192058155313134
680,-3.521904132201878,-4850.6603324167245,0.8354284763336182,0.0,1.3467658758163452,0.0,0.9146140217781067,0.0,3.09680837392807,0.0,2798.0627846535644,29.192058155313134
681,-0.8035720630465732,-4851.463904479771,0.4022056460380554,0.0,0.25337982177734375,0.0,0.10225296765565872,0.0,0.7578384354710579,0.0,2798.8206230890355,29.192058155313134
682,-6.461787215470525,-4857.925691695242,0.0,0.8945507407188416,0.3820599615573883,0.0,0.0,0.0920955017209053,0.0,0.6045862808823586,2798.8206230890355,29.796644436195493
683,-14.781579415112995,-4872.707271110355,0.0,0.21135073900222778,0.0,0.030194442719221115,1.620985984802246,0.0,1.3794408030807972,0.0,2800.2000638921163,29.796644436195493
684,-2.3577233177405383,-4875.064994428095,0.8656226992607117,0.0,0.12489505857229233,0.0,1.1070222854614258,0.0,2.09754004329443,0.0,2802.2976039354107,29.796644436195493
685,-2.548147257322342,-4877.613141685417,0.8765984773635864,0.0,0.0,0.01435888186097145,1.3481146097183228,0.0,2.2103542052209377,0.0,2804.5079581406317,29.796644436195493
686,-5.202529353791754,-4882.815671039209,0.9758474826812744,0.0,1.4483710527420044,0.0,1.6494882106781006,0.0,4.073706746101379,0.0,2808.581664886733,29.796644436195493
687,-5.271827679650898,-4888.08749871886,0.10087758302688599,0.0,0.9151632785797119,0.0,1.2159225940704346,0.0,2.2319634556770325,0.0,2810.81362834241,29.796644436195493
688,-6.134017921969454,-4894.22151664083,1.4568707942962646,0.0,1.5180888175964355,0.0,1.6749876737594604,0.0,4.649947285652161,0.0,2815.4635756280622,29.796644436195493
689,-6.1484738081025485,-4900.369990448932,2.3771557807922363,0.0,1.1077123880386353,0.0,0.8414677977561951,0.0,4.326335966587067,0.0,2819.7899115946493,29.796644436195493
690,-24.933564153327662,-4925.30355460226,3.4992449283599854,0.0,1.2689265012741089,0.0,9.444927215576172,0.0,14.213098645210266,0.0,2834.0030102398596,29.796644436195493
691,-9.22472665965846,-4934.528281261919,3.1520605087280273,0.0,1.7236131429672241,0.0,2.3135855197906494,0.0,7.189259171485901,0.0,2841.1922694113455,29.796644436195493
692,-4.484898310776247,-4939.013179572695,1.4743767976760864,0.0,0.9278134703636169,0.0,1.455080270767212,0.0,3.8572705388069153,0.0,2845.0495399501524,29.796644436195493
693,-5.5342205099851,-4944.54740008268,1.4816241264343262,0.0,0.9507495164871216,0.0,1.5109572410583496,0.0,3.9433308839797974,0.0,2848.992870834132,29.796644436195493
694,-8.103260087788012,-4952.650660170468,1.6006975173950195,0.0,0.7563884258270264,0.0,1.8122175931930542,0.0,4.1693035364151,0.0,2853.1621743705473,29.796644436195493
695,-4.745140385495342,-4957.395800555963,1.383483648300171,0.0,0.7521432042121887,0.0,1.8029979467391968,0.0,3.9386247992515564,0.0,2857.100799169799,29.796644436195493
696,-3.7144312183611934,-4961.110231774324,1.3816155195236206,0.0,0.7504638433456421,0.0,1.1165059804916382,0.0,3.248585343360901,0.0,2860.3493845131597,29.796644436195493
697,-6.766137780834895,-4967.876369555159,2.407548666000366,0.0,1.312179684638977,0.0,1.8078527450561523,0.0,5.527581095695496,0.0,2865.8769656088552,29.796644436195493
698,-3.700753142720154,-4971.577122697879,1.3788419961929321,0.0,0.7477469444274902,0.0,1.1110284328460693,0.0,3.2376173734664917,0.0,2869.1145829823217,29.796644436195493
699,-1.01723195547122,-4972.59435465335,0.35007867217063904,0.0,0.1873515099287033,0.0,0.4188297688961029,0.0,0.9562599509954453,0.0,2870.070842933317,29.796644436195493
700,-1.0497081766216017,-4973.6440628299715,0.34860697388648987,0.0,0.20223666727542877,0.0,0.4351603388786316,0.0,0.9860039800405502,0.0,2871.0568469133577,29.796644436195493
701,-1.1531664418822671,-4974.797229271854,0.3487769067287445,0.0,0.23087537288665771,0.0,0.49980950355529785,0.0,1.0794617831707,0.0,2872.1363086965284,29.796644436195493
702,-2.8323151910368765,-4977.629544462891,0.3108523190021515,0.0,0.24310490489006042,0.0,0.4586373567581177,0.0,1.0125945806503296,0.0,2873.1489032771788,29.796644436195493
703,-4.929492351465657,-4982.559036814357,2.3341193199157715,0.0,0.763462483882904,0.0,1.008350133895874,0.0,4.10593193769455,0.0,2877.2548352148733,29.796644436195493
704,-4.198156990615686,-4986.757193804972,1.7866261005401611,0.0,0.8274585008621216,0.0,0.9933604598045349,0.0,3.6074450612068176,0.0,2880.86228027608,29.796644436195493
705,-8.346993820520508,-4995.104187625493,2.9328949451446533,0.0,0.8103641271591187,0.0,2.229128122329712,0.0,5.972387194633484,0.0,2886.8346674707136,29.796644436195493
706,-6.713083468623878,-5001.817271094117,2.2483692169189453,0.0,0.6574286818504333,0.0,0.5097981095314026,0.0,3.4155960083007812,0.0,2890.2502634790144,29.796644436195493
707,-5.708482046936648,-5007.525753141053,0.0,0.04660745710134506,0.5649113059043884,0.0,0.3420097231864929,0.0,0.8603135719895363,0.0,2891.110577051004,29.796644436195493
708,-6.950370860751429,-5014.476124001805,1.9190006256103516,0.0,1.7543354034423828,0.0,2.0257627964019775,0.0,5.699098825454712,0.0,2896.8096758764586,29.796644436195493
709,-6.687801391275605,-5021.163925393081,2.1437063217163086,0.0,1.5257655382156372,0.0,1.8314307928085327,0.0,5.5009026527404785,0.0,2902.310578529199,29.796644436195493
710,-7.596443351246473,-5028.760368744327,1.5491784811019897,0.0,0.9887369871139526,0.0,0.9098080992698669,0.0,3.4477235674858093,0.0,2905.758302096685,29.796644436195493
711,-8.816695319545515,-5037.577064063873,1.3583219051361084,0.0,1.1010288000106812,0.0,1.2905418872833252,0.0,3.7498925924301147,0.0,2909.508194689115,29.796644436195493
712,-10.048406101497354,-5047.625470165371,2.019566535949707,0.0,1.0282906293869019,0.0,1.4928525686264038,0.0,4.540709733963013,0.0,2914.048904423078,29.796644436195493
713,-10.696056498690613,-5058.321526664061,2.261033535003662,0.0,1.152182698249817,0.0,2.0463926792144775,0.0,5.4596089124679565,0.0,2919.508513335546,29.796644436195493
714,-12.125609421148216,-5070.447136085209,2.4157328605651855,0.0,1.6266831159591675,0.0,2.6318352222442627,0.0,6.674251198768616,0.0,2926.1827645343146,29.796644436195493
715,-8.737699578831165,-5079.18483566404,2.915959596633911,0.0,1.594502329826355,0.0,2.3646552562713623,0.0,6.875117182731628,0.0,2933.0578817170463,29.796644436195493
716,-9.304356183687924,-5088.489191847728,3.257312297821045,0.0,1.4909443855285645,0.0,2.459411382675171,0.0,7.20766806602478,0.0,2940.265549783071,29.796644436195493
717,-6.49576351779123,-5094.984955365519,2.591137409210205,0.0,0.9507495164871216,0.0,1.7374720573425293,0.0,5.279358983039856,0.0,2945.544908766111,29.796644436195493
718,-7.121945646700927,-5102.10690101222,1.448914885520935,0.0,0.7563884258270264,0.0,3.3597238063812256,0.0,5.565027117729187,0.0,2951.10993588384,29.796644436195493
