time_step,reward,all_rewards,grid_import_Building_1_kwh,export_Building_1_kwh,grid_import_Building_2_kwh,export_Building_2_kwh,grid_import_Building_3_kwh,export_Building_3_kwh,grid_import_kwh,export_kwh,cumulative_grid_import_kwh,cumulative_export_kwh
0,-11.275240898132324,-11.275240898132324,2.033644199371338,0.0,0.5619984865188599,0.0,1.689454197883606,0.0,4.285096883773804,0.0,4.285096883773804,0.0
1,-4.0847843289375305,-15.360025227069855,0.8462807536125183,0.0,0.18591776490211487,0.0,0.47319296002388,0.0,1.5053914785385132,0.0,5.790488362312317,0.0
2,-3.636069416999817,-18.99609464406967,0.7249863147735596,0.0,0.18461598455905914,0.0,0.4455188810825348,0.0,1.3551211804151535,0.0,7.14560954272747,0.0
3,-3.6214816570281982,-22.61757630109787,0.6327978372573853,0.0,0.1873515099287033,0.0,0.433448851108551,0.0,1.2535981982946396,0.0,8.39920774102211,0.0
4,-3.5679948925971985,-26.18557119369507,0.6071555614471436,0.0,0.20223666727542877,0.0,0.4351603388786316,0.0,1.244552567601204,0.0,9.643760308623314,0.0
5,-5.101128995418549,-31.286700189113617,1.00062894821167,0.0,0.23087537288665771,0.0,0.49980950355529785,0.0,1.7313138246536255,0.0,11.37507413327694,0.0
6,-8.166998147964478,-39.453698337078094,1.607621669769287,0.0,0.24817126989364624,0.0,1.033126950263977,0.0,2.8889198899269104,0.0,14.26399402320385,0.0
7,-5.449971318244934,-44.90366965532303,0.5342340469360352,0.0,0.3452141582965851,0.0,0.8840543627738953,0.0,1.7635025680065155,0.0,16.027496591210365,0.0
8,-28.785768032073975,-73.689437687397,4.653266429901123,0.0,2.933849573135376,0.0,2.187143325805664,0.0,9.774259328842163,0.0,25.80175592005253,0.0
9,-9.824753284454346,-83.51419097185135,0.48263463377952576,0.0,0.6722479462623596,0.0,2.1317636966705322,0.0,3.2866462767124176,0.0,29.088402196764946,0.0
10,-5.8040266036987305,-89.31821757555008,0.0,0.3569531738758087,0.6334824562072754,0.0,1.284489393234253,0.0,1.5610186755657196,0.0,30.649420872330666,0.0
11,-7.760065853595734,-97.07828342914581,1.8172708749771118,0.0,0.6685148477554321,0.0,0.969410240650177,0.0,3.455195963382721,0.0,34.10461683571339,0.0
12,-18.068639397621155,-115.14692282676697,0.26597872376441956,0.0,0.9704316258430481,0.0,0.7307910919189453,0.0,1.967201441526413,0.0,36.0718182772398,0.0
13,-21.58654823899269,-136.73347106575966,0.0,0.26564109325408936,0.28255409002304077,0.0,1.4514431953430176,0.0,1.468356192111969,0.0,37.54017446935177,0.0
14,-9.97236156463623,-146.7058326303959,3.1590793132781982,0.0,2.088629961013794,0.0,2.003896951675415,0.0,7.251606225967407,0.0,44.791780695319176,0.0
15,-71.27005806565285,-217.97589069604874,0.16432055830955505,0.0,1.0962364673614502,0.0,0.06595885753631592,0.0,1.3265158832073212,0.0,46.1182965785265,0.0
16,-137.04476916790009,-355.0206598639488,2.9125845432281494,0.0,0.2912794053554535,0.0,0.0,0.2320985496044159,2.971765398979187,0.0,49.090061977505684,0.0
17,-88.32901382446289,-443.3496736884117,1.2073426246643066,0.0,0.8695511221885681,0.0,0.8444862961769104,0.0,2.921380043029785,0.0,52.01144202053547,0.0
18,-14.101263046264648,-457.45093673467636,2.5173251628875732,0.0,2.413707733154297,0.0,2.156512975692749,0.0,7.087545871734619,0.0,59.09898789227009,0.0
19,-17.130434036254883,-474.58137077093124,3.131718397140503,0.0,1.5174624919891357,0.0,2.3699629306793213,0.0,7.01914381980896,0.0,66.11813171207905,0.0
20,-16.456745147705078,-491.0381159186363,2.583674430847168,0.0,1.9071152210235596,0.0,2.459411382675171,0.0,6.950201034545898,0.0,73.06833274662495,0.0
21,-32.617738008499146,-523.6558539271355,1.9639720916748047,0.0,0.9507495164871216,0.0,2.657177448272705,0.0,5.571899056434631,0.0,78.64023180305958,0.0
22,-17.131444215774536,-540.78729814291,1.448914885520935,0.0,0.7563884258270264,0.0,2.662625312805176,0.0,4.867928624153137,0.0,83.50816042721272,0.0
23,-11.402006149291992,-552.189304292202,1.383483648300171,0.0,0.7521432042121887,0.0,2.7313830852508545,0.0,4.867009937763214,0.0,88.37517036497593,0.0
24,-7.494185447692871,-559.6834897398949,1.3816155195236206,0.0,0.7504638433456421,0.0,1.1165059804916382,0.0,3.248585343360901,0.0,91.62375570833683,0.0
25,-8.94376277923584,-568.6272525191307,1.3801437616348267,0.0,0.7423394322395325,0.0,1.1134272813796997,0.0,3.235910475254059,0.0,94.85966618359089,0.0
26,-8.833185195922852,-577.4604377150536,1.3788419961929321,0.0,0.7318140864372253,0.0,1.1110284328460693,0.0,3.221684515476227,0.0,98.08135069906712,0.0
27,-11.531610488891602,-588.9920482039452,1.377483606338501,0.0,0.7504824995994568,0.0,1.881975531578064,0.0,4.009941637516022,0.0,102.09129233658314,0.0
28,-5.658229827880859,-594.650278031826,1.3546943664550781,0.0,0.20223666727542877,0.0,0.4351603388786316,0.0,1.9920913726091385,0.0,104.08338370919228,0.0
29,-6.355656623840332,-601.0059346556664,1.3658525943756104,0.0,0.23087537288665771,0.0,0.49980950355529785,0.0,2.096537470817566,0.0,106.17992118000984,0.0
30,-12.770134925842285,-613.7760695815086,2.357550621032715,0.0,0.8064035773277283,0.0,1.1533982753753662,0.0,4.317352473735809,0.0,110.49727365374565,0.0
31,-15.168201446533203,-628.9442710280418,2.132779121398926,0.0,1.318664789199829,0.0,1.8807389736175537,0.0,5.332182884216309,0.0,115.82945653796196,0.0
32,-18.198972702026367,-647.1432437300682,1.693311095237732,0.0,5.076549530029297,0.0,1.8789869546890259,0.0,8.648847579956055,0.0,124.47830411791801,0.0
33,-20.22614860534668,-667.3693923354149,3.6777846813201904,0.0,0.0,0.1624850481748581,3.0257961750030518,0.0,6.541095808148384,0.0,131.0193999260664,0.0
34,-23.32143783569336,-690.6908301711082,4.172274112701416,0.0,1.1698154211044312,0.0,2.759472370147705,0.0,8.101561903953552,0.0,139.12096183001995,0.0
35,-27.7868595123291,-718.4776896834373,4.432085037231445,0.0,2.4692022800445557,0.0,2.5627832412719727,0.0,9.464070558547974,0.0,148.58503238856792,0.0
36,-24.138898849487305,-742.6165885329247,6.852179527282715,0.0,1.0804535150527954,0.0,0.9413658976554871,0.0,8.873998939990997,0.0,157.45903132855892,0.0
37,-23.24499797821045,-765.8615865111351,3.8069448471069336,0.0,0.9559856653213501,0.0,0.7919212579727173,0.0,5.554851770401001,0.0,163.01388309895992,0.0
38,-33.863030433654785,-799.7246169447899,1.5404163599014282,0.0,1.0664689540863037,0.0,1.3248486518859863,0.0,3.9317339658737183,0.0,166.94561706483364,0.0
39,-31.988632917404175,-831.7132498621941,1.399733543395996,0.0,1.8983535766601562,0.0,1.1420280933380127,0.0,4.440115213394165,0.0,171.3857322782278,0.0
40,-46.06857204437256,-877.7818219065666,2.5025556087493896,0.0,1.3194069862365723,0.0,1.876941204071045,0.0,5.698903799057007,0.0,177.0846360772848,0.0
41,-11.500068664550781,-889.2818905711174,1.9090077877044678,0.0,2.2425780296325684,0.0,1.7554574012756348,0.0,5.907043218612671,0.0,182.99167929589748,0.0
42,-26.720468997955322,-916.0023595690727,3.163917303085327,0.0,1.4173407554626465,0.0,2.4634814262390137,0.0,7.044739484786987,0.0,190.03641878068447,0.0
43,-14.273405075073242,-930.275764644146,2.81315541267395,0.0,1.3454039096832275,0.0,2.115232467651367,0.0,6.273791790008545,0.0,196.31021057069302,0.0
44,-17.375247955322266,-947.6510125994682,4.345648288726807,0.0,1.3279529809951782,0.0,1.8396000862121582,0.0,7.513201355934143,0.0,203.82341192662716,0.0
45,-13.411977767944336,-961.0629903674126,2.6901395320892334,0.0,1.3225005865097046,0.0,2.0881357192993164,0.0,6.100775837898254,0.0,209.9241877645254,0.0
46,-16.331488609313965,-977.3944789767265,1.5709470510482788,0.0,0.7563884258270264,0.0,1.3866462707519531,0.0,3.7139817476272583,0.0,213.63816951215267,0.0
47,-7.6903886795043945,-985.0848676562309,1.4023902416229248,0.0,0.7521432042121887,0.0,1.1211706399917603,0.0,3.275704085826874,0.0,216.91387359797955,0.0
48,-18.465755462646484,-1003.5506231188774,3.4364254474639893,0.0,1.8767257928848267,0.0,2.505356788635254,0.0,7.81850802898407,0.0,224.73238162696362,0.0
49,-13.137060165405273,-1016.6876832842827,2.407548666000366,0.0,1.312179684638977,0.0,1.8078527450561523,0.0,5.527581095695496,0.0,230.2599627226591,0.0
50,-13.147453308105469,-1029.8351365923882,2.4062469005584717,0.0,1.3108779191970825,0.0,1.805453896522522,0.0,5.522578716278076,0.0,235.7825414389372,0.0
51,-2.3551199436187744,-1032.190256536007,0.3348560631275177,0.0,0.1873515099287033,0.0,0.4188297688961029,0.0,0.9410373419523239,0.0,236.7235787808895,0.0
52,-2.4781928062438965,-1034.6684493422508,0.34860697388648987,0.0,0.20223666727542877,0.0,0.4351603388786316,0.0,0.9860039800405502,0.0,237.70958276093006,0.0
53,-5.126373291015625,-1039.7948226332664,0.3487769067287445,0.0,0.23087537288665771,0.0,0.49980950355529785,0.0,1.0794617831707,0.0,238.78904454410076,0.0
54,-16.49801278114319,-1056.2928354144096,0.30258339643478394,0.0,0.23897044360637665,0.0,0.4503684341907501,0.0,0.9919222742319107,0.0,239.78096681833267,0.0
55,-41.223740577697754,-1097.5165759921074,0.5197288393974304,0.0,0.2986651062965393,0.0,0.31038662791252136,0.0,1.128780573606491,0.0,240.90974739193916,0.0
56,-66.65917733311653,-1164.175753325224,0.794775664806366,0.0,0.2044009417295456,0.0,0.8659823536872864,0.0,1.865158960223198,0.0,242.77490635216236,0.0
57,-52.527358412742615,-1216.7031117379665,0.0,0.5403615236282349,0.22833411395549774,0.0,0.42561206221580505,0.0,0.11358465254306793,0.0,242.88849100470543,0.0
58,-22.3660888671875,-1239.069200605154,3.26505708694458,0.0,4.9393792152404785,0.0,3.574007034301758,0.0,11.778443336486816,0.0,254.66693434119225,0.0
59,-13.118036270141602,-1252.1872368752956,2.038179636001587,0.0,1.5356841087341309,0.0,1.7608380317687988,0.0,5.334701776504517,0.0,260.00163611769676,0.0
60,-8.965999603271484,-1261.1532364785671,0.968116044998169,0.0,1.4920241832733154,0.0,1.2707399129867554,0.0,3.7308801412582397,0.0,263.732516258955,0.0
61,-22.409935474395752,-1283.5631719529629,1.290348768234253,0.0,0.0,0.5022225975990295,8.39208698272705,0.0,9.180213153362274,0.0,272.9127294123173,0.0
62,-7.999848365783691,-1291.5630203187466,1.3718637228012085,0.0,0.9320268034934998,0.0,1.3289703130722046,0.0,3.632860839366913,0.0,276.5455902516842,0.0
63,-15.388605117797852,-1306.9516254365444,3.6161797046661377,0.0,1.112687587738037,0.0,1.9139076471328735,0.0,6.642774939537048,0.0,283.18836519122124,0.0
64,-14.398277282714844,-1321.3499027192593,2.9555418491363525,0.0,1.137540578842163,0.0,2.6106719970703125,0.0,6.703754425048828,0.0,289.89211961627007,0.0
65,-12.565651893615723,-1333.915554612875,2.1987667083740234,0.0,1.3441309928894043,0.0,2.071558952331543,0.0,5.614456653594971,0.0,295.50657626986504,0.0
66,-16.159576416015625,-1350.0751310288906,3.041545867919922,0.0,1.4397622346878052,0.0,3.354757070541382,0.0,7.836065173149109,0.0,303.34264144301414,0.0
67,-15.331048965454102,-1365.4061799943447,2.887971878051758,0.0,1.4853764772415161,0.0,2.71083664894104,0.0,7.084185004234314,0.0,310.42682644724846,0.0
68,-14.41244888305664,-1379.8186288774014,2.665567398071289,0.0,1.4909443855285645,0.0,2.5525734424591064,0.0,6.70908522605896,0.0,317.1359116733074,0.0
69,-14.76012897491455,-1394.578757852316,2.6901395320892334,0.0,1.5740883350372314,0.0,2.5788698196411133,0.0,6.843097686767578,0.0,323.979009360075,0.0
70,-12.940910339355469,-1407.5196681916714,2.5373358726501465,0.0,1.3195194005966187,0.0,1.8248319625854492,0.0,5.681687235832214,0.0,329.6606965959072,0.0
71,-12.677136421203613,-1420.196804612875,2.9260518550872803,0.0,1.3152742385864258,0.0,1.815596103668213,0.0,6.056922197341919,0.0,335.71761879324913,0.0
72,-11.899852752685547,-1432.0966573655605,2.4142777919769287,0.0,1.3135948181152344,0.0,1.8109314441680908,0.0,5.538804054260254,0.0,341.2564228475094,0.0
73,-11.456110000610352,-1443.5527673661709,2.407548666000366,0.0,1.312179684638977,0.0,1.8078527450561523,0.0,5.527581095695496,0.0,346.7840039432049,0.0
74,-12.199480056762695,-1455.7522474229336,2.4062469005584717,0.0,1.3108779191970825,0.0,1.805453896522522,0.0,5.522578716278076,0.0,352.30658265948296,0.0
75,-12.708377838134766,-1468.4606252610683,2.3896658420562744,0.0,1.3136134147644043,0.0,1.8076807260513306,0.0,5.510959982872009,0.0,357.81754264235497,0.0
76,-12.696625709533691,-1481.157250970602,2.403416872024536,0.0,1.3284986019134521,0.0,1.8240113258361816,0.0,5.55592679977417,0.0,363.37346944212914,0.0
77,-15.968805313110352,-1497.1260562837124,3.4225449562072754,0.0,1.3571373224258423,0.0,1.9166030883789062,0.0,6.696285367012024,0.0,370.06975480914116,0.0
78,-5.961694717407227,-1503.0877510011196,0.3598918616771698,0.0,0.25422030687332153,0.0,1.9131399393081665,0.0,2.527252107858658,0.0,372.5970069169998,0.0
79,-9.02376937866211,-1512.1115203797817,1.5279717445373535,0.0,0.9242570400238037,0.0,1.3235547542572021,0.0,3.7757835388183594,0.0,376.3727904558182,0.0
80,-4.871799468994141,-1516.9833198487759,0.14558805525302887,0.0,0.36487680673599243,0.0,1.722813367843628,0.0,2.2332782298326492,0.0,378.6060686856508,0.0
81,-23.267757415771484,-1540.2510772645473,4.0341901779174805,0.0,5.8297247886657715,0.0,2.7812445163726807,0.0,12.645159482955933,0.0,391.25122816860676,0.0
82,-14.011049270629883,-1554.2621265351772,1.283898115158081,0.0,2.7146451473236084,0.0,2.867358922958374,0.0,6.8659021854400635,0.0,398.1171303540468,0.0
83,-6.751600742340088,-1561.0137272775173,1.8062876462936401,0.0,0.8559265732765198,0.0,0.9360233545303345,0.0,3.5982375741004944,0.0,401.7153679281473,0.0
84,-10.129980087280273,-1571.1437073647976,1.5675231218338013,0.0,1.4937331676483154,0.0,3.092240333557129,0.0,6.153496623039246,0.0,407.86886455118656,0.0
85,-6.2845234870910645,-1577.4282308518887,0.0,0.11685847491025925,2.3393943309783936,0.0,2.7097253799438477,0.0,4.932261236011982,0.0,412.80112578719854,0.0
86,-6.652667284011841,-1584.0808981359005,1.4395267963409424,0.0,0.0,0.8261654376983643,2.5759096145629883,0.0,3.1892709732055664,0.0,415.9903967604041,0.0
87,-2.3722426891326904,-1586.4531408250332,0.39555931091308594,0.0,0.5568150281906128,0.0,0.0,0.8627488017082214,0.0896255373954773,0.0,416.0800222977996,0.0
88,-3.561951160430908,-1590.015091985464,0.6664116978645325,0.0,0.7570313811302185,0.0,0.05914178118109703,0.0,1.482584860175848,0.0,417.56260715797544,0.0
89,-11.511820793151855,-1601.526912778616,1.987291693687439,0.0,1.858508586883545,0.0,0.9463656544685364,0.0,4.79216593503952,0.0,422.35477309301496,0.0
90,-14.563102722167969,-1616.090015500784,2.4535317420959473,0.0,1.4220234155654907,0.0,2.216606855392456,0.0,6.092162013053894,0.0,428.44693510606885,0.0
91,-13.76296615600586,-1629.8529816567898,2.649374485015869,0.0,1.6105245351791382,0.0,2.115232467651367,0.0,6.3751314878463745,0.0,434.8220665939152,0.0
92,-9.833901405334473,-1639.6868830621243,1.963852882385254,0.0,0.9278134703636169,0.0,1.455080270767212,0.0,4.346746623516083,0.0,439.1688132174313,0.0
93,-9.170134544372559,-1648.8570176064968,1.5721793174743652,0.0,0.9507495164871216,0.0,1.5109572410583496,0.0,4.033886075019836,0.0,443.20269929245114,0.0
94,-9.923507690429688,-1658.7805252969265,1.6863653659820557,0.0,0.8927435874938965,0.0,1.6575719118118286,0.0,4.236680865287781,0.0,447.4393801577389,0.0
95,-8.11544418334961,-1666.895969480276,1.383483648300171,0.0,0.8772912621498108,0.0,1.2209744453430176,0.0,3.4817493557929993,0.0,450.9211295135319,0.0
96,-19.305315017700195,-1686.2012844979763,3.43642520904541,0.0,1.8767257928848267,0.0,2.5360000133514404,0.0,7.849151015281677,0.0,458.7702805288136,0.0
97,-8.164376258850098,-1694.3656607568264,1.3801437616348267,0.0,0.7490487098693848,0.0,1.1114202737808228,0.0,3.240612745285034,0.0,462.01089327409863,0.0
98,-8.11955451965332,-1702.4852152764797,1.3788419961929321,0.0,0.7477469444274902,0.0,1.1110284328460693,0.0,3.2376173734664917,0.0,465.2485106475651,0.0
99,-8.67374324798584,-1711.1589585244656,1.377483606338501,0.0,0.7504824995994568,0.0,1.113255262374878,0.0,3.2412213683128357,0.0,468.48973201587796,0.0
100,-4.977471351623535,-1716.136429876089,1.2545539140701294,0.0,0.20223666727542877,0.0,0.4351603388786316,0.0,1.8919509202241898,0.0,470.38168293610215,0.0
101,-2.9773736000061035,-1719.1138034760952,0.3468944728374481,0.0,0.23087537288665771,0.0,0.5277521014213562,0.0,1.105521947145462,0.0,471.4872048832476,0.0
102,-4.94744873046875,-1724.061252206564,1.0784878730773926,0.0,0.2409534454345703,0.0,0.45433443784713745,0.0,1.7737757563591003,0.0,473.2609806396067,0.0
103,-7.380425453186035,-1731.44167765975,1.406815528869629,0.0,1.11617112159729,0.0,0.3085762858390808,0.0,2.8315629363059998,0.0,476.0925435759127,0.0
104,-20.803802490234375,-1752.2454801499844,4.376333713531494,0.0,2.4905946254730225,0.0,1.4399466514587402,0.0,8.306874990463257,0.0,484.39941856637597,0.0
105,-7.317079544067383,-1759.5625596940517,0.5315505266189575,0.0,0.7935255169868469,0.0,2.638129234313965,0.0,3.9632052779197693,0.0,488.36262384429574,0.0
106,-6.707647800445557,-1766.2702074944973,0.010997322387993336,0.0,2.2371904850006104,0.0,2.383103847503662,0.0,4.631291654892266,0.0,492.993915499188,0.0
107,-7.478095054626465,-1773.7483025491238,0.10105618834495544,0.0,2.7617578506469727,0.0,2.207073926925659,0.0,5.069887965917587,0.0,498.0638034651056,0.0
108,-8.976032257080078,-1782.7243348062038,1.0879713296890259,0.0,1.1138375997543335,0.0,1.5088272094726562,0.0,3.7106361389160156,0.0,501.7744396040216,0.0
109,-8.890351295471191,-1791.614686101675,1.2809380292892456,0.0,2.119804620742798,0.0,0.9344885349273682,0.0,4.335231184959412,0.0,506.109670788981,0.0
110,-7.639425277709961,-1799.254111379385,1.1589199304580688,0.0,1.991308569908142,0.0,0.8421796560287476,0.0,3.9924081563949585,0.0,510.102078945376,0.0
111,-20.46670150756836,-1819.7208128869534,0.0,0.5852379202842712,4.732905864715576,0.0,0.0,0.34786614775657654,3.7998017966747284,0.0,513.9018807420507,0.0
112,-2.6362706422805786,-1822.357083529234,0.5429503917694092,0.0,0.0,1.0121122598648071,0.5181232690811157,0.0,0.04896140098571777,0.0,513.9508421430364,0.0
113,-30.017205476760864,-1852.3742890059948,1.9222850799560547,0.0,0.0,0.8172922134399414,2.755615711212158,0.0,3.8606085777282715,0.0,517.8114507207647,0.0
114,-16.118566513061523,-1868.4928555190563,2.4258487224578857,0.0,2.4055614471435547,0.0,2.94585919380188,0.0,7.77726936340332,0.0,525.588720084168,0.0
115,-19.13085174560547,-1887.6237072646618,2.809478998184204,0.0,2.471665859222412,0.0,4.311790943145752,0.0,9.592935800552368,0.0,535.1816558847204,0.0
116,-10.477643966674805,-1898.1013512313366,1.4743767976760864,0.0,0.9278134703636169,0.0,2.2696120738983154,0.0,4.671802341938019,0.0,539.8534582266584,0.0
117,-8.109787940979004,-1906.2111391723156,1.3910688161849976,0.0,0.944390594959259,0.0,1.1374701261520386,0.0,3.472929537296295,0.0,543.3263877639547,0.0
118,-9.059562683105469,-1915.270701855421,1.6241395473480225,0.0,0.8927286267280579,0.0,1.4039669036865234,0.0,3.9208350777626038,0.0,547.2472228417173,0.0
119,-8.167484283447266,-1923.4381861388683,1.619722604751587,0.0,0.7521432042121887,0.0,1.1211706399917603,0.0,3.493036448955536,0.0,550.7402592906728,0.0
120,-19.736865997314453,-1943.1750521361828,3.4364254474639893,0.0,1.8767257928848267,0.0,2.505357027053833,0.0,7.818508267402649,0.0,558.5587675580755,0.0
121,-8.116439819335938,-1951.2914919555187,1.3801437616348267,0.0,0.7490487098693848,0.0,1.1134272813796997,0.0,3.242619752883911,0.0,561.8013873109594,0.0
122,-8.643467903137207,-1959.934959858656,1.3788419961929321,0.0,0.7477469444274902,0.0,1.1110284328460693,0.0,3.2376173734664917,0.0,565.0390046844259,0.0
123,-30.604122161865234,-1990.5390820205212,4.580680847167969,0.0,3.950839042663574,0.0,2.64390230178833,0.0,11.175422191619873,0.0,576.2144268760458,0.0
124,0.0,-1990.5390820205212,0.0,1.0247386693954468,0.0,1.2260839939117432,0.0,0.9489904046058655,0.0,3.1998130679130554,576.2144268760458,3.1998130679130554
125,-1.342423915863037,-1991.8815059363842,0.0,0.5641477108001709,0.0,1.2336483001708984,0.4977715313434601,0.0,0.0,1.3000244796276093,576.2144268760458,4.499837547540665
126,-35.559425354003906,-2027.440931290388,5.020469665527344,0.0,0.29751452803611755,0.0,7.931743621826172,0.0,13.249727815389633,0.0,589.4641546914354,4.499837547540665
127,-26.712093353271484,-2054.1530246436596,4.201590538024902,0.0,2.526705026626587,0.0,3.406236171722412,0.0,10.134531736373901,0.0,599.5986864278093,4.499837547540665
128,-27.233535766601562,-2081.386560410261,3.8901045322418213,0.0,2.5125746726989746,0.0,3.24468731880188,0.0,9.647366523742676,0.0,609.246052951552,4.499837547540665
129,-21.013832092285156,-2102.4003925025463,5.200817584991455,0.0,2.384096145629883,0.0,1.0916692018508911,0.0,8.676582932472229,0.0,617.9226358840242,4.499837547540665
130,-6.260155200958252,-2108.6605477035046,0.19032417237758636,0.0,2.361607074737549,0.0,0.8010215163230896,0.0,3.352952763438225,0.0,621.2755886474624,4.499837547540665
131,-6.44703221321106,-2115.1075799167156,0.0,0.1348882019519806,2.2632365226745605,0.0,2.2073709964752197,0.0,4.3357193171978,0.0,625.6113079646602,4.499837547540665
132,-6.261612415313721,-2121.3691923320293,1.8917490243911743,0.0,0.6802657246589661,0.0,0.09191408008337021,0.0,2.6639288291335106,0.0,628.2752367937937,4.499837547540665
133,-7.804422378540039,-2129.1736147105694,0.854030191898346,0.0,1.9945175647735596,0.0,2.019972085952759,0.0,4.868519842624664,0.0,633.1437566364184,4.499837547540665
134,-8.969881057739258,-2138.1434957683086,1.4102591276168823,0.0,1.9778406620025635,0.0,2.036538600921631,0.0,5.424638390541077,0.0,638.5683950269595,4.499837547540665
135,-5.881396770477295,-2144.024892538786,0.0,0.895548939704895,4.694269180297852,0.0,0.0,0.42193904519081116,3.3767811954021454,0.0,641.9451762223616,4.499837547540665
136,-4.15437126159668,-2148.1792638003826,0.43985965847969055,0.0,1.5190621614456177,0.0,0.4708959460258484,0.0,2.4298177659511566,0.0,644.3749939883128,4.499837547540665
137,-10.760546684265137,-2158.9398104846478,2.815167188644409,0.0,1.6706199645996094,0.0,0.8410211205482483,0.0,5.326808273792267,0.0,649.701802262105,4.499837547540665
138,-12.194400310516357,-2171.134210795164,2.973583221435547,0.0,0.0,0.021506894379854202,2.1913793087005615,0.0,5.143455635756254,0.0,654.8452578978613,4.499837547540665
139,-13.2116117477417,-2184.345822542906,3.6928415298461914,0.0,0.0,0.11603471636772156,2.1151156425476074,0.0,5.691922456026077,0.0,660.5371803538874,4.499837547540665
140,-34.65501022338867,-2219.0008327662945,9.748826026916504,0.0,1.3213759660720825,0.0,3.721173048019409,0.0,14.791375041007996,0.0,675.3285553948954,4.499837547540665
141,-9.265460014343262,-2228.2662927806377,1.8072268962860107,0.0,0.7593696117401123,0.0,1.5109572410583496,0.0,4.077553749084473,0.0,679.4061091439798,4.499837547540665
142,-7.636919021606445,-2235.903211802244,1.448914885520935,0.0,0.7563884258270264,0.0,1.1304066181182861,0.0,3.3357099294662476,0.0,682.7418190734461,4.499837547540665
143,-7.774816513061523,-2243.6780283153057,1.383483648300171,0.0,0.7521432042121887,0.0,1.1211706399917603,0.0,3.25679749250412,0.0,685.9986165659502,4.499837547540665
144,-18.701461791992188,-2262.379490107298,3.43642520904541,0.0,1.8767257928848267,0.0,2.505357027053833,0.0,7.81850802898407,0.0,693.8171245949343,4.499837547540665
145,-20.12199592590332,-2282.501486033201,3.668823719024658,0.0,1.8753106594085693,0.0,2.7214808464050293,0.0,8.265615224838257,0.0,702.0827398197725,4.499837547540665
146,-2.9847469329833984,-2285.4862329661846,0.33876895904541016,0.0,0.18461598455905914,0.0,0.6358053684234619,0.0,1.1591903120279312,0.0,703.2419301318005,4.499837547540665
147,-2.894951581954956,-2288.3811845481396,0.3348560631275177,0.0,0.1873515099287033,0.0,0.6163576245307922,0.0,1.1385651975870132,0.0,704.3804953293875,4.499837547540665
148,-2.7468128204345703,-2291.127997368574,0.34860697388648987,0.0,0.20223666727542877,0.0,0.4790008068084717,0.0,1.0298444479703903,0.0,705.4103397773579,4.499837547540665
149,-2.8324062824249268,-2293.960403650999,0.3450120687484741,0.0,0.23087537288665771,0.0,0.49980950355529785,0.0,1.0756969451904297,0.0,706.4860367225483,4.499837547540665
150,-15.148672103881836,-2309.109075754881,2.2849538326263428,0.0,1.378410816192627,0.0,2.0184950828552246,0.0,5.681859731674194,0.0,712.1678964542225,4.499837547540665
151,-23.118839263916016,-2332.227915018797,4.4966959953308105,0.0,1.332330346107483,0.0,3.5161232948303223,0.0,9.345149636268616,0.0,721.5130460904911,4.499837547540665
152,-24.89679718017578,-2357.1247121989727,5.600285530090332,0.0,1.2921829223632812,0.0,3.084049940109253,0.0,9.976518392562866,0.0,731.489564483054,4.499837547540665
153,-8.699971199035645,-2365.8246833980083,0.4567328989505768,0.0,2.4426395893096924,0.0,2.7534263134002686,0.0,5.652798801660538,0.0,737.1423632847145,4.499837547540665
154,-7.773723602294922,-2373.5984070003033,0.2546720802783966,0.0,2.5448384284973145,0.0,2.5053563117980957,0.0,5.304866820573807,0.0,742.4472301052883,4.499837547540665
155,-16.259725868701935,-2389.858132869005,5.558165550231934,0.0,0.0,0.10667166113853455,0.31265324354171753,0.0,5.764147132635117,0.0,748.2113772379234,4.499837547540665
156,-15.600513458251953,-2405.458646327257,3.0495502948760986,0.0,0.42088937759399414,0.0,2.374350070953369,0.0,5.844789743423462,0.0,754.0561669813469,4.499837547540665
157,-12.030170440673828,-2417.488816767931,2.5908987522125244,0.0,0.3178994357585907,0.0,1.803157091140747,0.0,4.711955279111862,0.0,758.7681222604588,4.499837547540665
158,-7.827752113342285,-2425.3165688812733,1.3053959608078003,0.0,1.960060715675354,0.0,0.7796838283538818,0.0,4.045140504837036,0.0,762.8132627652958,4.499837547540665
159,-3.739893078804016,-2429.0564619600773,0.0,0.59209144115448,1.4846761226654053,0.0,1.468564510345459,0.0,2.3611491918563843,0.0,765.1744119571522,4.499837547540665
160,-6.032647132873535,-2435.089109092951,1.061845302581787,0.0,1.524770975112915,0.0,0.701515793800354,0.0,3.288132071495056,0.0,768.4625440286472,4.499837547540665
161,-10.914987564086914,-2446.0040966570377,2.48807430267334,0.0,1.6829959154129028,0.0,1.2873319387435913,0.0,5.458402156829834,0.0,773.9209461854771,4.499837547540665
162,-18.17070770263672,-2464.1748043596745,3.1331467628479004,0.0,2.410259485244751,0.0,3.1668593883514404,0.0,8.710265636444092,0.0,782.6312118219212,4.499837547540665
163,-15.116142272949219,-2479.2909466326237,2.754373073577881,0.0,2.471426010131836,0.0,2.588685989379883,0.0,7.8144850730896,0.0,790.4456968950108,4.499837547540665
164,-16.98700523376465,-2496.2779518663883,3.4861655235290527,0.0,1.4909443855285645,0.0,2.459411382675171,0.0,7.436521291732788,0.0,797.8822181867436,4.499837547540665
165,-9.520816802978516,-2505.798768669367,1.5721793174743652,0.0,0.7593695521354675,0.0,1.8844444751739502,0.0,4.215993344783783,0.0,802.0982115315273,4.499837547540665
166,-7.561427116394043,-2513.360195785761,1.3878989219665527,0.0,0.7563884258270264,0.0,1.1304066181182861,0.0,3.2746939659118652,0.0,805.3729054974392,4.499837547540665
167,-7.856688022613525,-2521.2168838083744,1.383483648300171,0.0,0.7521432042121887,0.0,1.1211706399917603,0.0,3.25679749250412,0.0,808.6297029899433,4.499837547540665
168,-7.893577575683594,-2529.110461384058,1.3816155195236206,0.0,0.7504638433456421,0.0,1.1165059804916382,0.0,3.248585343360901,0.0,811.8782883333042,4.499837547540665
169,-7.795037269592285,-2536.9054986536503,1.3801437616348267,0.0,0.7490487098693848,0.0,1.1134272813796997,0.0,3.242619752883911,0.0,815.1209080861881,4.499837547540665
170,-2.3808512687683105,-2539.2863499224186,0.3514370918273926,0.0,0.18461598455905914,0.0,0.4166029393672943,0.0,0.952656015753746,0.0,816.0735641019419,4.499837547540665
171,-2.463237762451172,-2541.7495876848698,0.35007867217063904,0.0,0.1873515099287033,0.0,0.4188297688961029,0.0,0.9562599509954453,0.0,817.0298240529373,4.499837547540665
172,-2.6541500091552734,-2544.403737694025,0.34860697388648987,0.0,0.20223666727542877,0.0,0.4351603388786316,0.0,0.9860039800405502,0.0,818.0158280329779,4.499837547540665
173,-10.089877128601074,-2554.493614822626,2.916538715362549,0.0,0.23087537288665771,0.0,0.49980950355529785,0.0,3.6472235918045044,0.0,821.6630516247824,4.499837547540665
174,-10.9493408203125,-2565.4429556429386,1.411741852760315,0.0,0.8027651309967041,0.0,1.8278599977493286,0.0,4.042366981506348,0.0,825.7054186062887,4.499837547540665
175,-22.748676300048828,-2588.1916319429874,4.261254787445068,0.0,2.989469289779663,0.0,1.9026541709899902,0.0,9.153378248214722,0.0,834.8587968545035,4.499837547540665
176,-18.55116844177246,-2606.74280038476,5.278501510620117,0.0,1.33600652217865,0.0,1.587520956993103,0.0,8.20202898979187,0.0,843.0608258442953,4.499837547540665
177,-8.292966842651367,-2615.0357672274113,0.40352490544319153,0.0,2.439098834991455,0.0,2.746344804763794,0.0,5.5889685451984406,0.0,848.6497943894938,4.499837547540665
178,-7.075272083282471,-2622.1110393106937,0.11995723098516464,0.0,2.291670560836792,0.0,2.4920637607574463,0.0,4.903691552579403,0.0,853.5534859420732,4.499837547540665
179,-6.574434757232666,-2628.6854740679264,0.0,0.014657778665423393,2.4447689056396484,0.0,2.327601432800293,0.0,4.757712559774518,0.0,858.3111985018477,4.499837547540665
180,-6.226547718048096,-2634.9120217859745,1.9398025274276733,0.0,0.4565299153327942,0.0,0.13996754586696625,0.0,2.5362999886274338,0.0,860.8474984904751,4.499837547540665
181,-8.257708549499512,-2643.169730335474,1.164676547050476,0.0,2.0334856510162354,0.0,0.880095362663269,0.0,4.0782575607299805,0.0,864.9257560512051,4.499837547540665
182,-7.984628677368164,-2651.154359012842,1.0748494863510132,0.0,2.0224826335906982,0.0,0.9045279026031494,0.0,4.001860022544861,0.0,868.92761607375,4.499837547540665
183,-23.069913029670715,-2674.224272042513,0.0,0.8368264436721802,1.5231447219848633,0.0,0.0,0.3632165491580963,0.3231017291545868,0.0,869.2507178029045,4.499837547540665
184,-4.421916365623474,-2678.6461884081364,0.4706668555736542,0.0,1.5344659090042114,0.0,0.501703143119812,0.0,2.5068359076976776,0.0,871.7575537106022,4.499837547540665
185,-27.73525595664978,-2706.381444364786,1.019048810005188,0.0,1.67996346950531,0.0,1.0496834516525269,0.0,3.748695731163025,0.0,875.5062494417652,4.499837547540665
186,-13.625736236572266,-2720.0071806013584,2.736299991607666,0.0,2.4068398475646973,0.0,1.9674155712127686,0.0,7.110555410385132,0.0,882.6168048521504,4.499837547540665
187,-16.430635452270508,-2736.437816053629,2.085840940475464,0.0,0.9214714169502258,0.0,2.1710727214813232,0.0,5.178385078907013,0.0,887.7951899310574,4.499837547540665
188,-12.142793655395508,-2748.5806097090244,1.8708724975585938,0.0,0.9278134703636169,0.0,2.510606527328491,0.0,5.309292495250702,0.0,893.1044824263081,4.499837547540665
189,-10.504919052124023,-2759.0855287611485,1.5721793174743652,0.0,0.9507495164871216,0.0,2.0080373287200928,0.0,4.53096616268158,0.0,897.6354485889897,4.499837547540665
190,-10.109779357910156,-2769.1953081190586,1.3878989219665527,0.0,0.8927435874938965,0.0,1.8760063648223877,0.0,4.156648874282837,0.0,901.7920974632725,4.499837547540665
191,-8.325002670288086,-2777.5203107893467,1.383483648300171,0.0,0.7521432042121887,0.0,1.36971116065979,0.0,3.5053380131721497,0.0,905.2974354764447,4.499837547540665
192,-8.867748260498047,-2786.3880590498447,1.6981639862060547,0.0,0.7504638433456421,0.0,1.1165059804916382,0.0,3.565133810043335,0.0,908.862569286488,4.499837547540665
193,-8.27032470703125,-2794.658383756876,1.3724830150604248,0.0,0.8710955381393433,0.0,1.1134272813796997,0.0,3.3570058345794678,0.0,912.2195751210675,4.499837547540665
194,-8.26769733428955,-2802.9260810911655,1.3788419961929321,0.0,0.7477469444274902,0.0,1.1110284328460693,0.0,3.2376173734664917,0.0,915.457192494534,4.499837547540665
195,-8.627236366271973,-2811.5533174574375,1.377483606338501,0.0,0.7504824995994568,0.0,1.113255262374878,0.0,3.2412213683128357,0.0,918.6984138628468,4.499837547540665
196,-2.6756110191345215,-2814.228928476572,0.34860697388648987,0.0,0.20223666727542877,0.0,0.4351603388786316,0.0,0.9860039800405502,0.0,919.6844178428873,4.499837547540665
197,-9.302090644836426,-2823.5310191214085,1.3761818408966064,0.0,0.79400634765625,0.0,1.1942349672317505,0.0,3.364423155784607,0.0,923.048840998672,4.499837547540665
198,-11.433479309082031,-2834.9644984304905,2.2045345306396484,0.0,0.8040204644203186,0.0,1.1486319303512573,0.0,4.157186925411224,0.0,927.2060279240832,4.499837547540665
199,-8.825265884399414,-2843.78976431489,1.125339388847351,0.0,0.8656190633773804,0.0,1.2062788009643555,0.0,3.197237253189087,0.0,930.4032651772723,4.499837547540665
200,-30.202102661132812,-2873.9918669760227,5.506561756134033,0.0,2.4973690509796143,0.0,3.0376720428466797,0.0,11.041602849960327,0.0,941.4448680272326,4.499837547540665
201,-23.677684783935547,-2897.6695517599583,3.479306936264038,0.0,2.4876835346221924,0.0,2.8343844413757324,0.0,8.801374912261963,0.0,950.2462429394946,4.499837547540665
202,-23.477357864379883,-2921.146909624338,3.1829094886779785,0.0,2.354494571685791,0.0,2.7890660762786865,0.0,8.326470136642456,0.0,958.572713076137,4.499837547540665
203,-12.203214645385742,-2933.350124269724,1.5109035968780518,0.0,1.2835761308670044,0.0,1.5262948274612427,0.0,4.320774555206299,0.0,962.8934876313433,4.499837547540665
204,-11.088939666748047,-2944.439063936472,1.696143627166748,0.0,1.1343498229980469,0.0,1.2219855785369873,0.0,4.052479028701782,0.0,966.9459666600451,4.499837547540665
205,-25.072307586669922,-2969.511371523142,1.965383529663086,0.0,1.1521674394607544,0.0,6.358140468597412,0.0,9.475691437721252,0.0,976.4216580977663,4.499837547540665
206,-15.531427383422852,-2985.0427989065647,2.5424511432647705,0.0,1.0252492427825928,0.0,2.250511646270752,0.0,5.818212032318115,0.0,982.2398701300845,4.499837547540665
207,-12.16341495513916,-2997.206213861704,2.250602960586548,0.0,1.1859885454177856,0.0,1.5425999164581299,0.0,4.979191422462463,0.0,987.2190615525469,4.499837547540665
208,-11.905864715576172,-3009.11207857728,1.806532621383667,0.0,1.1721159219741821,0.0,1.575675129890442,0.0,4.554323673248291,0.0,991.7733852257952,4.499837547540665
209,-13.908554077148438,-3023.0206326544285,2.250924587249756,0.0,1.2912828922271729,0.0,2.1186342239379883,0.0,5.660841703414917,0.0,997.4342269292101,4.499837547540665
210,-17.12401580810547,-3040.144648462534,2.4539294242858887,0.0,1.4222222566604614,0.0,3.2103464603424072,0.0,7.086498141288757,0.0,1004.5207250704989,4.499837547540665
211,-12.244935989379883,-3052.389584451914,2.0060906410217285,0.0,0.9208078384399414,0.0,2.1673035621643066,0.0,5.094202041625977,0.0,1009.6149271121249,4.499837547540665
212,-9.67764663696289,-3062.0672310888767,1.63816237449646,0.0,0.9278134703636169,0.0,1.7649859189987183,0.0,4.330961763858795,0.0,1013.9458888759837,4.499837547540665
213,-10.523347854614258,-3072.590578943491,1.6627345085144043,0.0,0.9507495164871216,0.0,1.8844444751739502,0.0,4.497928500175476,0.0,1018.4438173761591,4.499837547540665
214,-11.326674461364746,-3083.9172534048557,1.509930968284607,0.0,1.482208013534546,0.0,1.6775274276733398,0.0,4.669666409492493,0.0,1023.1134837856516,4.499837547540665
215,-8.206165313720703,-3092.1234187185764,1.4212967157363892,0.0,0.7521432042121887,0.0,1.1211706399917603,0.0,3.294610559940338,0.0,1026.408094345592,4.499837547540665
216,-19.33392906188965,-3111.457347780466,3.439054012298584,0.0,1.8767257928848267,0.0,2.505356788635254,0.0,7.8211365938186646,0.0,1034.2292309394106,4.499837547540665
217,-20.61709213256836,-3132.0744399130344,3.427293062210083,0.0,1.8753106594085693,0.0,2.5022783279418945,0.0,7.804882049560547,0.0,1042.0341129889712,4.499837547540665
218,-3.1468193531036377,-3135.221259266138,0.5692089200019836,0.0,0.18461598455905914,0.0,0.4166029393672943,0.0,1.170427843928337,0.0,1043.2045408328995,4.499837547540665
219,-2.6087417602539062,-3137.830001026392,0.35007867217063904,0.0,0.1873515099287033,0.0,0.4188297688961029,0.0,0.9562599509954453,0.0,1044.160800783895,4.499837547540665
220,-2.7701008319854736,-3140.6001018583775,0.34860697388648987,0.0,0.20223666727542877,0.0,0.4351603388786316,0.0,0.9860039800405502,0.0,1045.1468047639355,4.499837547540665
221,-6.766566276550293,-3147.3666681349277,1.7313987016677856,0.0,0.23087537288665771,0.0,0.49980950355529785,0.0,2.462083578109741,0.0,1047.6088883420452,4.499837547540665
222,-9.467327117919922,-3156.8339952528477,1.328688383102417,0.0,0.8014514446258545,0.0,1.1434940099716187,0.0,3.27363383769989,0.0,1050.8825221797451,4.499837547540665
223,-27.532978057861328,-3184.366973310709,4.167137145996094,0.0,2.458653688430786,0.0,3.1032230854034424,0.0,9.729013919830322,0.0,1060.6115360995755,4.499837547540665
224,-25.058673858642578,-3209.4256471693516,3.7182698249816895,0.0,2.3977506160736084,0.0,2.8473358154296875,0.0,8.963356256484985,0.0,1069.5748923560604,4.499837547540665
225,-24.045320510864258,-3233.470967680216,3.3604323863983154,0.0,2.497436046600342,0.0,2.6671643257141113,0.0,8.525032758712769,0.0,1078.0999251147732,4.499837547540665
226,-22.92483901977539,-3256.395806699991,3.145773410797119,0.0,2.3584396839141846,0.0,2.6163108348846436,0.0,8.120523929595947,0.0,1086.2204490443692,4.499837547540665
227,-7.777522087097168,-3264.1733287870884,0.8752413392066956,0.0,1.0982292890548706,0.0,0.8012446761131287,0.0,2.774715304374695,0.0,1088.9951643487439,4.499837547540665
228,-9.186838150024414,-3273.360166937113,1.061169147491455,0.0,1.164211392402649,0.0,1.1088818311691284,0.0,3.3342623710632324,0.0,1092.329426719807,4.499837547540665
229,-32.730567932128906,-3306.0907348692417,2.0782299041748047,0.0,9.87036418914795,0.0,0.08636482805013657,0.0,12.03495892137289,0.0,1104.36438564118,4.499837547540665
230,-7.929003715515137,-3314.019738584757,1.0387955904006958,0.0,0.9680699706077576,0.0,0.868474006652832,0.0,2.8753395676612854,0.0,1107.2397252088413,4.499837547540665
231,-9.634786605834961,-3323.654525190592,1.4115885496139526,0.0,1.0810762643814087,0.0,1.0760787725448608,0.0,3.568743586540222,0.0,1110.8084687953815,4.499837547540665
232,-26.015687942504883,-3349.6702131330967,6.1679229736328125,0.0,1.1173629760742188,0.0,3.0061066150665283,0.0,10.29139256477356,0.0,1121.099861360155,4.499837547540665
233,-14.430818319320679,-3364.1010314524174,2.1345837116241455,0.0,1.2669248580932617,0.0,1.8102161884307861,0.0,5.211724758148193,0.0,1126.3115861183032,4.499837547540665
234,-16.998409271240234,-3381.0994407236576,3.375532627105713,0.0,1.6593178510665894,0.0,1.981316328048706,0.0,7.016166806221008,0.0,1133.3277529245242,4.499837547540665
235,-16.962404251098633,-3398.0618449747562,2.910494804382324,0.0,1.4840673208236694,0.0,2.718437671661377,0.0,7.112999796867371,0.0,1140.4407527213916,4.499837547540665
236,-15.758255004882812,-3413.820099979639,3.2224395275115967,0.0,1.4909443855285645,0.0,1.8395999670028687,0.0,6.55298388004303,0.0,1146.9937366014346,4.499837547540665
237,-10.152836799621582,-3423.9729367792606,1.6349718570709229,0.0,0.7593696117401123,0.0,2.0031888484954834,0.0,4.3975303173065186,0.0,1151.3912669187412,4.499837547540665
238,-9.43819522857666,-3433.4111320078373,2.055718183517456,0.0,0.7563884258270264,0.0,1.1304066181182861,0.0,3.9425132274627686,0.0,1155.333780146204,4.499837547540665
239,-8.122594833374023,-3441.5337268412113,1.383483648300171,0.0,0.7521432042121887,0.0,1.1211705207824707,0.0,3.2567973732948303,0.0,1158.5905775194988,4.499837547540665
240,-19.556201934814453,-3461.0899287760258,3.4364254474639893,0.0,1.8767257928848267,0.0,2.505357027053833,0.0,7.818508267402649,0.0,1166.4090857869014,4.499837547540665
241,-20.418161392211914,-3481.5080901682377,3.434953451156616,0.0,1.8753106594085693,0.0,2.5022783279418945,0.0,7.81254243850708,0.0,1174.2216282254085,4.499837547540665
242,-2.491284132003784,-3483.9993743002415,0.3514370918273926,0.0,0.18461598455905914,0.0,0.4166029393672943,0.0,0.952656015753746,0.0,1175.1742842411622,4.499837547540665
243,-2.523975133895874,-3486.5233494341373,0.35007867217063904,0.0,0.1873515099287033,0.0,0.4188297688961029,0.0,0.9562599509954453,0.0,1176.1305441921577,4.499837547540665
244,-31.542316436767578,-3518.065665870905,4.572384357452393,0.0,3.973562240600586,0.0,2.684070348739624,0.0,11.230016946792603,0.0,1187.3605611389503,4.499837547540665
245,0.0,-3518.065665870905,0.0,1.0275561809539795,0.0,1.1990227699279785,0.0,0.7897470593452454,0.0,3.0163260102272034,1187.3605611389503,7.516163557767868
246,-13.125995635986328,-3531.1916615068913,0.0,0.15156513452529907,0.0,0.6570908427238464,4.560521602630615,0.0,3.7518656253814697,0.0,1191.1124267643318,7.516163557767868
247,-11.639562606811523,-3542.831224113703,2.1520133018493652,0.0,0.7679944038391113,0.0,1.2244954109191895,0.0,4.144503116607666,0.0,1195.2569298809394,7.516163557767868
248,-32.58430480957031,-3575.415528923273,4.909099578857422,0.0,3.3251090049743652,0.0,3.1657140254974365,0.0,11.399922609329224,0.0,1206.6568524902686,7.516163557767868
249,-9.299187660217285,-3584.7147165834904,0.8657108545303345,0.0,0.8493946194648743,0.0,3.484663486480713,0.0,5.199768960475922,0.0,1211.8566214507446,7.516163557767868
250,-8.243728637695312,-3592.9584452211857,0.4751480221748352,0.0,2.2399322986602783,0.0,2.6335232257843018,0.0,5.348603546619415,0.0,1217.205224997364,7.516163557767868
251,-6.568243026733398,-3599.526688247919,0.181100994348526,0.0,2.182682991027832,0.0,2.2940263748168945,0.0,4.657810360193253,0.0,1221.8630353575572,7.516163557767868
252,-5.3996195793151855,-3604.9263078272343,0.9545245170593262,0.0,1.0407243967056274,0.0,0.876520037651062,0.0,2.8717689514160156,0.0,1224.7348043089733,7.516163557767868
253,-8.845195770263672,-3613.771503597498,1.0499825477600098,0.0,2.400592803955078,0.0,2.1069068908691406,0.0,5.5574822425842285,0.0,1230.2922865515575,7.516163557767868
254,-24.218536376953125,-3637.990039974451,7.258138656616211,0.0,2.012808322906494,0.0,2.106473922729492,0.0,11.377420902252197,0.0,1241.6697074538097,7.516163557767868
255,-2.03234601020813,-3640.022385984659,0.0,0.8221708536148071,1.5304725170135498,0.0,0.0,0.3485609292984009,0.3597407341003418,0.0,1242.02944818791,7.516163557767868
256,-6.423158645629883,-3646.445544630289,1.2205657958984375,0.0,1.565430760383606,0.0,0.5636328458786011,0.0,3.3496294021606445,0.0,1245.3790775900707,7.516163557767868
257,-8.783052444458008,-3655.228597074747,1.6034835577011108,0.0,1.6963913440704346,0.0,0.89256352186203,0.0,4.192438423633575,0.0,1249.5715160137042,7.516163557767868
258,-15.634172439575195,-3670.8627695143223,2.8914363384246826,0.0,2.409022569656372,0.0,2.1958460807800293,0.0,7.496304988861084,0.0,1257.0678210025653,7.516163557767868
259,-14.160651206970215,-3685.0234207212925,2.5729899406433105,0.0,2.4715418815612793,0.0,2.3697152137756348,0.0,7.414247035980225,0.0,1264.4820680385455,7.516163557767868
260,-15.194222450256348,-3700.217643171549,2.501781702041626,0.0,1.3279529809951782,0.0,2.7043471336364746,0.0,6.534081816673279,0.0,1271.0161498552188,7.516163557767868
261,-26.809885025024414,-3727.0275281965733,1.3910688161849976,0.0,0.7593696117401123,0.0,8.748292922973633,0.0,10.898731350898743,0.0,1281.9148812061176,7.516163557767868
262,-8.47714614868164,-3735.504674345255,1.3878989219665527,0.0,0.7563884258270264,0.0,1.403967022895813,0.0,3.548254370689392,0.0,1285.463135576807,7.516163557767868
263,-10.717048645019531,-3746.2217229902744,1.8421448469161987,0.0,0.7521432042121887,0.0,1.611038327217102,0.0,4.2053263783454895,0.0,1289.6684619551525,7.516163557767868
264,-20.06536102294922,-3766.2870840132236,3.43642520904541,0.0,1.8767257928848267,0.0,2.505357027053833,0.0,7.81850802898407,0.0,1297.4869699841365,7.516163557767868
265,-2.404737949371338,-3768.691821962595,0.3527388870716095,0.0,0.18591776490211487,0.0,0.41900184750556946,0.0,0.9576584994792938,0.0,1298.4446284836158,7.516163557767868
266,-2.5529158115386963,-3771.2447377741337,0.3514370918273926,0.0,0.18461598455905914,0.0,0.4166029393672943,0.0,0.952656015753746,0.0,1299.3972844993696,7.516163557767868
267,-8.852827072143555,-3780.0975648462772,1.377483606338501,0.0,0.7504824995994568,0.0,1.113255262374878,0.0,3.2412213683128357,0.0,1302.6385058676824,7.516163557767868
268,-2.7389907836914062,-3782.8365556299686,0.34860697388648987,0.0,0.20223666727542877,0.0,0.4351603388786316,0.0,0.9860039800405502,0.0,1303.624509847723,7.516163557767868
269,-3.007263660430908,-3785.8438192903996,0.3468944728374481,0.0,0.23087537288665771,0.0,0.5277521014213562,0.0,1.105521947145462,0.0,1304.7300317948684,7.516163557767868
270,-9.104755401611328,-3794.948574692011,1.3624169826507568,0.0,0.8049114346504211,0.0,1.1504138708114624,0.0,3.3177422881126404,0.0,1308.047774082981,7.516163557767868
271,-8.116456985473633,-3803.0650316774845,1.1377812623977661,0.0,0.7717373967170715,0.0,1.024899959564209,0.0,2.9344186186790466,0.0,1310.98219270166,7.516163557767868
272,-25.75505828857422,-3828.8200899660587,3.805182456970215,0.0,2.5433199405670166,0.0,2.934248447418213,0.0,9.282750844955444,0.0,1320.2649435466155,7.516163557767868
273,-7.271000385284424,-3836.091090351343,0.5403652787208557,0.0,1.318519115447998,0.0,0.8045163750648499,0.0,2.6634007692337036,0.0,1322.9283443158492,7.516163557767868
274,-9.22784423828125,-3845.3189345896244,1.0448343753814697,0.0,2.2446300983428955,0.0,2.3979828357696533,0.0,5.6874473094940186,0.0,1328.6157916253433,7.516163557767868
275,-9.30092716217041,-3854.619861751795,1.0354593992233276,0.0,2.2150497436523438,0.0,2.358760356903076,0.0,5.609269499778748,0.0,1334.225061125122,7.516163557767868
276,-6.690679550170898,-3861.3105413019657,0.9165368676185608,0.0,1.2623215913772583,0.0,0.8385323882102966,0.0,3.0173908472061157,0.0,1337.2424519723281,7.516163557767868
277,-8.706701278686523,-3870.0172425806522,1.0310230255126953,0.0,2.2033095359802246,0.0,1.2956541776657104,0.0,4.52998673915863,0.0,1341.7724387114868,7.516163557767868
278,-8.03253173828125,-3878.0497743189335,1.016700267791748,0.0,2.0158629417419434,0.0,2.1125829219818115,0.0,5.145146131515503,0.0,1346.9175848430023,7.516163557767868
279,-7.335095405578613,-3885.384869724512,1.1855446100234985,0.0,1.543911337852478,0.0,1.5870351791381836,0.0,4.31649112701416,0.0,1351.2340759700164,7.516163557767868
280,-26.750450134277344,-3912.1353198587894,5.212719917297363,0.0,1.5325000286102295,0.0,0.0,0.19665394723415375,6.548565998673439,0.0,1357.7826419686899,7.516163557767868
281,-10.047861099243164,-3922.1831809580326,1.9356064796447754,0.0,0.8301161527633667,0.0,1.347350001335144,0.0,4.113072633743286,0.0,1361.8957146024331,7.516163557767868
282,-17.277801513671875,-3939.4609824717045,3.3595635890960693,0.0,1.403152346611023,0.0,2.309641122817993,0.0,7.0723570585250854,0.0,1368.9680716609582,7.516163557767868
283,-23.729225158691406,-3963.190207630396,3.3864715099334717,0.0,1.4844101667404175,0.0,5.116893768310547,0.0,9.987775444984436,0.0,1378.9558471059427,7.516163557767868
284,-16.892845153808594,-3980.0830527842045,2.1731889247894287,0.0,0.9278134703636169,0.0,3.92413592338562,0.0,7.025138318538666,0.0,1385.9809854244813,7.516163557767868
285,-18.400814056396484,-3998.483866840601,1.709868311882019,0.0,1.071045160293579,0.0,4.80728006362915,0.0,7.5881935358047485,0.0,1393.569178960286,7.516163557767868
286,-28.06386375427246,-4026.5477305948734,1.6161417961120605,0.0,0.8927435874938965,0.0,8.890093803405762,0.0,11.398979187011719,0.0,1404.9681581472978,7.516163557767868
287,-9.438956260681152,-4035.9866868555546,1.383483648300171,0.0,0.7521432042121887,0.0,1.8524454832077026,0.0,3.9880723357200623,0.0,1408.9562304830179,7.516163557767868
288,-8.75759220123291,-4044.7442790567875,1.3816155195236206,0.0,0.7504638433456421,0.0,1.3591325283050537,0.0,3.4912118911743164,0.0,1412.4474423741922,7.516163557767868
289,-8.237577438354492,-4052.981856495142,1.3801437616348267,0.0,0.7490487098693848,0.0,1.1134272813796997,0.0,3.242619752883911,0.0,1415.690062127076,7.516163557767868
290,-8.852850914001465,-4061.8347074091434,1.3788419961929321,0.0,0.9872052669525146,0.0,1.1110284328460693,0.0,3.477075695991516,0.0,1419.1671378230676,7.516163557767868
291,-2.5075902938842773,-4064.3422977030277,0.35007867217063904,0.0,0.1873515099287033,0.0,0.4188297688961029,0.0,0.9562599509954453,0.0,1420.123397774063,7.516163557767868
292,-5.850812375545502,-4070.193110078573,0.34860697388648987,0.0,0.20223666727542877,0.0,0.4351603388786316,0.0,0.9860039800405502,0.0,1421.1094017541036,7.516163557767868
293,-17.067850828170776,-4087.260960906744,0.3487769067287445,0.0,0.23087537288665771,0.0,0.49980950355529785,0.0,1.0794617831707,0.0,1422.1888635372743,7.516163557767868
294,-34.874807953834534,-4122.1357688605785,0.3086540102958679,0.0,0.24200575053691864,0.0,1.4119789600372314,0.0,1.962638720870018,0.0,1424.1515022581443,7.516163557767868
295,-11.348014831542969,-4133.4837836921215,1.079450011253357,0.0,0.8666271567344666,0.0,4.650271415710449,0.0,6.596348583698273,0.0,1430.7478508418426,7.516163557767868
296,-12.862957954406738,-4146.346741646528,3.8068509101867676,0.0,1.2913697957992554,0.0,0.1202327087521553,0.0,5.218453414738178,0.0,1435.9663042565808,7.516163557767868
297,-8.200538635253906,-4154.547280281782,0.34047818183898926,0.0,2.4075753688812256,0.0,2.6812729835510254,0.0,5.42932653427124,0.0,1441.395630790852,7.516163557767868
298,-7.875417709350586,-4162.422697991133,0.07954805344343185,0.0,2.271466016769409,0.0,2.936911106109619,0.0,5.28792517632246,0.0,1446.6835559671745,7.516163557767868
299,-7.033249855041504,-4169.455947846174,0.050586067140102386,0.0,2.4715545177459717,0.0,2.3928451538085938,0.0,4.914985738694668,0.0,1451.5985417058691,7.516163557767868
300,-5.420102119445801,-4174.87604996562,0.9749764800071716,0.0,1.0509504079818726,0.0,0.8969720005989075,0.0,2.9228988885879517,0.0,1454.521440594457,7.516163557767868
301,-7.920840740203857,-4182.796890705824,0.894882082939148,0.0,2.0149433612823486,0.0,2.060823917388916,0.0,4.970649361610413,0.0,1459.4920899560675,7.516163557767868
302,-5.697884559631348,-4188.494775265455,2.049992561340332,0.0,0.32941368222236633,0.0,0.03519409894943237,0.0,2.4146003425121307,0.0,1461.9066902985796,7.516163557767868
303,-8.683369874954224,-4197.1781451404095,0.21156826615333557,0.0,1.5128684043884277,0.0,0.0,0.3837691843509674,1.340667486190796,0.0,1463.2473577847704,7.516163557767868
304,-41.53202140331268,-4238.710166543722,0.5642350912094116,0.0,1.52961003780365,0.0,0.0,0.01962175779044628,2.0742233712226152,0.0,1465.321581155993,7.516163557767868
305,-11.921285271644592,-4250.631451815367,0.991116464138031,0.0,1.6659972667694092,0.0,0.8317756652832031,0.0,3.4888893961906433,0.0,1468.8104705521837,7.516163557767868
306,-13.83825969696045,-4264.469711512327,2.4898805618286133,0.0,1.4026057720184326,0.0,1.9537065029144287,0.0,5.846192836761475,0.0,1474.6566633889452,7.516163557767868
307,-15.9376699924469,-4280.407381504774,2.64092755317688,0.0,0.9222455024719238,0.0,2.1486873626708984,0.0,5.711860418319702,0.0,1480.3685238072649,7.516163557767868
308,-14.189287662506104,-4294.59666916728,2.2512893676757812,0.0,1.2310192584991455,0.0,1.455080270767212,0.0,4.937388896942139,0.0,1485.305912704207,7.516163557767868
309,-11.169013738632202,-4305.765682905912,1.4816241264343262,0.0,0.9507495164871216,0.0,2.1281368732452393,0.0,4.560510516166687,0.0,1489.8664232203737,7.516163557767868
310,-13.754175186157227,-4319.51985809207,1.448914885520935,0.0,1.850569486618042,0.0,2.4038796424865723,0.0,5.703364014625549,0.0,1495.5697872349992,7.516163557767868
311,-10.173264503479004,-4329.693122595549,1.8567274808883667,0.0,0.7521432042121887,0.0,1.6064178943634033,0.0,4.215288579463959,0.0,1499.7850758144632,7.516163557767868
312,-19.345855712890625,-4349.038978308439,3.4364254474639893,0.0,1.8767257928848267,0.0,2.505356788635254,0.0,7.81850802898407,0.0,1507.6035838434473,7.516163557767868
313,-8.429496765136719,-4357.468475073576,1.3801437616348267,0.0,0.8682253956794739,0.0,1.1134272813796997,0.0,3.3617964386940002,0.0,1510.9653802821413,7.516163557767868
314,-2.3826699256896973,-4359.851144999266,0.3514370918273926,0.0,0.18461598455905914,0.0,0.4166029393672943,0.0,0.952656015753746,0.0,1511.918036297895,7.516163557767868
315,-2.4518637657165527,-4362.303008764982,0.35007867217063904,0.0,0.1873515099287033,0.0,0.4188297688961029,0.0,0.9562599509954453,0.0,1512.8742962488905,7.516163557767868
316,-11.552556931972504,-4373.855565696955,0.34860697388648987,0.0,0.20223666727542877,0.0,0.4351603388786316,0.0,0.9860039800405502,0.0,1513.860300228931,7.516163557767868
317,-18.456668615341187,-4392.312234312296,0.3468944728374481,0.0,0.23087537288665771,0.0,0.49980950355529785,0.0,1.0775793492794037,0.0,1514.9378795782104,7.516163557767868
318,-48.05436897277832,-4440.366603285074,0.773635745048523,0.0,0.30857521295547485,0.0,0.4602200984954834,0.0,1.5424310564994812,0.0,1516.48031063471,7.516163557767868
319,-16.008665084838867,-4456.375268369913,3.6099977493286133,0.0,0.8835747838020325,0.0,1.2101043462753296,0.0,5.703676879405975,0.0,1522.1839875141159,7.516163557767868
320,-14.069023132324219,-4470.444291502237,1.7172126770019531,0.0,2.1897661685943604,0.0,2.3207266330718994,0.0,6.227705478668213,0.0,1528.411692992784,7.516163557767868
321,-5.76095724105835,-4476.205248743296,0.30803459882736206,0.0,2.3913536071777344,0.0,1.2485761642456055,0.0,3.947964370250702,0.0,1532.3596573630348,7.516163557767868
322,-7.202310562133789,-4483.4075593054295,0.025471443310379982,0.0,2.6019575595855713,0.0,2.3955025672912598,0.0,5.022931570187211,0.0,1537.382588933222,7.516163557767868
323,-21.974136352539062,-4505.3816956579685,3.1616368293762207,0.0,5.39052152633667,0.0,3.8488564491271973,0.0,12.401014804840088,0.0,1549.783603738062,7.516163557767868
324,-8.891518592834473,-4514.273214250803,2.9219412803649902,0.0,0.549249529838562,0.0,0.08705343306064606,0.0,3.5582442432641983,0.0,1553.3418479813263,7.516163557767868
325,-10.271918296813965,-4524.545132547617,3.126293897628784,0.0,0.6153213977813721,0.0,0.7256333231925964,0.0,4.467248618602753,0.0,1557.809096599929,7.516163557767868
326,-6.212303161621094,-4530.757435709238,1.028202772140503,0.0,0.537683367729187,0.0,2.054368495941162,0.0,3.620254635810852,0.0,1561.42935123574,7.516163557767868
327,-1.917368769645691,-4532.674804478884,0.0,2.253835439682007,1.5138565301895142,0.0,0.0,0.3817931115627289,0.0,1.1217720210552216,1561.42935123574,8.63793557882309
328,-10.194163084030151,-4542.868967562914,0.0,0.5027143359184265,1.5193092823028564,0.0,0.0,0.22303542494773865,0.7935595214366913,0.0,1562.2229107571766,8.63793557882309
329,-7.026224136352539,-4549.895191699266,0.9230409264564514,0.0,2.3728339672088623,0.0,0.8319067358970642,0.0,4.127781629562378,0.0,1566.350692386739,8.63793557882309
330,-13.647601127624512,-4563.542792826891,2.4802777767181396,0.0,2.395183801651001,0.0,2.168168544769287,0.0,7.043630123138428,0.0,1573.3943225098774,8.63793557882309
331,-13.511478424072266,-4577.054271250963,1.7706878185272217,0.0,1.0980852842330933,0.0,2.8085691928863525,0.0,5.6773422956466675,0.0,1579.071664805524,8.63793557882309
332,-13.736555099487305,-4590.7908263504505,1.63816237449646,0.0,0.9278134703636169,0.0,3.081758499145508,0.0,5.647734344005585,0.0,1584.7193991495296,8.63793557882309
333,-9.524781227111816,-4600.315607577562,1.5721793174743652,0.0,0.9447365999221802,0.0,1.5109572410583496,0.0,4.027873158454895,0.0,1588.7472723079845,8.63793557882309
334,-9.689266204833984,-4610.004873782396,1.6140192747116089,0.0,0.8927335739135742,0.0,1.6134085655212402,0.0,4.120161414146423,0.0,1592.867433722131,8.63793557882309
335,-9.996438980102539,-4620.001312762499,1.383483648300171,0.0,0.7521432042121887,0.0,1.8456478118896484,0.0,3.981274664402008,0.0,1596.848708386533,8.63793557882309
336,-19.283226013183594,-4639.284538775682,3.4364254474639893,0.0,1.8767257928848267,0.0,2.505356788635254,0.0,7.81850802898407,0.0,1604.667216415517,8.63793557882309
337,-8.540472030639648,-4647.825010806322,1.3801437616348267,0.0,0.7490487098693848,0.0,1.1134272813796997,0.0,3.242619752883911,0.0,1607.909836168401,8.63793557882309
338,-2.5044145584106445,-4650.329425364733,0.3514370918273926,0.0,0.18461598455905914,0.0,0.4166029393672943,0.0,0.952656015753746,0.0,1608.8624921841547,8.63793557882309
339,-6.716749489307404,-4657.04617485404,0.35007867217063904,0.0,0.1873515099287033,0.0,0.4188297688961029,0.0,0.9562599509954453,0.0,1609.8187521351501,8.63793557882309
340,-20.32872474193573,-4677.374899595976,1.412024736404419,0.0,0.20223666727542877,0.0,0.4351603388786316,0.0,2.0494217425584793,0.0,1611.8681738777086,8.63793557882309
341,-24.852289140224457,-4702.2271887362,0.3450120687484741,0.0,0.23087537288665771,0.0,0.49980950355529785,0.0,1.0756969451904297,0.0,1612.943870822899,8.63793557882309
342,-35.86861902475357,-4738.095807760954,0.3177548944950104,0.0,0.31123512983322144,0.0,0.5997075438499451,0.0,1.2286975681781769,0.0,1614.1725683910772,8.63793557882309
343,-12.54739761352539,-4750.643205374479,1.1371679306030273,0.0,0.8715333342552185,0.0,2.5394906997680664,0.0,4.548191964626312,0.0,1618.7207603557035,8.63793557882309
344,-25.81615447998047,-4776.45935985446,1.6969701051712036,0.0,6.05824613571167,0.0,1.5262950658798218,0.0,9.281511306762695,0.0,1628.0022716624662,8.63793557882309
345,-31.59096348285675,-4808.0503233373165,0.3589248061180115,0.0,2.607048749923706,0.0,1.0686300992965698,0.0,4.034603655338287,0.0,1632.0368753178045,8.63793557882309
346,-40.49093136191368,-4848.54125469923,0.1616154909133911,0.0,1.0677695274353027,0.0,0.631091296672821,0.0,1.860476315021515,0.0,1633.897351632826,8.63793557882309
347,-5.634556889533997,-4854.175811588764,0.0,0.053707875311374664,3.307969331741333,0.0,0.38083937764167786,0.0,3.635100834071636,0.0,1637.5324524668977,8.63793557882309
348,-5.552663803100586,-4859.728475391865,0.9791936278343201,0.0,1.0295039415359497,0.0,0.8540791869163513,0.0,2.862776756286621,0.0,1640.3952292231843,8.63793557882309
349,-8.06041145324707,-4867.788886845112,0.964963436126709,0.0,2.026421546936035,0.0,2.083779811859131,0.0,5.075164794921875,0.0,1645.4703940181062,8.63793557882309
350,-11.79533576965332,-4879.584222614765,2.0280020236968994,0.0,2.1987128257751465,0.0,2.2410190105438232,0.0,6.467733860015869,0.0,1651.938127878122,8.63793557882309
351,-30.283243656158447,-4909.867466270924,0.0,0.7100706696510315,1.561527967453003,0.0,1.6222680807113647,0.0,2.473725378513336,0.0,1654.4118532566354,8.63793557882309
352,-4.596757888793945,-4914.464224159718,0.547777533531189,0.0,1.5450894832611084,0.0,0.5229504108428955,0.0,2.615817427635193,0.0,1657.0276706842706,8.63793557882309
353,-21.831073999404907,-4936.2952981591225,2.2006490230560303,0.0,1.6828439235687256,0.0,1.067825198173523,0.0,4.951318144798279,0.0,1661.9789888290688,8.63793557882309
354,-15.063767433166504,-4951.359065592289,2.6430420875549316,0.0,2.401614189147949,0.0,2.371004581451416,0.0,7.415660858154297,0.0,1669.3946496872231,8.63793557882309
355,-14.336772918701172,-4965.69583851099,2.647106647491455,0.0,2.470531940460205,0.0,2.3676950931549072,0.0,7.485333681106567,0.0,1676.8799833683297,8.63793557882309
356,-16.025299072265625,-4981.721137583256,2.665567398071289,0.0,1.4909443855285645,0.0,2.699812889099121,0.0,6.856324672698975,0.0,1683.7363080410287,8.63793557882309
357,-13.482163429260254,-4995.203301012516,3.3624985218048096,0.0,0.9507495164871216,0.0,1.5109572410583496,0.0,5.824205279350281,0.0,1689.560513320379,8.63793557882309
358,-9.029098510742188,-5004.232399523258,1.448914885520935,0.0,0.7563884258270264,0.0,1.4039669036865234,0.0,3.609270215034485,0.0,1693.1697835354134,8.63793557882309
359,-13.41606330871582,-5017.648462831974,1.383483648300171,0.0,0.7521432042121887,0.0,3.187969446182251,0.0,5.323596298694611,0.0,1698.493379834108,8.63793557882309
360,-19.613140106201172,-5037.261602938175,3.4364254474639893,0.0,1.8767257928848267,0.0,2.505357027053833,0.0,7.818508267402649,0.0,1706.3118881015107,8.63793557882309
361,-8.580706596374512,-5045.84230953455,1.3801437616348267,0.0,0.8671466112136841,0.0,1.1134272813796997,0.0,3.3607176542282104,0.0,1709.672605755739,8.63793557882309
362,-2.4514269828796387,-5048.293736517429,0.3514370918273926,0.0,0.18461598455905914,0.0,0.4166029393672943,0.0,0.952656015753746,0.0,1710.6252617714927,8.63793557882309
363,-4.0486403703689575,-5052.342376887798,0.35007867217063904,0.0,0.1873515099287033,0.0,0.4188297688961029,0.0,0.9562599509954453,0.0,1711.581521722488,8.63793557882309
364,-14.479626148939133,-5066.822003036737,0.3357362449169159,0.0,0.18670983612537384,0.0,0.4351603388786316,0.0,0.9576064199209213,0.0,1712.539128142409,8.63793557882309
365,-20.814231634140015,-5087.6362346708775,0.3468944728374481,0.0,0.238742396235466,0.0,0.49980950355529785,0.0,1.085446372628212,0.0,1713.6245745150372,8.63793557882309
366,-9.294658660888672,-5096.930893331766,1.3712012767791748,0.0,0.8739824891090393,0.0,1.1591981649398804,0.0,3.4043819308280945,0.0,1717.0289564458653,8.63793557882309
367,-13.519996643066406,-5110.4508899748325,2.897237777709961,0.0,0.8864492177963257,0.0,1.0541183948516846,0.0,4.837805390357971,0.0,1721.8667618362233,8.63793557882309
368,-27.21609878540039,-5137.666988760233,3.9757518768310547,0.0,2.5797860622406006,0.0,3.2025058269500732,0.0,9.758043766021729,0.0,1731.624805602245,8.63793557882309
369,-28.196949005126953,-5165.86393776536,4.256380081176758,0.0,2.681271553039551,0.0,3.1720895767211914,0.0,10.1097412109375,0.0,1741.7345468131825,8.63793557882309
370,-6.265005111694336,-5172.128942877054,0.5908964276313782,0.0,0.7289772629737854,0.0,0.8335407972335815,0.0,2.153414487838745,0.0,1743.8879613010213,8.63793557882309
371,-23.1283016204834,-5195.257244497538,3.208097219467163,0.0,2.3405492305755615,0.0,2.7733404636383057,0.0,8.32198691368103,0.0,1752.2099482147023,8.63793557882309
372,-21.11029624938965,-5216.367540746927,4.596340179443359,0.0,1.2175021171569824,0.0,1.5788522958755493,0.0,7.392694592475891,0.0,1759.6026428071782,8.63793557882309
373,-8.718246459960938,-5225.085787206888,1.1409552097320557,0.0,1.0826908349990845,0.0,0.9948331713676453,0.0,3.2184792160987854,0.0,1762.821122023277,8.63793557882309
374,-9.982852935791016,-5235.068640142679,1.4101191759109497,0.0,1.16361403465271,0.0,1.1344808340072632,0.0,3.708214044570923,0.0,1766.529336067848,8.63793557882309
375,-25.07834029197693,-5260.146980434656,1.3964111804962158,0.0,0.9992383718490601,0.0,1.2786418199539185,0.0,3.6742913722991943,0.0,1770.203627440147,8.63793557882309
376,-18.975257635116577,-5279.122238069773,4.636418342590332,0.0,1.0945626497268677,0.0,1.8991931676864624,0.0,7.630174160003662,0.0,1777.8338016001508,8.63793557882309
377,-15.467170715332031,-5294.589408785105,3.55981183052063,0.0,1.2435415983200073,0.0,1.5734742879867554,0.0,6.376827716827393,0.0,1784.2106293169782,8.63793557882309
378,-15.150774002075195,-5309.74018278718,2.8723623752593994,0.0,1.4061079025268555,0.0,2.1847758293151855,0.0,6.46324610710144,0.0,1790.6738754240796,8.63793557882309
379,-17.788490295410156,-5327.52867308259,3.0533180236816406,0.0,1.4835567474365234,0.0,2.844959020614624,0.0,7.381833791732788,0.0,1798.0557092158124,8.63793557882309
380,-20.465208053588867,-5347.993881136179,3.5777697563171387,0.0,1.4909443855285645,0.0,3.177356004714966,0.0,8.246070146560669,0.0,1806.301779362373,8.63793557882309
381,-17.761388778686523,-5365.7552699148655,3.0477328300476074,0.0,1.794890284538269,0.0,2.5788698196411133,0.0,7.42149293422699,0.0,1813.7232722966,8.63793557882309
382,-19.61104393005371,-5385.366313844919,3.5647406578063965,0.0,1.882650375366211,0.0,2.7928178310394287,0.0,8.240208864212036,0.0,1821.963481160812,8.63793557882309
383,-8.23326301574707,-5393.599576860666,1.383483648300171,0.0,0.7521432042121887,0.0,1.1211706399917603,0.0,3.25679749250412,0.0,1825.2202786533162,8.63793557882309
384,-19.93670654296875,-5413.536283403635,3.4364254474639893,0.0,1.8767257928848267,0.0,2.505357027053833,0.0,7.818508267402649,0.0,1833.0387869207188,8.63793557882309
385,-20.241313934326172,-5433.777597337961,3.4349536895751953,0.0,1.8753106594085693,0.0,2.5022780895233154,0.0,7.81254243850708,0.0,1840.851329359226,8.63793557882309
386,-14.957902908325195,-5448.735500246286,2.4062469005584717,0.0,1.3108779191970825,0.0,1.805453896522522,0.0,5.522578716278076,0.0,1846.373908075504,8.63793557882309
387,-14.237438201904297,-5462.972938448191,2.404888391494751,0.0,1.3136134147644043,0.0,1.8076807260513306,0.0,5.526182532310486,0.0,1851.9000906078145,8.63793557882309
388,-3.090728998184204,-5466.063667446375,0.34860697388648987,0.0,0.36318257451057434,0.0,0.4351603388786316,0.0,1.1469498872756958,0.0,1853.0470404950902,8.63793557882309
389,-2.95768666267395,-5469.021354109049,0.3487769067287445,0.0,0.238742396235466,0.0,0.5277521014213562,0.0,1.1152714043855667,0.0,1854.1623118994758,8.63793557882309
390,-15.150651931762695,-5484.1720060408115,1.33143949508667,0.0,5.696521759033203,0.0,1.4145804643630981,0.0,8.442541718482971,0.0,1862.6048536179587,8.63793557882309
391,-9.164679050445557,-5493.336685091257,1.1543771028518677,0.0,0.0,0.2846749424934387,2.073373317718506,0.0,2.943075478076935,0.0,1865.5479290960357,8.63793557882309
392,-25.916637420654297,-5519.253322511911,4.367365837097168,0.0,1.1425623893737793,0.0,3.6689951419830322,0.0,9.17892336845398,0.0,1874.7268524644896,8.63793557882309
393,-15.481220245361328,-5534.734542757273,1.777637243270874,0.0,1.5610547065734863,0.0,2.250727653503418,0.0,5.589419603347778,0.0,1880.3162720678374,8.63793557882309
394,-15.956087112426758,-5550.6906298696995,1.5189995765686035,0.0,1.3947046995162964,0.0,2.67395281791687,0.0,5.58765709400177,0.0,1885.9039291618392,8.63793557882309
395,-19.242094039916992,-5569.9327239096165,2.7257697582244873,0.0,1.9060242176055908,0.0,2.600759267807007,0.0,7.232553243637085,0.0,1893.1364824054763,8.63793557882309
396,-30.81610870361328,-5600.74883261323,7.44801139831543,0.0,1.301106333732605,0.0,2.987705945968628,0.0,11.736823678016663,0.0,1904.873306083493,8.63793557882309
397,-12.688129425048828,-5613.436962038279,1.9899197816848755,0.0,1.3169364929199219,0.0,1.539888858795166,0.0,4.846745133399963,0.0,1909.720051216893,8.63793557882309
398,-11.05593490600586,-5624.492896944284,1.69318425655365,0.0,1.2064563035964966,0.0,1.3452467918395996,0.0,4.244887351989746,0.0,1913.9649385688826,8.63793557882309
399,-13.065773963928223,-5637.558670908213,2.7029457092285156,0.0,1.2578846216201782,0.0,1.255137324333191,0.0,5.215967655181885,0.0,1919.1809062240645,8.63793557882309
400,-13.936056137084961,-5651.494727045298,2.997410297393799,0.0,1.2580757141113281,0.0,1.5647821426391602,0.0,5.820268154144287,0.0,1925.0011743782088,8.63793557882309
401,-13.622876167297363,-5665.117603212595,2.2557365894317627,0.0,1.6325597763061523,0.0,1.9657727479934692,0.0,5.854069113731384,0.0,1930.8552434919402,8.63793557882309
402,-14.319297790527344,-5679.436901003122,2.5567948818206787,0.0,1.553637146949768,0.0,2.244685649871826,0.0,6.355117678642273,0.0,1937.2103611705825,8.63793557882309
403,-15.255871772766113,-5694.692772775888,2.938809871673584,0.0,1.600734829902649,0.0,2.3655309677124023,0.0,6.905075669288635,0.0,1944.115436839871,8.63793557882309
404,-15.63102912902832,-5710.323801904917,3.0298328399658203,0.0,1.3279529809951782,0.0,2.387763261795044,0.0,6.7455490827560425,0.0,1950.8609859226272,8.63793557882309
405,-21.321210861206055,-5731.645012766123,3.6269888877868652,0.0,2.4734973907470703,0.0,3.138065814971924,0.0,9.23855209350586,0.0,1960.099538016133,8.63793557882309
406,-20.298450469970703,-5751.9434632360935,3.5647406578063965,0.0,1.882650375366211,0.0,3.2339980602264404,0.0,8.681389093399048,0.0,1968.780927109532,8.63793557882309
407,-7.745901584625244,-5759.689364820719,1.4023902416229248,0.0,0.7521432042121887,0.0,1.1211706399917603,0.0,3.275704085826874,0.0,1972.056631195359,8.63793557882309
408,-19.888357162475586,-5779.577721983194,3.439054012298584,0.0,1.8767257928848267,0.0,2.9797918796539307,0.0,8.295571684837341,0.0,1980.3522028801963,8.63793557882309
409,-7.9110612869262695,-5787.488783270121,1.3724830150604248,0.0,0.7490487098693848,0.0,1.1134272813796997,0.0,3.2349590063095093,0.0,1983.5871618865058,8.63793557882309
410,-2.3359570503234863,-5789.824740320444,0.33876895904541016,0.0,0.18461598455905914,0.0,0.4166029393672943,0.0,0.9399878829717636,0.0,1984.5271497694775,8.63793557882309
411,-2.4311881065368652,-5792.255928426981,0.35007867217063904,0.0,0.1873515099287033,0.0,0.4188297688961029,0.0,0.9562599509954453,0.0,1985.483409720473,8.63793557882309
412,-2.584787368774414,-5794.840715795755,0.34860697388648987,0.0,0.20223666727542877,0.0,0.4351603388786316,0.0,0.9860039800405502,0.0,1986.4694137005135,8.63793557882309
413,-9.444479942321777,-5804.285195738077,3.0323939323425293,0.0,0.23087537288665771,0.0,0.49980950355529785,0.0,3.763078808784485,0.0,1990.232492509298,8.63793557882309
414,-29.89564323425293,-5834.18083897233,5.0770978927612305,0.0,3.7011702060699463,0.0,3.5048935413360596,0.0,12.283161640167236,0.0,2002.5156541494653,8.63793557882309
415,-26.43459701538086,-5860.615435987711,4.253106117248535,0.0,2.5777881145477295,0.0,3.484527111053467,0.0,10.315421342849731,0.0,2012.831075492315,8.63793557882309
416,-18.841827392578125,-5879.457263380289,4.011816501617432,0.0,2.622227668762207,0.0,1.7032126188278198,0.0,8.337256789207458,0.0,2021.1683322815225,8.63793557882309
417,-10.622095108032227,-5890.079358488321,0.7161204218864441,0.0,2.0836076736450195,0.0,3.0589404106140137,0.0,5.858668506145477,0.0,2027.027000787668,8.63793557882309
418,-6.147958755493164,-5896.2273172438145,1.0771563053131104,0.0,0.9537384510040283,0.0,0.938992440700531,0.0,2.9698871970176697,0.0,2029.9968879846856,8.63793557882309
419,-18.41501808166504,-5914.6423353254795,3.4375078678131104,0.0,2.478219509124756,0.0,3.556910991668701,0.0,9.472638368606567,0.0,2039.4695263532922,8.63793557882309
420,-9.625733375549316,-5924.268068701029,1.5346839427947998,0.0,1.932386040687561,0.0,1.2777222394943237,0.0,4.744792222976685,0.0,2044.2143185762689,8.63793557882309
421,-17.318267822265625,-5941.586336523294,5.280433654785156,0.0,1.1437140703201294,0.0,2.3851912021636963,0.0,8.809338927268982,0.0,2053.023657503538,8.63793557882309
422,-9.281909942626953,-5950.868246465921,3.357362985610962,0.0,1.1448583602905273,0.0,2.443345546722412,0.0,6.945566892623901,0.0,2059.9692243961617,8.63793557882309
423,-7.829319953918457,-5958.69756641984,2.50459623336792,0.0,0.6473217606544495,0.0,1.854698896408081,0.0,5.00661689043045,0.0,2064.975841286592,8.63793557882309
424,-7.079524993896484,-5965.777091413736,2.9525139331817627,0.0,0.7580757141113281,0.0,1.9685349464416504,0.0,5.679124593734741,0.0,2070.654965880327,8.63793557882309
425,-7.1112213134765625,-5972.888312727213,1.4855352640151978,0.0,1.7593066692352295,0.0,1.0183943510055542,0.0,4.2632362842559814,0.0,2074.918202164583,8.63793557882309
426,-11.728836059570312,-5984.617148786783,2.393200635910034,0.0,2.5438907146453857,0.0,2.007395029067993,0.0,6.944486379623413,0.0,2081.8626885442063,8.63793557882309
427,-16.38550567626953,-6001.002654463053,4.467298984527588,0.0,1.4837770462036133,0.0,2.1120333671569824,0.0,8.063109397888184,0.0,2089.9257979420945,8.63793557882309
428,-13.713926315307617,-6014.71658077836,2.665567398071289,0.0,1.6080056428909302,0.0,2.459411382675171,0.0,6.73298442363739,0.0,2096.658782365732,8.63793557882309
429,-18.874582290649414,-6033.59116306901,5.207216739654541,0.0,1.5138804912567139,0.0,2.205382823944092,0.0,8.926480054855347,0.0,2105.5852624205872,8.63793557882309
430,-11.952888488769531,-6045.544051557779,2.5983519554138184,0.0,1.3195194005966187,0.0,1.8248319625854492,0.0,5.742703318595886,0.0,2111.327965739183,8.63793557882309
431,-12.709911346435547,-6058.253962904215,2.429795026779175,0.0,1.3152742385864258,0.0,2.0528111457824707,0.0,5.797880411148071,0.0,2117.125846150331,8.63793557882309
432,-11.40719223022461,-6069.6611551344395,2.40902042388916,0.0,1.3135948181152344,0.0,1.8109314441680908,0.0,5.533546686172485,0.0,2122.6593928365037,8.63793557882309
433,-12.083721160888672,-6081.744876295328,2.407548666000366,0.0,1.312179684638977,0.0,1.8078527450561523,0.0,5.527581095695496,0.0,2128.186973932199,8.63793557882309
434,-12.38822078704834,-6094.1330970823765,2.4062469005584717,0.0,1.3108779191970825,0.0,1.805453896522522,0.0,5.522578716278076,0.0,2133.7095526484773,8.63793557882309
435,-14.550853729248047,-6108.6839508116245,3.2890212535858154,0.0,1.3136134147644043,0.0,1.8076807260513306,0.0,6.41031539440155,0.0,2140.119868042879,8.63793557882309
436,-12.105778694152832,-6120.789729505777,2.403416872024536,0.0,1.3284986019134521,0.0,1.8240113258361816,0.0,5.55592679977417,0.0,2145.675794842653,8.63793557882309
437,-12.907170295715332,-6133.696899801493,2.4035866260528564,0.0,1.3571373224258423,0.0,1.8886604309082031,0.0,5.649384379386902,0.0,2151.32517922204,8.63793557882309
438,-15.429533004760742,-6149.126432806253,2.3995118141174316,0.0,1.386291742324829,0.0,3.1779861450195312,0.0,6.963789701461792,0.0,2158.2889689235017,8.63793557882309
439,-25.686935424804688,-6174.813368231058,2.2712342739105225,0.0,7.629532337188721,0.0,1.873279094696045,0.0,11.774045705795288,0.0,2170.063014629297,8.63793557882309
440,-15.997089385986328,-6190.810457617044,2.4190196990966797,0.0,2.504459857940674,0.0,2.1882164478302,0.0,7.111696004867554,0.0,2177.1747106341645,8.63793557882309
441,-24.754446029663086,-6215.5649036467075,5.0818772315979,0.0,3.6590940952301025,0.0,4.180679798126221,0.0,12.921651124954224,0.0,2190.0963617591187,8.63793557882309
442,-18.31272315979004,-6233.877626806498,2.9118378162384033,0.0,5.84124755859375,0.0,4.359760284423828,0.0,13.112845659255981,0.0,2203.2092074183747,8.63793557882309
443,-12.148797035217285,-6246.026423841715,2.7616429328918457,0.0,2.7156386375427246,0.0,3.0985729694366455,0.0,8.575854539871216,0.0,2211.785061958246,8.63793557882309
444,-10.708126068115234,-6256.73454990983,2.3728671073913574,0.0,0.8007737994194031,0.0,3.5123283863067627,0.0,6.685969293117523,0.0,2218.4710312513635,8.63793557882309
445,-10.32544231414795,-6267.059992223978,2.0019781589508057,0.0,1.119497537612915,0.0,3.167919874191284,0.0,6.289395570755005,0.0,2224.7604268221185,8.63793557882309
446,-22.299697875976562,-6289.359690099955,2.564183235168457,0.0,6.756039619445801,0.0,3.217789649963379,0.0,12.538012504577637,0.0,2237.298439326696,8.63793557882309
447,-7.311992645263672,-6296.671682745218,1.1591192483901978,0.0,0.8811531662940979,0.0,2.514042615890503,0.0,4.554315030574799,0.0,2241.852754357271,8.63793557882309
448,-6.6727800369262695,-6303.344462782145,1.2087043523788452,0.0,0.8379177451133728,0.0,2.334052085876465,0.0,4.380674183368683,0.0,2246.2334285406396,8.63793557882309
449,-7.486071586608887,-6310.830534368753,1.4416462182998657,0.0,1.891262173652649,0.0,2.4687998294830322,0.0,5.801708221435547,0.0,2252.035136762075,8.63793557882309
450,-12.28660774230957,-6323.117142111063,2.8416645526885986,0.0,2.4653005599975586,0.0,1.8327147960662842,0.0,7.139679908752441,0.0,2259.1748166708276,8.63793557882309
451,-12.23310661315918,-6335.350248724222,3.7519991397857666,0.0,2.470149517059326,0.0,0.8065431118011475,0.0,7.02869176864624,0.0,2266.203508439474,8.63793557882309
452,-13.375814437866211,-6348.726063162088,3.1078691482543945,0.0,1.4909443855285645,0.0,1.9812792539596558,0.0,6.580092787742615,0.0,2272.7836012272164,8.63793557882309
453,-14.103548049926758,-6362.829611212015,2.9112889766693115,0.0,1.5138804912567139,0.0,2.5323233604431152,0.0,6.957492828369141,0.0,2279.7410940555856,8.63793557882309
454,-13.276936531066895,-6376.106547743082,2.6974661350250244,0.0,1.3195194005966187,0.0,2.061025381088257,0.0,6.0780109167099,0.0,2285.8191049722955,8.63793557882309
455,-12.141853332519531,-6388.248401075602,2.632042646408081,0.0,1.3152742385864258,0.0,2.051788806915283,0.0,5.99910569190979,0.0,2291.8182106642053,8.63793557882309
456,-13.715487480163574,-6401.963888555765,2.40902042388916,0.0,1.429661750793457,0.0,2.5165421962738037,0.0,6.355224370956421,0.0,2298.1734350351617,8.63793557882309
457,-15.10055923461914,-6417.064447790384,3.508535861968994,0.0,1.312179684638977,0.0,2.0430471897125244,0.0,6.863762736320496,0.0,2305.037197771482,8.63793557882309
458,-11.668784141540527,-6428.733231931925,2.4062469005584717,0.0,1.3108779191970825,0.0,1.805453896522522,0.0,5.522578716278076,0.0,2310.5597764877602,8.63793557882309
459,-11.698853492736816,-6440.432085424662,2.404888391494751,0.0,1.3136134147644043,0.0,1.8076807260513306,0.0,5.526182532310486,0.0,2316.0859590200707,8.63793557882309
460,-13.639181137084961,-6454.071266561747,3.1768760681152344,0.0,1.3284986019134521,0.0,1.8065133094787598,0.0,6.311887979507446,0.0,2322.397846999578,8.63793557882309
461,-17.429561614990234,-6471.500828176737,3.5606298446655273,0.0,1.3571373224258423,0.0,2.784761667251587,0.0,7.7025288343429565,0.0,2330.100375833921,8.63793557882309
462,-13.553276062011719,-6485.054104238749,2.458538293838501,0.0,1.3755918741226196,0.0,1.9941059350967407,0.0,5.828236103057861,0.0,2335.928611936979,8.63793557882309
463,-10.286806106567383,-6495.340910345316,2.6123592853546143,0.0,0.833526074886322,0.0,2.005869150161743,0.0,5.451754510402679,0.0,2341.3803664473817,8.63793557882309
464,-3.5199129581451416,-6498.860823303461,0.8859472870826721,0.0,0.3925790786743164,0.0,0.5643388628959656,0.0,1.842865228652954,0.0,2343.2232316760346,8.63793557882309
465,-20.015274047851562,-6518.876097351313,4.031692028045654,0.0,2.7120749950408936,0.0,3.784444808959961,0.0,10.528211832046509,0.0,2353.751443508081,8.63793557882309
466,-15.057769775390625,-6533.933867126703,2.744748592376709,0.0,2.0135302543640137,0.0,3.111968517303467,0.0,7.8702473640441895,0.0,2361.6216908721253,8.63793557882309
467,-20.656047821044922,-6554.589914947748,3.318277359008789,0.0,3.6362361907958984,0.0,3.0703623294830322,0.0,10.02487587928772,0.0,2371.646566751413,8.63793557882309
468,-12.39807415008545,-6566.987989097834,1.6006988286972046,0.0,4.09575080871582,0.0,2.9115452766418457,0.0,8.60799491405487,0.0,2380.254561665468,8.63793557882309
469,-9.33735466003418,-6576.325343757868,1.5564417839050293,0.0,2.3457233905792236,0.0,1.0809614658355713,0.0,4.983126640319824,0.0,2385.2376883057877,8.63793557882309
470,-7.3297576904296875,-6583.6551014482975,1.5861973762512207,0.0,2.3006114959716797,0.0,0.28512123227119446,0.0,4.171930104494095,0.0,2389.409618410282,8.63793557882309
471,-6.399895668029785,-6590.054997116327,0.7227678894996643,0.0,1.9053065776824951,0.0,2.0776913166046143,0.0,4.705765783786774,0.0,2394.1153841940686,8.63793557882309
472,-7.3384904861450195,-6597.393487602472,2.017991065979004,0.0,1.006934642791748,0.0,0.11236362904310226,0.0,3.137289337813854,0.0,2397.2526735318825,8.63793557882309
473,-12.507575035095215,-6609.9010626375675,2.4007532596588135,0.0,1.8194326162338257,0.0,1.9794721603393555,0.0,6.199658036231995,0.0,2403.4523315681145,8.63793557882309
474,-14.547401428222656,-6624.44846406579,2.4889819622039795,0.0,1.616221308708191,0.0,2.2520570755004883,0.0,6.357260346412659,0.0,2409.809591914527,8.63793557882309
475,-10.116135597229004,-6634.564599663019,1.8412420749664307,0.0,0.9217718839645386,0.0,1.6745902299880981,0.0,4.437604188919067,0.0,2414.247196103446,8.63793557882309
476,-11.980927467346191,-6646.545527130365,1.776490569114685,0.0,1.043880581855774,0.0,2.470573663711548,0.0,5.290944814682007,0.0,2419.538140918128,8.63793557882309
477,-16.725582122802734,-6663.271109253168,2.5825369358062744,0.0,0.9507495164871216,0.0,3.622389554977417,0.0,7.155676007270813,0.0,2426.693816925399,8.63793557882309
478,-12.757467269897461,-6676.028576523066,1.8893508911132812,0.0,0.8927435874938965,0.0,2.700789451599121,0.0,5.482883930206299,0.0,2432.1767008556053,8.63793557882309
479,-12.58216667175293,-6688.6107431948185,3.2312138080596924,0.0,0.7988192439079285,0.0,1.3848588466644287,0.0,5.41489189863205,0.0,2437.5915927542374,8.63793557882309
480,-19.697622299194336,-6708.308365494013,3.6583621501922607,0.0,1.8767257928848267,0.0,2.505356788635254,0.0,8.040444731712341,0.0,2445.6320374859497,8.63793557882309
481,-7.888192653656006,-6716.196558147669,1.3801437616348267,0.0,0.7490487098693848,0.0,1.1134272813796997,0.0,3.242619752883911,0.0,2448.8746572388336,8.63793557882309
482,-8.072907447814941,-6724.269465595484,1.3788419961929321,0.0,0.7477469444274902,0.0,1.1110284328460693,0.0,3.2376173734664917,0.0,2452.1122746123,8.63793557882309
483,-5.060771465301514,-6729.330237060785,0.35007867217063904,0.0,0.1873515099287033,0.0,1.458551287651062,0.0,1.9959814697504044,0.0,2454.1082560820505,8.63793557882309
484,-3.720332622528076,-6733.050569683313,0.7561901807785034,0.0,0.20223666727542877,0.0,0.4176623523235321,0.0,1.3760892003774643,0.0,2455.484345282428,8.63793557882309
485,-2.915139675140381,-6735.965709358454,0.3468944728374481,0.0,0.23087537288665771,0.0,0.5277521014213562,0.0,1.105521947145462,0.0,2456.5898672295734,8.63793557882309
486,-9.340890884399414,-6745.306600242853,1.3352035284042358,0.0,0.8047090768814087,0.0,1.418344497680664,0.0,3.5582571029663086,0.0,2460.1481243325397,8.63793557882309
487,-23.059307098388672,-6768.365907341242,4.1775431632995605,0.0,2.4638566970825195,0.0,3.6496918201446533,0.0,10.291091680526733,0.0,2470.4392160130665,8.63793557882309
488,-15.009859085083008,-6783.375766426325,3.814314603805542,0.0,1.3195109367370605,0.0,1.7887593507766724,0.0,6.922584891319275,0.0,2477.3618009043857,8.63793557882309
489,-8.266361236572266,-6791.642127662897,0.3781421482563019,0.0,2.4264073371887207,0.0,2.7209620475769043,0.0,5.525511533021927,0.0,2482.8873124374077,8.63793557882309
490,-10.596981048583984,-6802.239108711481,0.20670564472675323,0.0,4.412248134613037,0.0,2.7415099143981934,0.0,7.360463693737984,0.0,2490.2477761311457,8.63793557882309
491,-7.0964116752147675,-6809.335520386696,2.313371181488037,0.0,0.0,0.23838932812213898,0.23496794700622559,0.0,2.3099498003721237,0.0,2492.557725931518,8.63793557882309
492,-7.684050559997559,-6817.019570946693,2.3301193714141846,0.0,0.5602028369903564,0.0,0.34731340408325195,0.0,3.237635612487793,0.0,2495.7953615440056,8.63793557882309
493,-7.056719779968262,-6824.076290726662,1.1130661964416504,0.0,0.6797500252723694,0.0,2.2779600620269775,0.0,4.070776283740997,0.0,2499.8661378277466,8.63793557882309
494,-10.112398147583008,-6834.188688874245,1.6638057231903076,0.0,2.0948569774627686,0.0,2.3211326599121094,0.0,6.0797953605651855,0.0,2505.9459331883118,8.63793557882309
495,-5.558401107788086,-6839.747089982033,0.5008105635643005,0.0,1.6121689081192017,0.0,1.7235503196716309,0.0,3.836529791355133,0.0,2509.782462979667,8.63793557882309
496,-6.142154693603516,-6845.889244675636,0.631647527217865,0.0,1.614956259727478,0.0,1.8687224388122559,0.0,4.115326225757599,0.0,2513.8977892054245,8.63793557882309
497,-7.248424530029297,-6853.137669205666,1.049638271331787,0.0,1.7293615341186523,0.0,0.9585040807723999,0.0,3.7375038862228394,0.0,2517.6352930916473,8.63793557882309
498,-21.763540267944336,-6874.90120947361,5.125631332397461,0.0,2.0174124240875244,0.0,1.9787752628326416,0.0,9.121819019317627,0.0,2526.757112110965,8.63793557882309
499,-15.73580265045166,-6890.637012124062,3.081772804260254,0.0,1.4822728633880615,0.0,2.109025001525879,0.0,6.673070669174194,0.0,2533.430182780139,8.63793557882309
500,-10.407629013061523,-6901.044641137123,1.4743767976760864,0.0,0.9278134703636169,0.0,1.7649859189987183,0.0,4.167176187038422,0.0,2537.5973589671776,8.63793557882309
501,-12.327384948730469,-6913.372026085854,2.358809471130371,0.0,0.9507495164871216,0.0,1.7451868057250977,0.0,5.05474579334259,0.0,2542.65210476052,8.63793557882309
502,-9.177118301391602,-6922.549144387245,1.607208013534546,0.0,0.8927435874938965,0.0,1.364635944366455,0.0,3.8645875453948975,0.0,2546.516692305915,8.63793557882309
503,-8.444504737854004,-6930.993649125099,1.383483648300171,0.0,0.8677297830581665,0.0,1.1211706399917603,0.0,3.3723840713500977,0.0,2549.889076377265,8.63793557882309
504,-19.651500701904297,-6950.6451498270035,3.4364254474639893,0.0,1.8767257928848267,0.0,2.505356788635254,0.0,7.81850802898407,0.0,2557.707584406249,8.63793557882309
505,-8.849297523498535,-6959.494447350502,1.3801437616348267,0.0,0.8641657829284668,0.0,1.1134272813796997,0.0,3.357736825942993,0.0,2561.065321232192,8.63793557882309
506,-8.811336517333984,-6968.305783867836,1.3788419961929321,0.0,0.7477469444274902,0.0,1.1110284328460693,0.0,3.2376173734664917,0.0,2564.3029386056587,8.63793557882309
507,-9.053620338439941,-6977.359404206276,1.377483606338501,0.0,0.7504824995994568,0.0,1.113255262374878,0.0,3.2412213683128357,0.0,2567.5441599739715,8.63793557882309
508,-2.7520861625671387,-6980.111490368843,0.3357362449169159,0.0,0.20223666727542877,0.0,0.4351603388786316,0.0,0.9731332510709763,0.0,2568.5172932250425,8.63793557882309
509,-7.6388468742370605,-6987.75033724308,1.9565691947937012,0.0,0.23087537288665771,0.0,0.5277521014213562,0.0,2.715196669101715,0.0,2571.2324898941442,8.63793557882309
510,-32.115936279296875,-7019.866273522377,1.7726473808288574,0.0,0.8196393251419067,0.0,8.972776412963867,0.0,11.565063118934631,0.0,2582.797553013079,8.63793557882309
511,-32.66838836669922,-7052.534661889076,4.268177509307861,0.0,3.6597189903259277,0.0,3.3501784801483154,0.0,11.278074979782104,0.0,2594.075627992861,8.63793557882309
512,-27.448684692382812,-7079.983346581459,4.274819374084473,0.0,1.3069356679916382,0.0,4.470766544342041,0.0,10.052521586418152,0.0,2604.128149579279,8.63793557882309
513,-9.561771392822266,-7089.545117974281,0.35047242045402527,0.0,2.4125726222991943,0.0,3.3931233882904053,0.0,6.156168431043625,0.0,2610.2843180103227,8.63793557882309
514,-8.204032897949219,-7097.7491508722305,0.5385237336158752,0.0,2.260021686553955,0.0,2.4287662506103516,0.0,5.227311670780182,0.0,2615.511629681103,8.63793557882309
515,-11.448869705200195,-7109.198020577431,1.773008942604065,0.0,2.2530155181884766,0.0,2.4377357959747314,0.0,6.463760256767273,0.0,2621.97538993787,8.63793557882309
516,-4.302479267120361,-7113.500499844551,1.3011267185211182,0.0,0.4324950575828552,0.0,0.09189782291650772,0.0,1.825519599020481,0.0,2623.8009095368907,8.63793557882309
517,-6.301054388284683,-7119.801554232836,1.9005450010299683,0.0,0.31467965245246887,0.0,0.0,0.04419435188174248,2.1710303016006947,0.0,2625.9719398384914,8.63793557882309
518,-7.728435516357422,-7127.529989749193,1.0129055976867676,0.0,1.9915107488632202,0.0,0.842583954334259,0.0,3.847000300884247,0.0,2629.8189401393756,8.63793557882309
519,-37.64565706253052,-7165.175646811724,0.0,0.42597800493240356,1.4851621389389038,0.0,0.0,0.2646235227584839,0.7945606112480164,0.0,2630.6135007506236,8.63793557882309
520,-9.483396172523499,-7174.659042984247,0.5080579519271851,0.0,1.4972981214523315,0.0,0.4273674488067627,0.0,2.4327235221862793,0.0,2633.04622427281,8.63793557882309
521,-19.06222641468048,-7193.721269398928,0.948972761631012,0.0,1.6449254751205444,0.0,0.7896319627761841,0.0,3.3835301995277405,0.0,2636.4297544723377,8.63793557882309
522,-13.102543830871582,-7206.823813229799,2.471707582473755,0.0,2.3908987045288086,0.0,1.9355334043502808,0.0,6.798139691352844,0.0,2643.2278941636905,8.63793557882309
523,-16.840965270996094,-7223.664778500795,2.648745059967041,0.0,2.471351146697998,0.0,3.288364887237549,0.0,8.408461093902588,0.0,2651.636355257593,8.63793557882309
524,-16.535341262817383,-7240.200119763613,2.293407678604126,0.0,5.65643835067749,0.0,1.7649860382080078,0.0,9.714832067489624,0.0,2661.3511873250827,8.63793557882309
525,-9.227252960205078,-7249.427372723818,1.6627345085144043,0.0,0.0,0.4785957634449005,2.117722511291504,0.0,3.3018612563610077,0.0,2664.6530485814437,8.63793557882309
526,-7.02698540687561,-7256.454358130693,1.448914885520935,0.0,0.0,0.5705394744873047,1.4039669036865234,0.0,2.282342314720154,0.0,2666.935390896164,8.63793557882309
527,-8.097347259521484,-7264.551705390215,1.4023902416229248,0.0,0.7921599745750427,0.0,1.1211706399917603,0.0,3.315720856189728,0.0,2670.2511117523536,8.63793557882309
528,-8.106879234313965,-7272.658584624529,1.3816155195236206,0.0,0.7622016072273254,0.0,1.1165059804916382,0.0,3.2603231072425842,0.0,2673.511434859596,8.63793557882309
529,-8.155634880065918,-7280.814219504595,1.3801437616348267,0.0,0.7490487098693848,0.0,1.1134272813796997,0.0,3.242619752883911,0.0,2676.75405461248,8.63793557882309
530,-8.625070571899414,-7289.439290076494,1.3788419961929321,0.0,0.7477469444274902,0.0,1.1110284328460693,0.0,3.2376173734664917,0.0,2679.9916719859466,8.63793557882309
531,-3.231259822845459,-7292.67054989934,0.35007867217063904,0.0,0.4166674017906189,0.0,0.4188297688961029,0.0,1.1855758428573608,0.0,2681.177247828804,8.63793557882309
532,-2.7496156692504883,-7295.42016556859,0.34860697388648987,0.0,0.20223666727542877,0.0,0.4351603388786316,0.0,0.9860039800405502,0.0,2682.1632518088445,8.63793557882309
533,-2.902524948120117,-7298.32269051671,0.3487769067287445,0.0,0.23087537288665771,0.0,0.49980950355529785,0.0,1.0794617831707,0.0,2683.242713592015,8.63793557882309
534,-11.05239200592041,-7309.375082522631,0.7116307616233826,0.0,0.2397024929523468,0.0,0.45183253288269043,0.0,1.4031657874584198,0.0,2684.6458793794736,8.63793557882309
535,-31.605533599853516,-7340.980616122484,4.2110700607299805,0.0,2.797414779663086,0.0,4.399563312530518,0.0,11.408048152923584,0.0,2696.053927532397,8.63793557882309
536,-32.499168395996094,-7373.47978451848,3.7742443084716797,0.0,4.88256311416626,0.0,3.0498170852661133,0.0,11.706624507904053,0.0,2707.7605520403013,8.63793557882309
537,-39.783599853515625,-7413.263384371996,2.655675172805786,0.0,9.732518196105957,0.0,1.6260243654251099,0.0,14.014217734336853,0.0,2721.774769774638,8.63793557882309
538,-41.40910339355469,-7454.672487765551,9.158849716186523,0.0,2.8682360649108887,0.0,2.7460970878601074,0.0,14.77318286895752,0.0,2736.5479526435956,8.63793557882309
539,-22.907005310058594,-7477.579493075609,2.965059995651245,0.0,2.2190306186676025,0.0,2.762653350830078,0.0,7.946743965148926,0.0,2744.4946966087446,8.63793557882309
540,-18.43062973022461,-7496.010122805834,2.634866237640381,0.0,1.6329039335250854,0.0,2.452211618423462,0.0,6.719981789588928,0.0,2751.2146783983335,8.63793557882309
541,-8.315186500549316,-7504.325309306383,1.2515263557434082,0.0,0.9187701940536499,0.0,0.8885282874107361,0.0,3.058824837207794,0.0,2754.2735032355413,8.63793557882309
542,-15.322622299194336,-7519.6479316055775,3.626469373703003,0.0,0.8978524208068848,0.0,1.1147974729537964,0.0,5.639119267463684,0.0,2759.912622503005,8.63793557882309
543,-24.875944137573242,-7544.523875743151,7.1774187088012695,0.0,0.9812987446784973,0.0,1.5157729387283325,0.0,9.6744903922081,0.0,2769.587112895213,8.63793557882309
544,-19.270400524139404,-7563.79427626729,1.8957409858703613,0.0,1.017032504081726,0.0,1.9625380039215088,0.0,4.875311493873596,0.0,2774.4624243890867,8.63793557882309
545,-19.917719841003418,-7583.7119961082935,2.2100913524627686,0.0,1.221341609954834,0.0,1.7614240646362305,0.0,5.192857027053833,0.0,2779.6552814161405,8.63793557882309
546,-17.724191188812256,-7601.436187297106,2.59363055229187,0.0,1.8701063394546509,0.0,2.9008147716522217,0.0,7.364551663398743,0.0,2787.0198330795392,8.63793557882309
547,-16.549047470092773,-7617.985234767199,3.302704334259033,0.0,1.4853764772415161,0.0,2.115232467651367,0.0,6.9033132791519165,0.0,2793.923146358691,8.63793557882309
548,-11.380592346191406,-7629.36582711339,2.344886541366577,0.0,1.0424724817276,0.0,1.455080270767212,0.0,4.842439293861389,0.0,2798.7655856525525,8.63793557882309
549,-11.096355438232422,-7640.462182551622,2.091506004333496,0.0,1.0654085874557495,0.0,1.5109572410583496,0.0,4.667871832847595,0.0,2803.4334574854,8.63793557882309
550,-8.628743171691895,-7649.090925723314,1.448914885520935,0.0,0.7563884258270264,0.0,1.4039669036865234,0.0,3.609270215034485,0.0,2807.0427277004346,8.63793557882309
551,-8.260208129882812,-7657.351133853197,1.383483648300171,0.0,0.8668022155761719,0.0,1.1211706399917603,0.0,3.371456503868103,0.0,2810.4141842043027,8.63793557882309
552,-19.587657928466797,-7676.938791781664,3.43642520904541,0.0,1.8767257928848267,0.0,2.505357027053833,0.0,7.81850802898407,0.0,2818.232692233287,8.63793557882309
553,-8.846540451049805,-7685.785332232714,1.3801437616348267,0.0,0.9774726033210754,0.0,1.1134272813796997,0.0,3.471043646335602,0.0,2821.7037358796224,8.63793557882309
554,-8.35816764831543,-7694.143499881029,1.3661738634109497,0.0,0.7477469444274902,0.0,1.1110284328460693,0.0,3.2249492406845093,0.0,2824.928685120307,8.63793557882309
555,-2.6331326961517334,-7696.776632577181,0.35007867217063904,0.0,0.1873515099287033,0.0,0.4188297688961029,0.0,0.9562599509954453,0.0,2825.8849450713024,8.63793557882309
556,-29.301057815551758,-7726.077690392733,4.5940961837768555,0.0,3.9674179553985596,0.0,2.68251633644104,0.0,11.244030475616455,0.0,2837.128975546919,8.63793557882309
557,-2.891671895980835,-7728.9693622887135,0.3487769067287445,0.0,0.23087537288665771,0.0,0.49980950355529785,0.0,1.0794617831707,0.0,2838.2084373300895,8.63793557882309
558,0.0,-7728.9693622887135,0.0,1.0428539514541626,0.0,1.1891509294509888,0.0,0.885200560092926,0.0,3.1172054409980774,2838.2084373300895,11.755141019821167
559,-20.484560012817383,-7749.453922301531,2.6510369777679443,0.0,1.5998682975769043,0.0,3.2691142559051514,0.0,7.52001953125,0.0,2845.7284568613395,11.755141019821167
560,-13.263799667358398,-7762.717721968889,1.715086817741394,0.0,1.375005841255188,0.0,1.851943850517273,0.0,4.942036509513855,0.0,2850.6704933708534,11.755141019821167
561,-23.492685317993164,-7786.210407286882,3.366260528564453,0.0,2.4759228229522705,0.0,3.010390281677246,0.0,8.85257363319397,0.0,2859.5230670040473,11.755141019821167
562,-26.784788131713867,-7812.995195418596,4.092378616333008,0.0,3.149963617324829,0.0,2.724677801132202,0.0,9.967020034790039,0.0,2869.4900870388374,11.755141019821167
563,-1.120390772819519,-7814.115586191416,0.0,0.008341293781995773,0.0,0.1403072625398636,0.4209464490413666,0.0,0.2722978927195072,0.0,2869.762384931557,11.755141019821167
564,-25.472030639648438,-7839.587616831064,7.224095344543457,0.0,1.179972767829895,0.0,1.0848065614700317,0.0,9.488874673843384,0.0,2879.2512596054003,11.755141019821167
565,-15.363224029541016,-7854.950840860605,3.9918696880340576,0.0,0.9914400577545166,0.0,0.8628301024436951,0.0,5.846139848232269,0.0,2885.0973994536325,11.755141019821167
566,-19.10261619091034,-7874.053457051516,0.9999797344207764,0.0,0.9206522107124329,0.0,0.7736385464668274,0.0,2.6942704916000366,0.0,2887.7916699452326,11.755141019821167
567,-8.58268928527832,-7882.636146336794,1.3190653324127197,0.0,1.0112751722335815,0.0,1.1110347509384155,0.0,3.441375255584717,0.0,2891.2330452008173,11.755141019821167
568,-16.802165985107422,-7899.438312321901,1.799649953842163,0.0,2.0511202812194824,0.0,3.1677956581115723,0.0,7.018565893173218,0.0,2898.2516110939905,11.755141019821167
569,-13.539687156677246,-7912.977999478579,2.9838008880615234,0.0,1.2141205072402954,0.0,1.7460769414901733,0.0,5.943998336791992,0.0,2904.1956094307825,11.755141019821167
570,-17.261140823364258,-7930.239140301943,2.4739270210266113,0.0,2.1287460327148438,0.0,2.624704360961914,0.0,7.227377414703369,0.0,2911.422986845486,11.755141019821167
571,-15.0922212600708,-7945.331361562014,2.644329786300659,0.0,1.4828542470932007,0.0,2.3649184703826904,0.0,6.49210250377655,0.0,2917.9150893492624,11.755141019821167
572,-14.779455184936523,-7960.11081674695,2.665567398071289,0.0,1.4909443855285645,0.0,2.459411382675171,0.0,6.615923166275024,0.0,2924.5310125155374,11.755141019821167
573,-16.177305221557617,-7976.288121968508,2.816286087036133,0.0,1.3225005865097046,0.0,2.877251148223877,0.0,7.016037821769714,0.0,2931.547050337307,11.755141019821167
574,-12.57862377166748,-7988.866745740175,3.065558910369873,0.0,0.7563884258270264,0.0,1.681365728378296,0.0,5.503313064575195,0.0,2937.0503634018824,11.755141019821167
575,-8.117973327636719,-7996.984719067812,1.4023902416229248,0.0,0.7521432042121887,0.0,1.2209744453430176,0.0,3.375507891178131,0.0,2940.4258712930605,11.755141019821167
576,-19.350934982299805,-8016.335654050112,3.439054012298584,0.0,1.8767257928848267,0.0,2.5360000133514404,0.0,7.851779818534851,0.0,2948.2776511115953,11.755141019821167
577,-18.856992721557617,-8035.192646771669,3.4349536895751953,0.0,1.8753106594085693,0.0,2.5022780895233154,0.0,7.81254243850708,0.0,2956.0901935501024,11.755141019821167
578,-13.774139404296875,-8048.966786175966,2.4062469005584717,0.0,1.3108779191970825,0.0,1.805453896522522,0.0,5.522578716278076,0.0,2961.6127722663805,11.755141019821167
579,-2.3891677856445312,-8051.355953961611,0.35007867217063904,0.0,0.1873515099287033,0.0,0.4188297688961029,0.0,0.9562599509954453,0.0,2962.569032217376,11.755141019821167
580,-2.4450976848602295,-8053.801051646471,0.34860697388648987,0.0,0.20223666727542877,0.0,0.4351603388786316,0.0,0.9860039800405502,0.0,2963.5550361974165,11.755141019821167
581,-10.064480781555176,-8063.865532428026,3.3222358226776123,0.0,0.23087537288665771,0.0,0.49980950355529785,0.0,4.052920699119568,0.0,2967.607956896536,11.755141019821167
582,-12.969626426696777,-8076.835158854723,2.3590176105499268,0.0,1.1671322584152222,0.0,1.4482500553131104,0.0,4.974399924278259,0.0,2972.5823568208143,11.755141019821167
583,-5.382628440856934,-8082.21778729558,1.1802514791488647,0.0,0.358120322227478,0.0,0.6231178045272827,0.0,2.1614896059036255,0.0,2974.743846426718,11.755141019821167
584,-7.885515213012695,-8090.103302508593,0.9483586549758911,0.0,0.9422131776809692,0.0,1.2228697538375854,0.0,3.113441586494446,0.0,2977.8572880132124,11.755141019821167
585,-27.931137084960938,-8118.0344395935535,3.729368209838867,0.0,4.111191272735596,0.0,2.525702476501465,0.0,10.366261959075928,0.0,2988.2235499722883,11.755141019821167
586,-12.16000747680664,-8130.19444707036,1.498315453529358,0.0,1.0693031549453735,0.0,3.8815197944641113,0.0,6.449138402938843,0.0,2994.672688375227,11.755141019821167
587,-13.446945190429688,-8143.64139226079,2.3739404678344727,0.0,2.323798656463623,0.0,3.0709104537963867,0.0,7.768649578094482,0.0,3002.4413379533216,11.755141019821167
588,-7.759145736694336,-8151.400537997484,1.1295548677444458,0.0,1.5493327379226685,0.0,2.2521069049835205,0.0,4.930994510650635,0.0,3007.3723324639723,11.755141019821167
589,-5.1661295890808105,-8156.566667586565,1.2370004653930664,0.0,0.23187515139579773,0.0,1.2403600215911865,0.0,2.7092356383800507,0.0,3010.0815681023523,11.755141019821167
590,-10.917113304138184,-8167.483780890703,2.2954726219177246,0.0,2.220428705215454,0.0,1.3959118127822876,0.0,5.911813139915466,0.0,3015.993381242268,11.755141019821167
591,-2.3928456380963326,-8169.8766265287995,0.0,2.682206392288208,0.04044690728187561,0.0,1.7672113180160522,0.0,0.0,0.8745481669902802,3015.993381242268,12.629689186811447
592,-6.236152648925781,-8176.112779177725,1.0377321243286133,0.0,1.622414469718933,0.0,0.6776005029678345,0.0,3.337747097015381,0.0,3019.331128339283,12.629689186811447
593,-6.9429521560668945,-8183.055731333792,0.9536947011947632,0.0,1.715493083000183,0.0,1.1499695777893066,0.0,3.819157361984253,0.0,3023.1502857012674,12.629689186811447
594,-13.897643089294434,-8196.953374423087,2.3618931770324707,0.0,2.4111759662628174,0.0,2.1952900886535645,0.0,6.9683592319488525,0.0,3030.1186449332163,12.629689186811447
595,-19.762630462646484,-8216.716004885733,4.369609355926514,0.0,1.4825141429901123,0.0,2.5834407806396484,0.0,8.435564279556274,0.0,3038.5542092127725,12.629689186811447
596,-16.185192108154297,-8232.901196993887,2.665567398071289,0.0,1.5390733480453491,0.0,2.488638401031494,0.0,6.693279147148132,0.0,3045.2474883599207,12.629689186811447
597,-12.088348388671875,-8244.98954538256,2.567244529724121,0.0,0.9507495164871216,0.0,1.5109572410583496,0.0,5.028951287269592,0.0,3050.2764396471903,12.629689186811447
598,-11.359718322753906,-8256.349263705313,2.528259038925171,0.0,0.7563884258270264,0.0,1.4039669036865234,0.0,4.688614368438721,0.0,3054.965054015629,12.629689186811447
599,-8.007904052734375,-8264.357167758048,1.383483648300171,0.0,0.7521432042121887,0.0,1.1211706399917603,0.0,3.25679749250412,0.0,3058.221851508133,12.629689186811447
600,-19.713937759399414,-8284.071105517447,3.4364254474639893,0.0,1.8767257928848267,0.0,2.505357027053833,0.0,7.818508267402649,0.0,3066.0403597755358,12.629689186811447
601,-8.125726699829102,-8292.196832217276,1.3801437616348267,0.0,0.7490487098693848,0.0,1.1134272813796997,0.0,3.242619752883911,0.0,3069.2829795284197,12.629689186811447
602,-21.827192306518555,-8314.024024523795,3.552325963973999,0.0,3.385411500930786,0.0,1.9686168432235718,0.0,8.906354308128357,0.0,3078.189333836548,12.629689186811447
603,0.0,-8314.024024523795,0.0,0.6157763004302979,0.0,1.2420436143875122,0.0,0.9748044013977051,0.0,2.832624316215515,3078.189333836548,15.462313503026962
604,-1.1141024827957153,-8315.13812700659,0.0,0.1691841185092926,0.0,1.2609862089157104,0.43310272693634033,0.0,0.0,0.9970676004886627,3078.189333836548,16.459381103515625
605,-4.533041477203369,-8319.671168483794,0.9275148510932922,0.0,0.2242186963558197,0.0,0.5277521014213562,0.0,1.6794856488704681,0.0,3079.8688194854185,16.459381103515625
606,-11.0757474899292,-8330.746915973723,2.0884218215942383,0.0,0.8121740221977234,0.0,1.1649391651153564,0.0,4.065535008907318,0.0,3083.934354494326,16.459381103515625
607,-9.763541221618652,-8340.510457195342,1.7868266105651855,0.0,0.7779470086097717,0.0,1.0373191833496094,0.0,3.6020928025245667,0.0,3087.5364472968504,16.459381103515625
608,-7.150409698486328,-8347.660866893828,0.7191189527511597,0.0,0.7254801392555237,0.0,1.183605432510376,0.0,2.6282045245170593,0.0,3090.1646518213674,16.459381103515625
609,-9.43547534942627,-8357.096342243254,0.5946527123451233,0.0,0.7377331256866455,0.0,1.9743316173553467,0.0,3.3067174553871155,0.0,3093.4713692767546,16.459381103515625
610,-7.983841419219971,-8365.080183662474,0.5132022500038147,0.0,2.2732198238372803,0.0,2.455162525177002,0.0,5.241584599018097,0.0,3098.7129538757727,16.459381103515625
611,-0.48396822810173035,-8365.564151890576,0.1729317456483841,0.0,0.0,0.06679539382457733,0.0,0.4775841534137726,0.0,0.3714478015899658,3098.7129538757727,16.83082890510559
612,-12.605400085449219,-8378.169551976025,2.023061990737915,0.0,0.4981596767902374,0.0,2.346702814102173,0.0,4.867924481630325,0.0,3103.580878357403,16.83082890510559
613,-9.810579299926758,-8387.980131275952,1.2313461303710938,0.0,2.075641393661499,0.0,1.45836341381073,0.0,4.765350937843323,0.0,3108.3462292952463,16.83082890510559
614,-8.813122749328613,-8396.79325402528,1.0432074069976807,0.0,2.02911639213562,0.0,1.1763930320739746,0.0,4.248716831207275,0.0,3112.5949461264536,16.83082890510559
615,-12.647690773010254,-8409.44094479829,0.0,0.8532128930091858,1.5149513483047485,0.0,0.0,0.3796030282974243,0.2821354269981384,0.0,3112.8770815534517,16.83082890510559
616,-5.4577412605285645,-8414.89868605882,0.4893663823604584,0.0,1.5158838033676147,0.0,1.6705776453018188,0.0,3.675827831029892,0.0,3116.5529093844816,16.83082890510559
617,-9.722626686096191,-8424.621312744915,1.4118276834487915,0.0,1.661280632019043,0.0,1.4589924812316895,0.0,4.532100796699524,0.0,3121.085010181181,16.83082890510559
618,-14.246040344238281,-8438.867353089154,2.4226863384246826,0.0,2.403980255126953,0.0,2.191401481628418,0.0,7.018068075180054,0.0,3128.103078256361,16.83082890510559
619,-9.780478477478027,-8448.647831566632,1.7577464580535889,0.0,0.9206659197807312,0.0,1.4176477193832397,0.0,4.09606009721756,0.0,3132.1991383535787,16.83082890510559
620,-12.516167640686035,-8461.163999207318,2.4165453910827637,0.0,0.9278134703636169,0.0,1.7649859189987183,0.0,5.109344780445099,0.0,3137.308483134024,16.83082890510559
621,-9.430344581604004,-8470.594343788922,1.4816241264343262,0.0,0.9507495164871216,0.0,1.5109573602676392,0.0,3.943331003189087,0.0,3141.251814137213,16.83082890510559
622,-20.56917953491211,-8491.163523323834,1.448914885520935,0.0,4.574721336364746,0.0,2.3186206817626953,0.0,8.342256903648376,0.0,3149.5940710408613,16.83082890510559
623,-8.949864387512207,-8500.113387711346,1.383483648300171,0.0,0.8654970526695251,0.0,1.450678825378418,0.0,3.699659526348114,0.0,3153.2937305672094,16.83082890510559
624,-11.56363582611084,-8511.677023537457,1.3816155195236206,0.0,0.7504638433456421,0.0,2.2915050983428955,0.0,4.423584461212158,0.0,3157.7173150284216,16.83082890510559
625,-8.15521240234375,-8519.8322359398,1.3801437616348267,0.0,0.7490487098693848,0.0,1.1114202737808228,0.0,3.240612745285034,0.0,3160.9579277737066,16.83082890510559
626,-8.636369705200195,-8528.468605645001,1.3788419961929321,0.0,0.7477469444274902,0.0,1.092696189880371,0.0,3.2192851305007935,0.0,3164.1772129042074,16.83082890510559
627,-2.6348886489868164,-8531.103494293988,0.319633424282074,0.0,0.1873515099287033,0.0,0.4188297688961029,0.0,0.9258147031068802,0.0,3165.1030276073143,16.83082890510559
628,-31.757802963256836,-8562.861297257245,4.5777506828308105,0.0,3.966846227645874,0.0,2.6638519763946533,0.0,11.208448886871338,0.0,3176.3114764941856,16.83082890510559
629,-3.416619300842285,-8566.277916558087,0.0,1.024897813796997,0.0,1.1987390518188477,1.2511379718780518,0.0,0.0,0.972498893737793,3176.3114764941856,17.803327798843384
630,-1.7101719379425049,-8567.98808849603,0.0,1.1736915111541748,0.0,1.1527725458145142,0.5955328941345215,0.0,0.0,1.7309311628341675,3176.3114764941856,19.53425896167755
631,-20.58606457710266,-8588.574153073132,0.3763113021850586,0.0,0.3105776011943817,0.0,0.5280323624610901,0.0,1.2149212658405304,0.0,3177.526397760026,19.53425896167755
632,-22.522247314453125,-8611.096400387585,1.6707890033721924,0.0,3.0822529792785645,0.0,3.8271822929382324,0.0,8.58022427558899,0.0,3186.106622035615,19.53425896167755
633,-7.419291973114014,-8618.5156923607,0.3089856505393982,0.0,0.8003637194633484,0.0,1.441864252090454,0.0,2.5512136220932007,0.0,3188.6578356577083,19.53425896167755
634,-5.463980197906494,-8623.979672558606,0.02812383696436882,0.0,0.6513293981552124,0.0,2.4002304077148438,0.0,3.079683642834425,0.0,3191.7375193005428,19.53425896167755
635,-10.699825048446655,-8634.679497607052,0.0,0.1375802904367447,0.8463239669799805,0.0,2.204678773880005,0.0,2.9134224504232407,0.0,3194.650941750966,19.53425896167755
636,-11.431221008300781,-8646.110718615353,2.884239435195923,0.0,0.9781769514083862,0.0,0.98029625415802,0.0,4.842712640762329,0.0,3199.4936543917283,19.53425896167755
637,-7.776097297668457,-8653.886815913022,0.8112163543701172,0.0,1.973110556602478,0.0,1.9771580696105957,0.0,4.761484980583191,0.0,3204.2551393723115,19.53425896167755
638,-9.098533630371094,-8662.985349543393,1.3611125946044922,0.0,1.9513276815414429,0.0,1.9835125207901,0.0,5.295952796936035,0.0,3209.5510921692476,19.53425896167755
639,-4.667383193969727,-8667.652732737362,0.0,0.697390615940094,1.4607219696044922,0.0,1.4206560850143433,0.0,2.1839874386787415,0.0,3211.7350796079263,19.53425896167755
640,-35.071739196777344,-8702.72447193414,0.41181862354278564,0.0,1.4813333749771118,0.0,1.6014769077301025,0.0,3.49462890625,0.0,3215.2297085141763,19.53425896167755
641,-7.628332138061523,-8710.352804072201,1.346860408782959,0.0,1.6295771598815918,0.0,0.7589357495307922,0.0,3.735373318195343,0.0,3218.9650818323717,19.53425896167755
642,-21.201790809631348,-8731.554594881833,2.6000452041625977,0.0,2.2590293884277344,0.0,2.1488306522369385,0.0,7.0079052448272705,0.0,3225.972987077199,19.53425896167755
643,-33.44002151489258,-8764.994616396725,2.572303533554077,0.0,1.4849095344543457,0.0,9.855899810791016,0.0,13.913112878799438,0.0,3239.8860999559984,19.53425896167755
644,-11.507453918457031,-8776.502070315182,1.8753126859664917,0.0,0.9278134703636169,0.0,1.944885015487671,0.0,4.7480111718177795,0.0,3244.634111127816,19.53425896167755
645,-18.96747589111328,-8795.469546206295,5.1602864265441895,0.0,0.9507495164871216,0.0,1.8844444751739502,0.0,7.995480418205261,0.0,3252.6295915460214,19.53425896167755
646,-9.873332977294922,-8805.34287918359,1.448914885520935,0.0,1.005685806274414,0.0,1.4039669036865234,0.0,3.8585675954818726,0.0,3256.4881591415033,19.53425896167755
647,-8.691801071166992,-8814.034680254757,1.383483648300171,0.0,0.7988192439079285,0.0,1.2209744453430176,0.0,3.403277337551117,0.0,3259.8914364790544,19.53425896167755
648,-8.590267181396484,-8822.624947436154,1.3816155195236206,0.0,0.8630063533782959,0.0,1.1471492052078247,0.0,3.391771078109741,0.0,3263.283207557164,19.53425896167755
649,-8.789263725280762,-8831.414211161435,1.3801437616348267,0.0,0.7490487098693848,0.0,1.1134272813796997,0.0,3.242619752883911,0.0,3266.525827310048,19.53425896167755
650,-8.987092971801758,-8840.401304133236,1.3788419961929321,0.0,0.7477469444274902,0.0,1.1110284328460693,0.0,3.2376173734664917,0.0,3269.7634446835145,19.53425896167755
651,-11.879697799682617,-8852.281001932919,0.35007867217063904,0.0,0.1873515099287033,0.0,0.4188297688961029,0.0,0.9562599509954453,0.0,3270.71970463451,19.53425896167755
652,-23.373973727226257,-8875.654975660145,0.34860697388648987,0.0,0.20223666727542877,0.0,0.4351603388786316,0.0,0.9860039800405502,0.0,3271.7057086145505,19.53425896167755
653,-40.870789527893066,-8916.525765188038,1.3677350282669067,0.0,0.23087537288665771,0.0,0.49980950355529785,0.0,2.0984199047088623,0.0,3273.8041285192594,19.53425896167755
654,-81.10716712474823,-8997.632932312787,2.7056221961975098,0.0,0.24639129638671875,0.0,0.8039667010307312,0.0,3.7559801936149597,0.0,3277.5601087128744,19.53425896167755
655,-34.69993591308594,-9032.332868225873,5.258431434631348,0.0,2.4708690643310547,0.0,3.9998061656951904,0.0,11.729106664657593,0.0,3289.289215377532,19.53425896167755
656,-40.783111572265625,-9073.115979798138,3.7433528900146484,0.0,2.753049850463867,0.0,7.457062721252441,0.0,13.953465461730957,0.0,3303.242680839263,19.53425896167755
657,-24.266250610351562,-9097.38223040849,0.277178019285202,0.0,0.7095956802368164,0.0,7.055865287780762,0.0,8.04263898730278,0.0,3311.2853198265657,19.53425896167755
658,-6.607275485992432,-9103.989505894482,0.05486880615353584,0.0,0.5697333812713623,0.0,1.5868830680847168,0.0,2.211485255509615,0.0,3313.4968050820753,19.53425896167755
659,-18.15428912639618,-9122.143795020878,0.7826697826385498,0.0,0.4688890874385834,0.0,0.3375128209590912,0.0,1.5890716910362244,0.0,3315.0858767731115,19.53425896167755
660,-7.604921936988831,-9129.748716957867,1.1543335914611816,0.0,1.5606215000152588,0.0,1.0923945903778076,0.0,3.807349681854248,0.0,3318.8932264549658,19.53425896167755
661,-9.684812545776367,-9139.433529503644,0.9340888857841492,0.0,2.0345468521118164,0.0,3.0122220516204834,0.0,5.980857789516449,0.0,3324.874084244482,19.53425896167755
662,-18.033284336328506,-9157.466813839972,3.81870698928833,0.0,0.2846667468547821,0.0,0.0,0.05429979786276817,4.049073938280344,0.0,3328.9231581827626,19.53425896167755
663,-4.08520770072937,-9161.552021540701,0.0,0.8766398429870605,1.5032379627227783,0.0,1.505688190460205,0.0,2.132286310195923,0.0,3331.0554444929585,19.53425896167755
664,-38.16076337732375,-9199.712784918025,0.00890298467129469,0.0,1.5176326036453247,0.0,0.0,0.22638903558254242,1.300146552734077,0.0,3332.3555910456926,19.53425896167755
665,-62.63777410984039,-9262.350559027866,0.9532496929168701,0.0,0.5208019614219666,0.0,0.7939088940620422,0.0,2.267960548400879,0.0,3334.6235515940934,19.53425896167755
666,-32.097604274749756,-9294.448163302615,2.46448016166687,0.0,1.3899054527282715,0.0,1.9283058643341064,0.0,5.782691478729248,0.0,3340.4062430728227,19.53425896167755
667,-21.610997200012207,-9316.059160502627,4.186604022979736,0.0,1.484451174736023,0.0,3.036956787109375,0.0,8.708011984825134,0.0,3349.114255057648,19.53425896167755
668,-17.226089477539062,-9333.285249980167,2.757925271987915,0.0,1.4909443855285645,0.0,2.478795289993286,0.0,6.727664947509766,0.0,3355.8419200051576,19.53425896167755
669,-57.521549701690674,-9390.806799681857,8.05491828918457,0.0,0.9507495164871216,0.0,9.721027374267578,0.0,18.72669517993927,0.0,3374.568615185097,19.53425896167755
670,-19.280142068862915,-9410.08694175072,1.448914885520935,0.0,1.0052862167358398,0.0,2.3515830039978027,0.0,4.805784106254578,0.0,3379.3743992913514,19.53425896167755
671,-9.815277099609375,-9419.90221885033,1.4023902416229248,0.0,1.2643190622329712,0.0,1.2209744453430176,0.0,3.8876837491989136,0.0,3383.2620830405504,19.53425896167755
672,-8.19882869720459,-9428.101047547534,1.3842442035675049,0.0,0.7622016072273254,0.0,1.1165059804916382,0.0,3.2629517912864685,0.0,3386.525034831837,19.53425896167755
673,-38.44806933403015,-9466.549116881564,0.34507817029953003,0.0,0.7501539587974548,0.0,0.41900184750556946,0.0,1.5142339766025543,0.0,3388.0392688084394,19.53425896167755
674,-12.733116149902344,-9479.282233031467,2.728574514389038,0.0,0.8599016070365906,0.0,1.1110284328460693,0.0,4.699504554271698,0.0,3392.738773362711,19.53425896167755
675,-2.729592800140381,-9482.011825831607,0.35007867217063904,0.0,0.1873515099287033,0.0,0.4188297688961029,0.0,0.9562599509954453,0.0,3393.6950333137065,19.53425896167755
676,-25.928429782390594,-9507.940255613998,0.34860697388648987,0.0,0.20223666727542877,0.0,0.4351603388786316,0.0,0.9860039800405502,0.0,3394.681037293747,19.53425896167755
677,-43.42295879125595,-9551.363214405254,0.3487769067287445,0.0,0.23087537288665771,0.0,0.49980950355529785,0.0,1.0794617831707,0.0,3395.7604990769178,19.53425896167755
678,-81.92916190624237,-9633.292376311496,1.0169463157653809,0.0,1.0625839233398438,0.0,0.47167298197746277,0.0,2.5512032210826874,0.0,3398.3117022980005,19.53425896167755
679,-14.946715354919434,-9648.239091666415,1.2442187070846558,0.0,5.693637847900391,0.0,1.2772525548934937,0.0,8.21510910987854,0.0,3406.526811407879,19.53425896167755
680,-19.79218292236328,-9668.031274588779,3.9176430702209473,0.0,0.0,0.08325719833374023,2.9978904724121094,0.0,6.832276344299316,0.0,3413.3590877521783,19.53425896167755
681,-7.941464424133301,-9675.972739012912,1.4296106100082397,0.0,1.0434415340423584,0.0,0.7966784238815308,0.0,3.269730567932129,0.0,3416.6288183201104,19.53425896167755
682,-6.009790897369385,-9681.982529910281,0.132854163646698,0.0,2.627960205078125,0.0,0.6023299694061279,0.0,3.363144338130951,0.0,3419.9919626582414,19.53425896167755
683,-12.122564315795898,-9694.105094226077,0.8160541653633118,0.0,2.2223293781280518,0.0,2.3154115676879883,0.0,5.353795111179352,0.0,3425.3457577694207,19.53425896167755
684,-8.61308765411377,-9702.718181880191,0.8656226992607117,0.0,2.122535467147827,0.0,1.1070222854614258,0.0,4.095180451869965,0.0,3429.4409382212907,19.53425896167755
685,-8.35088062286377,-9711.069062503055,0.8765984773635864,0.0,2.0058016777038574,0.0,2.0425403118133545,0.0,4.924940466880798,0.0,3434.3658786881715,19.53425896167755
686,-8.707796096801758,-9719.776858599856,0.9758474826812744,0.0,2.0178914070129395,0.0,2.3439137935638428,0.0,5.337652683258057,0.0,3439.7035313714296,19.53425896167755
687,-4.800071716308594,-9724.576930316165,0.10087758302688599,0.0,1.4782942533493042,0.0,1.9103481769561768,0.0,3.489520013332367,0.0,3443.193051384762,19.53425896167755
688,-52.98077833652496,-9777.55770865269,0.4294658899307251,0.0,1.5180888175964355,0.0,1.6749876737594604,0.0,3.622542381286621,0.0,3446.8155937660486,19.53425896167755
689,-10.221212387084961,-9787.778921039775,2.3771557807922363,0.0,1.6708433628082275,0.0,0.8414677977561951,0.0,4.889466941356659,0.0,3451.705060707405,19.53425896167755
690,-35.18927764892578,-9822.9681986887,3.4992449283599854,0.0,2.395188331604004,0.0,9.444927215576172,0.0,15.339360475540161,0.0,3467.0444211829454,19.53425896167755
691,-17.55327606201172,-9840.521474750713,3.1520605087280273,0.0,1.7236131429672241,0.0,2.3135855197906494,0.0,7.189259171485901,0.0,3474.2336803544313,19.53425896167755
692,-9.698482513427734,-9850.21995726414,1.4743767976760864,0.0,0.9278134703636169,0.0,1.455080270767212,0.0,3.8572705388069153,0.0,3478.090950893238,19.53425896167755
693,-18.337743043899536,-9868.55770030804,1.4816241264343262,0.0,0.9507495164871216,0.0,1.5109572410583496,0.0,3.9433308839797974,0.0,3482.034281777218,19.53425896167755
694,-32.12050426006317,-9900.678204568103,1.6006975173950195,0.0,0.7563884258270264,0.0,1.8122175931930542,0.0,4.1693035364151,0.0,3486.203585313633,19.53425896167755
695,-12.78234052658081,-9913.460545094684,1.383483648300171,0.0,0.7521432042121887,0.0,1.8029979467391968,0.0,3.9386247992515564,0.0,3490.1422101128846,19.53425896167755
696,-8.422356605529785,-9921.882901700214,1.3816155195236206,0.0,0.7504638433456421,0.0,1.1165059804916382,0.0,3.248585343360901,0.0,3493.3907954562455,19.53425896167755
697,-5.939691454172134,-9927.822593154386,0.3527388870716095,0.0,0.18591776490211487,0.0,0.41900184750556946,0.0,0.9576584994792938,0.0,3494.348453955725,19.53425896167755
698,-8.560275077819824,-9936.382868232206,1.3788419961929321,0.0,0.7477469444274902,0.0,1.1110284328460693,0.0,3.2376173734664917,0.0,3497.5860713291913,19.53425896167755
699,-2.6381046772003174,-9939.020972909406,0.35007867217063904,0.0,0.1873515099287033,0.0,0.4188297688961029,0.0,0.9562599509954453,0.0,3498.5423312801868,19.53425896167755
700,-2.8430838584899902,-9941.864056767896,0.34860697388648987,0.0,0.20223666727542877,0.0,0.4351603388786316,0.0,0.9860039800405502,0.0,3499.5283352602273,19.53425896167755
701,-9.50204849243164,-9951.366105260327,1.3761818408966064,0.0,0.79400634765625,0.0,1.1942349672317505,0.0,3.364423155784607,0.0,3502.892758416012,19.53425896167755
702,-9.160669326782227,-9960.52677458711,1.3382571935653687,0.0,0.8062359094619751,0.0,1.1530628204345703,0.0,3.297555923461914,0.0,3506.190314339474,19.53425896167755
703,-30.543270111083984,-9991.070044698194,5.41633415222168,0.0,2.452855348587036,0.0,3.0916266441345215,0.0,10.960816144943237,0.0,3517.151130484417,19.53425896167755
704,-31.023771286010742,-10022.093815984204,4.86884069442749,0.0,2.5168514251708984,0.0,3.076636791229248,0.0,10.462328910827637,0.0,3527.6134593952447,19.53425896167755
705,-28.06853675842285,-10050.162352742627,6.015109539031982,0.0,2.4997570514678955,0.0,2.229128122329712,0.0,10.74399471282959,0.0,3538.3574541080743,19.53425896167755
706,-29.410415649414062,-10079.572768392041,5.3305840492248535,0.0,2.3468215465545654,0.0,2.5930745601654053,0.0,10.270480155944824,0.0,3548.627934264019,19.53425896167755
707,-9.207318305969238,-10088.78008669801,0.9807974696159363,0.0,1.128042221069336,0.0,1.0364352464675903,0.0,3.1452749371528625,0.0,3551.773209201172,19.53425896167755
708,-15.547861099243164,-10104.327947797254,1.9190006256103516,0.0,1.7543354034423828,0.0,2.0257627964019775,0.0,5.699098825454712,0.0,3557.4723080266267,19.53425896167755
709,-15.446989059448242,-10119.774936856702,2.1437063217163086,0.0,1.5257655382156372,0.0,1.8314307928085327,0.0,5.5009026527404785,0.0,3562.973210679367,19.53425896167755
710,-9.228299140930176,-10129.003235997632,1.5491784811019897,0.0,0.9887369871139526,0.0,0.9098080992698669,0.0,3.4477235674858093,0.0,3566.420934246853,19.53425896167755
711,-15.664843797683716,-10144.668079795316,1.3583219051361084,0.0,1.1010288000106812,0.0,1.2905418872833252,0.0,3.7498925924301147,0.0,3570.170826839283,19.53425896167755
712,-11.829849243164062,-10156.49792903848,2.019566535949707,0.0,2.154552698135376,0.0,1.4928525686264038,0.0,5.666971802711487,0.0,3575.8377986419946,19.53425896167755
713,-13.962066650390625,-10170.45999568887,2.261033535003662,0.0,2.278444528579712,0.0,2.0463926792144775,0.0,6.585870742797852,0.0,3582.4236693847924,19.53425896167755
714,-16.38467788696289,-10186.844673575833,2.4157328605651855,0.0,1.6266831159591675,0.0,2.6318352222442627,0.0,6.674251198768616,0.0,3589.097920583561,19.53425896167755
715,-16.477123260498047,-10203.321796836331,2.915959596633911,0.0,1.594502329826355,0.0,2.3646552562713623,0.0,6.875117182731628,0.0,3595.9730377662927,19.53425896167755
716,-17.372535705566406,-10220.694332541898,3.257312297821045,0.0,1.4909443855285645,0.0,2.459411382675171,0.0,7.20766806602478,0.0,3603.1807058323175,19.53425896167755
717,-12.718790054321289,-10233.41312259622,2.591137409210205,0.0,0.9507495164871216,0.0,1.7374720573425293,0.0,5.279358983039856,0.0,3608.4600648153573,19.53425896167755
718,-13.924443244934082,-10247.337565841153,1.448914885520935,0.0,0.7563884258270264,0.0,3.3597238063812256,0.0,5.565027117729187,0.0,3614.0250919330865,19.53425896167755
