time_step,reward,all_rewards,grid_import_Building_1_kwh,export_Building_1_kwh,grid_import_Building_2_kwh,export_Building_2_kwh,grid_import_Building_3_kwh,export_Building_3_kwh,grid_import_kwh,export_kwh,cumulative_grid_import_kwh,cumulative_export_kwh
0,-4.285096645355225,-4.285096645355225,2.033644199371338,0.0,0.5619984865188599,0.0,1.689454197883606,0.0,4.285096883773804,0.0,4.285096883773804,0.0
1,-2.8952441215515137,-7.180340766906738,0.8462807536125183,0.0,0.18591776490211487,0.0,0.47319296002388,0.0,1.5053914785385132,0.0,5.790488362312317,0.0
2,-1.4302563667297363,-8.610597133636475,0.7249863147735596,0.0,0.18461598455905914,0.0,0.4455188810825348,0.0,1.3551211804151535,0.0,7.14560954272747,0.0
3,-1.3070952892303467,-9.917692422866821,0.6327978372573853,0.0,0.1873515099287033,0.0,0.433448851108551,0.0,1.2535981982946396,0.0,8.39920774102211,0.0
4,-1.265671968460083,-11.183364391326904,0.6071555614471436,0.0,0.20223666727542877,0.0,0.4351603388786316,0.0,1.244552567601204,0.0,9.643760308623314,0.0
5,-1.9746944904327393,-13.158058881759644,1.00062894821167,0.0,0.23087537288665771,0.0,0.49980950355529785,0.0,1.7313138246536255,0.0,11.37507413327694,0.0
6,-3.4677228927612305,-16.625781774520874,1.607621669769287,0.0,0.24817126989364624,0.0,1.033126950263977,0.0,2.8889198899269104,0.0,14.26399402320385,0.0
7,-2.4232540130615234,-19.049035787582397,0.5342340469360352,0.0,0.3452141582965851,0.0,0.8840543627738953,0.0,1.7635025680065155,0.0,16.027496591210365,0.0
8,-13.779638290405273,-32.82867407798767,4.653266429901123,0.0,2.933849573135376,0.0,2.187143325805664,0.0,9.774259328842163,0.0,25.80175592005253,0.0
9,-6.530452728271484,-39.359126806259155,0.48263463377952576,0.0,0.6722479462623596,0.0,2.1317636966705322,0.0,3.2866462767124176,0.0,29.088402196764946,0.0
10,-2.602308988571167,-41.96143579483032,0.0,0.3569531738758087,0.6334824562072754,0.0,1.284489393234253,0.0,1.5610186755657196,0.0,30.649420872330666,0.0
11,-4.538887023925781,-46.5003228187561,1.8172708749771118,0.0,0.6685148477554321,0.0,0.969410240650177,0.0,3.455195963382721,0.0,34.10461683571339,0.0
12,-3.013115406036377,-49.51343822479248,0.26597872376441956,0.0,0.9704316258430481,0.0,0.7307910919189453,0.0,1.967201441526413,0.0,36.0718182772398,0.0
13,-0.9836007356643677,-50.49703896045685,0.0,1.293045997619629,0.0,0.2805768847465515,0.0,0.6318330764770508,0.0,2.205455958843231,36.0718182772398,2.205455958843231
14,-0.7141524255275726,-51.21119138598442,0.0768645778298378,0.0,0.3992370367050171,0.0,0.0,0.07937953621149063,0.39672207832336426,0.0,36.468540355563164,2.205455958843231
15,-1.751723051071167,-52.96291443705559,0.16432055830955505,0.0,1.0962364673614502,0.0,0.06595885753631592,0.0,1.3265158832073212,0.0,37.795056238770485,2.205455958843231
16,-0.8088976144790649,-53.77181205153465,0.0,0.1696302890777588,0.2912794053554535,0.0,0.0,0.2320985496044159,0.0,0.11044943332672119,37.795056238770485,2.3159053921699524
17,-0.8089883327484131,-54.580800384283066,0.1799376904964447,0.0,0.3064201772212982,0.0,0.15006080269813538,0.0,0.6364186704158783,0.0,38.43147490918636,2.3159053921699524
18,-1.9140689373016357,-56.4948693215847,0.4625154137611389,0.0,0.16118374466896057,0.0,0.7676620483398438,0.0,1.3913612067699432,0.0,39.82283611595631,2.3159053921699524
19,-2.978151321411133,-59.473020642995834,1.0769085884094238,0.0,0.3912005126476288,0.0,0.9811120629310608,0.0,2.4492211639881134,0.0,42.27205727994442,2.3159053921699524
20,-2.893850803375244,-62.36687144637108,0.5288646817207336,0.0,0.780853271484375,0.0,1.0705604553222656,0.0,2.3802784085273743,0.0,44.652335688471794,2.3159053921699524
21,-4.133502006530762,-66.50037345290184,0.9365671873092651,0.0,0.3876185119152069,0.0,1.962751865386963,0.0,3.286937564611435,0.0,47.93927325308323,2.3159053921699524
22,-3.590735912322998,-70.09110936522484,0.4215100109577179,0.0,0.7563884258270264,0.0,1.9681999683380127,0.0,3.146098405122757,0.0,51.085371658205986,2.3159053921699524
23,-3.2143969535827637,-73.3055063188076,0.3560788035392761,0.0,0.7521432042121887,0.0,2.0369577407836914,0.0,3.1451797485351562,0.0,54.23055140674114,2.3159053921699524
24,-2.3359673023223877,-75.64147362112999,0.35421058535575867,0.0,0.7504638433456421,0.0,0.42208048701286316,0.0,1.526754915714264,0.0,55.757306322455406,2.3159053921699524
25,-7.517930030822754,-83.15940365195274,2.407548666000366,0.0,1.3054704666137695,0.0,1.8078527450561523,0.0,5.520871877670288,0.0,61.278178200125694,2.3159053921699524
26,-3.228797435760498,-86.38820108771324,0.3514370918273926,0.0,0.16868312656879425,0.0,0.4166029393672943,0.0,0.9367231577634811,0.0,62.214901357889175,2.3159053921699524
27,-2.120467185974121,-88.50866827368736,0.35007867217063904,0.0,0.1873515099287033,0.0,1.1875500679016113,0.0,1.7249802500009537,0.0,63.93988160789013,2.3159053921699524
28,-2.8780364990234375,-91.3867047727108,1.3546943664550781,0.0,0.20223666727542877,0.0,0.4351603388786316,0.0,1.9920913726091385,0.0,65.93197298049927,2.3159053921699524
29,-2.1487605571746826,-93.53546532988548,1.3658525943756104,0.0,0.23087537288665771,0.0,0.49980950355529785,0.0,2.096537470817566,0.0,68.02851045131683,2.3159053921699524
30,-2.076861619949341,-95.61232694983482,1.3301458358764648,0.0,0.24327263236045837,0.0,0.4589728116989136,0.0,2.032391279935837,0.0,70.06090173125267,2.3159053921699524
31,-1.4302408695220947,-97.04256781935692,0.07796920090913773,0.0,0.19240280985832214,0.0,0.49188804626464844,0.0,0.7622600570321083,0.0,70.82316178828478,2.3159053921699524
32,-4.089362144470215,-101.13192996382713,0.0,0.36149874329566956,2.437044620513916,0.0,0.49013590812683105,0.0,2.5656817853450775,0.0,73.38884357362986,2.3159053921699524
33,-1.6574249863624573,-102.78935495018959,0.0,0.4318349361419678,0.13957519829273224,0.0,0.24809423089027405,0.0,0.0,0.04416550695896149,73.38884357362986,2.360070899128914
34,-0.7209612727165222,-103.51031622290611,0.06265433132648468,0.0,0.38181352615356445,0.0,0.0,0.018229525536298752,0.4262383319437504,0.0,73.8150819055736,2.360070899128914
35,-0.7549733221530914,-104.2652895450592,0.3224653899669647,0.0,0.2233913242816925,0.0,0.0,0.21491865813732147,0.33093805611133575,0.0,74.14601996168494,2.360070899128914
36,-7.146518126130104,-111.41180767118931,4.797369956970215,0.0,0.0,0.04580845683813095,0.0,0.4474849998950958,4.304076500236988,0.0,78.45009646192193,2.360070899128914
37,-3.274752616882324,-114.68656028807163,1.7521350383758545,0.0,0.0,0.17027628421783447,0.0,0.596929669380188,0.984929084777832,0.0,79.43502554669976,2.360070899128914
38,-0.8760675191879272,-115.56262780725956,0.0,0.5143934488296509,0.0,0.05979296937584877,0.0,0.06400222331285477,0.0,0.6381886415183544,79.43502554669976,2.9982595406472683
39,-1.1581374406814575,-116.72076524794102,0.0,0.6550762057304382,0.7720916271209717,0.0,0.0,0.24682287871837616,0.0,0.1298074573278427,79.43502554669976,3.128066997975111
40,-1.8863722085952759,-118.6071374565363,0.447745680809021,0.0,0.19314506649971008,0.0,0.4880902171134949,0.0,1.128980964422226,0.0,80.56400651112199,3.128066997975111
41,-1.384426474571228,-119.99156393110752,0.0,0.14580199122428894,0.553185224533081,0.0,0.3666064143180847,0.0,0.7739896476268768,0.0,81.33799615874887,3.128066997975111
42,-3.5144360065460205,-123.50599993765354,1.109107494354248,0.0,0.2910788059234619,0.0,1.074630618095398,0.0,2.474816918373108,0.0,83.81281307712197,3.128066997975111
43,-2.0893430709838867,-125.59534300863743,0.7583456039428711,0.0,0.21914196014404297,0.0,0.7263814806938171,0.0,1.7038690447807312,0.0,85.5166821219027,3.128066997975111
44,-3.856067180633545,-129.45141018927097,2.2908387184143066,0.0,0.20169100165367126,0.0,0.4507490396499634,0.0,2.9432787597179413,0.0,88.45996088162065,3.128066997975111
45,-2.4856014251708984,-131.93701161444187,0.6353296637535095,0.0,0.19623863697052002,0.0,0.6992846727371216,0.0,1.5308529734611511,0.0,89.9908138550818,3.128066997975111
46,-1.4799367189407349,-133.4169483333826,0.5435421466827393,0.0,0.19325745105743408,0.0,0.6922207474708557,0.0,1.429020345211029,0.0,91.41983420029283,3.128066997975111
47,-1.2098815441131592,-134.62682987749577,0.37498530745506287,0.0,0.18901224434375763,0.0,0.4267451763153076,0.0,0.9907427281141281,0.0,92.41057692840695,3.128066997975111
48,-0.9771833419799805,-135.60401321947575,0.35421058535575867,0.0,0.18733283877372742,0.0,0.42208048701286316,0.0,0.9636239111423492,0.0,93.3742008395493,3.128066997975111
49,-0.9606412053108215,-136.56465442478657,0.3527388870716095,0.0,0.18591776490211487,0.0,0.41900184750556946,0.0,0.9576584994792938,0.0,94.3318593390286,3.128066997975111
50,-0.9551572203636169,-137.51981164515018,0.3514370918273926,0.0,0.18461598455905914,0.0,0.4166029393672943,0.0,0.952656015753746,0.0,95.28451535478234,3.128066997975111
51,-0.9518090486526489,-138.47162069380283,0.3348560631275177,0.0,0.1873515099287033,0.0,0.4188297688961029,0.0,0.9410373419523239,0.0,96.22555269673467,3.128066997975111
52,-1.008487343788147,-139.48010803759098,0.34860697388648987,0.0,0.20223666727542877,0.0,0.4351603388786316,0.0,0.9860039800405502,0.0,97.21155667677522,3.128066997975111
53,-1.1261906623840332,-140.606298699975,0.3487769067287445,0.0,0.23087537288665771,0.0,0.49980950355529785,0.0,1.0794617831707,0.0,98.29101845994592,3.128066997975111
54,-1.0437870025634766,-141.6500857025385,0.30258339643478394,0.0,0.23897044360637665,0.0,0.4503684341907501,0.0,0.9919222742319107,0.0,99.28294073417783,3.128066997975111
55,-1.3371915817260742,-142.98727728426456,0.5197288393974304,0.0,0.2986651062965393,0.0,0.31038662791252136,0.0,1.128780573606491,0.0,100.41172130778432,3.128066997975111
56,-8.729561805725098,-151.71683908998966,0.794775664806366,0.0,4.535210132598877,0.0,0.8659823536872864,0.0,6.195968151092529,0.0,106.60768945887685,3.128066997975111
57,-4.065825462341309,-155.78266455233097,0.0,0.5403615236282349,1.5100715160369873,0.0,0.42561206221580505,0.0,1.3953220546245575,0.0,108.0030115135014,3.128066997975111
58,-1.7366874814033508,-157.51935203373432,0.0,0.8445625305175781,0.0,0.3435320258140564,0.7963051795959473,0.0,0.0,0.39178937673568726,108.0030115135014,3.5198563747107983
59,-0.39815258979797363,-157.9175046235323,0.0,1.0440349578857422,0.0,0.7648840546607971,0.0,0.3224382996559143,0.0,2.1313573122024536,108.0030115135014,5.651213686913252
60,-0.4909694790840149,-158.4084741026163,0.0,1.0866937637329102,0.32731297612190247,0.0,0.0,0.11811089515686035,0.0,0.877491682767868,108.0030115135014,6.52870536968112
61,-10.668510690331459,-169.07698479294777,0.0,0.7644610404968262,0.0,0.18274803459644318,7.003236293792725,0.0,6.056027218699455,0.0,114.05903873220086,6.52870536968112
62,-3.5016181468963623,-172.57860293984413,0.0,0.6829460859298706,0.0,0.16892418265342712,0.0,0.05988061800599098,0.0,0.9117508865892887,114.05903873220086,7.440456256270409
63,-3.1296396255493164,-175.70824256539345,1.561369776725769,0.0,0.0,0.013574364595115185,0.5250566601753235,0.0,2.0728520723059773,0.0,116.13189080450684,7.440456256270409
64,-2.818171739578247,-178.5264143049717,0.9007319211959839,0.0,0.011278570629656315,0.0,1.2218209505081177,0.0,2.133831442333758,0.0,118.2657222468406,7.440456256270409
65,-1.7957731485366821,-180.32218745350838,0.14395681023597717,0.0,0.21786905825138092,0.0,0.6827080249786377,0.0,1.0445338934659958,0.0,119.31025614030659,7.440456256270409
66,-4.376947402954102,-184.69913485646248,0.9867361783981323,0.0,0.313500314950943,0.0,1.9659061431884766,0.0,3.266142636537552,0.0,122.57639877684414,7.440456256270409
67,-2.935816764831543,-187.63495162129402,0.8331621885299683,0.0,0.35911455750465393,0.0,1.3219858407974243,0.0,2.5142625868320465,0.0,125.09066136367619,7.440456256270409
68,-2.332280397415161,-189.96723201870918,0.6107575297355652,0.0,0.36468249559402466,0.0,1.1637225151062012,0.0,2.139162540435791,0.0,127.22982390411198,7.440456256270409
69,-2.340181350708008,-192.3074133694172,0.6353296637535095,0.0,0.4478263854980469,0.0,1.1900190114974976,0.0,2.273175060749054,0.0,129.50299896486104,7.440456256270409
70,-1.692469835281372,-193.99988320469856,0.48252609372138977,0.0,0.19325745105743408,0.0,0.4359810948371887,0.0,1.1117646396160126,0.0,130.61476360447705,7.440456256270409
71,-1.6880979537963867,-195.68798115849495,0.8712420463562012,0.0,0.18901224434375763,0.0,0.4267451763153076,0.0,1.4869994670152664,0.0,132.10176307149231,7.440456256270409
72,-1.2279404401779175,-196.91592159867287,0.3594680726528168,0.0,0.18733283877372742,0.0,0.42208048701286316,0.0,0.9688813984394073,0.0,133.07064446993172,7.440456256270409
73,-0.9632699489593506,-197.87919154763222,0.3527388870716095,0.0,0.18591776490211487,0.0,0.41900184750556946,0.0,0.9576584994792938,0.0,134.02830296941102,7.440456256270409
74,-0.9551572203636169,-198.83434876799583,0.3514370918273926,0.0,0.18461598455905914,0.0,0.4166029393672943,0.0,0.952656015753746,0.0,134.98095898516476,7.440456256270409
75,-0.9518090486526489,-199.78615781664848,0.3348560631275177,0.0,0.1873515099287033,0.0,0.4188297688961029,0.0,0.9410373419523239,0.0,135.92199632711709,7.440456256270409
76,-1.008487343788147,-200.79464516043663,0.34860697388648987,0.0,0.20223666727542877,0.0,0.4351603388786316,0.0,0.9860039800405502,0.0,136.90800030715764,7.440456256270409
77,-2.6965417861938477,-203.49118694663048,1.3677350282669067,0.0,0.23087537288665771,0.0,0.5277521014213562,0.0,2.1263625025749207,0.0,139.03436280973256,7.440456256270409
78,-3.7355401515960693,-207.22672709822655,0.3598918616771698,0.0,0.25422030687332153,0.0,1.9131399393081665,0.0,2.527252107858658,0.0,141.5616149175912,7.440456256270409
79,-4.9896345138549805,-212.21636161208153,1.5279717445373535,0.0,0.9242570400238037,0.0,1.3235547542572021,0.0,3.7757835388183594,0.0,145.33739845640957,7.440456256270409
80,-9.336544036865234,-221.55290564894676,0.14558805525302887,0.0,4.692966461181641,0.0,1.722813367843628,0.0,6.561367884278297,0.0,151.89876634068787,7.440456256270409
81,-4.375953674316406,-225.92885932326317,0.0,0.19974814355373383,1.6571664810180664,0.0,0.5333736538887024,0.0,1.990791991353035,0.0,153.8895583320409,7.440456256270409
82,-2.8429601192474365,-228.7718194425106,0.10277063399553299,0.0,1.441208839416504,0.0,0.9375355243682861,0.0,2.481514997780323,0.0,156.37107332982123,7.440456256270409
83,-9.54055118560791,-238.31237062811852,0.0,0.3503643572330475,2.5462236404418945,0.0,4.57280158996582,0.0,6.768660873174667,0.0,163.1397342029959,7.440456256270409
84,-4.69417405128479,-243.0065446794033,0.0,0.48728668689727783,0.7605377435684204,0.0,1.508785367012024,0.0,1.7820364236831665,0.0,164.92177062667906,7.440456256270409
85,-1.1346615552902222,-244.14120623469353,0.0,0.10344289988279343,0.0,0.8445168733596802,0.0,1.3913705348968506,0.0,2.339330308139324,164.92177062667906,9.779786564409733
86,0.0,-244.14120623469353,0.0,0.5747829079627991,0.0,1.9847517013549805,0.0,0.22495819628238678,0.0,2.7844928056001663,164.92177062667906,12.5642793700099
87,0.0,-244.14120623469353,0.0,0.6318455934524536,0.0,0.007076113019138575,0.0,0.15823568403720856,0.0,0.7971573905088007,164.92177062667906,13.3614367605187
88,-0.2908506393432617,-244.4320568740368,0.0,0.3609931766986847,0.19390042126178741,0.0,0.0,0.052840862423181534,0.0,0.2199336178600788,164.92177062667906,13.581370378378779
89,-3.6638567447662354,-248.09591361880302,0.9598867297172546,0.0,1.2953776121139526,0.0,0.25194022059440613,0.0,2.5072045624256134,0.0,167.42897518910468,13.581370378378779
90,-2.5905375480651855,-250.6864511668682,0.398721843957901,0.0,0.29576143622398376,0.0,0.827755868434906,0.0,1.5222391486167908,0.0,168.95121433772147,13.581370378378779
91,-2.048067808151245,-252.73451897501945,0.5945645570755005,0.0,0.4842626452445984,0.0,0.7263814806938171,0.0,1.805208683013916,0.0,170.75642302073538,13.581370378378779
92,-2.3096535205841064,-255.04417249560356,0.9364479184150696,0.0,0.36468249559402466,0.0,0.7606547474861145,0.0,2.0617851614952087,0.0,172.8182081822306,13.581370378378779
93,-1.9841681718826294,-257.0283406674862,0.5447744131088257,0.0,0.3876185119152069,0.0,0.8165318369865417,0.0,1.7489247620105743,0.0,174.56713294424117,13.581370378378779
94,-2.1111228466033936,-259.1394635140896,0.6589604616165161,0.0,0.3296126127243042,0.0,0.963146448135376,0.0,1.9517195224761963,0.0,176.51885246671736,13.581370378378779
95,-1.574253797531128,-260.7137173116207,0.3560788035392761,0.0,0.3141602873802185,0.0,0.5265489816665649,0.0,1.1967880725860596,0.0,177.71564053930342,13.581370378378779
96,-1.0955276489257812,-261.8092449605465,0.35421058535575867,0.0,0.18733283877372742,0.0,0.45272377133369446,0.0,0.9942671954631805,0.0,178.7099077347666,13.581370378378779
97,-0.9749593138694763,-262.78420427441597,0.3527388870716095,0.0,0.18591776490211487,0.0,0.41699478030204773,0.0,0.9556514322757721,0.0,179.66555916704237,13.581370378378779
98,-0.9541536569595337,-263.7383579313755,0.3514370918273926,0.0,0.18461598455905914,0.0,0.4166029393672943,0.0,0.952656015753746,0.0,180.61821518279612,13.581370378378779
99,-0.9594203233718872,-264.6977782547474,0.35007867217063904,0.0,0.1873515099287033,0.0,0.4188297688961029,0.0,0.9562599509954453,0.0,181.57447513379157,13.581370378378779
100,-2.3597965240478516,-267.05757477879524,1.2545539140701294,0.0,0.20223666727542877,0.0,0.4351603388786316,0.0,1.8919509202241898,0.0,183.46642605401576,13.581370378378779
101,-1.619966983795166,-268.6775417625904,0.3468944728374481,0.0,0.23087537288665771,0.0,0.5277521014213562,0.0,1.105521947145462,0.0,184.57194800116122,13.581370378378779
102,-2.1813204288482666,-270.8588621914387,1.0784878730773926,0.0,0.2409534454345703,0.0,0.45433443784713745,0.0,1.7737757563591003,0.0,186.34572375752032,13.581370378378779
103,-3.5062146186828613,-274.36507681012154,1.406815528869629,0.0,1.11617112159729,0.0,0.3085762858390808,0.0,2.8315629363059998,0.0,189.17728669382632,13.581370378378779
104,-1.6937216520309448,-276.0587984621525,0.26671406626701355,0.0,0.23807062208652496,0.0,0.05109556391835213,0.0,0.5558802522718906,0.0,189.7331669460982,13.581370378378779
105,-0.3931373655796051,-276.4519358277321,0.0,0.4958544075489044,0.23039452731609344,0.0,0.0,0.13957266509532928,0.0,0.40503254532814026,189.7331669460982,13.986402923706919
106,-0.11519726365804672,-276.56713309139013,0.0,1.0164076089859009,0.0,0.015333311632275581,0.0,0.3945979177951813,0.0,1.4263388384133577,189.7331669460982,15.412741762120277
107,-0.7638509273529053,-277.33098401874304,0.0,0.9263487458229065,0.5092339515686035,0.0,0.0,0.5706278085708618,0.0,0.9877426028251648,189.7331669460982,16.40048436494544
108,-0.434581458568573,-277.7655654773116,0.0,0.966838538646698,0.0,0.012424386106431484,0.11997632682323456,0.0,0.0,0.8592865979298949,189.7331669460982,17.259770962875336
109,-0.7056057676672935,-278.4711712449789,0.0,0.7738717198371887,0.4304117262363434,0.0,0.0,0.4543624222278595,0.0,0.7978224158287048,189.7331669460982,18.05759337870404
110,-0.3661636710166931,-278.8373349159956,0.0,0.8958898782730103,0.30191564559936523,0.0,0.0,0.5466712713241577,0.0,1.1406455039978027,189.7331669460982,19.198238882701844
111,-7.793149948120117,-286.6304848641157,0.0,0.5852379202842712,5.296072006225586,0.0,0.0,0.34786614775657654,4.362967938184738,0.0,194.09613488428295,19.198238882701844
112,-2.648036003112793,-289.2785208672285,0.0,0.48445454239845276,0.0,1.5751558542251587,0.0,0.1763022094964981,0.0,2.2359126061201096,194.09613488428295,21.434151488821954
113,-2.3508291244506836,-291.6293499916792,0.8948801755905151,0.0,0.0,1.3805291652679443,0.6723393201828003,0.0,0.1866903305053711,0.0,194.28282521478832,21.434151488821954
114,-2.8517985343933105,-294.4811485260725,0.37103885412216187,0.0,0.14633066952228546,0.0,1.5570083856582642,0.0,2.0743779093027115,0.0,196.35720312409103,21.434151488821954
115,-4.8079376220703125,-299.2890861481428,0.7546690702438354,0.0,0.21914196014404297,0.0,2.9229397773742676,0.0,3.896750807762146,0.0,200.25395393185318,21.434151488821954
116,-3.2873363494873047,-302.5764224976301,0.4469718635082245,0.0,0.36468249559402466,0.0,1.5751867294311523,0.0,2.3868410885334015,0.0,202.64079502038658,21.434151488821954
117,-1.8135201930999756,-304.3899426907301,0.3636639416217804,0.0,0.3876185119152069,0.0,0.4430446922779083,0.0,1.1943271458148956,0.0,203.83512216620147,21.434151488821954
118,-1.9146754741668701,-306.30461816489697,0.5967347025871277,0.0,0.3296126127243042,0.0,0.7095414996147156,0.0,1.6358888149261475,0.0,205.47101098112762,21.434151488821954
119,-1.4219820499420166,-307.726600214839,0.5923177599906921,0.0,0.18901224434375763,0.0,0.4267451763153076,0.0,1.2080751806497574,0.0,206.67908616177738,21.434151488821954
120,-1.0858495235443115,-308.8124497383833,0.35421058535575867,0.0,0.18733283877372742,0.0,0.42208048701286316,0.0,0.9636239111423492,0.0,207.64271007291973,21.434151488821954
121,-0.9606412053108215,-309.7730909436941,0.3527388870716095,0.0,0.18591776490211487,0.0,0.41900184750556946,0.0,0.9576584994792938,0.0,208.60036857239902,21.434151488821954
122,-0.9551572203636169,-310.72824816405773,0.3514370918273926,0.0,0.18461598455905914,0.0,0.4166029393672943,0.0,0.952656015753746,0.0,209.55302458815277,21.434151488821954
123,-0.9463562369346619,-311.6746044009924,0.35007867217063904,0.0,0.1873515099287033,0.0,0.39715519547462463,0.0,0.934585377573967,0.0,210.48760996572673,21.434151488821954
124,-1.0131850242614746,-312.68778942525387,0.34860697388648987,0.0,0.20223666727542877,0.0,0.4351603388786316,0.0,0.9860039800405502,0.0,211.47361394576728,21.434151488821954
125,-2.0316386222839355,-314.7194280475378,0.9524089097976685,0.0,0.23087537288665771,0.0,0.49980950355529785,0.0,1.683093786239624,0.0,213.1567077320069,21.434151488821954
126,-19.033044815063477,-333.7524728626013,5.020469665527344,0.0,0.29751452803611755,0.0,7.931743621826172,0.0,13.249727815389633,0.0,226.40643554739654,21.434151488821954
127,-7.130616188049316,-340.8830890506506,0.10226792097091675,0.0,0.28070199489593506,0.0,0.628534197807312,0.0,1.0115041136741638,0.0,227.4179396610707,21.434151488821954
128,-0.8692786693572998,-341.7523677200079,0.0,0.21943727135658264,0.26006796956062317,0.0,0.4669853746891022,0.0,0.5076160728931427,0.0,227.92555573396385,21.434151488821954
129,-6.8880534172058105,-348.6404211372137,4.173412322998047,0.0,0.13157224655151367,0.0,0.39724376797676086,0.0,4.702228337526321,0.0,232.62778407149017,21.434151488821954
130,-2.458953857421875,-351.0993749946356,0.0,0.837080717086792,0.10908318310976028,0.0,0.10659606009721756,0.0,0.0,0.6214014738798141,232.62778407149017,22.055552962701768
131,-0.11319589987397194,-351.21257089450955,0.0,1.1622930765151978,0.010712550953030586,0.0,0.0,0.5703308582305908,0.0,1.721911383792758,232.62778407149017,23.777464346494526
132,-0.17034584283828735,-351.38291673734784,0.0,1.1904658079147339,0.11713474243879318,0.0,0.0,0.6025114059448242,0.0,1.675842471420765,232.62778407149017,25.45330681791529
133,-0.3991195559501648,-351.782036293298,0.0,1.2007795572280884,0.3051246106624603,0.0,0.0,0.06330440938472748,0.0,0.9589593559503555,232.62778407149017,26.412266173865646
134,-0.29678618907928467,-352.0788224823773,0.0,0.6445506811141968,0.2884477972984314,0.0,0.0,0.046737685799598694,0.0,0.4028405696153641,232.62778407149017,26.81510674348101
135,-7.743678092956543,-359.82250057533383,0.0,0.895548939704895,5.258601188659668,0.0,0.0,0.42193904519081116,3.941113203763962,0.0,236.56889727525413,26.81510674348101
136,-2.629300594329834,-362.45180116966367,0.0,0.5875452160835266,0.0,1.5987915992736816,0.0,0.22352951765060425,0.0,2.4098663330078125,236.56889727525413,29.224973076488823
137,-2.9015369415283203,-365.353338111192,1.7877622842788696,0.0,0.0,1.4831268787384033,0.14659564197063446,0.0,0.45123104751110077,0.0,237.02012832276523,29.224973076488823
138,-2.898425579071045,-368.25176369026303,0.918773353099823,0.0,0.2764419615268707,0.0,0.8025283813476562,0.0,1.99774369597435,0.0,239.01787201873958,29.224973076488823
139,-3.009819984436035,-371.26158367469907,1.6380316019058228,0.0,0.21908357739448547,0.0,0.7262647151947021,0.0,2.5833798944950104,0.0,241.6012519132346,29.224973076488823
140,-14.067747116088867,-385.32933079078794,7.694016456604004,0.0,0.20169100165367126,0.0,2.332322120666504,0.0,10.228029578924179,0.0,251.82928149215877,29.224973076488823
141,-6.010311126708984,-391.3396419174969,0.7798219323158264,0.0,0.19623863697052002,0.0,0.8165318369865417,0.0,1.7925924062728882,0.0,253.62187389843166,29.224973076488823
142,-1.4216704368591309,-392.76131235435605,0.4215100109577179,0.0,0.19325745105743408,0.0,0.4359810948371887,0.0,1.0507485568523407,0.0,254.672622455284,29.224973076488823
143,-1.0112923383712769,-393.7726046927273,0.3560788035392761,0.0,0.18901224434375763,0.0,0.4267451763153076,0.0,0.9718362241983414,0.0,255.64445867948234,29.224973076488823
144,-0.9677300453186035,-394.74033473804593,0.35421058535575867,0.0,0.18733283877372742,0.0,0.42208048701286316,0.0,0.9636239111423492,0.0,256.6080825906247,29.224973076488823
145,-1.63569974899292,-396.37603448703885,0.5866090059280396,0.0,0.18591776490211487,0.0,0.6382042765617371,0.0,1.4107310473918915,0.0,258.0188136380166,29.224973076488823
146,-1.2849607467651367,-397.660995233804,0.33876895904541016,0.0,0.18461598455905914,0.0,0.6358053684234619,0.0,1.1591903120279312,0.0,259.1780039500445,29.224973076488823
147,-1.1516132354736328,-398.8126084692776,0.3348560631275177,0.0,0.1873515099287033,0.0,0.6163576245307922,0.0,1.1385651975870132,0.0,260.3165691476315,29.224973076488823
148,-1.1128408908843994,-399.925449360162,0.34860697388648987,0.0,0.20223666727542877,0.0,0.4790008068084717,0.0,1.0298444479703903,0.0,261.3464135956019,29.224973076488823
149,-1.1022181510925293,-401.02766751125455,0.3450120687484741,0.0,0.23087537288665771,0.0,0.49980950355529785,0.0,1.0756969451904297,0.0,262.42211054079235,29.224973076488823
150,-4.557498455047607,-405.58516596630216,1.2575488090515137,0.0,0.8152798414230347,0.0,1.3240694999694824,0.0,3.3968981504440308,0.0,265.8190086912364,29.224973076488823
151,-2.364232063293457,-407.9493980295956,0.3870762586593628,0.0,0.20606835186481476,0.0,0.738421618938446,0.0,1.3315662294626236,0.0,267.150574920699,29.224973076488823
152,-2.750840187072754,-410.70023821666837,1.4906659126281738,0.0,0.16592095792293549,0.0,0.30634817481040955,0.0,1.9629350453615189,0.0,269.1135099660605,29.224973076488823
153,-1.100719928741455,-411.8009581454098,0.0,0.5706719756126404,0.19011560082435608,0.0,0.0,0.02427547238767147,0.0,0.4048318471759558,269.1135099660605,29.62980492366478
154,-0.3434140682220459,-412.14437221363187,0.0,0.7727327942848206,0.2923145890235901,0.0,0.0,0.27234557271003723,0.0,0.7527637779712677,269.1135099660605,30.382568701636046
155,-9.868762493133545,-422.0131347067654,4.530760765075684,0.0,2.1458523273468018,0.0,0.0,0.3817722201347351,6.29484087228775,0.0,275.40835083834827,30.382568701636046
156,-3.7749171257019043,-425.7880518324673,0.0,0.03266453742980957,0.0,0.14224159717559814,0.291073739528656,0.0,0.11616760492324829,0.0,275.5245184432715,30.382568701636046
157,-0.145536869764328,-425.93358870223165,0.0,0.49131590127944946,0.0,0.2452315241098404,0.0,0.2801191210746765,0.0,1.0166665464639664,275.5245184432715,31.399235248100013
158,-0.40600159764289856,-426.33959029987454,0.0,0.7494138479232788,0.2706677317619324,0.0,0.0,0.6091670989990234,0.0,1.0879132151603699,275.5245184432715,32.48714846326038
159,-0.1353338658809662,-426.4749241657555,0.0,0.59209144115448,0.0,0.2047167718410492,0.0,0.6147118210792542,0.0,1.4115200340747833,275.5245184432715,33.898668497335166
160,-0.06229604035615921,-426.53722020611167,0.03444037213921547,0.0,0.0,0.16462194919586182,0.007090319879353046,0.0,0.0,0.1230912571772933,275.5245184432715,34.02175975451246
161,-3.059598207473755,-429.5968184135854,1.4606693983078003,0.0,0.0,0.006396973039954901,0.5929064154624939,0.0,2.0471788407303393,0.0,277.57169728400186,34.02175975451246
162,-3.8766660690307617,-433.4734844826162,1.0783368349075317,0.0,0.1577356457710266,0.0,1.7780084609985352,0.0,3.0140809416770935,0.0,280.58577822567895,34.02175975451246
163,-2.627357244491577,-436.10084172710776,0.6995631456375122,0.0,0.21890221536159515,0.0,1.1998350620269775,0.0,2.118300423026085,0.0,282.70407864870504,34.02175975451246
164,-3.370022773742676,-439.47086450085044,1.4313558340072632,0.0,0.36468249559402466,0.0,1.0705604553222656,0.0,2.8665987849235535,0.0,285.5706774336286,34.02175975451246
165,-2.5182738304138184,-441.98913833126426,0.5447744131088257,0.0,0.19623863697052002,0.0,1.1900190114974976,0.0,1.9310320615768433,0.0,287.50170949520543,34.02175975451246
166,-1.460382342338562,-443.4495206736028,0.3604939579963684,0.0,0.19325745105743408,0.0,0.4359810948371887,0.0,0.9897325038909912,0.0,288.4914419990964,34.02175975451246
167,-0.9807842969894409,-444.43030497059226,0.3560788035392761,0.0,0.18901224434375763,0.0,0.4267451763153076,0.0,0.9718362241983414,0.0,289.46327822329476,34.02175975451246
168,-0.9677300453186035,-445.39803501591086,0.35421058535575867,0.0,0.18733283877372742,0.0,0.42208048701286316,0.0,0.9636239111423492,0.0,290.4269021344371,34.02175975451246
169,-0.9606412053108215,-446.3586762212217,0.3527388870716095,0.0,0.18591776490211487,0.0,0.41900184750556946,0.0,0.9576584994792938,0.0,291.3845606339164,34.02175975451246
170,-0.9551572203636169,-447.3138334415853,0.3514370918273926,0.0,0.18461598455905914,0.0,0.4166029393672943,0.0,0.952656015753746,0.0,292.33721664967015,34.02175975451246
171,-0.9594203233718872,-448.2732537649572,0.35007867217063904,0.0,0.1873515099287033,0.0,0.4188297688961029,0.0,0.9562599509954453,0.0,293.2934766006656,34.02175975451246
172,-1.002347707748413,-449.2756014727056,0.34860697388648987,0.0,0.20223666727542877,0.0,0.4351603388786316,0.0,0.9860039800405502,0.0,294.27948058070615,34.02175975451246
173,-4.977833271026611,-454.2534347437322,2.916538715362549,0.0,0.23087537288665771,0.0,0.49980950355529785,0.0,3.6472235918045044,0.0,297.92670417251065,34.02175975451246
174,-3.344698429107666,-457.5981331728399,0.384336918592453,0.0,0.23963414132595062,0.0,1.133434534072876,0.0,1.7574055939912796,0.0,299.68410976650193,34.02175975451246
175,-2.0772058963775635,-459.67533906921744,0.1516353189945221,0.0,0.7369452714920044,0.0,0.513803243637085,0.0,1.4023838341236115,0.0,301.08649360062554,34.02175975451246
176,-2.507086753845215,-462.18242582306266,1.1688817739486694,0.0,0.20974469184875488,0.0,0.19867007434368134,0.0,1.5772965401411057,0.0,302.66379014076665,34.02175975451246
177,-0.8819356560707092,-463.06436147913337,0.0,0.6238800287246704,0.18657486140727997,0.0,0.0,0.031356967985630035,0.0,0.4686621353030205,302.66379014076665,34.49042188981548
178,-0.11286075413227081,-463.17722223326564,0.0,0.9074476957321167,0.03914664313197136,0.0,0.0,0.2856380045413971,0.0,1.1539390571415424,302.66379014076665,35.64436094695702
179,-0.26879435777664185,-463.4460165910423,0.0,1.0420626401901245,0.19224512577056885,0.0,0.0,0.45010045170783997,0.0,1.2999179661273956,302.66379014076665,36.94427891308442
180,-0.09612256288528442,-463.54213915392756,0.0,1.1424123048782349,0.0,0.10660106688737869,0.0,0.5544579029083252,0.0,1.8034712746739388,302.66379014076665,38.747750187758356
181,-0.5161392688751221,-464.0582784228027,0.0,0.8901332020759583,0.34409284591674805,0.0,0.0,0.5087555646896362,0.0,1.0547959208488464,302.66379014076665,39.8025461086072
182,-0.3385913074016571,-464.39686973020434,0.0,0.9799602627754211,0.33308976888656616,0.0,0.0,0.48432299494743347,0.0,1.1311934888362885,302.66379014076665,40.93373959744349
183,-0.16654488444328308,-464.5634146146476,0.0,0.8368264436721802,0.0,0.16624821722507477,0.0,0.3632165491580963,0.0,1.3662912100553513,302.66379014076665,42.30003080749884
184,0.0,-464.5634146146476,0.0,0.556738018989563,0.0,0.1549270749092102,0.0,0.19272230565547943,0.0,0.9043873995542526,302.66379014076665,43.204418207053095
185,-0.5328869819641113,-465.09630159661174,0.0,0.008356096222996712,0.0,0.009429455734789371,0.3552579879760742,0.0,0.33747243601828814,0.0,303.00126257678494,43.204418207053095
186,-1.94392728805542,-467.04022888466716,0.6814900636672974,0.0,0.1543160378932953,0.0,0.5785647034645081,0.0,1.4143708050251007,0.0,304.41563338181004,43.204418207053095
187,-3.6329498291015625,-470.6731787137687,1.0584359169006348,0.0,0.35834044218063354,0.0,1.476647138595581,0.0,2.8934234976768494,0.0,307.3090568794869,43.204418207053095
188,-3.304753065109253,-473.977931778878,0.8434675931930542,0.0,0.36468249559402466,0.0,1.816180944442749,0.0,3.024331033229828,0.0,310.3333879127167,43.204418207053095
189,-2.6581039428710938,-476.63603572174907,0.5447744131088257,0.0,0.3876185119152069,0.0,1.3136118650436401,0.0,2.2460047900676727,0.0,312.5793927027844,43.204418207053095
190,-2.0588462352752686,-478.69488195702434,0.3604939579963684,0.0,0.3296126127243042,0.0,1.1815810203552246,0.0,1.8716875910758972,0.0,314.4510802938603,43.204418207053095
191,-1.546032190322876,-480.2409141473472,0.3560788035392761,0.0,0.18901224434375763,0.0,0.6752856969833374,0.0,1.2203767448663712,0.0,315.67145703872666,43.204418207053095
192,-1.5649549961090088,-481.8058691434562,0.6707591414451599,0.0,0.18733283877372742,0.0,0.42208048701286316,0.0,1.2801724672317505,0.0,316.9516295059584,43.204418207053095
193,-1.2967402935028076,-483.102609436959,0.34507817029953003,0.0,0.307964563369751,0.0,0.41900184750556946,0.0,1.0720445811748505,0.0,318.02367408713326,43.204418207053095
194,-1.0187091827392578,-484.1213186196983,0.3514370918273926,0.0,0.18461598455905914,0.0,0.4166029393672943,0.0,0.952656015753746,0.0,318.976330102887,43.204418207053095
195,-0.9594203233718872,-485.0807389430702,0.35007867217063904,0.0,0.1873515099287033,0.0,0.4188297688961029,0.0,0.9562599509954453,0.0,319.93259005388245,43.204418207053095
196,-1.002347707748413,-486.0830866508186,0.34860697388648987,0.0,0.20223666727542877,0.0,0.4351603388786316,0.0,0.9860039800405502,0.0,320.918594033923,43.204418207053095
197,-1.1261906623840332,-487.2092773132026,0.3487769067287445,0.0,0.23087537288665771,0.0,0.49980950355529785,0.0,1.0794617831707,0.0,321.9980558170937,43.204418207053095
198,-2.3142104148864746,-489.5234877280891,1.1771295070648193,0.0,0.24088947474956512,0.0,0.4542064964771271,0.0,1.8722254782915115,0.0,323.8702812953852,43.204418207053095
199,-1.5114960670471191,-491.0349837951362,0.09793445467948914,0.0,0.3024880588054657,0.0,0.5118532776832581,0.0,0.9122757911682129,0.0,324.7825570865534,43.204418207053095
200,-2.706024408340454,-493.74100820347667,1.3969422578811646,0.0,0.24484512209892273,0.0,0.25997012853622437,0.0,1.9017575085163116,0.0,326.68431459506974,43.204418207053095
201,-1.0967998504638672,-494.83780805394053,0.0,0.6303125619888306,0.23515954613685608,0.0,0.05668264627456665,0.0,0.0,0.33847036957740784,326.68431459506974,43.5428885766305
202,-0.2025885134935379,-495.0403965674341,0.0,0.9267101287841797,0.10197068750858307,0.0,0.011364126577973366,0.0,0.0,0.8133753146976233,326.68431459506974,44.356263891328126
203,-0.38546985387802124,-495.4258664213121,0.0,0.5439062714576721,0.1573142409324646,0.0,0.1374439299106598,0.0,0.0,0.24914810061454773,326.68431459506974,44.605411991942674
204,-0.15142303705215454,-495.57728945836425,0.0,0.35866621136665344,0.008087906055152416,0.0,0.0,0.16686540842056274,0.0,0.5174437137320638,326.68431459506974,45.12285570567474
205,-7.488748863339424,-503.0660383217037,0.0,0.08942629396915436,0.025905432179570198,0.0,4.969289779663086,0.0,4.905768917873502,0.0,331.59008351294324,45.12285570567474
206,-3.6598901748657227,-506.7259284965694,0.487641304731369,0.0,0.0,0.1010127067565918,0.8616608381271362,0.0,1.2482894361019135,0.0,332.83837294904515,45.12285570567474
207,-0.9390120506286621,-507.66494054719806,0.1957930475473404,0.0,0.05972663313150406,0.0,0.1537490040063858,0.0,0.40926868468523026,0.0,333.2476416337304,45.12285570567474
208,-0.35404860973358154,-508.01898915693164,0.0,0.24827715754508972,0.04585401341319084,0.0,0.18682417273521423,0.0,0.0,0.015598971396684647,333.2476416337304,45.13845467707142
209,-1.5200393199920654,-509.5390284769237,0.1961147040128708,0.0,0.1650208830833435,0.0,0.729783296585083,0.0,1.0909188836812973,0.0,334.3385605174117,45.13845467707142
210,-3.229403495788574,-512.7684319727123,0.3991195857524872,0.0,0.29596030712127686,0.0,1.8214954137802124,0.0,2.5165753066539764,0.0,336.85513582406566,45.13845467707142
211,-3.3041906356811523,-516.0726226083934,0.9786856770515442,0.0,0.3576768636703491,0.0,1.472878098487854,0.0,2.8092406392097473,0.0,339.6643764632754,45.13845467707142
212,-2.4346261024475098,-518.5072487108409,0.6107575297355652,0.0,0.36468249559402466,0.0,1.0705604553222656,0.0,2.0460004806518555,0.0,341.71037694392726,45.13845467707142
213,-2.296450614929199,-520.8036993257701,0.6353296637535095,0.0,0.3876185119152069,0.0,1.1900190114974976,0.0,2.212967187166214,0.0,343.9233441310935,45.13845467707142
214,-2.830294609069824,-523.63399393484,0.48252609372138977,0.0,0.9190770387649536,0.0,0.9831019043922424,0.0,2.384705036878586,0.0,346.30804916797206,45.13845467707142
215,-1.6971771717071533,-525.3311711065471,0.3938917815685272,0.0,0.18901224434375763,0.0,0.4267451763153076,0.0,1.0096492022275925,0.0,347.31769837019965,45.13845467707142
216,-0.9879509210586548,-526.3191220276058,0.3568393290042877,0.0,0.18733283877372742,0.0,0.42208048701286316,0.0,0.9662526547908783,0.0,348.28395102499053,45.13845467707142
217,-0.9581252336502075,-527.277247261256,0.34507817029953003,0.0,0.18591776490211487,0.0,0.41900184750556946,0.0,0.9499977827072144,0.0,349.23394880769774,45.13845467707142
218,-1.2843434810638428,-528.5615907423198,0.5692089200019836,0.0,0.18461598455905914,0.0,0.4166029393672943,0.0,1.170427843928337,0.0,350.4043766516261,45.13845467707142
219,-1.0683062076568604,-529.6298969499767,0.35007867217063904,0.0,0.1873515099287033,0.0,0.4188297688961029,0.0,0.9562599509954453,0.0,351.3606366026215,45.13845467707142
220,-1.002347707748413,-530.6322446577251,0.34860697388648987,0.0,0.20223666727542877,0.0,0.4351603388786316,0.0,0.9860039800405502,0.0,352.3466405826621,45.13845467707142
221,-3.2001233100891113,-533.8323679678142,1.7313987016677856,0.0,0.23087537288665771,0.0,0.49980950355529785,0.0,2.462083578109741,0.0,354.8087241607718,45.13845467707142
222,-1.732823133468628,-535.5651911012828,0.30128347873687744,0.0,0.2383204847574234,0.0,0.44906851649284363,0.0,0.9886724799871445,0.0,355.79739664075896,45.13845467707142
223,-0.7889206409454346,-536.3541117422283,0.057517584413290024,0.0,0.20612981915473938,0.0,0.3255213499069214,0.0,0.5891687534749508,0.0,356.3865653942339,45.13845467707142
224,-0.40201467275619507,-536.7561264149845,0.0,0.39134976267814636,0.1452266275882721,0.0,0.06963396817445755,0.0,0.0,0.17648916691541672,356.3865653942339,45.31494384398684
225,-0.3295717276632786,-537.0856981426477,0.0,0.7491872310638428,0.2449120432138443,0.0,0.0,0.11053763329982758,0.0,0.614812821149826,356.3865653942339,45.929756665136665
226,-0.17541396617889404,-537.2611121088266,0.0,0.9638462066650391,0.10591587424278259,0.0,0.0,0.16139096021652222,0.0,1.0193212926387787,356.3865653942339,46.949077957775444
227,-0.052957937121391296,-537.314070045948,0.0,1.1795684099197388,0.0,0.028032707050442696,0.0,0.5876062512397766,0.0,1.795207368209958,356.3865653942339,48.7442853259854
228,-0.05692422017455101,-537.3709942661226,0.0,0.9936406016349792,0.03794948011636734,0.0,0.0,0.27996915578842163,0.0,1.2356602773070335,356.3865653942339,49.979945603292435
229,-12.252481460571289,-549.6234757266939,0.0,1.003985047340393,8.180971145629883,0.0,0.0,0.6080606579780579,6.568925440311432,0.0,362.95549083454534,49.979945603292435
230,-4.090485572814941,-553.7139612995088,0.0,1.0160142183303833,0.0,0.1581920087337494,0.0,0.5203769207000732,0.0,1.694583147764206,362.95549083454534,51.67452875105664
231,0.0,-553.7139612995088,0.0,0.6432213187217712,0.0,0.04518565908074379,0.0,0.31277215480804443,0.0,1.0011791326105595,362.95549083454534,52.6757078836672
232,-8.595552682876587,-562.3095139823854,4.113112926483154,0.0,0.0,0.008898989297449589,1.617255687713623,0.0,5.721469624899328,0.0,368.6769604594447,52.6757078836672
233,-3.3267483711242676,-565.6362623535097,0.07977397739887238,0.0,0.14066290855407715,0.0,0.4213652014732361,0.0,0.6418020874261856,0.0,369.31876254687086,52.6757078836672
234,-3.3484649658203125,-568.98472731933,1.3207228183746338,0.0,0.5330559015274048,0.0,0.592465341091156,0.0,2.4462440609931946,0.0,371.76500660786405,52.6757078836672
235,-3.2317819595336914,-572.2165092788637,0.8556849360466003,0.0,0.3578053414821625,0.0,1.3295866250991821,0.0,2.543076902627945,0.0,374.308083510492,52.6757078836672
236,-2.5818910598754883,-574.7984003387392,1.1676297187805176,0.0,0.36468249559402466,0.0,0.4507490396499634,0.0,1.9830612540245056,0.0,376.2911447645165,52.6757078836672
237,-2.9058291912078857,-577.704229529947,0.6075669527053833,0.0,0.19623863697052002,0.0,1.3087632656097412,0.0,2.1125688552856445,0.0,378.40371361980215,52.6757078836672
238,-2.3058066368103027,-580.0100361667573,1.028313398361206,0.0,0.19325745105743408,0.0,0.4359810948371887,0.0,1.6575519442558289,0.0,380.061265564058,52.6757078836672
239,-1.3146940469741821,-581.3247302137315,0.3560788035392761,0.0,0.18901224434375763,0.0,0.4267451763153076,0.0,0.9718362241983414,0.0,381.0331017882563,52.6757078836672
240,-0.9677300453186035,-582.2924602590501,0.35421058535575867,0.0,0.18733283877372742,0.0,0.42208048701286316,0.0,0.9636239111423492,0.0,381.99672569939867,52.6757078836672
241,-0.9606412053108215,-583.253101464361,0.3527388870716095,0.0,0.18591776490211487,0.0,0.41900184750556946,0.0,0.9576584994792938,0.0,382.95438419887796,52.6757078836672
242,-0.9551572203636169,-584.2082586847246,0.3514370918273926,0.0,0.18461598455905914,0.0,0.4166029393672943,0.0,0.952656015753746,0.0,383.9070402146317,52.6757078836672
243,-0.9594203233718872,-585.1676790080965,0.35007867217063904,0.0,0.1873515099287033,0.0,0.4188297688961029,0.0,0.9562599509954453,0.0,384.86330016562715,52.6757078836672
244,-0.9959123134613037,-586.1635913215578,0.3357362449169159,0.0,0.20223666727542877,0.0,0.4351603388786316,0.0,0.9731332510709763,0.0,385.8364334166981,52.6757078836672
245,-1.1717162132263184,-587.3353075347841,0.3468944728374481,0.0,0.23087537288665771,0.0,0.5277521014213562,0.0,1.105521947145462,0.0,386.9419553638436,52.6757078836672
246,-6.127831935882568,-593.4631394706666,0.3362347483634949,0.0,0.24239176511764526,0.0,3.8679957389831543,0.0,4.446622252464294,0.0,391.3885776163079,52.6757078836672
247,-3.960521697998047,-597.4236611686647,1.1351090669631958,0.0,0.21149376034736633,0.0,0.5300699472427368,0.0,1.876672774553299,0.0,393.2652503908612,52.6757078836672
248,-2.9294662475585938,-600.3531274162233,0.7994797825813293,0.0,1.0725849866867065,0.0,0.38801226019859314,0.0,2.260077029466629,0.0,395.5253274203278,52.6757078836672
249,-1.9456005096435547,-602.2987279258668,0.0,0.16169406473636627,0.2862636148929596,0.0,0.7069616317749023,0.0,0.8315311819314957,0.0,396.3568586022593,52.6757078836672
250,-0.49661262333393097,-602.7953405492008,0.0,0.5522568821907043,0.0,0.01259163673967123,0.0,0.14417864382266998,0.0,0.7090271627530456,396.3568586022593,53.384735046420246
251,0.0,-602.7953405492008,0.0,0.8463038802146912,0.0,0.06984102725982666,0.0,0.48367542028427124,0.0,1.399820327758789,396.3568586022593,54.784555374179035
252,0.0,-602.7953405492008,0.0,1.100285291671753,0.0,0.08553756773471832,0.0,0.5123308897018433,0.0,1.6981537491083145,396.3568586022593,56.48270912328735
253,-1.102245606482029,-603.8975861556828,0.0,1.0048272609710693,0.7111999988555908,0.0,0.023630404844880104,0.0,0.0,0.2699968572705984,396.3568586022593,56.75270598055795
254,-8.345714569091797,-612.2433007247746,5.203329086303711,0.0,0.3234153687953949,0.0,0.023197468370199203,0.0,5.549941923469305,0.0,401.9068005257286,56.75270598055795
255,-2.7749710083007812,-615.0182717330754,0.0,0.8221708536148071,0.0,0.15892040729522705,0.0,0.3485609292984009,0.0,1.329652190208435,401.9068005257286,58.08235817076638
256,-0.2897413969039917,-615.3080131299794,0.19316093623638153,0.0,0.0,0.12396221607923508,0.0,0.13079260289669037,0.0,0.061593882739543915,401.9068005257286,58.14395205350593
257,-1.075242042541504,-616.3832551725209,0.5760786533355713,0.0,0.006998308934271336,0.0,0.1981380730867386,0.0,0.7812150353565812,0.0,402.6880155610852,58.14395205350593
258,-2.309573173522949,-618.6928283460438,0.836626410484314,0.0,0.15649878978729248,0.0,0.8069952130317688,0.0,1.8001204133033752,0.0,404.48813597438857,58.14395205350593
259,-1.9954798221588135,-620.6883081682026,0.5181800127029419,0.0,0.2190180867910385,0.0,0.9808642864227295,0.0,1.71806238591671,0.0,406.2061983603053,58.14395205350593
260,-2.1757428646087646,-622.8640510328114,0.4469718635082245,0.0,0.20169100165367126,0.0,1.3154963254928589,0.0,1.9641591906547546,0.0,408.17035755096003,58.14395205350593
261,-12.027335166931152,-634.8913861997426,0.3636639416217804,0.0,0.19623863697052002,0.0,8.05386734008789,0.0,8.613769918680191,0.0,416.7841274696402,58.14395205350593
262,-4.938531398773193,-639.8299175985157,0.3604939579963684,0.0,0.19325745105743408,0.0,0.7095414996147156,0.0,1.263292908668518,0.0,418.04742037830874,58.14395205350593
263,-2.253146171569824,-642.0830637700856,0.8147399425506592,0.0,0.18901224434375763,0.0,0.9166128635406494,0.0,1.9203650504350662,0.0,419.9677854287438,58.14395205350593
264,-1.441994547843933,-643.5250583179295,0.35421058535575867,0.0,0.18733283877372742,0.0,0.42208048701286316,0.0,0.9636239111423492,0.0,420.93140933988616,58.14395205350593
265,-0.9606412053108215,-644.4856995232403,0.3527388870716095,0.0,0.18591776490211487,0.0,0.41900184750556946,0.0,0.9576584994792938,0.0,421.88906783936545,58.14395205350593
266,-0.9551572203636169,-645.440856743604,0.3514370918273926,0.0,0.18461598455905914,0.0,0.4166029393672943,0.0,0.952656015753746,0.0,422.8417238551192,58.14395205350593
267,-0.9594203233718872,-646.4002770669758,0.35007867217063904,0.0,0.1873515099287033,0.0,0.4188297688961029,0.0,0.9562599509954453,0.0,423.79798380611464,58.14395205350593
268,-1.002347707748413,-647.4026247747242,0.34860697388648987,0.0,0.20223666727542877,0.0,0.4351603388786316,0.0,0.9860039800405502,0.0,424.7839877861552,58.14395205350593
269,-1.1669933795928955,-648.5696181543171,0.3468944728374481,0.0,0.23087537288665771,0.0,0.5277521014213562,0.0,1.105521947145462,0.0,425.88950973330066,58.14395205350593
270,-1.0800565481185913,-649.6496747024357,0.3350120782852173,0.0,0.24178043007850647,0.0,0.45598840713500977,0.0,1.0327809154987335,0.0,426.9222906487994,58.14395205350593
271,-0.841119110584259,-650.49079381302,0.11037639528512955,0.0,0.20860640704631805,0.0,0.33047452569007874,0.0,0.6494573280215263,0.0,427.5717479768209,58.14395205350593
272,-0.6305896639823914,-651.1213834770024,0.0,0.30443722009658813,0.29079610109329224,0.0,0.15654651820659637,0.0,0.14290539920330048,0.0,427.7146533760242,58.14395205350593
273,-1.121002972126007,-652.2423864491284,0.0,0.48703962564468384,0.7553882002830505,0.0,0.11009092628955841,0.0,0.3784395009279251,0.0,428.09309287695214,58.14395205350593
274,-0.45888370275497437,-652.7012701518834,0.017429426312446594,0.0,0.0,0.007893882691860199,0.0,0.3797190487384796,0.0,0.3701835051178932,428.09309287695214,58.51413555862382
275,-0.012741940096020699,-652.7140120919794,0.008054452948272228,0.0,0.0,0.03747405856847763,0.0,0.418941468000412,0.0,0.4483610736206174,428.09309287695214,58.96249663224444
276,-0.2081167339347303,-652.9221288259141,0.0,1.138273000717163,0.13605967164039612,0.0,0.0,0.5503185391426086,0.0,1.5525318682193756,428.09309287695214,60.51502850046381
277,-0.7028450965881348,-653.6249739225022,0.0,1.0237867832183838,0.5139166116714478,0.0,0.0,0.09319671243429184,0.0,0.6030668839812279,428.09309287695214,61.11809538444504
278,-0.46415315568447113,-654.0891270781867,0.0,1.038109540939331,0.32646992802619934,0.0,0.029306599870324135,0.0,0.0,0.6823330130428076,428.09309287695214,61.80042839748785
279,-1.9562052488327026,-656.0453323270194,1.1855446100234985,0.0,0.0,0.1454814225435257,0.0,0.49624112248420715,0.5438220649957657,0.0,428.6369149419479,61.80042839748785
280,-7.2263078689575195,-663.2716401959769,5.212719917297363,0.0,0.0,0.15689289569854736,0.0,0.19665394723415375,4.859173074364662,0.0,433.49608801631257,61.80042839748785
281,-4.4403252601623535,-667.7119654561393,0.9082015156745911,0.0,0.266985148191452,0.0,0.6529245972633362,0.0,1.8281112611293793,0.0,435.32419927744195,61.80042839748785
282,-2.8395957946777344,-670.551561250817,1.3047536611557007,0.0,0.27689045667648315,0.0,0.9207901358604431,0.0,2.502434253692627,0.0,437.8266335311346,61.80042839748785
283,-6.8755621910095215,-677.4271234418266,1.331661581993103,0.0,0.3581482172012329,0.0,3.7280430793762207,0.0,5.417852878570557,0.0,443.24448640970513,61.80042839748785
284,-5.085549354553223,-682.5126727963798,1.1457839012145996,0.0,0.36468249559402466,0.0,3.229710578918457,0.0,4.740176975727081,0.0,447.9846633854322,61.80042839748785
285,-6.048079490661621,-688.5607522870414,0.6824634075164795,0.0,0.507914125919342,0.0,4.112854480743408,0.0,5.30323201417923,0.0,453.28789539961144,61.80042839748785
286,-11.291438102722168,-699.8521903897636,0.588736891746521,0.0,0.3296126127243042,0.0,8.19566822052002,0.0,9.114017724990845,0.0,462.4019131246023,61.80042839748785
287,-5.408564567565918,-705.2607549573295,0.3560788035392761,0.0,0.18901224434375763,0.0,1.15802001953125,0.0,1.7031110674142838,0.0,464.1050241920166,61.80042839748785
288,-1.4546806812286377,-706.7154356385581,0.35421058535575867,0.0,0.18733283877372742,0.0,0.6647070646286011,0.0,1.2062504887580872,0.0,465.31127468077466,61.80042839748785
289,-1.0819544792175293,-707.7973901177756,0.3527388870716095,0.0,0.18591776490211487,0.0,0.41900184750556946,0.0,0.9576584994792938,0.0,466.26893318025395,61.80042839748785
290,-1.3130428791046143,-709.1104329968803,0.3514370918273926,0.0,0.42407429218292236,0.0,0.4166029393672943,0.0,1.1921143233776093,0.0,467.46104750363156,61.80042839748785
291,-1.0764139890670776,-710.1868469859473,0.35007867217063904,0.0,0.1873515099287033,0.0,0.4188297688961029,0.0,0.9562599509954453,0.0,468.417307454627,61.80042839748785
292,-1.002347707748413,-711.1891946936958,0.34860697388648987,0.0,0.20223666727542877,0.0,0.4351603388786316,0.0,0.9860039800405502,0.0,469.40331143466756,61.80042839748785
293,-1.1261906623840332,-712.3153853560798,0.3487769067287445,0.0,0.23087537288665771,0.0,0.49980950355529785,0.0,1.0794617831707,0.0,470.48277321783826,61.80042839748785
294,-2.444350004196167,-714.759735360276,0.3086540102958679,0.0,0.24200575053691864,0.0,1.4119789600372314,0.0,1.962638720870018,0.0,472.4454119387083,61.80042839748785
295,-3.4135894775390625,-718.173324837815,0.052045077085494995,0.0,0.30349618196487427,0.0,2.403325319290161,0.0,2.7588665783405304,0.0,475.2042785170488,61.80042839748785
296,-1.5166852474212646,-719.6900100852363,0.0,0.30276864767074585,0.1651078164577484,0.0,0.10939634591341019,0.0,0.0,0.02826448529958725,475.2042785170488,61.828692882787436
297,-0.21477783098816872,-719.9047879162244,0.0,0.6869267225265503,0.15505149960517883,0.0,0.0,0.0944036915898323,0.0,0.6262789145112038,475.2042785170488,62.45497179729864
298,-0.32581061124801636,-720.2305985274725,0.0,0.9478568434715271,0.018942054361104965,0.0,0.1592092216014862,0.0,0.0,0.7697055675089359,475.2042785170488,63.224677364807576
299,-0.39867962896823883,-720.6292781564407,0.0,0.976818859577179,0.2190306931734085,0.0,0.0,0.38485661149024963,0.0,1.14264477789402,475.2042785170488,64.3673221427016
300,-0.10951534658670425,-720.7387935030274,0.0,1.0798332691192627,0.0,0.0753115639090538,0.0,0.4918789267539978,0.0,1.6470237597823143,475.2042785170488,66.01434590248391
301,-0.488325834274292,-721.2271193373017,0.0,1.1599277257919312,0.32555055618286133,0.0,0.0,0.02245255373418331,0.0,0.8568297233432531,475.2042785170488,66.87117562582716
302,-0.16277527809143066,-721.3898946153931,0.0,1.032222032546997,0.0,0.23371729254722595,0.0,0.6592313647270203,0.0,1.9251706898212433,475.2042785170488,68.7963463156484
303,-0.31735241413116455,-721.7072470295243,0.21156826615333557,0.0,0.0,0.17652453482151031,0.0,0.3837691843509674,0.0,0.34872545301914215,475.2042785170488,69.14507176866755
304,-0.7405685186386108,-722.4478155481629,0.5642350912094116,0.0,0.0,0.1597829908132553,0.0,0.01962175779044628,0.38483034260571003,0.0,475.5891088596545,69.14507176866755
305,-0.48814280331134796,-722.9359583514743,0.0,0.03628847002983093,0.0,0.023395642638206482,0.1373501718044281,0.0,0.07766605913639069,0.0,475.6667749187909,69.14507176866755
306,-1.8457303047180176,-724.7816886561923,0.43507087230682373,0.0,0.27634379267692566,0.0,0.5648555755615234,0.0,1.2762702405452728,0.0,476.9430451593362,69.14507176866755
307,-4.502213478088379,-729.2839021342807,1.6135226488113403,0.0,0.35911455750465393,0.0,1.4542618989944458,0.0,3.42689910531044,0.0,480.3699442646466,69.14507176866755
308,-3.3484370708465576,-732.6323392051272,1.2238845825195312,0.0,0.6678882837295532,0.0,0.7606547474861145,0.0,2.652427613735199,0.0,483.0223718783818,69.14507176866755
309,-3.137044906616211,-735.7693841117434,0.45421919226646423,0.0,0.3876185119152069,0.0,1.433711290359497,0.0,2.275548994541168,0.0,485.297920872923,69.14507176866755
310,-4.022538185119629,-739.791922296863,0.4215100109577179,0.0,1.2874383926391602,0.0,1.70945405960083,0.0,3.418402463197708,0.0,488.7163233361207,69.14507176866755
311,-3.0821774005889893,-742.874099697452,0.8293225765228271,0.0,0.18901224434375763,0.0,0.9119924306869507,0.0,1.9303272515535355,0.0,490.64665058767423,69.14507176866755
312,-1.4469757080078125,-744.3210754054599,0.35421058535575867,0.0,0.18733283877372742,0.0,0.42208048701286316,0.0,0.9636239111423492,0.0,491.6102744988166,69.14507176866755
313,-1.137991189956665,-745.4590665954165,0.3527388870716095,0.0,0.3050944209098816,0.0,0.41900184750556946,0.0,1.0768351554870605,0.0,492.68710965430364,69.14507176866755
314,-1.0147454738616943,-746.4738120692782,0.3514370918273926,0.0,0.18461598455905914,0.0,0.4166029393672943,0.0,0.952656015753746,0.0,493.6397656700574,69.14507176866755
315,-0.9594203233718872,-747.4332323926501,0.35007867217063904,0.0,0.1873515099287033,0.0,0.4188297688961029,0.0,0.9562599509954453,0.0,494.59602562105283,69.14507176866755
316,-1.002347707748413,-748.4355801003985,0.34860697388648987,0.0,0.20223666727542877,0.0,0.4351603388786316,0.0,0.9860039800405502,0.0,495.5820296010934,69.14507176866755
317,-1.1250795125961304,-749.5606596129946,0.3468944728374481,0.0,0.23087537288665771,0.0,0.49980950355529785,0.0,1.0775793492794037,0.0,496.6596089503728,69.14507176866755
318,-1.8144463300704956,-751.3751059430651,0.773635745048523,0.0,0.30857521295547485,0.0,0.4602200984954834,0.0,1.5424310564994812,0.0,498.20204000687227,69.14507176866755
319,-4.356857776641846,-755.731963719707,2.5825929641723633,0.0,0.3204438388347626,0.0,0.515678882598877,0.0,3.418715685606003,0.0,501.62075569247827,69.14507176866755
320,-4.663619518280029,-760.395583237987,0.0,0.337597131729126,1.0635040998458862,0.0,1.46341872215271,0.0,2.18932569026947,0.0,503.81008138274774,69.14507176866755
321,-1.3328762650489807,-761.728459503036,0.0,0.7193703055381775,0.13882970809936523,0.0,0.0,0.1268472671508789,0.0,0.7073878645896912,503.81008138274774,69.85245963325724
322,-0.4547356367111206,-762.1831951397471,0.0,1.0019334554672241,0.34943366050720215,0.0,0.0,0.3801237940788269,0.0,1.0326235890388489,503.81008138274774,70.88508322229609
323,-9.934170246124268,-772.1173653858714,0.0,1.07184898853302,4.272955894470215,0.0,2.4663021564483643,0.0,5.667409062385559,0.0,509.4774904451333,70.88508322229609
324,-5.190244674682617,-777.307610060554,1.2137436866760254,0.0,0.0,0.013881473802030087,0.0,0.6073720455169678,0.5924901673570275,0.0,510.0699806124903,70.88508322229609
325,-1.7377303838729858,-779.045340444427,1.071484088897705,0.0,0.3567659854888916,0.0,0.039978355169296265,0.0,1.468228429555893,0.0,511.5382090420462,70.88508322229609
326,-0.8889974355697632,-779.9343378799967,0.0,1.0266070365905762,0.30976638197898865,0.0,0.0,0.004100480116903782,0.0,0.7209411347284913,511.5382090420462,71.60602435702458
327,-0.15488319098949432,-780.0892210709862,0.0,0.755424439907074,0.0,1.610086441040039,0.0,0.3817931115627289,0.0,2.747303992509842,511.5382090420462,74.35332834953442
328,0.0,-780.0892210709862,0.0,0.4753243625164032,0.0,1.6270638704299927,0.0,0.22303542494773865,0.0,2.3254236578941345,511.5382090420462,76.67875200742856
329,-1.015580654144287,-781.1048017251305,0.0,0.10436397790908813,0.6770537495613098,0.0,0.0,1.0585092306137085,0.0,0.4858194589614868,511.5382090420462,77.16457146639004
330,-2.186406135559082,-783.2912078606896,0.42546793818473816,0.0,0.1426600068807602,0.0,0.7588981986045837,0.0,1.327026143670082,0.0,512.8652351857163,77.16457146639004
331,-4.425058364868164,-787.7162662255578,0.7432829141616821,0.0,0.5349542498588562,0.0,2.1141438484191895,0.0,3.392381012439728,0.0,516.257616198156,77.16457146639004
332,-3.650766372680664,-791.3670325982384,0.6107575297355652,0.0,0.36468249559402466,0.0,2.3873331546783447,0.0,3.3627731800079346,0.0,519.620389378164,77.16457146639004
333,-2.578784942626953,-793.9458175408654,0.5447744131088257,0.0,0.3876185119152069,0.0,0.8165318369865417,0.0,1.7489247620105743,0.0,521.3693141401745,77.16457146639004
334,-1.9363585710525513,-795.8821761119179,0.5866143703460693,0.0,0.3296126127243042,0.0,0.9189830422401428,0.0,1.8352100253105164,0.0,523.204524165485,77.16457146639004
335,-1.998000979423523,-797.8801770913415,0.3560788035392761,0.0,0.18901224434375763,0.0,1.1512223482131958,0.0,1.6963133960962296,0.0,524.9008375615813,77.16457146639004
336,-1.3299685716629028,-799.2101456630044,0.35421058535575867,0.0,0.18733283877372742,0.0,0.42208048701286316,0.0,0.9636239111423492,0.0,525.8644614727236,77.16457146639004
337,-0.9606412053108215,-800.1707868683152,0.3527388870716095,0.0,0.18591776490211487,0.0,0.41900184750556946,0.0,0.9576584994792938,0.0,526.8221199722029,77.16457146639004
338,-0.9551572203636169,-801.1259440886788,0.3514370918273926,0.0,0.18461598455905914,0.0,0.4166029393672943,0.0,0.952656015753746,0.0,527.7747759879567,77.16457146639004
339,-0.9594203233718872,-802.0853644120507,0.35007867217063904,0.0,0.1873515099287033,0.0,0.4188297688961029,0.0,0.9562599509954453,0.0,528.7310359389521,77.16457146639004
340,-2.5960025787353516,-804.681366990786,1.412024736404419,0.0,0.20223666727542877,0.0,0.4351603388786316,0.0,2.0494217425584793,0.0,530.7804576815106,77.16457146639004
341,-1.655847191810608,-806.3372141825967,0.3450120687484741,0.0,0.23087537288665771,0.0,0.49980950355529785,0.0,1.0756969451904297,0.0,531.856154626701,77.16457146639004
342,-1.332455039024353,-807.669669221621,0.3177548944950104,0.0,0.31123512983322144,0.0,0.5997075438499451,0.0,1.2286975681781769,0.0,533.0848521948792,77.16457146639004
343,-2.9913220405578613,-810.6609912621789,0.10976297408342361,0.0,0.30840232968330383,0.0,1.8450653553009033,0.0,2.2632306590676308,0.0,535.3480828539468,77.16457146639004
344,-10.376405715942383,-821.0373969781213,0.6695652604103088,0.0,5.495115280151367,0.0,0.8318696022033691,0.0,6.996550142765045,0.0,542.3446329967119,77.16457146639004
345,-4.70733642578125,-825.7447334039025,0.0,0.6684800982475281,2.043917655944824,0.0,0.3742046356201172,0.0,1.7496421933174133,0.0,544.0942751900293,77.16457146639004
346,-1.4613804817199707,-827.2061138856225,0.0,0.8657894134521484,0.5046385526657104,0.0,0.0,0.06333417445421219,0.0,0.4244850352406502,544.0942751900293,77.5890565016307
347,-1.3308489322662354,-828.5369628178887,0.0,1.0811127424240112,1.0554454326629639,0.0,0.0,0.3135860860347748,0.0,0.33925339579582214,544.0942751900293,77.92830989742652
348,-0.5277227163314819,-829.0646855342202,0.0,1.0756162405014038,0.0,0.09675797820091248,0.0,0.534771740436554,0.0,1.7071459591388702,544.0942751900293,79.63545585656539
349,-0.5062980532529764,-829.5709835874732,0.0,1.0898463726043701,0.3370285630226135,0.0,0.000503452611155808,0.0,0.0,0.7523143569706008,544.0942751900293,80.38777021353599
350,-0.8318277597427368,-830.4028113472159,0.0,0.026807889342308044,0.5093199014663696,0.0,0.15774263441562653,0.0,0.6402546465396881,0.0,544.734529836569,80.38777021353599
351,-0.3335312679409981,-830.7363426151569,0.0,0.7100706696510315,0.0,0.12786495685577393,0.0,0.4610081911087036,0.0,1.298943817615509,544.734529836569,81.6867140311515
352,0.0,-830.7363426151569,0.0,0.4796273708343506,0.0,0.14430344104766846,0.0,0.17147503793239594,0.0,0.795405849814415,544.734529836569,82.48211988096591
353,-2.3199660778045654,-833.0563086929615,1.1732442378997803,0.0,0.0,0.006549097131937742,0.3733997941017151,0.0,1.5400949348695576,0.0,546.2746247714385,82.48211988096591
354,-2.390904188156128,-835.4472128811176,0.5882323384284973,0.0,0.1490902453660965,0.0,0.982153594493866,0.0,1.7194761782884598,0.0,547.994100949727,82.48211988096591
355,-1.8272948265075684,-837.2745077076252,0.5922967791557312,0.0,0.21800805628299713,0.0,0.9788442850112915,0.0,1.7891491204500198,0.0,549.783250070177,82.48211988096591
356,-2.5350284576416016,-839.8095361652668,0.6107575297355652,0.0,0.36468249559402466,0.0,1.3109619617462158,0.0,2.2864019870758057,0.0,552.0696520572528,82.48211988096591
357,-4.660094738006592,-844.4696309032734,2.3350934982299805,0.0,0.3876185119152069,0.0,0.8165318369865417,0.0,3.539243847131729,0.0,555.6088959043846,82.48211988096591
358,-2.431776523590088,-846.9014074268634,0.4215100109577179,0.0,0.19325745105743408,0.0,0.7095414996147156,0.0,1.3243089616298676,0.0,556.9332048660144,82.48211988096591
359,-3.9654746055603027,-850.8668820324237,0.3560788035392761,0.0,0.18901224434375763,0.0,2.493544101715088,0.0,3.0386351495981216,0.0,559.9718400156125,82.48211988096591
360,-2.001129627227783,-852.8680116596515,0.35421058535575867,0.0,0.18733283877372742,0.0,0.42208048701286316,0.0,0.9636239111423492,0.0,560.9354639267549,82.48211988096591
361,-1.1363730430603027,-854.0043847027118,0.3527388870716095,0.0,0.3040156662464142,0.0,0.41900184750556946,0.0,1.0757564008235931,0.0,562.0112203275785,82.48211988096591
362,-1.0142061710357666,-855.0185908737476,0.3514370918273926,0.0,0.18461598455905914,0.0,0.4166029393672943,0.0,0.952656015753746,0.0,562.9638763433322,82.48211988096591
363,-0.9594203233718872,-855.9780111971195,0.35007867217063904,0.0,0.1873515099287033,0.0,0.4188297688961029,0.0,0.9562599509954453,0.0,563.9201362943277,82.48211988096591
364,-0.9732637405395508,-856.951274937659,0.3357362449169159,0.0,0.18670983612537384,0.0,0.4351603388786316,0.0,0.9576064199209213,0.0,564.8777427142486,82.48211988096591
365,-1.1493663787841797,-858.1006413164432,0.3468944728374481,0.0,0.238742396235466,0.0,0.49980950355529785,0.0,1.085446372628212,0.0,565.9631890868768,82.48211988096591
366,-1.1745426654815674,-859.2751839819248,0.34379640221595764,0.0,0.310851514339447,0.0,0.4647727310657501,0.0,1.1194206476211548,0.0,567.082609734498,82.48211988096591
367,-3.3746354579925537,-862.6498194399173,1.8698327541351318,0.0,0.3233182430267334,0.0,0.35969290137290955,0.0,2.552843898534775,0.0,569.6354536330327,82.48211988096591
368,-1.7215099334716797,-864.371329373389,0.0,0.1338678002357483,0.3272620737552643,0.0,0.4248040020465851,0.0,0.6181982755661011,0.0,570.2536519085988,82.48211988096591
369,-1.109227180480957,-865.48055655387,0.14676064252853394,0.0,0.42874759435653687,0.0,0.394387811422348,0.0,0.9698960483074188,0.0,571.2235479569063,82.48211988096591
370,-0.637428879737854,-866.1179854336078,0.0,0.43650850653648376,0.16584628820419312,0.0,0.1391153484582901,0.0,0.0,0.13154686987400055,571.2235479569063,82.61366675083991
371,-0.1964934840798378,-866.3144789176877,0.0,0.9015223383903503,0.08802532404661179,0.0,0.0,0.004361285828053951,0.0,0.8178583001717925,571.2235479569063,83.4315250510117
372,-4.190145015716553,-870.5046239334042,2.5415303707122803,0.0,0.09124017506837845,0.0,0.19000130891799927,0.0,2.822771854698658,0.0,574.0463198116049,83.4315250510117
373,-1.4113858938217163,-871.9160098272259,0.0,0.9138545989990234,0.0,0.043571170419454575,0.0,0.39401775598526,0.0,1.351443525403738,574.0463198116049,84.78296857641544
374,-0.056028157472610474,-871.9720379846985,0.0,0.6446906328201294,0.03735210373997688,0.0,0.0,0.2543701231479645,0.0,0.861708652228117,574.0463198116049,85.64467722864356
375,-0.01867605186998844,-871.9907140365685,0.0,0.6583986282348633,0.0,0.1270235776901245,0.0,0.11020905524492264,0.0,0.8956312611699104,574.0463198116049,86.54030848981347
376,-4.6379260420799255,-876.6286400786485,2.581608533859253,0.0,0.0,0.03169924393296242,0.5103422403335571,0.0,3.0602515302598476,0.0,577.1065713418648,86.54030848981347
377,-2.5667076110839844,-879.1953476897324,1.5050020217895508,0.0,0.11727970838546753,0.0,0.1846233606338501,0.0,1.8069050908088684,0.0,578.9134764326736,86.54030848981347
378,-2.6239819526672363,-881.8193296423997,0.8175526261329651,0.0,0.2798459529876709,0.0,0.7959249019622803,0.0,1.8933234810829163,0.0,580.8067999137565,86.54030848981347
379,-3.271204948425293,-885.090534590825,0.9985082149505615,0.0,0.3572947680950165,0.0,1.4561080932617188,0.0,2.8119110763072968,0.0,583.6187109900638,86.54030848981347
380,-4.1082658767700195,-889.198800467595,1.52295982837677,0.0,0.36468249559402466,0.0,1.7885050773620605,0.0,3.6761474013328552,0.0,587.2948583913967,86.54030848981347
381,-3.5678048133850098,-892.76660528098,0.9929230809211731,0.0,0.6686283349990845,0.0,1.1900190114974976,0.0,2.851570427417755,0.0,590.1464288188145,86.54030848981347
382,-2.118447780609131,-894.8850530615891,0.48252609372138977,0.0,0.19325745105743408,0.0,0.7095414996147156,0.0,1.3853250443935394,0.0,591.531753863208,86.54030848981347
383,-1.178580641746521,-896.0636337033357,0.3560788035392761,0.0,0.18901224434375763,0.0,0.4267451763153076,0.0,0.9718362241983414,0.0,592.5035900874063,86.54030848981347
384,-0.9677300453186035,-897.0313637486543,0.35421058535575867,0.0,0.18733283877372742,0.0,0.42208048701286316,0.0,0.9636239111423492,0.0,593.4672139985487,86.54030848981347
385,-0.9606412053108215,-897.9920049539651,0.3527388870716095,0.0,0.18591776490211487,0.0,0.41900184750556946,0.0,0.9576584994792938,0.0,594.424872498028,86.54030848981347
386,-0.9551572203636169,-898.9471621743287,0.3514370918273926,0.0,0.18461598455905914,0.0,0.4166029393672943,0.0,0.952656015753746,0.0,595.3775285137817,86.54030848981347
387,-0.9594203233718872,-899.9065824977006,0.35007867217063904,0.0,0.1873515099287033,0.0,0.4188297688961029,0.0,0.9562599509954453,0.0,596.3337884647772,86.54030848981347
388,-1.2437665462493896,-901.15034904395,0.34860697388648987,0.0,0.36318257451057434,0.0,0.4351603388786316,0.0,1.1469498872756958,0.0,597.4807383520529,86.54030848981347
389,-1.223872423171997,-902.374221467122,0.3487769067287445,0.0,0.238742396235466,0.0,0.5277521014213562,0.0,1.1152714043855667,0.0,598.5960097564384,86.54030848981347
390,-3.9170243740081787,-906.2912458411301,0.30403462052345276,0.0,1.9290889501571655,0.0,0.7201549410820007,0.0,2.953278511762619,0.0,601.549288268201,86.54030848981347
391,-3.179194450378418,-909.4704402915086,0.12697218358516693,0.0,0.5816044211387634,0.0,1.3789477348327637,0.0,2.087524339556694,0.0,603.6368126077577,86.54030848981347
392,-1.9256774187088013,-911.3961177102174,0.25774627923965454,0.0,0.35324275493621826,0.0,0.8912932872772217,0.0,1.5022823214530945,0.0,605.1390949292108,86.54030848981347
393,-1.48102605342865,-912.877143763646,0.0,0.27717259526252747,0.43479281663894653,0.0,0.8618768453598022,0.0,1.0194970667362213,0.0,606.1585919959471,86.54030848981347
394,-1.851564347743988,-914.72870811139,0.0,0.5358102321624756,0.2749073803424835,0.0,1.2851017713546753,0.0,1.0241989195346832,0.0,607.1827909154817,86.54030848981347
395,-1.1470697969198227,-915.8757779083098,0.0,0.35644495487213135,0.2166476845741272,0.0,0.5174827575683594,0.0,0.3776854872703552,0.0,607.5604764027521,86.54030848981347
396,-10.425088882446289,-926.3008667907561,5.3932013511657715,0.0,0.17484444379806519,0.0,1.5988550186157227,0.0,7.166900813579559,0.0,614.7273772163317,86.54030848981347
397,-3.770136833190918,-930.071003623947,0.0,0.06488997489213943,0.1906745284795761,0.0,0.15103794634342194,0.0,0.2768224999308586,0.0,615.0041997162625,86.54030848981347
398,-0.21095343679189682,-930.2819570607389,0.0,0.3616254925727844,0.0801943987607956,0.0,0.0,0.04360410198569298,0.0,0.3250351957976818,615.0041997162625,86.86534368561115
399,-1.1295408308506012,-931.4114978915895,0.6481359601020813,0.0,0.13162270188331604,0.0,0.0,0.13371360301971436,0.646045058965683,0.0,615.6502447752282,86.86534368561115
400,-1.4856386184692383,-932.8971365100588,0.9426003694534302,0.0,0.13181371986865997,0.0,0.1759311854839325,0.0,1.2503452748060226,0.0,616.9005900500342,86.86534368561115
401,-2.0427205562591553,-934.9398570663179,0.20092672109603882,0.0,0.5062978267669678,0.0,0.5769218802452087,0.0,1.2841464281082153,0.0,618.1847364781424,86.86534368561115
402,-2.1146416664123535,-937.0544987327303,0.5019849538803101,0.0,0.4273751974105835,0.0,0.8558346629142761,0.0,1.7851948142051697,0.0,619.9699312923476,86.86534368561115
403,-2.6101322174072266,-939.6646309501375,0.8840000033378601,0.0,0.47447291016578674,0.0,0.9766800999641418,0.0,2.3351530134677887,0.0,622.3050843058154,86.86534368561115
404,-2.3686447143554688,-942.033275664493,0.9750229120254517,0.0,0.20169100165367126,0.0,0.9989123344421387,0.0,2.1756262481212616,0.0,624.4807105539367,86.86534368561115
405,-2.917937755584717,-944.9512134200777,0.5447744131088257,0.0,0.784104585647583,0.0,1.0547893047332764,0.0,2.383668303489685,0.0,626.8643788574263,86.86534368561115
406,-2.201018810272217,-947.1522322303499,0.48252609372138977,0.0,0.19325745105743408,0.0,1.150721549987793,0.0,1.8265050947666168,0.0,628.690883952193,86.86534368561115
407,-1.4086239337921143,-948.560856164142,0.37498530745506287,0.0,0.18901224434375763,0.0,0.4267451763153076,0.0,0.9907427281141281,0.0,629.6816266803071,86.86534368561115
408,-1.685485601425171,-950.2463417655672,0.3568393290042877,0.0,0.18733283877372742,0.0,0.8965155482292175,0.0,1.4406877160072327,0.0,631.1223143963143,86.86534368561115
409,-1.195342779159546,-951.4416845447267,0.34507817029953003,0.0,0.18591776490211487,0.0,0.41900184750556946,0.0,0.9499977827072144,0.0,632.0723121790215,86.86534368561115
410,-0.9449928402900696,-952.3866773850168,0.33876895904541016,0.0,0.18461598455905914,0.0,0.4166029393672943,0.0,0.9399878829717636,0.0,633.0123000619933,86.86534368561115
411,-0.9643959999084473,-953.3510733849253,0.35007867217063904,0.0,0.1873515099287033,0.0,0.4188297688961029,0.0,0.9562599509954453,0.0,633.9685600129887,86.86534368561115
412,-1.002347707748413,-954.3534210926737,0.34860697388648987,0.0,0.20223666727542877,0.0,0.4351603388786316,0.0,0.9860039800405502,0.0,634.9545639930293,86.86534368561115
413,-5.15161657333374,-959.5050376660074,3.0323939323425293,0.0,0.23087537288665771,0.0,0.49980950355529785,0.0,3.763078808784485,0.0,638.7176428018138,86.86534368561115
414,-4.898350715637207,-964.4033883816446,0.967478334903717,0.0,1.4486463069915771,0.0,0.7271917462348938,0.0,3.143316388130188,0.0,641.860959189944,86.86534368561115
415,-2.1594462394714355,-966.562834621116,0.14348652958869934,0.0,0.3252641260623932,0.0,0.7068252563476562,0.0,1.1755759119987488,0.0,643.0365351019427,86.86534368561115
416,-0.9742600917816162,-967.5370947128977,0.0,0.09780334681272507,0.36970365047454834,0.0,0.3143616318702698,0.0,0.586261935532093,0.0,643.6227970374748,86.86534368561115
417,-2.3936634361743927,-969.9307581490721,0.0,0.31128448247909546,1.5204766988754272,0.0,0.2812385559082031,0.0,1.490430772304535,0.0,645.1132278097793,86.86534368561115
418,-6.464591979980469,-976.3953501290525,0.04975142702460289,0.0,0.39060747623443604,0.0,3.7166943550109863,0.0,4.157053258270025,0.0,649.2702810680494,86.86534368561115
419,-2.1913745403289795,-978.5867246693815,0.0,0.6721116900444031,0.2256956547498703,0.0,0.0,0.08014948666095734,0.0,0.5265655219554901,649.2702810680494,87.39190920756664
420,-1.8966339826583862,-980.4833586520399,0.0,0.5201259255409241,0.8061240315437317,0.0,0.5335304737091064,0.0,0.8195285797119141,0.0,650.0898096477613,87.39190920756664
421,-5.516988754272461,-986.0003474063124,3.225623846054077,0.0,0.017452159896492958,0.0,0.0,0.39251062273979187,2.8505653832107782,0.0,652.9403750309721,87.39190920756664
422,-1.6319803930819035,-987.6323277993943,0.0,0.7522566914558411,0.018596366047859192,0.0,0.0,0.3343563377857208,0.0,1.0680166631937027,652.9403750309721,88.45992587076034
423,-0.11698803305625916,-987.7493158324505,0.0,0.5776183605194092,0.08419080823659897,0.0,0.0,0.2285773903131485,0.0,0.7220049425959587,652.9403750309721,89.1819308133563
424,-0.25032171607017517,-987.9996375485207,0.0,0.12970088422298431,0.19494475424289703,0.0,0.0,0.11474152654409409,0.0,0.049497656524181366,652.9403750309721,89.23142846988048
425,-1.3055781126022339,-989.3052156611229,0.4581303596496582,0.0,0.06991371512413025,0.0,0.32396888732910156,0.0,0.85201296210289,0.0,653.792387993075,89.23142846988048
426,-1.5661858320236206,-990.8714014931465,0.3383907973766327,0.0,0.29136690497398376,0.0,0.6185441017150879,0.0,1.2483018040657043,0.0,655.0406897971407,89.23142846988048
427,-4.615629196166992,-995.4870306893135,2.412489175796509,0.0,0.3575150668621063,0.0,0.7231824994087219,0.0,3.493186742067337,0.0,658.533876539208,89.23142846988048
428,-3.2997307777404785,-998.786761467054,0.6107575297355652,0.0,0.48174363374710083,0.0,1.0705604553222656,0.0,2.1630616188049316,0.0,660.6969381580129,89.23142846988048
429,-5.801458835601807,-1004.5882203026558,3.152406930923462,0.0,0.3876185119152069,0.0,0.8165318369865417,0.0,4.356557279825211,0.0,665.0534954378381,89.23142846988048
430,-2.7646689414978027,-1007.3528892441536,0.5435421466827393,0.0,0.19325745105743408,0.0,0.4359810948371887,0.0,1.172780692577362,0.0,666.2262761304155,89.23142846988048
431,-1.428348422050476,-1008.7812376662041,0.37498530745506287,0.0,0.18901224434375763,0.0,0.6639602184295654,0.0,1.227957770228386,0.0,667.4542339006439,89.23142846988048
432,-1.0957908630371094,-1009.8770285292412,0.35421058535575867,0.0,0.18733283877372742,0.0,0.42208048701286316,0.0,0.9636239111423492,0.0,668.4178578117862,89.23142846988048
433,-0.9606412053108215,-1010.837669734552,0.3527388870716095,0.0,0.18591776490211487,0.0,0.41900184750556946,0.0,0.9576584994792938,0.0,669.3755163112655,89.23142846988048
434,-0.9551572203636169,-1011.7928269549157,0.3514370918273926,0.0,0.18461598455905914,0.0,0.4166029393672943,0.0,0.952656015753746,0.0,670.3281723270193,89.23142846988048
435,-2.2842612266540527,-1014.0770881815697,1.2342115640640259,0.0,0.1873515099287033,0.0,0.4188297688961029,0.0,1.840392842888832,0.0,672.1685651699081,89.23142846988048
436,-1.4444141387939453,-1015.5215023203637,0.34860697388648987,0.0,0.20223666727542877,0.0,0.4351603388786316,0.0,0.9860039800405502,0.0,673.1545691499487,89.23142846988048
437,-1.1261906623840332,-1016.6476929827477,0.3487769067287445,0.0,0.23087537288665771,0.0,0.49980950355529785,0.0,1.0794617831707,0.0,674.2340309331194,89.23142846988048
438,-3.0551445484161377,-1019.7028375311638,0.3447021245956421,0.0,0.26002979278564453,0.0,1.789135217666626,0.0,2.3938671350479126,0.0,676.6278980681673,89.23142846988048
439,-11.042235374450684,-1030.7450729056145,0.216424360871315,0.0,6.503270149230957,0.0,0.48442813754081726,0.0,7.204122647643089,0.0,683.8320207158104,89.23142846988048
440,-5.3356709480285645,-1036.080743853643,0.3642098307609558,0.0,1.3781979084014893,0.0,0.7993655204772949,0.0,2.54177325963974,0.0,686.3737939754501,89.23142846988048
441,-3.369631767272949,-1039.450375620916,0.9722576141357422,0.0,1.4065701961517334,0.0,0.5458226203918457,0.0,2.9246504306793213,0.0,689.2984444061294,89.23142846988048
442,-1.8581128120422363,-1041.3084884329583,0.0,0.17037689685821533,0.38516879081726074,0.0,0.4064062833786011,0.0,0.6211981773376465,0.0,689.9196425834671,89.23142846988048
443,-0.6853287220001221,-1041.9938171549584,0.0,0.32057175040245056,0.30769190192222595,0.0,0.27139046788215637,0.0,0.25851061940193176,0.0,690.178153202869,89.23142846988048
444,-2.2346651554107666,-1044.2284823103691,0.31805720925331116,0.0,0.6301204562187195,0.0,0.7346265316009521,0.0,1.6828041970729828,0.0,691.860957399942,89.23142846988048
445,-3.4537620544433594,-1047.6822443648125,0.0,0.05283172428607941,2.031580924987793,0.0,0.39021798968315125,0.0,2.368967190384865,0.0,694.2299245903268,89.23142846988048
446,-8.715593338012695,-1056.3978377028252,0.5093734264373779,0.0,5.668200492858887,0.0,0.4400879144668579,0.0,6.617661833763123,0.0,700.84758642409,89.23142846988048
447,-3.749082326889038,-1060.1469200297142,0.1317143589258194,0.0,0.3180221915245056,0.0,0.43076610565185547,0.0,0.8805026561021805,0.0,701.7280890801921,89.23142846988048
448,-0.8432675004005432,-1060.9901875301148,0.18129943311214447,0.0,0.27478674054145813,0.0,0.25077593326568604,0.0,0.7068621069192886,0.0,702.4349511871114,89.23142846988048
449,-1.221937656402588,-1062.2121251865174,0.41424134373664856,0.0,0.20186926424503326,0.0,0.3855234682559967,0.0,1.0016340762376785,0.0,703.4365852633491,89.23142846988048
450,-2.370662212371826,-1064.5827873988892,0.7868546843528748,0.0,0.21277660131454468,0.0,0.914688229560852,0.0,1.9143195152282715,0.0,705.3509047785774,89.23142846988048
451,-3.191425323486328,-1067.7742127223755,1.6971893310546875,0.0,0.21762558817863464,0.0,0.7233487367630005,0.0,2.6381636559963226,0.0,707.9890684345737,89.23142846988048
452,-3.4591994285583496,-1071.2334121509339,1.0530593395233154,0.0,0.36468249559402466,0.0,1.3383591175079346,0.0,2.7561009526252747,0.0,710.745169387199,89.23142846988048
453,-2.59477162361145,-1073.8281837745453,0.856479287147522,0.0,0.3876185119152069,0.0,1.1434723138809204,0.0,2.3875701129436493,0.0,713.1327395001426,89.23142846988048
454,-1.947829246520996,-1075.7760130210663,0.6426564455032349,0.0,0.19325745105743408,0.0,0.672174334526062,0.0,1.508088231086731,0.0,714.6408277312294,89.23142846988048
455,-1.4686356782913208,-1077.2446486993576,0.577232837677002,0.0,0.18901224434375763,0.0,0.6629379987716675,0.0,1.429183080792427,0.0,716.0700108120218,89.23142846988048
456,-2.1863832473754883,-1079.4310319467331,0.35421058535575867,0.0,0.30339986085891724,0.0,1.1276911497116089,0.0,1.7853015959262848,0.0,717.8553124079481,89.23142846988048
457,-3.1390860080718994,-1082.570117954805,1.4537259340286255,0.0,0.18591776490211487,0.0,0.6541962623596191,0.0,2.2938399612903595,0.0,720.1491523692384,89.23142846988048
458,-1.6232481002807617,-1084.1933660550858,0.3514370918273926,0.0,0.18461598455905914,0.0,0.4166029393672943,0.0,0.952656015753746,0.0,721.1018083849922,89.23142846988048
459,-0.9594203233718872,-1085.1527863784577,0.35007867217063904,0.0,0.1873515099287033,0.0,0.4188297688961029,0.0,0.9562599509954453,0.0,722.0580683359876,89.23142846988048
460,-2.1359853744506836,-1087.2887717529084,1.1220662593841553,0.0,0.20223666727542877,0.0,0.4176623523235321,0.0,1.7419652789831161,0.0,723.8000336149707,89.23142846988048
461,-3.8279266357421875,-1091.1166983886505,1.5058200359344482,0.0,0.23087537288665771,0.0,1.3959107398986816,0.0,3.1326061487197876,0.0,726.9326397636905,89.23142846988048
462,-2.213914155960083,-1093.3306125446106,0.4037284255027771,0.0,0.24932989478111267,0.0,0.6052549481391907,0.0,1.2583132684230804,0.0,728.1909530321136,89.23142846988048
463,-5.371952533721924,-1098.7025650783326,2.6123592853546143,0.0,0.833526074886322,0.0,0.4540519118309021,0.0,3.8999372720718384,0.0,732.0908903041855,89.23142846988048
464,-7.397284030914307,-1106.0998491092469,0.8859472870826721,0.0,0.3925790786743164,0.0,3.5080695152282715,0.0,4.78659588098526,0.0,736.8774861851707,89.23142846988048
465,-2.6900453567504883,-1108.7898944659973,0.0,0.07792757451534271,0.459551066160202,0.0,0.0,0.7907288670539856,0.0,0.4091053754091263,736.8774861851707,89.64053384528961
466,-0.815548300743103,-1109.6054427667405,0.0,0.3374662697315216,0.3241373300552368,0.0,0.28246939182281494,0.0,0.26914045214653015,0.0,737.1466266373172,89.64053384528961
467,-3.3979263305664062,-1113.0033690973069,0.23606261610984802,0.0,1.9468432664871216,0.0,0.2845804989337921,0.0,2.4674863815307617,0.0,739.614113018848,89.64053384528961
468,-2.222278594970703,-1115.2256476922776,0.0,0.4541109502315521,1.8432271480560303,0.0,0.13384345173835754,0.0,1.5229596495628357,0.0,741.1370726684108,89.64053384528961
469,-1.092994786798954,-1116.3186424790765,0.0,0.4983679950237274,0.09319945424795151,0.0,0.11571960151195526,0.0,0.0,0.28944893926382065,741.1370726684108,89.92998278455343
470,-0.16447056084871292,-1116.4831130399252,0.0,0.468612402677536,0.048087555915117264,0.0,0.07193449884653091,0.0,0.0,0.34859034791588783,741.1370726684108,90.27857313246932
471,-0.3357939310371876,-1116.8189069709624,0.0,0.30463698506355286,0.21591363847255707,0.0,0.0,0.005585257429629564,0.0,0.09430860402062535,741.1370726684108,90.37288173648994
472,-2.5470938682556152,-1119.366000839218,0.9905862808227539,0.0,0.4438036382198334,0.0,0.3356439471244812,0.0,1.7700338661670685,0.0,742.9071065345779,90.37288173648994
473,-3.6334941387176514,-1122.9994949779357,1.3733482360839844,0.0,0.1300397366285324,0.0,1.2997767925262451,0.0,2.803164765238762,0.0,745.7102712998167,90.37288173648994
474,-2.6551706790924072,-1125.654665657028,0.434172123670578,0.0,0.4899592995643616,0.0,0.8632060885429382,0.0,1.7873375117778778,0.0,747.4976088115945,90.37288173648994
475,-2.46661376953125,-1128.1212794265593,0.8138371706008911,0.0,0.3586408793926239,0.0,0.9801647067070007,0.0,2.1526427567005157,0.0,749.6502515682951,90.37288173648994
476,-3.497405529022217,-1131.6186849555816,0.7490856647491455,0.0,0.48074960708618164,0.0,1.7761483192443848,0.0,3.005983591079712,0.0,752.6562351593748,90.37288173648994
477,-5.896211624145508,-1137.514896579727,1.5551320314407349,0.0,0.3876185119152069,0.0,2.927964210510254,0.0,4.870714753866196,0.0,757.526949913241,90.37288173648994
478,-4.034318923950195,-1141.5492155036773,0.8619459867477417,0.0,0.3296126127243042,0.0,2.006363868713379,0.0,3.197922468185425,0.0,760.7248723814264,90.37288173648994
479,-4.505789756774902,-1146.0550052604522,2.2038090229034424,0.0,0.23568828403949738,0.0,0.6904333233833313,0.0,3.129930630326271,0.0,763.8548030117527,90.37288173648994
480,-2.157745599746704,-1148.2127508601989,0.5761474967002869,0.0,0.18733283877372742,0.0,0.42208048701286316,0.0,1.1855608224868774,0.0,765.0403638342395,90.37288173648994
481,-1.0716097354888916,-1149.2843605956878,0.3527388870716095,0.0,0.18591776490211487,0.0,0.41900184750556946,0.0,0.9576584994792938,0.0,765.9980223337188,90.37288173648994
482,-0.9551572203636169,-1150.2395178160514,0.3514370918273926,0.0,0.18461598455905914,0.0,0.4166029393672943,0.0,0.952656015753746,0.0,766.9506783494726,90.37288173648994
483,-2.519002676010132,-1152.7585204920615,0.35007867217063904,0.0,0.1873515099287033,0.0,1.458551287651062,0.0,1.9959814697504044,0.0,768.946659819223,90.37288173648994
484,-2.10703182220459,-1154.865552314266,0.7561901807785034,0.0,0.20223666727542877,0.0,0.4176623523235321,0.0,1.3760892003774643,0.0,770.3227490196005,90.37288173648994
485,-1.3795340061187744,-1156.2450863203849,0.3468944728374481,0.0,0.23087537288665771,0.0,0.5277521014213562,0.0,1.105521947145462,0.0,771.4282709667459,90.37288173648994
486,-1.3962783813476562,-1157.6413647017325,0.3077986538410187,0.0,0.24157807230949402,0.0,0.7239189743995667,0.0,1.2732957005500793,0.0,772.701566667296,90.37288173648994
487,-3.4436182975769043,-1161.0849829993094,0.06792356073856354,0.0,0.2113327980041504,0.0,2.260840892791748,0.0,2.540097251534462,0.0,775.2416639188305,90.37288173648994
488,-1.5666272640228271,-1162.6516102633323,0.0,0.2953050136566162,0.19324900209903717,0.0,0.3999083936214447,0.0,0.29785238206386566,0.0,775.5395163008943,90.37288173648994
489,-0.3835204392671585,-1163.0351307025994,0.0,0.6492627263069153,0.17388348281383514,0.0,0.0,0.05673970654606819,0.0,0.5321189500391483,775.5395163008943,90.90500068652909
490,-10.330889701843262,-1173.3660204044427,3.2889204025268555,0.0,1.771913766860962,0.0,1.884386658668518,0.0,6.9452208280563354,0.0,782.4847371289507,90.90500068652909
491,-13.229850769042969,-1186.5958711734856,0.2585613429546356,0.0,4.967008113861084,0.0,3.889165163040161,0.0,9.11473461985588,0.0,791.5994717488065,90.90500068652909
492,-4.557367324829102,-1191.1532384983147,0.0,0.7520954608917236,0.0,0.0029281415045261383,0.0,0.3471120595932007,0.0,1.1021356619894505,791.5994717488065,92.00713634851854
493,-0.9455612003803253,-1192.098799698695,0.0,0.9417436718940735,0.43464258313179016,0.0,0.1957315355539322,0.0,0.0,0.31136955320835114,791.5994717488065,92.3185059017269
494,-0.6916122734546661,-1192.7904119721497,0.0,0.3910040557384491,0.4307447671890259,0.0,0.23785625398159027,0.0,0.27759696543216705,0.0,791.8770687142387,92.3185059017269
495,-0.3343005105853081,-1193.124712482735,0.0,0.526594340801239,0.0,1.5115492343902588,0.0,1.7282253503799438,0.0,3.7663689255714417,791.8770687142387,96.08487482729834
496,0.0,-1193.124712482735,0.0,0.3957573473453522,0.0,1.5316890478134155,0.0,0.23871400952339172,0.0,2.1661604046821594,791.8770687142387,98.2510352319805
497,-0.47982263565063477,-1193.6045351183857,0.02223338931798935,0.0,0.03356970101594925,0.0,0.26407864689826965,0.0,0.31988173723220825,0.0,792.1969504514709,98.2510352319805
498,-6.667903423309326,-1200.272438541695,3.070821762084961,0.0,0.8911504149436951,0.0,0.5899243950843811,0.0,4.551896572113037,0.0,796.748847023584,98.2510352319805
499,-3.4577722549438477,-1203.7302107966389,1.0269628763198853,0.0,0.35601088404655457,0.0,0.7201741337776184,0.0,2.1031478941440582,0.0,798.851994917728,98.2510352319805
500,-2.3517394065856934,-1206.0819502032246,0.4469718635082245,0.0,0.36468249559402466,0.0,1.0705604553222656,0.0,1.8822148144245148,0.0,800.7342097321525,98.2510352319805
501,-3.233368158340454,-1209.315318361565,1.3314045667648315,0.0,0.3876185119152069,0.0,1.050761342048645,0.0,2.7697844207286835,0.0,803.5039941528812,98.2510352319805
502,-2.1747055053710938,-1211.490023866936,0.5798031091690063,0.0,0.3296126127243042,0.0,0.6702104210853577,0.0,1.5796261429786682,0.0,805.0836202958599,98.2510352319805
503,-1.333524465560913,-1212.823548332497,0.3560788035392761,0.0,0.30459877848625183,0.0,0.4267451763153076,0.0,1.0874227583408356,0.0,806.1710430542007,98.2510352319805
504,-1.02552330493927,-1213.8490716374363,0.35421058535575867,0.0,0.18733283877372742,0.0,0.42208048701286316,0.0,0.9636239111423492,0.0,807.1346669653431,98.2510352319805
505,-1.131901741027832,-1214.9809733784641,0.3527388870716095,0.0,0.3010348379611969,0.0,0.41900184750556946,0.0,1.0727755725383759,0.0,808.2074425378814,98.2510352319805
506,-1.0127158164978027,-1215.993689194962,0.3514370918273926,0.0,0.18461598455905914,0.0,0.4166029393672943,0.0,0.952656015753746,0.0,809.1600985536352,98.2510352319805
507,-0.9594203233718872,-1216.9531095183338,0.35007867217063904,0.0,0.1873515099287033,0.0,0.4188297688961029,0.0,0.9562599509954453,0.0,810.1163585046306,98.2510352319805
508,-0.9959123134613037,-1217.949021831795,0.3357362449169159,0.0,0.20223666727542877,0.0,0.4351603388786316,0.0,0.9731332510709763,0.0,811.0894917557016,98.2510352319805
509,-3.586228370666504,-1221.5352502024616,1.9565691947937012,0.0,0.23087537288665771,0.0,0.5277521014213562,0.0,2.715196669101715,0.0,813.8046884248033,98.2510352319805
510,-13.773880958557129,-1235.3091311610187,0.7452424764633179,0.0,0.25650835037231445,0.0,8.278350830078125,0.0,9.280101656913757,0.0,823.0847900817171,98.2510352319805
511,-6.859851837158203,-1242.168982998177,0.15855766832828522,0.0,1.4071950912475586,0.0,0.5724765062332153,0.0,2.138229265809059,0.0,825.2230193475261,98.2510352319805
512,-3.2158141136169434,-1245.384797111794,0.16519969701766968,0.0,0.1806737631559372,0.0,1.69306480884552,0.0,2.038938269019127,0.0,827.2619576165453,98.2510352319805
513,-1.407204270362854,-1246.7920013821567,0.0,0.6769324541091919,0.16004861891269684,0.0,0.6154215931892395,0.0,0.09853775799274445,0.0,827.360495374538,98.2510352319805
514,-0.39148401468992233,-1247.1834853968467,0.0,0.4888811707496643,0.007497816812247038,0.0,0.0,0.34893566370010376,0.0,0.830319017637521,827.360495374538,99.08135424961802
515,-1.1224007736891508,-1248.3058861705358,0.7456040382385254,0.0,0.0004916157922707498,0.0,0.0,0.3399659991264343,0.4061296549043618,0.0,827.7666250294424,99.08135424961802
516,-4.931815147399902,-1253.2377013179357,0.0,0.7536830306053162,1.558756947517395,0.0,1.4807488918304443,0.0,2.285822808742523,0.0,830.0524478381849,99.08135424961802
517,-1.5197529196739197,-1254.7574542376096,0.0,1.1816695928573608,0.0,0.2484513223171234,0.0,0.7386198043823242,0.0,2.1687407195568085,830.0524478381849,101.25009496917482
518,-0.45317667722702026,-1255.2106309148367,0.0,1.0419042110443115,0.30211779475212097,0.0,0.0,0.5462669730186462,0.0,1.2860533893108368,830.0524478381849,102.53614835848566
519,-0.15105889737606049,-1255.3616898122127,0.0,0.42597800493240356,0.0,0.20423081517219543,0.0,0.2646235227584839,0.0,0.8948323428630829,830.0524478381849,103.43098070134874
520,0.0,-1255.3616898122127,0.0,0.5193469524383545,0.0,0.19209492206573486,0.0,0.26705801486968994,0.0,0.9784998893737793,830.0524478381849,104.40948059072252
521,-0.14280976355075836,-1255.5044995757635,0.0,0.07843213528394699,0.0,0.04446747526526451,0.09520650655031204,0.0,0.0,0.02769310399889946,830.0524478381849,104.43717369472142
522,-1.6053293943405151,-1257.109828970104,0.4168977439403534,0.0,0.1383749097585678,0.0,0.5466824173927307,0.0,1.101955071091652,0.0,831.1544029092765,104.43717369472142
523,-3.517436981201172,-1260.6272659513052,0.5939352512359619,0.0,0.2188272923231125,0.0,1.8995139598846436,0.0,2.712276503443718,0.0,833.8666794127203,104.43717369472142
524,-4.1248931884765625,-1264.7521591397817,1.2660026550292969,0.0,0.7648220062255859,0.0,1.0705604553222656,0.0,3.1013851165771484,0.0,836.9680645292974,104.43717369472142
525,-3.126552104949951,-1267.8787112447317,0.6353296637535095,0.0,0.3876185119152069,0.0,1.4232971668243408,0.0,2.4462453424930573,0.0,839.4143098717905,104.43717369472142
526,-1.9534547328948975,-1269.8321659776266,0.4215100109577179,0.0,0.3296126127243042,0.0,0.7095414996147156,0.0,1.4606641232967377,0.0,840.8749739950872,104.43717369472142
527,-1.2490414381027222,-1271.0812074157293,0.37498530745506287,0.0,0.23568828403949738,0.0,0.4267451763153076,0.0,1.0374187678098679,0.0,841.9123927628971,104.43717369472142
528,-1.0063902139663696,-1272.0875976296957,0.35421058535575867,0.0,0.19907063245773315,0.0,0.42208048701286316,0.0,0.975361704826355,0.0,842.8877544677234,104.43717369472142
529,-0.9665101170539856,-1273.0541077467497,0.3527388870716095,0.0,0.18591776490211487,0.0,0.41900184750556946,0.0,0.9576584994792938,0.0,843.8454129672027,104.43717369472142
530,-0.9551572203636169,-1274.0092649671133,0.3514370918273926,0.0,0.18461598455905914,0.0,0.4166029393672943,0.0,0.952656015753746,0.0,844.7980689829565,104.43717369472142
531,-1.3033941984176636,-1275.312659165531,0.35007867217063904,0.0,0.4166674017906189,0.0,0.4188297688961029,0.0,1.1855758428573608,0.0,845.9836448258138,104.43717369472142
532,-1.1021205186843872,-1276.4147796842153,0.34860697388648987,0.0,0.20223666727542877,0.0,0.4351603388786316,0.0,0.9860039800405502,0.0,846.9696488058544,104.43717369472142
533,-1.1261906623840332,-1277.5409703465994,0.3487769067287445,0.0,0.23087537288665771,0.0,0.49980950355529785,0.0,1.0794617831707,0.0,848.0491105890251,104.43717369472142
534,-1.6129947900772095,-1279.1539651366766,0.7116307616233826,0.0,0.2397024929523468,0.0,0.45183253288269043,0.0,1.4031657874584198,0.0,849.4522763764835,104.43717369472142
535,-3.310901403427124,-1282.4648665401037,0.10145055502653122,0.0,0.5448907613754272,0.0,1.6218613386154175,0.0,2.268202655017376,0.0,851.7204790315009,104.43717369472142
536,-4.6703267097473145,-1287.135193249851,0.0,0.3353753387928009,2.6300389766693115,0.0,0.27211520075798035,0.0,2.566778838634491,0.0,854.2872578701354,104.43717369472142
537,-12.750307083129883,-1299.8855003329809,0.6008652448654175,0.0,8.606256484985352,0.0,0.23717337846755981,0.0,9.444295108318329,0.0,863.7315529784537,104.43717369472142
538,-12.002984046936035,-1311.888484379917,5.049230098724365,0.0,0.61571204662323,0.0,0.0,0.031604867428541183,5.633337277919054,0.0,869.3648902563727,104.43717369472142
539,-2.8324710726737976,-1314.7209554525907,0.0,1.144559621810913,0.0,0.03349335119128227,0.0,0.015048542991280556,0.0,1.193101515993476,869.3648902563727,105.6302752107149
540,-0.5534029006958008,-1315.2743583532865,0.0,0.4473486542701721,0.0,0.056489020586013794,0.3689352869987488,0.0,0.0,0.13490238785743713,869.3648902563727,105.76517759857234
541,-0.1844676434993744,-1315.458825996786,0.0,0.8032835125923157,0.0,0.20749174058437347,0.0,0.5003226399421692,0.0,1.5110978931188583,869.3648902563727,107.2762754916912
542,-2.3574891090393066,-1317.8163151058252,1.5716594457626343,0.0,0.0,0.22840949892997742,0.0,0.2740533947944641,1.0691965520381927,0.0,870.4340868084109,107.2762754916912
543,-7.0884667336940765,-1324.9047818395193,5.1226091384887695,0.0,0.0,0.14496320486068726,0.12692202627658844,0.0,5.104567959904671,0.0,875.5386547683156,107.2762754916912
544,-3.3583741188049316,-1328.2631559583242,0.0,0.15906882286071777,0.0,0.1092294305562973,0.5736870169639587,0.0,0.30538876354694366,0.0,875.8440435318626,107.2762754916912
545,-0.8486717939376831,-1329.111827752262,0.15528148412704468,0.0,0.09507961571216583,0.0,0.3725731670856476,0.0,0.6229342669248581,0.0,876.4669777987874,107.2762754916912
546,-3.880476474761963,-1332.9923042270239,0.538820743560791,0.0,0.7438444495201111,0.0,1.5119638442993164,0.0,2.7946290373802185,0.0,879.2616068361676,107.2762754916912
547,-3.2730836868286133,-1336.2653879138525,1.247894525527954,0.0,0.35911455750465393,0.0,0.7263814806938171,0.0,2.333390563726425,0.0,881.594997399894,107.2762754916912
548,-2.6695213317871094,-1338.9349092456396,1.317481517791748,0.0,0.4793415367603302,0.0,0.7606547474861145,0.0,2.5574778020381927,0.0,884.1524752019322,107.2762754916912
549,-2.5490074157714844,-1341.483916661411,1.0641010999679565,0.0,0.5022775530815125,0.0,0.8165318369865417,0.0,2.3829104900360107,0.0,886.5353856919683,107.2762754916912
550,-1.8536098003387451,-1343.3375264617498,0.4215100109577179,0.0,0.19325745105743408,0.0,0.7095414996147156,0.0,1.3243089616298676,0.0,887.8596946535981,107.2762754916912
551,-1.3158159255981445,-1344.653342387348,0.3560788035392761,0.0,0.3036712408065796,0.0,0.4267451763153076,0.0,1.0864952206611633,0.0,888.9461898742593,107.2762754916912
552,-1.0250595808029175,-1345.6784019681509,0.35421058535575867,0.0,0.18733283877372742,0.0,0.42208048701286316,0.0,0.9636239111423492,0.0,889.9098137854016,107.2762754916912
553,-1.3018620014190674,-1346.98026396957,0.3527388870716095,0.0,0.41434162855148315,0.0,0.41900184750556946,0.0,1.186082363128662,0.0,891.0958961485303,107.2762754916912
554,-1.063035011291504,-1348.0432989808614,0.33876895904541016,0.0,0.18461598455905914,0.0,0.4166029393672943,0.0,0.9399878829717636,0.0,892.0358840315021,107.2762754916912
555,-0.9643959999084473,-1349.0076949807699,0.35007867217063904,0.0,0.1873515099287033,0.0,0.4188297688961029,0.0,0.9562599509954453,0.0,892.9921439824975,107.2762754916912
556,-1.002347707748413,-1350.0100426885183,0.34860697388648987,0.0,0.20223666727542877,0.0,0.4351603388786316,0.0,0.9860039800405502,0.0,893.9781479625381,107.2762754916912
557,-1.1261906623840332,-1351.1362333509023,0.3487769067287445,0.0,0.23087537288665771,0.0,0.49980950355529785,0.0,1.0794617831707,0.0,895.0576097457088,107.2762754916912
558,-1.0660429000854492,-1352.2022762509878,0.33445003628730774,0.0,0.2414994090795517,0.0,0.4554263651371002,0.0,1.0313758105039597,0.0,896.0889855562127,107.2762754916912
559,-1.8313342332839966,-1354.0336104842718,0.053132280707359314,0.0,0.8090472221374512,0.0,0.5149567723274231,0.0,1.3771362751722336,0.0,897.466121831385,107.2762754916912
560,-1.0444865226745605,-1355.0780970069463,0.0,0.33972299098968506,0.24874383211135864,0.0,0.4630929231643677,0.0,0.37211376428604126,0.0,897.838235595671,107.2762754916912
561,-0.587162584066391,-1355.6652595910127,0.0,0.7332850098609924,0.22979986667633057,0.0,0.2326885461807251,0.0,0.0,0.27079659700393677,897.838235595671,107.54707208869513
562,-1.347627341747284,-1357.01288693276,0.0,0.01716652140021324,0.8974553346633911,0.0,0.0,0.05302396044135094,0.8272648528218269,0.0,898.6655004484928,107.54707208869513
563,-2.719597339630127,-1359.7324842723901,0.0,1.0357462167739868,2.1122167110443115,0.0,0.0,0.27347901463508606,0.8029914796352386,0.0,899.4684919281281,107.54707208869513
564,-8.836892008781433,-1368.5693762811716,5.169285297393799,0.0,0.05371079966425896,0.0,0.0,0.30404436588287354,4.918951731175184,0.0,904.3874436593032,107.54707208869513
565,-3.580027988180518,-1372.149404269352,1.9370598793029785,0.0,0.0,0.13482186198234558,0.0,0.5260208249092102,1.2762171924114227,0.0,905.6636608517147,107.54707208869513
566,-0.9685299396514893,-1373.1179342090036,0.0,1.0548300743103027,0.0,0.20560972392559052,0.0,0.6152123808860779,0.0,1.8756521791219711,905.6636608517147,109.4227242678171
567,0.0,-1373.1179342090036,0.0,0.7357444763183594,0.0,0.11498678475618362,0.0,0.27781617641448975,0.0,1.1285474374890327,905.6636608517147,110.55127170530614
568,-4.055704593658447,-1377.173638802662,0.0,0.2551598846912384,0.9248583912849426,0.0,1.778944730758667,0.0,2.448643237352371,0.0,908.112304089067,110.55127170530614
569,-2.967930316925049,-1380.141569119587,0.9289909601211548,0.0,0.08785857260227203,0.0,0.35722601413726807,0.0,1.3740755468606949,0.0,909.4863796359277,110.55127170530614
570,-3.809018135070801,-1383.9505872546579,0.41911715269088745,0.0,1.0024840831756592,0.0,1.2358533143997192,0.0,2.657454550266266,0.0,912.143834186194,110.55127170530614
571,-2.4602198600769043,-1386.4108071147348,0.5895199179649353,0.0,0.35659223794937134,0.0,0.9760674238204956,0.0,1.9221795797348022,0.0,914.0660137659288,110.55127170530614
572,-2.1079108715057373,-1388.5187179862405,0.6107575297355652,0.0,0.36468249559402466,0.0,1.0705604553222656,0.0,2.0460004806518555,0.0,916.1120142465807,110.55127170530614
573,-2.8146164417266846,-1391.3333344279672,0.7614763379096985,0.0,0.19623863697052002,0.0,1.4884002208709717,0.0,2.44611519575119,0.0,918.5581294423318,110.55127170530614
574,-4.108911037445068,-1395.4422454654123,2.038153886795044,0.0,0.19325745105743408,0.0,0.986940324306488,0.0,3.218351662158966,0.0,921.7764811044908,110.55127170530614
575,-2.154448986053467,-1397.5966944514657,0.37498530745506287,0.0,0.18901224434375763,0.0,0.5265489816665649,0.0,1.0905465334653854,0.0,922.8670276379562,110.55127170530614
576,-1.0437211990356445,-1398.6404156505014,0.3568393290042877,0.0,0.18733283877372742,0.0,0.45272377133369446,0.0,0.9968959391117096,0.0,923.8639235770679,110.55127170530614
577,-0.9772771596908569,-1399.6176928101922,0.3527388870716095,0.0,0.18591776490211487,0.0,0.41900184750556946,0.0,0.9576584994792938,0.0,924.8215820765472,110.55127170530614
578,-0.9551572203636169,-1400.5728500305559,0.3514370918273926,0.0,0.18461598455905914,0.0,0.4166029393672943,0.0,0.952656015753746,0.0,925.774238092301,110.55127170530614
579,-0.9594203233718872,-1401.5322703539277,0.35007867217063904,0.0,0.1873515099287033,0.0,0.4188297688961029,0.0,0.9562599509954453,0.0,926.7304980432964,110.55127170530614
580,-1.002347707748413,-1402.5346180616762,0.34860697388648987,0.0,0.20223666727542877,0.0,0.4351603388786316,0.0,0.9860039800405502,0.0,927.716502023337,110.55127170530614
581,-5.586379051208496,-1408.1209971128847,3.3222358226776123,0.0,0.23087537288665771,0.0,0.49980950355529785,0.0,4.052920699119568,0.0,931.7694227224565,110.55127170530614
582,-3.9983208179473877,-1412.119317930832,1.3316127061843872,0.0,0.6040012836456299,0.0,0.7538245916366577,0.0,2.689438581466675,0.0,934.4588613039232,110.55127170530614
583,-2.425464153289795,-1414.5447820841218,1.1802514791488647,0.0,0.358120322227478,0.0,0.6231178045272827,0.0,2.1614896059036255,0.0,936.6203509098268,110.55127170530614
584,-1.5554699897766113,-1416.1002520738984,0.0,0.07904624193906784,0.37908220291137695,0.0,0.5284442901611328,0.0,0.8284802511334419,0.0,937.4488311609603,110.55127170530614
585,-0.7667582631111145,-1416.8670103370096,0.0,0.4998004138469696,0.3465421497821808,0.0,0.27944788336753845,0.0,0.12618961930274963,0.0,937.575020780263,110.55127170530614
586,-4.983736038208008,-1421.8507463752176,0.3174455463886261,0.0,0.35085994005203247,0.0,2.8628487586975098,0.0,3.5311542451381683,0.0,941.1061750254012,110.55127170530614
587,-4.123812198638916,-1425.9745585738565,0.21772730350494385,0.0,1.1894009113311768,0.0,1.6322598457336426,0.0,3.039388060569763,0.0,944.1455630859709,110.55127170530614
588,-2.209869384765625,-1428.184427958622,0.0,0.9252549409866333,0.7926629781723022,0.0,0.5876879692077637,0.0,0.4550960063934326,0.0,944.6006590923644,110.55127170530614
589,-1.1552018523216248,-1429.3396298109437,0.0,0.8178094029426575,0.6103869676589966,0.0,0.3196658194065094,0.0,0.11224338412284851,0.0,944.7129024764872,110.55127170530614
590,-1.2556580305099487,-1430.5952878414537,0.24066291749477386,0.0,0.5701536536216736,0.0,0.28912094235420227,0.0,1.0999375134706497,0.0,945.8128399899579,110.55127170530614
591,-0.5701922178268433,-1431.1654800592805,0.0,0.6151168942451477,0.04044690728187561,0.0,0.0,1.6241700649261475,0.0,2.1988400518894196,945.8128399899579,112.75011175719555
592,-0.09642316401004791,-1431.2619032232906,0.05079980567097664,0.0,0.0,0.06697840243577957,0.0,0.03965689241886139,0.0,0.05583548918366432,945.8128399899579,112.80594724637922
593,-0.7478662729263306,-1432.009769496217,0.0,0.07371017336845398,0.026100127026438713,0.0,0.455544114112854,0.0,0.40793406777083874,0.0,946.2207740577287,112.80594724637922
594,-1.6674399375915527,-1433.6772094338085,0.30708345770835876,0.0,0.15865206718444824,0.0,0.8064391613006592,0.0,1.2721746861934662,0.0,947.4929487439222,112.80594724637922
595,-5.162374496459961,-1438.8395839302684,2.3147993087768555,0.0,0.35625216364860535,0.0,1.1945897340774536,0.0,3.8656412065029144,0.0,951.3585899504251,112.80594724637922
596,-3.051058053970337,-1441.8906419842388,0.6107575297355652,0.0,0.41281142830848694,0.0,1.0997874736785889,0.0,2.123356431722641,0.0,953.4819463821477,112.80594724637922
597,-3.362755537033081,-1445.2533975212718,1.539839744567871,0.0,0.3876185119152069,0.0,0.8165318369865417,0.0,2.7439900934696198,0.0,956.2259364756173,112.80594724637922
598,-2.573821544647217,-1447.827219065919,1.5008540153503418,0.0,0.19325745105743408,0.0,0.7095414996147156,0.0,2.4036529660224915,0.0,958.6295894416398,112.80594724637922
599,-1.6877446174621582,-1449.5149636833812,0.3560788035392761,0.0,0.18901224434375763,0.0,0.4267451763153076,0.0,0.9718362241983414,0.0,959.6014256658382,112.80594724637922
600,-0.9677300453186035,-1450.4826937286998,0.35421058535575867,0.0,0.18733283877372742,0.0,0.42208048701286316,0.0,0.9636239111423492,0.0,960.5650495769805,112.80594724637922
601,-0.9606412053108215,-1451.4433349340106,0.3527388870716095,0.0,0.18591776490211487,0.0,0.41900184750556946,0.0,0.9576584994792938,0.0,961.5227080764598,112.80594724637922
602,-11.2324800491333,-1462.675814983144,3.4336516857147217,0.0,1.8740088939666748,0.0,2.4998791217803955,0.0,7.807539701461792,0.0,969.3302477779216,112.80594724637922
603,-4.585691452026367,-1467.2615064351703,0.7576619386672974,0.0,0.1873515099287033,0.0,0.4188297688961029,0.0,1.3638432174921036,0.0,970.6940909954137,112.80594724637922
604,-2.295062780380249,-1469.5565692155506,1.347259283065796,0.0,0.20223666727542877,0.0,0.4351603388786316,0.0,1.9846562892198563,0.0,972.6787472846336,112.80594724637922
605,-1.961909294128418,-1471.518478509679,0.9380737543106079,0.0,0.23087537288665771,0.0,0.5277521014213562,0.0,1.6967012286186218,0.0,974.3754485132522,112.80594724637922
606,-1.8797483444213867,-1473.3982268541004,1.0610169172286987,0.0,0.2490430623292923,0.0,0.4705136716365814,0.0,1.7805736511945724,0.0,976.1560221644468,112.80594724637922
607,-1.548852562904358,-1474.9470794170047,0.759421706199646,0.0,0.21481603384017944,0.0,0.3428937792778015,0.0,1.317131519317627,0.0,977.4731536837644,112.80594724637922
608,-1.1306164264678955,-1476.0776958434726,0.0,0.30828598141670227,0.1623491495847702,0.0,0.48917993903160095,0.0,0.3432431071996689,0.0,977.8163967909641,112.80594724637922
609,-1.8559978753328323,-1477.9336937188054,0.0,0.43275222182273865,0.17460213601589203,0.0,1.279906153678894,0.0,1.0217560678720474,0.0,978.8381528588361,112.80594724637922
610,-0.737602137029171,-1478.6712958558346,0.0,0.5142026543617249,0.020695986226201057,0.0,0.0,0.3225393295288086,0.0,0.8160459976643324,978.8381528588361,113.62199324404355
611,-6.718421459197998,-1485.3897173150326,0.0,0.8544731736183167,2.1857285499572754,0.0,2.3001177310943604,0.0,3.631373107433319,0.0,982.4695259662694,113.62199324404355
612,-2.3746362924575806,-1487.7643536074902,0.0,1.0591528415679932,0.0,0.06497130542993546,0.263426274061203,0.0,0.0,0.8606978729367256,982.4695259662694,114.48269111698028
613,-0.7458422034978867,-1488.510195810988,0.0,0.8234636783599854,0.38624855875968933,0.0,0.06951248645782471,0.0,0.0,0.3677026331424713,982.4695259662694,114.85039375012275
614,-0.39774230122566223,-1488.9079381122137,0.0,1.0116024017333984,0.3397235572338104,0.0,0.0,0.21245795488357544,0.0,0.8843367993831635,982.4695259662694,115.73473054950591
615,-0.1698617786169052,-1489.0777998908306,0.0,0.8532128930091858,0.0,0.17444145679473877,0.0,0.3796030282974243,0.0,1.4072573781013489,982.4695259662694,117.14198792760726
616,0.0,-1489.0777998908306,0.0,0.5380384922027588,0.0,0.17350901663303375,0.0,0.4126986563205719,0.0,1.1242461651563644,982.4695259662694,118.26623409276363
617,-1.7234846949577332,-1490.8012845857884,0.38442274928092957,0.0,0.0,0.028112348169088364,0.7645670771598816,0.0,1.1208774782717228,0.0,983.5904034445412,118.26623409276363
618,-1.4248764514923096,-1492.2261610372807,0.36787644028663635,0.0,0.15145640075206757,0.0,0.8025505542755127,0.0,1.3218833953142166,0.0,984.9122868398554,118.26623409276363
619,-2.1350345611572266,-1494.361195598438,0.7303415536880493,0.0,0.35753491520881653,0.0,0.7232221961021423,0.0,1.8110986649990082,0.0,986.7233855048544,118.26623409276363
620,-3.331026077270508,-1497.6922216757084,1.3891406059265137,0.0,0.36468249559402466,0.0,1.0705604553222656,0.0,2.824383556842804,0.0,989.5477690616972,118.26623409276363
621,-2.264312744140625,-1499.956534419849,0.45421919226646423,0.0,0.3876185119152069,0.0,0.8165318369865417,0.0,1.658369541168213,0.0,991.2061386028654,118.26623409276363
622,-8.289467811584473,-1508.2460022314335,0.4215100109577179,0.0,4.011590003967285,0.0,1.6241950988769531,0.0,6.057295113801956,0.0,997.2634337166674,118.26623409276363
623,-3.735996723175049,-1511.9819989546086,0.3560788035392761,0.0,0.30236607789993286,0.0,0.7562534809112549,0.0,1.4146983623504639,0.0,998.6781320790178,118.26623409276363
624,-2.6174869537353516,-1514.599485908344,0.35421058535575867,0.0,0.18733283877372742,0.0,1.5970796346664429,0.0,2.138623058795929,0.0,1000.8167551378137,118.26623409276363
625,-1.5471372604370117,-1516.146623168781,0.3527388870716095,0.0,0.18591776490211487,0.0,0.41699478030204773,0.0,0.9556514322757721,0.0,1001.7724065700895,118.26623409276363
626,-0.9449875354766846,-1517.0916107042576,0.3514370918273926,0.0,0.18461598455905914,0.0,0.39827069640159607,0.0,0.9343237727880478,0.0,1002.7067303428776,118.26623409276363
627,-4.349001884460449,-1521.440612588718,1.3470382690429688,0.0,0.7504824995994568,0.0,1.113255262374878,0.0,3.2107760310173035,0.0,1005.9175063738949,118.26623409276363
628,-2.0896410942077637,-1523.5302536829258,0.34860697388648987,0.0,0.20223666727542877,0.0,0.4176623523235321,0.0,0.9685059934854507,0.0,1006.8860123673803,118.26623409276363
629,-4.363921165466309,-1527.8941748483921,0.3487769067287445,0.0,0.23087537288665771,0.0,2.652463912963867,0.0,3.2321161925792694,0.0,1010.1181285599596,118.26623409276363
630,-2.3204941749572754,-1530.2146690233494,0.34246259927749634,0.0,0.31018462777137756,0.0,0.5976065397262573,0.0,1.2502537667751312,0.0,1011.3683823267347,118.26623409276363
631,-1.266829252243042,-1531.4814982755925,0.3763113021850586,0.0,0.3105776011943817,0.0,0.5280323624610901,0.0,1.2149212658405304,0.0,1012.5833035925752,118.26623409276363
632,-2.597346305847168,-1534.0788445814396,0.0,0.37374255061149597,0.8361832499504089,0.0,1.0494804382324219,0.0,1.5119211375713348,0.0,1014.0952247301466,118.26623409276363
633,-1.435167670249939,-1535.5140122516896,0.0,0.7184192538261414,0.2372327446937561,0.0,0.7474388480186462,0.0,0.266252338886261,0.0,1014.3614770690328,118.26623409276363
634,-0.5364350080490112,-1536.0504472597386,0.0,0.9992810487747192,0.08819844573736191,0.0,0.0,0.3774714171886444,0.0,1.2885540202260017,1014.3614770690328,119.55478811298963
635,-0.3806902766227722,-1536.4311375363613,0.0,1.164985179901123,0.2831929922103882,0.0,0.0,0.5730229616165161,0.0,1.454815149307251,1014.3614770690328,121.00960326229688
636,-0.1415964961051941,-1536.5727340324665,0.0,1.2253801822662354,0.0,0.14808499813079834,0.0,0.40855467319488525,0.0,1.782019853591919,1014.3614770690328,122.7916231158888
637,-0.4255765378475189,-1536.998310570314,0.0,1.243593454360962,0.28371769189834595,0.0,0.0,0.10611827671527863,0.0,1.0659940391778946,1014.3614770690328,123.85761715506669
638,-0.2728261947631836,-1537.2711367650772,0.0,0.6936972141265869,0.26193469762802124,0.0,0.0,0.09976386278867722,0.0,0.5315263792872429,1014.3614770690328,124.38914353435393
639,-0.13096734881401062,-1537.4021041138913,0.0,0.697390615940094,0.0,0.22867107391357422,0.0,0.6626204252243042,0.0,1.5886821150779724,1014.3614770690328,125.9778256494319
640,-0.6177279353141785,-1538.0198320492054,0.41181862354278564,0.0,0.0,0.20805951952934265,0.0,0.4817996621131897,0.0,0.2780405580997467,1014.3614770690328,126.25586620753165
641,-0.46240247040987015,-1538.4822345196153,0.31945550441741943,0.0,0.0,0.05981559306383133,0.0645102709531784,0.0,0.3241501823067665,0.0,1014.6856272513396,126.25586620753165
642,-3.4649910926818848,-1541.9472256122972,0.5452353954315186,0.0,1.1327673196792603,0.0,0.7599798440933228,0.0,2.4379825592041016,0.0,1017.1236098105437,126.25586620753165
643,-13.597655296325684,-1555.5448809086229,0.517493724822998,0.0,0.35864752531051636,0.0,8.467048645019531,0.0,9.343189895153046,0.0,1026.4667997056968,126.25586620753165
644,-6.239568710327148,-1561.78444961895,0.8479077816009521,0.0,0.36468249559402466,0.0,1.2504595518112183,0.0,2.463049829006195,0.0,1028.929849534703,126.25586620753165
645,-7.3946943283081055,-1569.1791439472581,4.1328816413879395,0.0,0.3876185119152069,0.0,1.1900190114974976,0.0,5.710519164800644,0.0,1034.6403686995036,126.25586620753165
646,-3.6969993114471436,-1572.8761432587053,0.4215100109577179,0.0,0.44255486130714417,0.0,0.7095414996147156,0.0,1.5736063718795776,0.0,1036.2139750713832,126.25586620753165
647,-1.3459612131118774,-1574.2221044718171,0.3560788035392761,0.0,0.23568828403949738,0.0,0.5265489816665649,0.0,1.1183160692453384,0.0,1037.3322911406285,126.25586620753165
648,-1.1767499446868896,-1575.398854416504,0.35421058535575867,0.0,0.2998753786087036,0.0,0.45272377133369446,0.0,1.1068097352981567,0.0,1038.4391008759267,126.25586620753165
649,-1.0322340726852417,-1576.4310884891893,0.3527388870716095,0.0,0.18591776490211487,0.0,0.41900184750556946,0.0,0.9576584994792938,0.0,1039.396759375406,126.25586620753165
650,-0.9551572203636169,-1577.386245709553,0.3514370918273926,0.0,0.18461598455905914,0.0,0.4166029393672943,0.0,0.952656015753746,0.0,1040.3494153911597,126.25586620753165
651,-0.9594203233718872,-1578.3456660329248,0.35007867217063904,0.0,0.1873515099287033,0.0,0.4188297688961029,0.0,0.9562599509954453,0.0,1041.3056753421552,126.25586620753165
652,-1.002347707748413,-1579.3480137406732,0.34860697388648987,0.0,0.20223666727542877,0.0,0.4351603388786316,0.0,0.9860039800405502,0.0,1042.2916793221957,126.25586620753165
653,-2.654627799987793,-1582.002641540661,1.3677350282669067,0.0,0.23087537288665771,0.0,0.49980950355529785,0.0,2.0984199047088623,0.0,1044.3900992269046,126.25586620753165
654,-4.5847601890563965,-1586.5874017297174,2.7056221961975098,0.0,0.24639129638671875,0.0,0.8039667010307312,0.0,3.7559801936149597,0.0,1048.1460794205195,126.25586620753165
655,-3.5907585620880127,-1590.1781602918054,1.1488118171691895,0.0,0.21834512054920197,0.0,1.2221044301986694,0.0,2.589261367917061,0.0,1050.7353407884366,126.25586620753165
656,-7.624011039733887,-1597.8021713315393,0.0,0.36626678705215454,0.500525951385498,0.0,4.679360866546631,0.0,4.813620030879974,0.0,1055.5489608193166,126.25586620753165
657,-7.525975167751312,-1605.3281464992906,0.0,0.7502269148826599,0.14646469056606293,0.0,6.361440181732178,0.0,5.757677957415581,0.0,1061.3066387767321,126.25586620753165
658,-3.7034826278686523,-1609.0316291271592,0.0,0.9725360870361328,0.006602431181818247,0.0,0.8924576640129089,0.0,0.0,0.07347599184140563,1061.3066387767321,126.32934219937306
659,-0.4495300475973636,-1609.4811591747566,0.0,0.24473510682582855,0.0,0.09424187988042831,0.0,0.35691264271736145,0.0,0.6958896294236183,1061.3066387767321,127.02523182879668
660,-0.6515393853187561,-1610.1326985600754,0.0,0.9004762172698975,0.4343595802783966,0.0,0.0,0.29645630717277527,0.0,0.7625729441642761,1061.3066387767321,127.78780477296095
661,-1.7831752002239227,-1611.9158737602993,0.0,1.1207208633422852,0.34515395760536194,0.0,0.9289456009864807,0.0,0.1533786952495575,0.0,1061.4600174719817,127.78780477296095
662,-1.7417879104614258,-1613.6576616707607,0.7364920973777771,0.0,0.0,0.2784642279148102,0.0,0.7487252354621887,0.0,0.2906973659992218,1061.4600174719817,128.07850213896018
663,-0.36824604868888855,-1614.0259077194496,0.0,0.8766398429870605,0.0,0.18615493178367615,0.0,0.5775881409645081,0.0,1.6403829157352448,1061.4600174719817,129.71888505469542
664,-0.013354476541280746,-1614.039262195991,0.00890298467129469,0.0,0.0,0.1717604249715805,0.0,0.22638903558254242,0.0,0.38924647588282824,1061.4600174719817,130.10813153057825
665,-0.15367660811170936,-1614.1929388041026,0.0,0.07415522634983063,0.0,0.04232902079820633,0.0994834154844284,0.0,0.0,0.01700083166360855,1061.4600174719817,130.12513236224186
666,-1.7694114446640015,-1615.9623502487666,0.40967029333114624,0.0,0.2636435031890869,0.0,0.539454996585846,0.0,1.212768793106079,0.0,1062.6727862650878,130.12513236224186
667,-5.600749492645264,-1621.5630997414119,2.1317942142486572,0.0,0.3581891655921936,0.0,1.6481059789657593,0.0,4.13808935880661,0.0,1066.8108756238944,130.12513236224186
668,-3.1544089317321777,-1624.717508673144,0.7031154632568359,0.0,0.36468249559402466,0.0,1.0899442434310913,0.0,2.157742202281952,0.0,1068.9686178261763,130.12513236224186
669,-23.583730697631836,-1648.3012393707759,7.0275139808654785,0.0,0.3876185119152069,0.0,9.026601791381836,0.0,16.44173428416252,0.0,1085.4103521103389,130.12513236224186
670,-9.535815238952637,-1657.8370546097285,0.4215100109577179,0.0,0.44215521216392517,0.0,1.65715754032135,0.0,2.520822763442993,0.0,1087.9311748737819,130.12513236224186
671,-2.320805549621582,-1660.15786015935,0.37498530745506287,0.0,0.7011880874633789,0.0,0.5265489816665649,0.0,1.6027223765850067,0.0,1089.5338972503669,130.12513236224186
672,-1.2903563976287842,-1661.4482165569789,0.3568393290042877,0.0,0.19907063245773315,0.0,0.42208048701286316,0.0,0.977990448474884,0.0,1090.5118876988417,130.12513236224186
673,-1.797195553779602,-1663.2454121107585,0.34507817029953003,0.0,0.7501539587974548,0.0,0.41900184750556946,0.0,1.5142339766025543,0.0,1092.0261216754443,130.12513236224186
674,-3.3204798698425293,-1666.565891980601,1.7011696100234985,0.0,0.2967706322669983,0.0,0.4166029393672943,0.0,2.414543181657791,0.0,1094.440664857102,130.12513236224186
675,-1.6876283884048462,-1668.2535203690059,0.35007867217063904,0.0,0.1873515099287033,0.0,0.4188297688961029,0.0,0.9562599509954453,0.0,1095.3969248080975,130.12513236224186
676,-1.002347707748413,-1669.2558680767543,0.34860697388648987,0.0,0.20223666727542877,0.0,0.4351603388786316,0.0,0.9860039800405502,0.0,1096.382928788138,130.12513236224186
677,-1.1261906623840332,-1670.3820587391383,0.3487769067287445,0.0,0.23087537288665771,0.0,0.49980950355529785,0.0,1.0794617831707,0.0,1097.4623905713088,130.12513236224186
678,-3.3152103424072266,-1673.6972690815455,1.0169463157653809,0.0,1.0625839233398438,0.0,0.47167298197746277,0.0,2.5512032210826874,0.0,1100.0135937923915,130.12513236224186
679,-3.6148903369903564,-1677.3121594185359,0.21681378781795502,0.0,1.9272652864456177,0.0,0.5828270316123962,0.0,2.726906105875969,0.0,1102.7404998982674,130.12513236224186
680,-1.5837993621826172,-1678.8959587807185,0.0,0.1919764280319214,0.22050392627716064,0.0,0.22018855810165405,0.0,0.2487160563468933,0.0,1102.9892159546143,130.12513236224186
681,-1.0343469381332397,-1679.9303057188517,0.4022056460380554,0.0,0.25337982177734375,0.0,0.10225296765565872,0.0,0.7578384354710579,0.0,1103.7470543900854,130.12513236224186
682,-0.6986293792724609,-1680.6289350981242,0.0,0.8945507407188416,0.3820599615573883,0.0,0.0,0.0920955017209053,0.0,0.6045862808823586,1103.7470543900854,130.72971864312422
683,-2.6225089579820633,-1683.2514440561063,0.0,0.21135073900222778,0.0,0.030194442719221115,1.620985984802246,0.0,1.3794408030807972,0.0,1105.1264951931662,130.72971864312422
684,-1.4602067470550537,-1684.7116508031613,0.0,1.1891871690750122,0.4331425130367279,0.0,0.0,0.2818286418914795,0.0,1.0378732979297638,1105.1264951931662,131.76759194105398
685,-0.37477564811706543,-1685.0864264512784,0.0,1.1782113313674927,0.31640875339508057,0.0,0.0,0.04073614627122879,0.0,0.9025387242436409,1105.1264951931662,132.67013066529762
686,-0.7254991829395294,-1685.811925634218,0.0,1.0789623260498047,0.32849836349487305,0.0,0.2606373429298401,0.0,0.0,0.48982661962509155,1105.1264951931662,133.1599572849227
687,-0.29456785321235657,-1686.1064934874303,0.0,0.9265273213386536,0.0,0.21109865605831146,0.0,0.1729283630847931,0.0,1.3105543404817581,1105.1264951931662,134.47051162540447
688,-0.6441988348960876,-1686.7506923223264,0.4294658899307251,0.0,0.0,0.1713041365146637,0.0,0.4082888960838318,0.0,0.15012714266777039,1105.1264951931662,134.62063876807224
689,-2.0304568260908127,-1688.7811491484172,1.3497508764266968,0.0,0.0,0.018549572676420212,0.14704230427742004,0.0,1.4782436080276966,0.0,1106.604738801194,134.62063876807224
690,-13.716367721557617,-1702.4975168699748,1.4444351196289062,0.0,0.14266453683376312,0.0,8.056076049804688,0.0,9.643175706267357,0.0,1116.2479145074612,134.62063876807224
691,-6.585943222045898,-1709.0834600920207,1.0972508192062378,0.0,0.5973512530326843,0.0,0.9247347116470337,0.0,2.619336783885956,0.0,1118.8672512913472,134.62063876807224
692,-2.095822811126709,-1711.1792829031474,0.4469718635082245,0.0,0.36468249559402466,0.0,0.7606547474861145,0.0,1.5723091065883636,0.0,1120.4395603979356,134.62063876807224
693,-1.701399803161621,-1712.880682706309,0.45421919226646423,0.0,0.3876185119152069,0.0,0.8165318369865417,0.0,1.658369541168213,0.0,1122.0979299391038,134.62063876807224
694,-2.1916894912719727,-1715.072372197581,0.57329261302948,0.0,0.19325745105743408,0.0,1.1177921295166016,0.0,1.8843421936035156,0.0,1123.9822721327073,134.62063876807224
695,-1.769002914428711,-1716.8413751120097,0.3560788035392761,0.0,0.18901224434375763,0.0,1.1085724830627441,0.0,1.653663530945778,0.0,1125.635935663653,134.62063876807224
696,-1.3086436986923218,-1718.150018810702,0.35421058535575867,0.0,0.18733283877372742,0.0,0.42208048701286316,0.0,0.9636239111423492,0.0,1126.5995595747954,134.62063876807224
697,-0.9606412053108215,-1719.1106600160128,0.3527388870716095,0.0,0.18591776490211487,0.0,0.41900184750556946,0.0,0.9576584994792938,0.0,1127.5572180742747,134.62063876807224
698,-0.9551572203636169,-1720.0658172363765,0.3514370918273926,0.0,0.18461598455905914,0.0,0.4166029393672943,0.0,0.952656015753746,0.0,1128.5098740900285,134.62063876807224
699,-0.9594203233718872,-1721.0252375597483,0.35007867217063904,0.0,0.1873515099287033,0.0,0.4188297688961029,0.0,0.9562599509954453,0.0,1129.466134041024,134.62063876807224
700,-1.002347707748413,-1722.0275852674968,0.34860697388648987,0.0,0.20223666727542877,0.0,0.4351603388786316,0.0,0.9860039800405502,0.0,1130.4521380210645,134.62063876807224
701,-1.1261906623840332,-1723.1537759298808,0.3487769067287445,0.0,0.23087537288665771,0.0,0.49980950355529785,0.0,1.0794617831707,0.0,1131.5315998042352,134.62063876807224
702,-1.0582576990127563,-1724.2120336288936,0.3108523190021515,0.0,0.24310490489006042,0.0,0.4586373567581177,0.0,1.0125945806503296,0.0,1132.5441943848855,134.62063876807224
703,-2.412644386291504,-1726.624678015185,1.3067142963409424,0.0,0.20033147931098938,0.0,0.3139246702194214,0.0,1.8209704458713531,0.0,1134.3651648307568,134.62063876807224
704,-1.6357231140136719,-1728.2604011291987,0.7592211961746216,0.0,0.2643275260925293,0.0,0.2989349663257599,0.0,1.3224836885929108,0.0,1135.6876485193498,134.62063876807224
705,-3.8453526496887207,-1732.1057537788874,1.9054900407791138,0.0,0.24723315238952637,0.0,0.8402770757675171,0.0,2.9930002689361572,0.0,1138.680648788286,134.62063876807224
706,-2.1541311740875244,-1734.259884952975,1.2209644317626953,0.0,0.09429768472909927,0.0,0.0,0.18462733924388885,1.1306347772479057,0.0,1139.8112835655338,134.62063876807224
707,-0.6585212126374245,-1734.9184061656124,0.0,1.0740123987197876,0.0017803049413487315,0.0,0.0,0.3524157404899597,0.0,1.4246478342683986,1139.8112835655338,136.04528660234064
708,-0.09652332216501236,-1735.0149294877774,0.0,1.1632142066955566,0.06494231522083282,0.0,0.0,0.057513393461704254,0.0,1.155785284936428,1139.8112835655338,137.20107188727707
709,-0.03247115761041641,-1735.0474006453878,0.0,0.9385082721710205,0.0,0.16362735629081726,0.0,0.25184541940689087,0.0,1.3539810478687286,1139.8112835655338,138.5550529351458
710,0.0,-1735.0474006453878,0.0,0.5056313276290894,0.0,0.13752496242523193,0.0,0.47904282808303833,0.0,1.1221991181373596,1139.8112835655338,139.67725205328315
711,0.0,-1735.0474006453878,0.0,0.6964879035949707,0.0,0.025233205407857895,0.0,0.09830903261899948,0.0,0.8200301416218281,1139.8112835655338,140.49728219490498
712,-0.15600240230560303,-1735.2034030476934,0.0,0.03524324670433998,0.0,0.09797130525112152,0.10400160402059555,0.0,0.0,0.02921294793486595,1139.8112835655338,140.52649514283985
713,-1.2825286388397217,-1736.4859316865331,0.20622381567955017,0.0,0.025920702144503593,0.0,0.6575417518615723,0.0,0.889686269685626,0.0,1140.7009698352194,140.52649514283985
714,-2.7116498947143555,-1739.1975815812475,0.3609231412410736,0.0,0.5004211664199829,0.0,1.242984414100647,0.0,2.1043287217617035,0.0,1142.8052985569811,140.52649514283985
715,-2.7049882411956787,-1741.9025698224432,0.861149787902832,0.0,0.46824032068252563,0.0,0.9758043885231018,0.0,2.3051944971084595,0.0,1145.1104930540896,140.52649514283985
716,-2.907578706741333,-1744.8101485291845,1.2025023698806763,0.0,0.36468249559402466,0.0,1.0705604553222656,0.0,2.6377453207969666,0.0,1147.7482383748866,140.52649514283985
717,-3.200237512588501,-1748.010386041773,1.5637325048446655,0.0,0.3876185119152069,0.0,1.0430465936660767,0.0,2.994397610425949,0.0,1150.7426359853125,140.52649514283985
718,-4.759483814239502,-1752.7698698560125,0.4215100109577179,0.0,0.19325745105743408,0.0,2.6652984619140625,0.0,3.2800659239292145,0.0,1154.0227019092417,140.52649514283985
