time_step,reward,all_rewards,grid_import_Building_1_kwh,export_Building_1_kwh,grid_import_Building_2_kwh,export_Building_2_kwh,grid_import_Building_3_kwh,export_Building_3_kwh,grid_import_kwh,export_kwh,cumulative_grid_import_kwh,cumulative_export_kwh
0,-4.285096645355225,-4.285096645355225,2.033644199371338,0.0,0.5619984865188599,0.0,1.689454197883606,0.0,4.285096883773804,0.0,4.285096883773804,0.0
1,-1.5053914785385132,-5.790488123893738,0.8462807536125183,0.0,0.18591776490211487,0.0,0.47319296002388,0.0,1.5053914785385132,0.0,5.790488362312317,0.0
2,-1.35512113571167,-7.145609259605408,0.7249863147735596,0.0,0.18461598455905914,0.0,0.4455188810825348,0.0,1.3551211804151535,0.0,7.14560954272747,0.0
3,-1.2535982131958008,-8.399207472801208,0.6327978372573853,0.0,0.1873515099287033,0.0,0.433448851108551,0.0,1.2535981982946396,0.0,8.39920774102211,0.0
4,-1.2445526123046875,-9.643760085105896,0.6071555614471436,0.0,0.20223666727542877,0.0,0.4351603388786316,0.0,1.244552567601204,0.0,9.643760308623314,0.0
5,-1.7313138246536255,-11.375073909759521,1.00062894821167,0.0,0.23087537288665771,0.0,0.49980950355529785,0.0,1.7313138246536255,0.0,11.37507413327694,0.0
6,-2.8889198303222656,-14.263993740081787,1.607621669769287,0.0,0.24817126989364624,0.0,1.033126950263977,0.0,2.8889198899269104,0.0,14.26399402320385,0.0
7,-1.763502597808838,-16.027496337890625,0.5342340469360352,0.0,0.3452141582965851,0.0,0.8840543627738953,0.0,1.7635025680065155,0.0,16.027496591210365,0.0
8,-9.774259567260742,-25.801755905151367,4.653266429901123,0.0,2.933849573135376,0.0,2.187143325805664,0.0,9.774259328842163,0.0,25.80175592005253,0.0
9,-3.2866463661193848,-29.088402271270752,0.48263463377952576,0.0,0.6722479462623596,0.0,2.1317636966705322,0.0,3.2866462767124176,0.0,29.088402196764946,0.0
10,-1.7394952774047852,-30.827897548675537,0.0,0.3569531738758087,0.6334824562072754,0.0,1.284489393234253,0.0,1.5610186755657196,0.0,30.649420872330666,0.0
11,-3.455195903778076,-34.28309345245361,1.8172708749771118,0.0,0.6685148477554321,0.0,0.969410240650177,0.0,3.455195963382721,0.0,34.10461683571339,0.0
12,-1.9672014713287354,-36.25029492378235,0.26597872376441956,0.0,0.9704316258430481,0.0,0.7307910919189453,0.0,1.967201441526413,0.0,36.0718182772398,0.0
13,-4.472604274749756,-40.722899198532104,2.8165736198425293,0.0,1.9719469547271729,0.0,0.0,0.6318330764770508,4.156687498092651,0.0,40.22850577533245,0.0
14,0.9441196322441101,-39.778779566287994,0.0,0.95054030418396,0.0,0.163893923163414,0.0,0.7738050222396851,0.0,1.888239249587059,40.22850577533245,1.888239249587059
15,-1.3265159130096436,-41.10529547929764,0.16432055830955505,0.0,1.0962364673614502,0.0,0.06595885753631592,0.0,1.3265158832073212,0.0,41.55502165853977,1.888239249587059
16,-0.09041498601436615,-41.195710465312004,0.0,0.1696302890777588,0.2912794053554535,0.0,0.0,0.2320985496044159,0.0,0.11044943332672119,41.55502165853977,1.9986886829137802
17,-0.6364187002182007,-41.832129165530205,0.1799376904964447,0.0,0.3064201772212982,0.0,0.15006080269813538,0.0,0.6364186704158783,0.0,42.19144032895565,1.9986886829137802
18,-1.3913612365722656,-43.22349040210247,0.4625154137611389,0.0,0.16118374466896057,0.0,0.7676620483398438,0.0,1.3913612067699432,0.0,43.582801535725594,1.9986886829137802
19,-2.449221134185791,-45.67271153628826,1.0769085884094238,0.0,0.3912005126476288,0.0,0.9811120629310608,0.0,2.4492211639881134,0.0,46.03202269971371,1.9986886829137802
20,-2.3802783489227295,-48.05298988521099,0.5288646817207336,0.0,0.780853271484375,0.0,1.0705604553222656,0.0,2.3802784085273743,0.0,48.41230110824108,1.9986886829137802
21,-3.286937713623047,-51.33992759883404,0.9365671873092651,0.0,0.3876185119152069,0.0,1.962751865386963,0.0,3.286937564611435,0.0,51.699238672852516,1.9986886829137802
22,-4.835491180419922,-56.17541877925396,0.4215100109577179,0.0,2.4457812309265137,0.0,1.9681999683380127,0.0,4.835491210222244,0.0,56.53472988307476,1.9986886829137802
23,-4.834572792053223,-61.00999157130718,0.3560788035392761,0.0,2.4415361881256104,0.0,2.0369577407836914,0.0,4.834572732448578,0.0,61.36930261552334,1.9986886829137802
24,-3.2161478996276855,-64.22613947093487,0.35421058535575867,0.0,2.439856767654419,0.0,0.42208048701286316,0.0,3.2161478400230408,0.0,64.58545045554638,1.9986886829137802
25,-0.9509491920471191,-65.17708866298199,0.3527388870716095,0.0,0.17920845746994019,0.0,0.41900184750556946,0.0,0.9509491920471191,0.0,65.5363996475935,1.9986886829137802
26,-0.9367231130599976,-66.11381177604198,0.3514370918273926,0.0,0.16868312656879425,0.0,0.4166029393672943,0.0,0.9367231577634811,0.0,66.47312280535698,1.9986886829137802
27,-1.7249802350997925,-67.83879201114178,0.35007867217063904,0.0,0.1873515099287033,0.0,1.1875500679016113,0.0,1.7249802500009537,0.0,68.19810305535793,1.9986886829137802
28,-1.992091417312622,-69.8308834284544,1.3546943664550781,0.0,0.20223666727542877,0.0,0.4351603388786316,0.0,1.9920913726091385,0.0,70.19019442796707,1.9986886829137802
29,-2.0965375900268555,-71.92742101848125,1.3658525943756104,0.0,0.23087537288665771,0.0,0.49980950355529785,0.0,2.096537470817566,0.0,72.28673189878464,1.9986886829137802
30,-2.032391309738159,-73.95981232821941,1.3301458358764648,0.0,0.24327263236045837,0.0,0.4589728116989136,0.0,2.032391279935837,0.0,74.31912317872047,1.9986886829137802
31,-0.7622600793838501,-74.72207240760326,0.07796920090913773,0.0,0.19240280985832214,0.0,0.49188804626464844,0.0,0.7622600570321083,0.0,75.08138323575258,1.9986886829137802
32,-3.8726930618286133,-78.59476546943188,0.0,0.36149874329566956,3.5633065700531006,0.0,0.49013590812683105,0.0,3.691943734884262,0.0,78.77332697063684,1.9986886829137802
33,-0.1717519611120224,-78.7665174305439,0.0,0.4318349361419678,0.13957519829273224,0.0,0.24809423089027405,0.0,0.0,0.04416550695896149,78.77332697063684,2.0428541898727417
34,-0.4353530704975128,-79.20187050104141,0.06265433132648468,0.0,0.38181352615356445,0.0,0.0,0.018229525536298752,0.4262383319437504,0.0,79.1995653025806,2.0428541898727417
35,-0.4383973777294159,-79.64026787877083,0.3224653899669647,0.0,0.2233913242816925,0.0,0.0,0.21491865813732147,0.33093805611133575,0.0,79.53050335869193,2.0428541898727417
36,-4.550723075866699,-84.19099095463753,4.797369956970215,0.0,0.0,0.04580845683813095,0.0,0.4474849998950958,4.304076500236988,0.0,83.83457985892892,2.0428541898727417
37,-1.3685321807861328,-85.55952313542366,1.7521350383758545,0.0,0.0,0.17027628421783447,0.0,0.596929669380188,0.984929084777832,0.0,84.81950894370675,2.0428541898727417
38,0.31909433007240295,-85.24042880535126,0.0,0.5143934488296509,0.0,0.05979296937584877,0.0,0.06400222331285477,0.0,0.6381886415183544,84.81950894370675,2.681042831391096
39,-0.3211420774459839,-85.56157088279724,0.0,0.6550762057304382,0.7720916271209717,0.0,0.0,0.24682287871837616,0.0,0.1298074573278427,84.81950894370675,2.810850288718939
40,-1.1289808750152588,-86.6905517578125,0.447745680809021,0.0,0.19314506649971008,0.0,0.4880902171134949,0.0,1.128980964422226,0.0,85.94848990812898,2.810850288718939
41,-0.28873252868652344,-86.97928428649902,0.0,0.14580199122428894,0.0,0.00994577631354332,0.3666064143180847,0.0,0.21085864678025246,0.0,86.15934855490923,2.810850288718939
42,-2.4748167991638184,-89.45410108566284,1.109107494354248,0.0,0.2910788059234619,0.0,1.074630618095398,0.0,2.474816918373108,0.0,88.63416547328234,2.810850288718939
43,-1.703869104385376,-91.15797019004822,0.7583456039428711,0.0,0.21914196014404297,0.0,0.7263814806938171,0.0,1.7038690447807312,0.0,90.33803451806307,2.810850288718939
44,-2.9432787895202637,-94.10124897956848,2.2908387184143066,0.0,0.20169100165367126,0.0,0.4507490396499634,0.0,2.9432787597179413,0.0,93.28131327778101,2.810850288718939
45,-1.530853033065796,-95.63210201263428,0.6353296637535095,0.0,0.19623863697052002,0.0,0.6992846727371216,0.0,1.5308529734611511,0.0,94.81216625124216,2.810850288718939
46,-1.4290204048156738,-97.06112241744995,0.5435421466827393,0.0,0.19325745105743408,0.0,0.6922207474708557,0.0,1.429020345211029,0.0,96.24118659645319,2.810850288718939
47,-0.9907427430152893,-98.05186516046524,0.37498530745506287,0.0,0.18901224434375763,0.0,0.4267451763153076,0.0,0.9907427281141281,0.0,97.23192932456732,2.810850288718939
48,-0.9636238813400269,-99.01548904180527,0.35421058535575867,0.0,0.18733283877372742,0.0,0.42208048701286316,0.0,0.9636239111423492,0.0,98.19555323570967,2.810850288718939
49,-0.9576585292816162,-99.97314757108688,0.3527388870716095,0.0,0.18591776490211487,0.0,0.41900184750556946,0.0,0.9576584994792938,0.0,99.15321173518896,2.810850288718939
50,-0.9526560306549072,-100.92580360174179,0.3514370918273926,0.0,0.18461598455905914,0.0,0.4166029393672943,0.0,0.952656015753746,0.0,100.1058677509427,2.810850288718939
51,-0.9410372972488403,-101.86684089899063,0.3348560631275177,0.0,0.1873515099287033,0.0,0.4188297688961029,0.0,0.9410373419523239,0.0,101.04690509289503,2.810850288718939
52,-0.9860039949417114,-102.85284489393234,0.34860697388648987,0.0,0.20223666727542877,0.0,0.4351603388786316,0.0,0.9860039800405502,0.0,102.03290907293558,2.810850288718939
53,-3.3644232749938965,-106.21726816892624,1.3761818408966064,0.0,0.79400634765625,0.0,1.1942349672317505,0.0,3.364423155784607,0.0,105.39733222872019,2.810850288718939
54,-3.276883602142334,-109.49415177106857,1.3299883604049683,0.0,0.8021014332771301,0.0,1.1447938680648804,0.0,3.2768836617469788,0.0,108.67421589046717,2.810850288718939
55,-3.4137420654296875,-112.90789383649826,1.5471336841583252,0.0,0.8617960810661316,0.0,1.0048121213912964,0.0,3.413741886615753,0.0,112.08795777708292,2.810850288718939
56,-5.839513301849365,-118.74740713834763,1.8221806287765503,0.0,2.4569249153137207,0.0,1.5604077577590942,0.0,5.839513301849365,0.0,117.92747107893229,2.810850288718939
57,-4.087939262390137,-122.83534640073776,0.4870434105396271,0.0,2.480858087539673,0.0,1.12003755569458,0.0,4.08793905377388,0.0,122.01541013270617,2.810850288718939
58,-2.111492872238159,-124.94683927297592,0.0,0.8445625305175781,1.737468957901001,0.0,0.7963051795959473,0.0,1.6892116069793701,0.0,123.70462173968554,2.810850288718939
59,-0.5913478136062622,-125.53818708658218,0.0,1.0440349578857422,1.274584412574768,0.0,0.0,0.3224382996559143,0.0,0.09188884496688843,123.70462173968554,2.9027391336858273
60,0.23664015531539917,-125.30154693126678,0.0,1.0866937637329102,0.3657621741294861,0.0,0.0,0.11811089515686035,0.0,0.8390424847602844,123.70462173968554,3.7417816184461117
61,-6.529631614685059,-131.83117854595184,0.0,0.7644610404968262,0.0,0.18274803459644318,7.003236293792725,0.0,6.056027218699455,0.0,129.760648958385,3.7417816184461117
62,0.4558754563331604,-131.37530308961868,0.0,0.6829460859298706,0.0,0.16892418265342712,0.0,0.05988061800599098,0.0,0.9117508865892887,129.760648958385,4.6535325050354
63,-2.079639196395874,-133.45494228601456,1.561369776725769,0.0,0.0,0.013574364595115185,0.5250566601753235,0.0,2.0728520723059773,0.0,131.83350103069097,4.6535325050354
64,-2.13383150100708,-135.58877378702164,0.9007319211959839,0.0,0.011278570629656315,0.0,1.2218209505081177,0.0,2.133831442333758,0.0,133.96733247302473,4.6535325050354
65,-1.0445339679718018,-136.63330775499344,0.14395681023597717,0.0,0.21786905825138092,0.0,0.6827080249786377,0.0,1.0445338934659958,0.0,135.01186636649072,4.6535325050354
66,-3.2661426067352295,-139.89945036172867,0.9867361783981323,0.0,0.313500314950943,0.0,1.9659061431884766,0.0,3.266142636537552,0.0,138.27800900302827,4.6535325050354
67,-2.5142626762390137,-142.41371303796768,0.8331621885299683,0.0,0.35911455750465393,0.0,1.3219858407974243,0.0,2.5142625868320465,0.0,140.79227158986032,4.6535325050354
68,-2.139162540435791,-144.55287557840347,0.6107575297355652,0.0,0.36468249559402466,0.0,1.1637225151062012,0.0,2.139162540435791,0.0,142.9314341302961,4.6535325050354
69,-2.2731752395629883,-146.82605081796646,0.6353296637535095,0.0,0.4478263854980469,0.0,1.1900190114974976,0.0,2.273175060749054,0.0,145.20460919104517,4.6535325050354
70,-1.111764669418335,-147.9378154873848,0.48252609372138977,0.0,0.19325745105743408,0.0,0.4359810948371887,0.0,1.1117646396160126,0.0,146.31637383066118,4.6535325050354
71,-1.48699951171875,-149.42481499910355,0.8712420463562012,0.0,0.18901224434375763,0.0,0.4267451763153076,0.0,1.4869994670152664,0.0,147.80337329767644,4.6535325050354
72,-0.968881368637085,-150.39369636774063,0.3594680726528168,0.0,0.18733283877372742,0.0,0.42208048701286316,0.0,0.9688813984394073,0.0,148.77225469611585,4.6535325050354
73,-0.9576585292816162,-151.35135489702225,0.3527388870716095,0.0,0.18591776490211487,0.0,0.41900184750556946,0.0,0.9576584994792938,0.0,149.72991319559515,4.6535325050354
74,-0.9526560306549072,-152.30401092767715,0.3514370918273926,0.0,0.18461598455905914,0.0,0.4166029393672943,0.0,0.952656015753746,0.0,150.6825692113489,4.6535325050354
75,-0.9410372972488403,-153.245048224926,0.3348560631275177,0.0,0.1873515099287033,0.0,0.4188297688961029,0.0,0.9410373419523239,0.0,151.62360655330122,4.6535325050354
76,-0.9860039949417114,-154.2310522198677,0.34860697388648987,0.0,0.20223666727542877,0.0,0.4351603388786316,0.0,0.9860039800405502,0.0,152.60961053334177,4.6535325050354
77,-2.1263625621795654,-156.35741478204727,1.3677350282669067,0.0,0.23087537288665771,0.0,0.5277521014213562,0.0,2.1263625025749207,0.0,154.7359730359167,4.6535325050354
78,-2.527252197265625,-158.8846669793129,0.3598918616771698,0.0,0.25422030687332153,0.0,1.9131399393081665,0.0,2.527252107858658,0.0,157.26322514377534,4.6535325050354
79,-1.490822196006775,-160.37548917531967,0.500566840171814,0.0,0.3611260652542114,0.0,0.6291292905807495,0.0,1.490822196006775,0.0,158.75404733978212,4.6535325050354
80,-6.207632064819336,-166.583121240139,1.1729929447174072,0.0,2.6174004077911377,0.0,2.417238712310791,0.0,6.207632064819336,0.0,164.96167940460145,4.6535325050354
81,-0.8090771436691284,-167.39219838380814,0.0,0.19974814355373383,0.37557753920555115,0.0,0.5333736538887024,0.0,0.7092030495405197,0.0,165.67088245414197,4.6535325050354
82,-1.3471115827560425,-168.73930996656418,0.10277063399553299,0.0,0.30680543184280396,0.0,0.9375355243682861,0.0,1.347111590206623,0.0,167.0179940443486,4.6535325050354
83,-2.4689903259277344,-171.2083002924919,0.6770405769348145,0.0,0.8559265732765198,0.0,0.9360233545303345,0.0,2.4689905047416687,0.0,169.48698454909027,4.6535325050354
84,-0.7681233286857605,-171.97642362117767,0.0,0.48728668689727783,0.19740678369998932,0.0,0.8143599033355713,0.0,0.5244800001382828,0.0,170.01146454922855,4.6535325050354
85,-0.0011607259511947632,-171.97758434712887,0.0,0.10344289988279343,0.08687037974596024,0.0,0.0,0.06797640770673752,0.0,0.08454892784357071,170.01146454922855,4.738081432878971
86,0.30340906977653503,-171.67417527735233,0.0,0.5747829079627991,0.08487845957279205,0.0,0.0,0.2017921507358551,0.0,0.6916965991258621,170.01146454922855,5.429778032004833
87,0.36295804381370544,-171.31121723353863,0.0,0.6318455934524536,0.03208257630467415,0.0,0.0,0.15823568403720856,0.0,0.757998701184988,170.01146454922855,6.187776733189821
88,0.013016598299145699,-171.29820063523948,0.0,0.3609931766986847,0.19390042126178741,0.0,0.0,0.052840862423181534,0.0,0.2199336178600788,170.01146454922855,6.4077103510499
89,-2.507204532623291,-173.80540516786277,0.9598867297172546,0.0,1.2953776121139526,0.0,0.25194022059440613,0.0,2.5072045624256134,0.0,172.51866911165416,6.4077103510499
90,-1.5222392082214355,-175.3276443760842,0.398721843957901,0.0,0.29576143622398376,0.0,0.827755868434906,0.0,1.5222391486167908,0.0,174.04090826027095,6.4077103510499
91,-1.805208683013916,-177.13285305909812,0.5945645570755005,0.0,0.4842626452445984,0.0,0.7263814806938171,0.0,1.805208683013916,0.0,175.84611694328487,6.4077103510499
92,-2.0617852210998535,-179.19463828019798,0.9364479184150696,0.0,0.36468249559402466,0.0,0.7606547474861145,0.0,2.0617851614952087,0.0,177.90790210478008,6.4077103510499
93,-1.748924732208252,-180.94356301240623,0.5447744131088257,0.0,0.3876185119152069,0.0,0.8165318369865417,0.0,1.7489247620105743,0.0,179.65682686679065,6.4077103510499
94,-1.9517195224761963,-182.89528253488243,0.6589604616165161,0.0,0.3296126127243042,0.0,0.963146448135376,0.0,1.9517195224761963,0.0,181.60854638926685,6.4077103510499
95,-1.1967880725860596,-184.0920706074685,0.3560788035392761,0.0,0.3141602873802185,0.0,0.5265489816665649,0.0,1.1967880725860596,0.0,182.8053344618529,6.4077103510499
96,-0.9942672252655029,-185.086337832734,0.35421058535575867,0.0,0.18733283877372742,0.0,0.45272377133369446,0.0,0.9942671954631805,0.0,183.7996016573161,6.4077103510499
97,-0.9556514024734497,-186.04198923520744,0.3527388870716095,0.0,0.18591776490211487,0.0,0.41699478030204773,0.0,0.9556514322757721,0.0,184.75525308959186,6.4077103510499
98,-0.9526560306549072,-186.99464526586235,0.3514370918273926,0.0,0.18461598455905914,0.0,0.4166029393672943,0.0,0.952656015753746,0.0,185.7079091053456,6.4077103510499
99,-0.9562599658966064,-187.95090523175895,0.35007867217063904,0.0,0.1873515099287033,0.0,0.4188297688961029,0.0,0.9562599509954453,0.0,186.66416905634105,6.4077103510499
100,-1.8919508457183838,-189.84285607747734,1.2545539140701294,0.0,0.20223666727542877,0.0,0.4351603388786316,0.0,1.8919509202241898,0.0,188.55611997656524,6.4077103510499
101,-1.1055219173431396,-190.94837799482048,0.3468944728374481,0.0,0.23087537288665771,0.0,0.5277521014213562,0.0,1.105521947145462,0.0,189.6616419237107,6.4077103510499
102,-1.7737758159637451,-192.72215381078422,1.0784878730773926,0.0,0.2409534454345703,0.0,0.45433443784713745,0.0,1.7737757563591003,0.0,191.4354176800698,6.4077103510499
103,-2.8315629959106445,-195.55371680669487,1.406815528869629,0.0,1.11617112159729,0.0,0.3085762858390808,0.0,2.8315629363059998,0.0,194.2669806163758,6.4077103510499
104,-0.5558802485466003,-196.10959705524147,0.26671406626701355,0.0,0.23807062208652496,0.0,0.05109556391835213,0.0,0.5558802522718906,0.0,194.8228608686477,6.4077103510499
105,0.08731900900602341,-196.02227804623544,0.0,0.4958544075489044,0.23039452731609344,0.0,0.0,0.13957266509532928,0.0,0.40503254532814026,194.8228608686477,6.81274289637804
106,0.7131693959236145,-195.30910865031183,0.0,1.0164076089859009,0.0,0.015333311632275581,0.0,0.3945979177951813,0.0,1.4263388384133577,194.8228608686477,8.239081734791398
107,0.23925432562828064,-195.06985432468355,0.0,0.9263487458229065,0.5092339515686035,0.0,0.0,0.5706278085708618,0.0,0.9877426028251648,194.8228608686477,9.226824337616563
108,0.36965513229370117,-194.70019919238985,0.0,0.966838538646698,0.0,0.012424386106431484,0.11997632682323456,0.0,0.0,0.8592865979298949,194.8228608686477,10.086110935546458
109,0.680476725101471,-194.01972246728837,0.0,0.7738717198371887,0.0,0.1327192634344101,0.0,0.4543624222278595,0.0,1.3609534054994583,194.8228608686477,11.447064341045916
110,0.8518882393836975,-193.16783422790468,0.0,0.8958898782730103,0.0,0.26121532917022705,0.0,0.5466712713241577,0.0,1.703776478767395,194.8228608686477,13.150840819813311
111,-1.62739896774292,-194.7952331956476,0.0,0.5852379202842712,2.0939509868621826,0.0,0.0,0.34786614775657654,1.1608469188213348,0.0,195.98370778746903,13.150840819813311
112,0.4037368893623352,-194.39149630628526,0.0,0.48445454239845276,0.0,0.14671702682971954,0.0,0.1763022094964981,0.0,0.8074737787246704,195.98370778746903,13.958314598537982
113,-1.6510711908340454,-196.0425674971193,0.8948801755905151,0.0,0.08385171741247177,0.0,0.6723393201828003,0.0,1.6510712131857872,0.0,197.63477900065482,13.958314598537982
114,-2.081084728240967,-198.12365222536027,0.37103885412216187,0.0,0.15303760766983032,0.0,1.5570083856582642,0.0,2.0810848474502563,0.0,199.71586384810507,13.958314598537982
115,-3.8967509269714355,-202.0204031523317,0.7546690702438354,0.0,0.21914196014404297,0.0,2.9229397773742676,0.0,3.896750807762146,0.0,203.61261465586722,13.958314598537982
116,-2.386841058731079,-204.4072442110628,0.4469718635082245,0.0,0.36468249559402466,0.0,1.5751867294311523,0.0,2.3868410885334015,0.0,205.99945574440062,13.958314598537982
117,-1.1943271160125732,-205.60157132707536,0.3636639416217804,0.0,0.3876185119152069,0.0,0.4430446922779083,0.0,1.1943271458148956,0.0,207.19378289021552,13.958314598537982
118,-1.6358888149261475,-207.2374601420015,0.5967347025871277,0.0,0.3296126127243042,0.0,0.7095414996147156,0.0,1.6358888149261475,0.0,208.82967170514166,13.958314598537982
119,-1.2080751657485962,-208.4455353077501,0.5923177599906921,0.0,0.18901224434375763,0.0,0.4267451763153076,0.0,1.2080751806497574,0.0,210.03774688579142,13.958314598537982
120,-0.9636238813400269,-209.40915918909013,0.35421058535575867,0.0,0.18733283877372742,0.0,0.42208048701286316,0.0,0.9636239111423492,0.0,211.00137079693377,13.958314598537982
121,-0.9576585292816162,-210.36681771837175,0.3527388870716095,0.0,0.18591776490211487,0.0,0.41900184750556946,0.0,0.9576584994792938,0.0,211.95902929641306,13.958314598537982
122,-0.9526560306549072,-211.31947374902666,0.3514370918273926,0.0,0.18461598455905914,0.0,0.4166029393672943,0.0,0.952656015753746,0.0,212.9116853121668,13.958314598537982
123,-0.9345853328704834,-212.25405908189714,0.35007867217063904,0.0,0.1873515099287033,0.0,0.39715519547462463,0.0,0.934585377573967,0.0,213.84627068974078,13.958314598537982
124,-0.9860039949417114,-213.24006307683885,0.34860697388648987,0.0,0.20223666727542877,0.0,0.4351603388786316,0.0,0.9860039800405502,0.0,214.83227466978133,13.958314598537982
125,-1.683093786239624,-214.92315686307847,0.9524089097976685,0.0,0.23087537288665771,0.0,0.49980950355529785,0.0,1.683093786239624,0.0,216.51536845602095,13.958314598537982
126,-13.249727249145508,-228.17288411222398,5.020469665527344,0.0,0.29751452803611755,0.0,7.931743621826172,0.0,13.249727815389633,0.0,229.76509627141058,13.958314598537982
127,-1.0115041732788086,-229.1843882855028,0.10226792097091675,0.0,0.28070199489593506,0.0,0.628534197807312,0.0,1.0115041136741638,0.0,230.77660038508475,13.958314598537982
128,-0.6173347234725952,-229.8017230089754,0.0,0.21943727135658264,0.26006796956062317,0.0,0.4669853746891022,0.0,0.5076160728931427,0.0,231.2842164579779,13.958314598537982
129,-4.702228546142578,-234.50395155511796,4.173412322998047,0.0,0.13157224655151367,0.0,0.39724376797676086,0.0,4.702228337526321,0.0,235.9864447955042,13.958314598537982
130,0.20286113023757935,-234.30109042488039,0.0,0.837080717086792,0.10908318310976028,0.0,0.10659606009721756,0.0,0.0,0.6214014738798141,235.9864447955042,14.579716072417796
131,0.8555994033813477,-233.44549102149904,0.0,1.1622930765151978,0.010712550953030586,0.0,0.0,0.5703308582305908,0.0,1.721911383792758,235.9864447955042,16.301627456210554
132,-3.9496161937713623,-237.3951072152704,0.0,1.1904658079147339,2.3696587085723877,0.0,2.1751904487609863,0.0,3.35438334941864,0.0,239.34082814492285,16.301627456210554
133,1.1082578897476196,-236.28684932552278,0.0,1.2007795572280884,0.0,0.25800636410713196,0.0,0.7577298879623413,0.0,2.2165158092975616,239.34082814492285,18.518143265508115
134,0.8301985263824463,-235.45665079914033,0.0,0.6445506811141968,0.0,0.2746831774711609,0.0,0.7411631345748901,0.0,1.6603969931602478,239.34082814492285,20.178540258668363
135,-1.3981703519821167,-236.85482115112245,0.0,0.895548939704895,2.0569143295288086,0.0,0.0,0.42193904519081116,0.7394263446331024,0.0,240.08025448955595,20.178540258668363
136,0.49070271849632263,-236.36411843262613,0.0,0.5875452160835266,0.0,0.17033067345619202,0.0,0.22352951765060425,0.0,0.9814054071903229,240.08025448955595,21.159945665858686
137,-1.9249714612960815,-238.2890898939222,1.7877622842788696,0.0,0.0,0.018772907555103302,0.14659564197063446,0.0,1.9155850186944008,0.0,241.99583950825036,21.159945665858686
138,-2.0044493675231934,-240.2935392614454,0.918773353099823,0.0,0.2831476926803589,0.0,0.8025283813476562,0.0,2.004449427127838,0.0,244.0002889353782,21.159945665858686
139,-2.5833797454833984,-242.8769190069288,1.6380316019058228,0.0,0.21908357739448547,0.0,0.7262647151947021,0.0,2.5833798944950104,0.0,246.5836688298732,21.159945665858686
140,-10.228029251098633,-253.10494825802743,7.694016456604004,0.0,0.20169100165367126,0.0,2.332322120666504,0.0,10.228029578924179,0.0,256.8116984087974,21.159945665858686
141,-1.7925924062728882,-254.89754066430032,0.7798219323158264,0.0,0.19623863697052002,0.0,0.8165318369865417,0.0,1.7925924062728882,0.0,258.60429081507027,21.159945665858686
142,-1.050748586654663,-255.94828925095499,0.4215100109577179,0.0,0.19325745105743408,0.0,0.4359810948371887,0.0,1.0507485568523407,0.0,259.6550393719226,21.159945665858686
143,-0.9718362092971802,-256.92012546025217,0.3560788035392761,0.0,0.18901224434375763,0.0,0.4267451763153076,0.0,0.9718362241983414,0.0,260.62687559612095,21.159945665858686
144,-0.9636238813400269,-257.8837493415922,0.35421058535575867,0.0,0.18733283877372742,0.0,0.42208048701286316,0.0,0.9636239111423492,0.0,261.5904995072633,21.159945665858686
145,-1.4107310771942139,-259.2944804187864,0.5866090059280396,0.0,0.18591776490211487,0.0,0.6382042765617371,0.0,1.4107310473918915,0.0,263.0012305546552,21.159945665858686
146,-1.15919029712677,-260.4536707159132,0.33876895904541016,0.0,0.18461598455905914,0.0,0.6358053684234619,0.0,1.1591903120279312,0.0,264.1604208666831,21.159945665858686
147,-1.138565182685852,-261.59223589859903,0.3348560631275177,0.0,0.1873515099287033,0.0,0.6163576245307922,0.0,1.1385651975870132,0.0,265.29898606427014,21.159945665858686
148,-1.0298445224761963,-262.6220804210752,0.34860697388648987,0.0,0.20223666727542877,0.0,0.4790008068084717,0.0,1.0298444479703903,0.0,266.32883051224053,21.159945665858686
149,-1.0756969451904297,-263.69777736626565,0.3450120687484741,0.0,0.23087537288665771,0.0,0.49980950355529785,0.0,1.0756969451904297,0.0,267.40452745743096,21.159945665858686
150,-3.3968982696533203,-267.094675635919,1.2575488090515137,0.0,0.8152798414230347,0.0,1.3240694999694824,0.0,3.3968981504440308,0.0,270.801425607875,21.159945665858686
151,-1.3315662145614624,-268.42624185048044,0.3870762586593628,0.0,0.20606835186481476,0.0,0.738421618938446,0.0,1.3315662294626236,0.0,272.1329918373376,21.159945665858686
152,-1.9629350900650024,-270.38917694054544,1.4906659126281738,0.0,0.16592095792293549,0.0,0.30634817481040955,0.0,1.9629350453615189,0.0,274.09592688269913,21.159945665858686
153,0.10735812038183212,-270.2818188201636,0.0,0.5706719756126404,0.19011560082435608,0.0,0.0,0.02427547238767147,0.0,0.4048318471759558,274.09592688269913,21.56477751303464
154,0.2302245944738388,-270.05159422568977,0.0,0.7727327942848206,0.2923145890235901,0.0,0.0,0.27234557271003723,0.0,0.7527637779712677,274.09592688269913,22.31754129100591
155,-4.796334266662598,-274.84792849235237,4.530760765075684,0.0,0.45645931363105774,0.0,0.0,0.3817722201347351,4.605447858572006,0.0,278.70137474127114,22.31754129100591
156,-2.385024070739746,-277.2329525630921,0.0,0.03266453742980957,2.1102824211120605,0.0,0.291073739528656,0.0,2.368691623210907,0.0,281.07006636448205,22.31754129100591
157,-1.6215747594833374,-278.85452732257545,0.0,0.49131590127944946,2.0072922706604004,0.0,0.0,0.2801191210746765,1.2358572483062744,0.0,282.3059236127883,22.31754129100591
158,0.8255220651626587,-278.0290052574128,0.0,0.7494138479232788,0.0,0.2924632430076599,0.0,0.6091670989990234,0.0,1.6510441899299622,282.3059236127883,23.96858548093587
159,0.7057600021362305,-277.32324525527656,0.0,0.59209144115448,0.0,0.2047167718410492,0.0,0.6147118210792542,0.0,1.4115200340747833,282.3059236127883,25.380105515010655
160,0.04078028351068497,-277.2824649717659,0.03444037213921547,0.0,0.0,0.16462194919586182,0.007090319879353046,0.0,0.0,0.1230912571772933,282.3059236127883,25.50319677218795
161,-2.050377368927002,-279.3328423406929,1.4606693983078003,0.0,0.0,0.006396973039954901,0.5929064154624939,0.0,2.0471788407303393,0.0,284.35310245351866,25.50319677218795
162,-3.0140810012817383,-282.3469233419746,1.0783368349075317,0.0,0.1577356457710266,0.0,1.7780084609985352,0.0,3.0140809416770935,0.0,287.36718339519575,25.50319677218795
163,-2.118300437927246,-284.46522377990186,0.6995631456375122,0.0,0.21890221536159515,0.0,1.1998350620269775,0.0,2.118300423026085,0.0,289.48548381822184,25.50319677218795
164,-2.8665988445281982,-287.33182262443006,1.4313558340072632,0.0,0.36468249559402466,0.0,1.0705604553222656,0.0,2.8665987849235535,0.0,292.3520826031454,25.50319677218795
165,-1.9310320615768433,-289.2628546860069,0.5447744131088257,0.0,0.19623863697052002,0.0,1.1900190114974976,0.0,1.9310320615768433,0.0,294.28311466472223,25.50319677218795
166,-0.9897325038909912,-290.2525871898979,0.3604939579963684,0.0,0.19325745105743408,0.0,0.4359810948371887,0.0,0.9897325038909912,0.0,295.2728471686132,25.50319677218795
167,-0.9718362092971802,-291.2244233991951,0.3560788035392761,0.0,0.18901224434375763,0.0,0.4267451763153076,0.0,0.9718362241983414,0.0,296.24468339281157,25.50319677218795
168,-0.9636238813400269,-292.1880472805351,0.35421058535575867,0.0,0.18733283877372742,0.0,0.42208048701286316,0.0,0.9636239111423492,0.0,297.2083073039539,25.50319677218795
169,-0.9576585292816162,-293.1457058098167,0.3527388870716095,0.0,0.18591776490211487,0.0,0.41900184750556946,0.0,0.9576584994792938,0.0,298.1659658034332,25.50319677218795
170,-0.9526560306549072,-294.0983618404716,0.3514370918273926,0.0,0.18461598455905914,0.0,0.4166029393672943,0.0,0.952656015753746,0.0,299.11862181918696,25.50319677218795
171,-0.9562599658966064,-295.05462180636823,0.35007867217063904,0.0,0.1873515099287033,0.0,0.4188297688961029,0.0,0.9562599509954453,0.0,300.0748817701824,25.50319677218795
172,-0.9860039949417114,-296.04062580130994,0.34860697388648987,0.0,0.20223666727542877,0.0,0.4351603388786316,0.0,0.9860039800405502,0.0,301.06088575022295,25.50319677218795
173,-3.647223711013794,-299.68784951232374,2.916538715362549,0.0,0.23087537288665771,0.0,0.49980950355529785,0.0,3.6472235918045044,0.0,304.70810934202746,25.50319677218795
174,-1.7574055194854736,-301.4452550318092,0.384336918592453,0.0,0.23963414132595062,0.0,1.133434534072876,0.0,1.7574055939912796,0.0,306.46551493601874,25.50319677218795
175,-1.402383804321289,-302.8476388361305,0.1516353189945221,0.0,0.7369452714920044,0.0,0.513803243637085,0.0,1.4023838341236115,0.0,307.86789877014235,25.50319677218795
176,-1.577296495437622,-304.4249353315681,1.1688817739486694,0.0,0.20974469184875488,0.0,0.19867007434368134,0.0,1.5772965401411057,0.0,309.44519531028345,25.50319677218795
177,0.14104363322257996,-304.28389169834554,0.0,0.6238800287246704,0.18657486140727997,0.0,0.0,0.031356967985630035,0.0,0.4686621353030205,309.44519531028345,25.97185890749097
178,0.5573962330818176,-303.7264954652637,0.0,0.9074476957321167,0.03914664313197136,0.0,0.0,0.2856380045413971,0.0,1.1539390571415424,309.44519531028345,27.12579796463251
179,0.5538364052772522,-303.1726590599865,0.0,1.0420626401901245,0.19224512577056885,0.0,0.0,0.45010045170783997,0.0,1.2999179661273956,309.44519531028345,28.425715930759907
180,-3.7979607582092285,-306.9706198181957,0.0,1.1424123048782349,2.145922899246216,0.0,2.2232439517974854,0.0,3.2267545461654663,0.0,312.6719498564489,28.425715930759907
181,0.8089634776115417,-306.16165634058416,0.0,0.8901332020759583,0.0,0.21903814375400543,0.0,0.5087555646896362,0.0,1.6179269105196,312.6719498564489,30.043642841279507
182,0.8471622467041016,-305.31449409388006,0.0,0.9799602627754211,0.0,0.23004119098186493,0.0,0.48432299494743347,0.0,1.6943244487047195,312.6719498564489,31.737967289984226
183,0.6831455826759338,-304.6313485112041,0.0,0.8368264436721802,0.0,0.16624821722507477,0.0,0.3632165491580963,0.0,1.3662912100553513,312.6719498564489,33.10425850003958
184,0.4521937072277069,-304.1791548039764,0.0,0.556738018989563,0.0,0.1549270749092102,0.0,0.19272230565547943,0.0,0.9043873995542526,312.6719498564489,34.00864589959383
185,-0.34636521339416504,-304.5255200173706,0.0,0.008356096222996712,0.0,0.009429455734789371,0.3552579879760742,0.0,0.33747243601828814,0.0,313.0094222924672,34.00864589959383
186,-1.4143707752227783,-305.93989079259336,0.6814900636672974,0.0,0.1543160378932953,0.0,0.5785647034645081,0.0,1.4143708050251007,0.0,314.4237930974923,34.00864589959383
187,-2.893423557281494,-308.83331434987485,1.0584359169006348,0.0,0.35834044218063354,0.0,1.476647138595581,0.0,2.8934234976768494,0.0,317.31721659516916,34.00864589959383
188,-3.0243310928344727,-311.8576454427093,0.8434675931930542,0.0,0.36468249559402466,0.0,1.816180944442749,0.0,3.024331033229828,0.0,320.341547628399,34.00864589959383
189,-2.246004819869995,-314.1036502625793,0.5447744131088257,0.0,0.3876185119152069,0.0,1.3136118650436401,0.0,2.2460047900676727,0.0,322.58755241846666,34.00864589959383
190,-1.871687650680542,-315.97533791325986,0.3604939579963684,0.0,0.3296126127243042,0.0,1.1815810203552246,0.0,1.8716875910758972,0.0,324.45924000954255,34.00864589959383
191,-1.22037672996521,-317.1957146432251,0.3560788035392761,0.0,0.18901224434375763,0.0,0.6752856969833374,0.0,1.2203767448663712,0.0,325.6796167544089,34.00864589959383
192,-1.2801724672317505,-318.4758871104568,0.6707591414451599,0.0,0.18733283877372742,0.0,0.42208048701286316,0.0,1.2801724672317505,0.0,326.9597892216407,34.00864589959383
193,-1.0720446109771729,-319.547931721434,0.34507817029953003,0.0,0.307964563369751,0.0,0.41900184750556946,0.0,1.0720445811748505,0.0,328.0318338028155,34.00864589959383
194,-0.9526560306549072,-320.5005877520889,0.3514370918273926,0.0,0.18461598455905914,0.0,0.4166029393672943,0.0,0.952656015753746,0.0,328.9844898185693,34.00864589959383
195,-0.9562599658966064,-321.4568477179855,0.35007867217063904,0.0,0.1873515099287033,0.0,0.4188297688961029,0.0,0.9562599509954453,0.0,329.9407497695647,34.00864589959383
196,-0.9860039949417114,-322.4428517129272,0.34860697388648987,0.0,0.20223666727542877,0.0,0.4351603388786316,0.0,0.9860039800405502,0.0,330.92675374960527,34.00864589959383
197,-1.0794618129730225,-323.52231352590024,0.3487769067287445,0.0,0.23087537288665771,0.0,0.49980950355529785,0.0,1.0794617831707,0.0,332.00621553277597,34.00864589959383
198,-1.8722254037857056,-325.39453892968595,1.1771295070648193,0.0,0.24088947474956512,0.0,0.4542064964771271,0.0,1.8722254782915115,0.0,333.8784410110675,34.00864589959383
199,-0.9122757911682129,-326.30681472085416,0.09793445467948914,0.0,0.3024880588054657,0.0,0.5118532776832581,0.0,0.9122757911682129,0.0,334.7907168022357,34.00864589959383
200,-1.9017574787139893,-328.20857219956815,1.3969422578811646,0.0,0.24484512209892273,0.0,0.25997012853622437,0.0,1.9017575085163116,0.0,336.692474310752,34.00864589959383
201,0.023314088582992554,-328.18525811098516,0.0,0.6303125619888306,0.23515954613685608,0.0,0.05668264627456665,0.0,0.0,0.33847036957740784,336.692474310752,34.34711626917124
202,0.35002025961875916,-327.8352378513664,0.0,0.9267101287841797,0.10197068750858307,0.0,0.011364126577973366,0.0,0.0,0.8133753146976233,336.692474310752,35.16049158386886
203,-0.02280503511428833,-327.8580428864807,0.0,0.5439062714576721,0.1573142409324646,0.0,0.1374439299106598,0.0,0.0,0.24914810061454773,336.692474310752,35.40963968448341
204,0.2546778917312622,-327.6033649947494,0.0,0.35866621136665344,0.008087906055152416,0.0,0.0,0.16686540842056274,0.0,0.5174437137320638,336.692474310752,35.92708339821547
205,-4.95048189163208,-332.5538468863815,0.0,0.08942629396915436,0.025905432179570198,0.0,4.969289779663086,0.0,4.905768917873502,0.0,341.5982432286255,35.92708339821547
206,-1.2987958192825317,-333.85264270566404,0.487641304731369,0.0,0.0,0.1010127067565918,0.8616608381271362,0.0,1.2482894361019135,0.0,342.8465326647274,35.92708339821547
207,-0.40926867723464966,-334.2619113828987,0.1957930475473404,0.0,0.05972663313150406,0.0,0.1537490040063858,0.0,0.40926868468523026,0.0,343.25580134941265,35.92708339821547
208,-0.10853961110115051,-334.37045099399984,0.0,0.24827715754508972,0.04585401341319084,0.0,0.18682417273521423,0.0,0.0,0.015598971396684647,343.25580134941265,35.94268236961216
209,-1.0909188985824585,-335.4613698925823,0.1961147040128708,0.0,0.1650208830833435,0.0,0.729783296585083,0.0,1.0909188836812973,0.0,344.34672023309395,35.94268236961216
210,-2.516575336456299,-337.9779452290386,0.3991195857524872,0.0,0.29596030712127686,0.0,1.8214954137802124,0.0,2.5165753066539764,0.0,346.8632955397479,35.94268236961216
211,-2.8092408180236816,-340.7871860470623,0.9786856770515442,0.0,0.3576768636703491,0.0,1.472878098487854,0.0,2.8092406392097473,0.0,349.67253617895767,35.94268236961216
212,-2.0460004806518555,-342.83318652771413,0.6107575297355652,0.0,0.36468249559402466,0.0,1.0705604553222656,0.0,2.0460004806518555,0.0,351.7185366596095,35.94268236961216
213,-2.2129671573638916,-345.046153685078,0.6353296637535095,0.0,0.3876185119152069,0.0,1.1900190114974976,0.0,2.212967187166214,0.0,353.93150384677574,35.94268236961216
214,-2.384705066680908,-347.43085875175893,0.48252609372138977,0.0,0.9190770387649536,0.0,0.9831019043922424,0.0,2.384705036878586,0.0,356.3162088836543,35.94268236961216
215,-1.0096492767333984,-348.44050802849233,0.3938917815685272,0.0,0.18901224434375763,0.0,0.4267451763153076,0.0,1.0096492022275925,0.0,357.3258580858819,35.94268236961216
216,-0.9662526845932007,-349.40676071308553,0.3568393290042877,0.0,0.18733283877372742,0.0,0.42208048701286316,0.0,0.9662526547908783,0.0,358.2921107406728,35.94268236961216
217,-0.9499977827072144,-350.35675849579275,0.34507817029953003,0.0,0.18591776490211487,0.0,0.41900184750556946,0.0,0.9499977827072144,0.0,359.24210852338,35.94268236961216
218,-1.1704277992248535,-351.5271862950176,0.5692089200019836,0.0,0.18461598455905914,0.0,0.4166029393672943,0.0,1.170427843928337,0.0,360.41253636730835,35.94268236961216
219,-0.9562599658966064,-352.4834462609142,0.35007867217063904,0.0,0.1873515099287033,0.0,0.4188297688961029,0.0,0.9562599509954453,0.0,361.3687963183038,35.94268236961216
220,-0.9860039949417114,-353.4694502558559,0.34860697388648987,0.0,0.20223666727542877,0.0,0.4351603388786316,0.0,0.9860039800405502,0.0,362.35480029834434,35.94268236961216
221,-2.462083578109741,-355.93153383396566,1.7313987016677856,0.0,0.23087537288665771,0.0,0.49980950355529785,0.0,2.462083578109741,0.0,364.8168838764541,35.94268236961216
222,-0.9886724948883057,-356.92020632885396,0.30128347873687744,0.0,0.2383204847574234,0.0,0.44906851649284363,0.0,0.9886724799871445,0.0,365.80555635644123,35.94268236961216
223,-0.5891687870025635,-357.5093751158565,0.057517584413290024,0.0,0.20612981915473938,0.0,0.3255213499069214,0.0,0.5891687534749508,0.0,366.3947251099162,35.94268236961216
224,-0.019185714423656464,-357.5285608302802,0.0,0.39134976267814636,0.1452266275882721,0.0,0.06963396817445755,0.0,0.0,0.17648916691541672,366.3947251099162,36.119171536527574
225,0.18495038151741028,-357.3436104487628,0.0,0.7491872310638428,0.2449120432138443,0.0,0.0,0.11053763329982758,0.0,0.614812821149826,366.3947251099162,36.7339843576774
226,0.45670270919799805,-356.8869077395648,0.0,0.9638462066650391,0.10591587424278259,0.0,0.0,0.16139096021652222,0.0,1.0193212926387787,366.3947251099162,37.75330565031618
227,0.8976036310195923,-355.9893041085452,0.0,1.1795684099197388,0.0,0.028032707050442696,0.0,0.5876062512397766,0.0,1.795207368209958,366.3947251099162,39.54851301852614
228,0.5988553762435913,-355.3904487323016,0.0,0.9936406016349792,0.03794948011636734,0.0,0.0,0.27996915578842163,0.0,1.2356602773070335,366.3947251099162,40.78417329583317
229,-9.84861946105957,-365.23906819336116,0.0,1.003985047340393,8.180971145629883,0.0,2.1696412563323975,0.0,9.346627354621887,0.0,375.74135246453807,40.78417329583317
230,0.8472915887832642,-364.3917766045779,0.0,1.0160142183303833,0.0,0.1581920087337494,0.0,0.5203769207000732,0.0,1.694583147764206,375.74135246453807,42.478756443597376
231,0.5005896091461182,-363.8911869954318,0.0,0.6432213187217712,0.0,0.04518565908074379,0.0,0.31277215480804443,0.0,1.0011791326105595,375.74135246453807,43.479935576207936
232,-5.725919246673584,-369.61710624210536,4.113112926483154,0.0,0.0,0.008898989297449589,1.617255687713623,0.0,5.721469624899328,0.0,381.4628220894374,43.479935576207936
233,-0.6418020725250244,-370.2589083146304,0.07977397739887238,0.0,0.14066290855407715,0.0,0.4213652014732361,0.0,0.6418020874261856,0.0,382.1046241768636,43.479935576207936
234,-2.44624400138855,-372.70515231601894,1.3207228183746338,0.0,0.5330559015274048,0.0,0.592465341091156,0.0,2.4462440609931946,0.0,384.5508682378568,43.479935576207936
235,-2.543076992034912,-375.24822930805385,0.8556849360466003,0.0,0.3578053414821625,0.0,1.3295866250991821,0.0,2.543076902627945,0.0,387.0939451404847,43.479935576207936
236,-1.9830611944198608,-377.2312905024737,1.1676297187805176,0.0,0.36468249559402466,0.0,0.4507490396499634,0.0,1.9830612540245056,0.0,389.0770063945092,43.479935576207936
237,-2.1125688552856445,-379.34385935775936,0.6075669527053833,0.0,0.19623863697052002,0.0,1.3087632656097412,0.0,2.1125688552856445,0.0,391.18957524979487,43.479935576207936
238,-1.6575520038604736,-381.00141136161983,1.028313398361206,0.0,0.19325745105743408,0.0,0.4359810948371887,0.0,1.6575519442558289,0.0,392.8471271940507,43.479935576207936
239,-0.9718362092971802,-381.973247570917,0.3560788035392761,0.0,0.18901224434375763,0.0,0.4267451763153076,0.0,0.9718362241983414,0.0,393.81896341824904,43.479935576207936
240,-0.9636238813400269,-382.93687145225704,0.35421058535575867,0.0,0.18733283877372742,0.0,0.42208048701286316,0.0,0.9636239111423492,0.0,394.7825873293914,43.479935576207936
241,-0.9576585292816162,-383.89452998153865,0.3527388870716095,0.0,0.18591776490211487,0.0,0.41900184750556946,0.0,0.9576584994792938,0.0,395.7402458288707,43.479935576207936
242,-0.9526560306549072,-384.84718601219356,0.3514370918273926,0.0,0.18461598455905914,0.0,0.4166029393672943,0.0,0.952656015753746,0.0,396.69290184462443,43.479935576207936
243,-0.9562599658966064,-385.80344597809017,0.35007867217063904,0.0,0.1873515099287033,0.0,0.4188297688961029,0.0,0.9562599509954453,0.0,397.6491617956199,43.479935576207936
244,-0.9731332659721375,-386.7765792440623,0.3357362449169159,0.0,0.20223666727542877,0.0,0.4351603388786316,0.0,0.9731332510709763,0.0,398.62229504669085,43.479935576207936
245,-1.1055219173431396,-387.88210116140544,0.3468944728374481,0.0,0.23087537288665771,0.0,0.5277521014213562,0.0,1.105521947145462,0.0,399.7278169938363,43.479935576207936
246,-4.446622371673584,-392.328723533079,0.3362347483634949,0.0,0.24239176511764526,0.0,3.8679957389831543,0.0,4.446622252464294,0.0,404.1744392463006,43.479935576207936
247,-1.8766727447509766,-394.20539627783,1.1351090669631958,0.0,0.21149376034736633,0.0,0.5300699472427368,0.0,1.876672774553299,0.0,406.0511120208539,43.479935576207936
248,-2.2600769996643066,-396.4654732774943,0.7994797825813293,0.0,1.0725849866867065,0.0,0.38801226019859314,0.0,2.260077029466629,0.0,408.31118905032054,43.479935576207936
249,-0.912378191947937,-397.37785146944225,0.0,0.16169406473636627,0.2862636148929596,0.0,0.7069616317749023,0.0,0.8315311819314957,0.0,409.14272023225203,43.479935576207936
250,0.35451358556747437,-397.0233378838748,0.0,0.5522568821907043,0.0,0.01259163673967123,0.0,0.14417864382266998,0.0,0.7090271627530456,409.14272023225203,44.18896273896098
251,0.6999101638793945,-396.3234277199954,0.0,0.8463038802146912,0.0,0.06984102725982666,0.0,0.48367542028427124,0.0,1.399820327758789,409.14272023225203,45.58878306671977
252,0.8490768671035767,-395.4743508528918,0.0,1.100285291671753,0.0,0.08553756773471832,0.0,0.5123308897018433,0.0,1.6981537491083145,409.14272023225203,47.286936815828085
253,0.6897421479225159,-394.7846087049693,0.0,1.0048272609710693,0.14806900918483734,0.0,0.0,0.6707950830459595,0.0,1.5275533348321915,409.14272023225203,48.814490150660276
254,-4.747857093811035,-399.5324657987803,5.203329086303711,0.0,0.0,0.2397156059741974,0.0,0.6712279915809631,4.29238548874855,0.0,413.4351057210006,48.814490150660276
255,0.6648260951042175,-398.8676397036761,0.0,0.8221708536148071,0.0,0.15892040729522705,0.0,0.3485609292984009,0.0,1.329652190208435,413.4351057210006,50.14414234086871
256,-0.06578352302312851,-398.93342322669923,0.19316093623638153,0.0,0.0,0.12396221607923508,0.0,0.13079260289669037,0.0,0.061593882739543915,413.4351057210006,50.205736223608255
257,-0.7812150120735168,-399.71463823877275,0.5760786533355713,0.0,0.006998308934271336,0.0,0.1981380730867386,0.0,0.7812150353565812,0.0,414.21632075635716,50.205736223608255
258,-1.8001203536987305,-401.5147585924715,0.836626410484314,0.0,0.15649878978729248,0.0,0.8069952130317688,0.0,1.8001204133033752,0.0,416.01644116966054,50.205736223608255
259,-1.718062400817871,-403.23282099328935,0.5181800127029419,0.0,0.2190180867910385,0.0,0.9808642864227295,0.0,1.71806238591671,0.0,417.73450355557725,50.205736223608255
260,-1.9641592502593994,-405.19698024354875,0.4469718635082245,0.0,0.20169100165367126,0.0,1.3154963254928589,0.0,1.9641591906547546,0.0,419.698662746232,50.205736223608255
261,-8.61376953125,-413.81074977479875,0.3636639416217804,0.0,0.19623863697052002,0.0,8.05386734008789,0.0,8.613769918680191,0.0,428.3124326649122,50.205736223608255
262,-1.263292908668518,-415.07404268346727,0.3604939579963684,0.0,0.19325745105743408,0.0,0.7095414996147156,0.0,1.263292908668518,0.0,429.5757255735807,50.205736223608255
263,-1.9203650951385498,-416.9944077786058,0.8147399425506592,0.0,0.18901224434375763,0.0,0.9166128635406494,0.0,1.9203650504350662,0.0,431.4960906240158,50.205736223608255
264,-0.9636238813400269,-417.95803165994585,0.35421058535575867,0.0,0.18733283877372742,0.0,0.42208048701286316,0.0,0.9636239111423492,0.0,432.4597145351581,50.205736223608255
265,-0.9576585292816162,-418.91569018922746,0.3527388870716095,0.0,0.18591776490211487,0.0,0.41900184750556946,0.0,0.9576584994792938,0.0,433.4173730346374,50.205736223608255
266,-0.9526560306549072,-419.86834621988237,0.3514370918273926,0.0,0.18461598455905914,0.0,0.4166029393672943,0.0,0.952656015753746,0.0,434.37002905039117,50.205736223608255
267,-0.9562599658966064,-420.824606185779,0.35007867217063904,0.0,0.1873515099287033,0.0,0.4188297688961029,0.0,0.9562599509954453,0.0,435.3262890013866,50.205736223608255
268,-0.9860039949417114,-421.8106101807207,0.34860697388648987,0.0,0.20223666727542877,0.0,0.4351603388786316,0.0,0.9860039800405502,0.0,436.31229298142716,50.205736223608255
269,-1.1055219173431396,-422.9161320980638,0.3468944728374481,0.0,0.23087537288665771,0.0,0.5277521014213562,0.0,1.105521947145462,0.0,437.4178149285726,50.205736223608255
270,-1.0327808856964111,-423.94891298376024,0.3350120782852173,0.0,0.24178043007850647,0.0,0.45598840713500977,0.0,1.0327809154987335,0.0,438.45059584407136,50.205736223608255
271,-0.6494573354721069,-424.59837031923234,0.11037639528512955,0.0,0.20860640704631805,0.0,0.33047452569007874,0.0,0.6494573280215263,0.0,439.1000531720929,50.205736223608255
272,-0.29512399435043335,-424.8934943135828,0.0,0.30443722009658813,0.29079610109329224,0.0,0.15654651820659637,0.0,0.14290539920330048,0.0,439.2429585712962,50.205736223608255
273,-0.6219592690467834,-425.51545358262956,0.0,0.48703962564468384,0.7553882002830505,0.0,0.11009092628955841,0.0,0.3784395009279251,0.0,439.6213980722241,50.205736223608255
274,0.1763770431280136,-425.33907653950155,0.017429426312446594,0.0,0.0,0.007893882691860199,0.0,0.3797190487384796,0.0,0.3701835051178932,439.6213980722241,50.57591972872615
275,0.2201533168554306,-425.1189232226461,0.008054452948272228,0.0,0.0,0.03747405856847763,0.0,0.418941468000412,0.0,0.4483610736206174,439.6213980722241,51.024280802346766
276,0.7082360982894897,-424.4106871243566,0.0,1.138273000717163,0.13605967164039612,0.0,0.0,0.5503185391426086,0.0,1.5525318682193756,439.6213980722241,52.57681267056614
277,0.5830989480018616,-423.82758817635477,0.0,1.0237867832183838,0.0,0.04921433702111244,0.0,0.09319671243429184,0.0,1.166197832673788,439.6213980722241,53.74301050323993
278,0.9699447154998779,-422.8576434608549,0.0,1.038109540939331,0.0,0.23666104674339294,0.0,0.6651188731193542,0.0,1.9398894608020782,439.6213980722241,55.68289996404201
279,-0.8646833896636963,-423.7223268505186,1.1855446100234985,0.0,0.0,0.1454814225435257,0.0,0.49624112248420715,0.5438220649957657,0.0,440.1652201372199,55.68289996404201
280,-5.035946369171143,-428.7582732196897,5.212719917297363,0.0,0.0,0.15689289569854736,0.0,0.19665394723415375,4.859173074364662,0.0,445.02439321158454,55.68289996404201
281,-1.828111171722412,-430.58638439141214,0.9082015156745911,0.0,0.266985148191452,0.0,0.6529245972633362,0.0,1.8281112611293793,0.0,446.8525044727139,55.68289996404201
282,-2.502434253692627,-433.08881864510477,1.3047536611557007,0.0,0.27689045667648315,0.0,0.9207901358604431,0.0,2.502434253692627,0.0,449.35493872640654,55.68289996404201
283,-5.417852878570557,-438.5066715236753,1.331661581993103,0.0,0.3581482172012329,0.0,3.7280430793762207,0.0,5.417852878570557,0.0,454.7727916049771,55.68289996404201
284,-4.740177154541016,-443.24684867821634,1.1457839012145996,0.0,0.36468249559402466,0.0,3.229710578918457,0.0,4.740176975727081,0.0,459.5129685807042,55.68289996404201
285,-5.303232192993164,-448.5500808712095,0.6824634075164795,0.0,0.507914125919342,0.0,4.112854480743408,0.0,5.30323201417923,0.0,464.8162005948834,55.68289996404201
286,-9.114017486572266,-457.66409835778177,0.588736891746521,0.0,0.3296126127243042,0.0,8.19566822052002,0.0,9.114017724990845,0.0,473.93021831987426,55.68289996404201
287,-1.7031110525131226,-459.3672094102949,0.3560788035392761,0.0,0.18901224434375763,0.0,1.15802001953125,0.0,1.7031110674142838,0.0,475.63332938728854,55.68289996404201
288,-1.2062504291534424,-460.57345983944833,0.35421058535575867,0.0,0.18733283877372742,0.0,0.6647070646286011,0.0,1.2062504887580872,0.0,476.8395798760466,55.68289996404201
289,-0.9576585292816162,-461.53111836872995,0.3527388870716095,0.0,0.18591776490211487,0.0,0.41900184750556946,0.0,0.9576584994792938,0.0,477.7972383755259,55.68289996404201
290,-1.1921143531799316,-462.7232327219099,0.3514370918273926,0.0,0.42407429218292236,0.0,0.4166029393672943,0.0,1.1921143233776093,0.0,478.98935269890353,55.68289996404201
291,-0.9562599658966064,-463.6794926878065,0.35007867217063904,0.0,0.1873515099287033,0.0,0.4188297688961029,0.0,0.9562599509954453,0.0,479.945612649899,55.68289996404201
292,-0.9860039949417114,-464.6654966827482,0.34860697388648987,0.0,0.20223666727542877,0.0,0.4351603388786316,0.0,0.9860039800405502,0.0,480.9316166299395,55.68289996404201
293,-1.0794618129730225,-465.7449584957212,0.3487769067287445,0.0,0.23087537288665771,0.0,0.49980950355529785,0.0,1.0794617831707,0.0,482.0110784131102,55.68289996404201
294,-1.9626387357711792,-467.7075972314924,0.3086540102958679,0.0,0.24200575053691864,0.0,1.4119789600372314,0.0,1.962638720870018,0.0,483.97371713398024,55.68289996404201
295,-1.3700155019760132,-469.0776127334684,0.052045077085494995,0.0,0.30349618196487427,0.0,1.0144742727279663,0.0,1.3700155317783356,0.0,485.3437326657586,55.68289996404201
296,-0.12311983853578568,-469.2007325720042,0.0,0.30276864767074585,0.1651078164577484,0.0,0.10939634591341019,0.0,0.0,0.02826448529958725,485.3437326657586,55.711164449341595
297,0.23561370372772217,-468.9651188682765,0.0,0.6869267225265503,0.15505149960517883,0.0,0.0,0.0944036915898323,0.0,0.6262789145112038,485.3437326657586,56.3374433638528
298,0.2957771420478821,-468.6693417262286,0.0,0.9478568434715271,0.018942054361104965,0.0,0.1592092216014862,0.0,0.0,0.7697055675089359,485.3437326657586,57.107148931361735
299,0.4618070125579834,-468.2075347136706,0.0,0.976818859577179,0.2190306931734085,0.0,0.0,0.38485661149024963,0.0,1.14264477789402,485.3437326657586,58.249793709255755
300,0.8235118389129639,-467.38402287475765,0.0,1.0798332691192627,0.0,0.0753115639090538,0.0,0.4918789267539978,0.0,1.6470237597823143,485.3437326657586,59.89681746903807
301,1.0571930408477783,-466.32682983390987,0.0,1.1599277257919312,0.0,0.23758043348789215,0.0,0.7168779969215393,0.0,2.1143861562013626,485.3437326657586,62.01120362523943
302,-3.621166229248047,-469.9479960631579,0.0,1.032222032546997,2.0188066959381104,0.0,2.1184704303741455,0.0,3.105055093765259,0.0,488.44878775952384,62.01120362523943
303,0.06857859343290329,-469.879417469725,0.21156826615333557,0.0,0.0,0.17652453482151031,0.0,0.3837691843509674,0.0,0.34872545301914215,488.44878775952384,62.359929078258574
304,-0.47453272342681885,-470.35395019315183,0.5642350912094116,0.0,0.0,0.1597829908132553,0.0,0.01962175779044628,0.38483034260571003,0.0,488.83361810212955,62.359929078258574
305,-0.1075081154704094,-470.46145830862224,0.0,0.03628847002983093,0.0,0.023395642638206482,0.1373501718044281,0.0,0.07766605913639069,0.0,488.91128416126594,62.359929078258574
306,-1.2762702703475952,-471.73772857896984,0.43507087230682373,0.0,0.27634379267692566,0.0,0.5648555755615234,0.0,1.2762702405452728,0.0,490.1875544018112,62.359929078258574
307,-3.426898956298828,-475.16462753526866,1.6135226488113403,0.0,0.35911455750465393,0.0,1.4542618989944458,0.0,3.42689910531044,0.0,493.61445350712165,62.359929078258574
308,-2.6524276733398438,-477.8170552086085,1.2238845825195312,0.0,0.6678882837295532,0.0,0.7606547474861145,0.0,2.652427613735199,0.0,496.26688112085685,62.359929078258574
309,-2.2755489349365234,-480.09260414354503,0.45421919226646423,0.0,0.3876185119152069,0.0,1.433711290359497,0.0,2.275548994541168,0.0,498.542430115398,62.359929078258574
310,-3.4184024333953857,-483.5110065769404,0.4215100109577179,0.0,1.2874383926391602,0.0,1.70945405960083,0.0,3.418402463197708,0.0,501.9608325785957,62.359929078258574
311,-1.930327296257019,-485.44133387319744,0.8293225765228271,0.0,0.18901224434375763,0.0,0.9119924306869507,0.0,1.9303272515535355,0.0,503.89115983014926,62.359929078258574
312,-0.9636238813400269,-486.40495775453746,0.35421058535575867,0.0,0.18733283877372742,0.0,0.42208048701286316,0.0,0.9636239111423492,0.0,504.8547837412916,62.359929078258574
313,-1.0768351554870605,-487.4817929100245,0.3527388870716095,0.0,0.3050944209098816,0.0,0.41900184750556946,0.0,1.0768351554870605,0.0,505.9316188967787,62.359929078258574
314,-0.9526560306549072,-488.43444894067943,0.3514370918273926,0.0,0.18461598455905914,0.0,0.4166029393672943,0.0,0.952656015753746,0.0,506.8842749125324,62.359929078258574
315,-0.9562599658966064,-489.39070890657604,0.35007867217063904,0.0,0.1873515099287033,0.0,0.4188297688961029,0.0,0.9562599509954453,0.0,507.84053486352786,62.359929078258574
316,-0.9860039949417114,-490.37671290151775,0.34860697388648987,0.0,0.20223666727542877,0.0,0.4351603388786316,0.0,0.9860039800405502,0.0,508.8265388435684,62.359929078258574
317,-1.077579379081726,-491.4542922805995,0.3468944728374481,0.0,0.23087537288665771,0.0,0.49980950355529785,0.0,1.0775793492794037,0.0,509.9041181928478,62.359929078258574
318,-1.542431116104126,-492.9967233967036,0.773635745048523,0.0,0.30857521295547485,0.0,0.4602200984954834,0.0,1.5424310564994812,0.0,511.4465492493473,62.359929078258574
319,-3.418715715408325,-496.4154391121119,2.5825929641723633,0.0,0.3204438388347626,0.0,0.515678882598877,0.0,3.418715685606003,0.0,514.8652649349533,62.359929078258574
320,-3.7469751834869385,-500.16241429559886,0.0,0.337597131729126,1.0635040998458862,0.0,2.8522696495056152,0.0,3.5781766176223755,0.0,518.4434415525757,62.359929078258574
321,0.28427907824516296,-499.8781352173537,0.0,0.7193703055381775,0.13882970809936523,0.0,0.0,0.1268472671508789,0.0,0.7073878645896912,518.4434415525757,63.067316942848265
322,0.34159496426582336,-499.5365402530879,0.0,1.0019334554672241,0.34943366050720215,0.0,0.0,0.3801237940788269,0.0,1.0326235890388489,518.4434415525757,64.09994053188711
323,0.8098412156105042,-498.7266990374774,0.0,1.07184898853302,0.0,0.06794668734073639,0.0,0.4798867404460907,0.0,1.619682416319847,518.4434415525757,65.71962294820696
324,-5.622715950012207,-504.3494149874896,1.2137436866760254,0.0,2.238642454147339,0.0,2.1703298091888428,0.0,5.622715950012207,0.0,524.0661575025879,65.71962294820696
325,-0.641077995300293,-504.9904929827899,1.071484088897705,0.0,0.0,0.2063649743795395,0.0,0.6544471383094788,0.21067197620868683,0.0,524.2768294787966,65.71962294820696
326,0.9892487525939941,-504.0012442301959,0.0,1.0266070365905762,0.0,0.25336459279060364,0.0,0.6985259652137756,0.0,1.9784975945949554,524.2768294787966,67.69812054280192
327,0.6563770174980164,-503.34486721269786,0.0,0.755424439907074,0.0,0.17553649842739105,0.0,0.3817931115627289,0.0,1.312754049897194,524.2768294787966,69.01087459269911
328,0.43422168493270874,-502.91064552776515,0.0,0.4753243625164032,0.0,0.17008362710475922,0.0,0.22303542494773865,0.0,0.8684434145689011,524.2768294787966,69.87931800726801
329,-0.7687402367591858,-503.67938576452434,0.0,0.10436397790908813,0.6834409832954407,0.0,0.13748127222061157,0.0,0.7165582776069641,0.0,524.9933877564035,69.87931800726801
330,-1.3474454879760742,-505.0268312525004,0.42546793818473816,0.0,0.1426600068807602,0.0,0.7793176174163818,0.0,1.3474455624818802,0.0,526.3408333188854,69.87931800726801
331,-3.392380952835083,-508.4192122053355,0.7432829141616821,0.0,0.5349542498588562,0.0,2.1141438484191895,0.0,3.392381012439728,0.0,529.7332143313251,69.87931800726801
332,-3.3627731800079346,-511.78198538534343,0.6107575297355652,0.0,0.36468249559402466,0.0,2.3873331546783447,0.0,3.3627731800079346,0.0,533.0959875113331,69.87931800726801
333,-1.748924732208252,-513.5309101175517,0.5447744131088257,0.0,0.3876185119152069,0.0,0.8165318369865417,0.0,1.7489247620105743,0.0,534.8449122733437,69.87931800726801
334,-1.8352100849151611,-515.3661202024668,0.5866143703460693,0.0,0.3296126127243042,0.0,0.9189830422401428,0.0,1.8352100253105164,0.0,536.6801222986542,69.87931800726801
335,-1.6963133811950684,-517.0624335836619,0.3560788035392761,0.0,0.18901224434375763,0.0,1.1512223482131958,0.0,1.6963133960962296,0.0,538.3764356947504,69.87931800726801
336,-0.9636238813400269,-518.0260574650019,0.35421058535575867,0.0,0.18733283877372742,0.0,0.42208048701286316,0.0,0.9636239111423492,0.0,539.3400596058927,69.87931800726801
337,-0.9576585292816162,-518.9837159942836,0.3527388870716095,0.0,0.18591776490211487,0.0,0.41900184750556946,0.0,0.9576584994792938,0.0,540.297718105372,69.87931800726801
338,-0.9526560306549072,-519.9363720249385,0.3514370918273926,0.0,0.18461598455905914,0.0,0.4166029393672943,0.0,0.952656015753746,0.0,541.2503741211258,69.87931800726801
339,-0.9562599658966064,-520.8926319908351,0.35007867217063904,0.0,0.1873515099287033,0.0,0.4188297688961029,0.0,0.9562599509954453,0.0,542.2066340721212,69.87931800726801
340,-2.049421787261963,-522.942053778097,1.412024736404419,0.0,0.20223666727542877,0.0,0.4351603388786316,0.0,2.0494217425584793,0.0,544.2560558146797,69.87931800726801
341,-1.0756969451904297,-524.0177507232875,0.3450120687484741,0.0,0.23087537288665771,0.0,0.49980950355529785,0.0,1.0756969451904297,0.0,545.3317527598701,69.87931800726801
342,-1.2286975383758545,-525.2464482616633,0.3177548944950104,0.0,0.31123512983322144,0.0,0.5997075438499451,0.0,1.2286975681781769,0.0,546.5604503280483,69.87931800726801
343,-2.263230562210083,-527.5096788238734,0.10976297408342361,0.0,0.30840232968330383,0.0,1.8450653553009033,0.0,2.2632306590676308,0.0,548.823680987116,69.87931800726801
344,-6.9965500831604,-534.5062289070338,0.6695652604103088,0.0,5.495115280151367,0.0,0.8318696022033691,0.0,6.996550142765045,0.0,555.820231129881,69.87931800726801
345,-2.0838823318481445,-536.590111238882,0.0,0.6684800982475281,2.043917655944824,0.0,0.3742046356201172,0.0,1.7496421933174133,0.0,557.5698733231984,69.87931800726801
346,-0.040076758712530136,-536.6301879975945,0.0,0.8657894134521484,0.5046385526657104,0.0,0.0,0.06333417445421219,0.0,0.4244850352406502,557.5698733231984,70.30380304250866
347,-0.35809600353240967,-536.9882840011269,0.0,1.0811127424240112,1.0554454326629639,0.0,0.0,0.3135860860347748,0.0,0.33925339579582214,557.5698733231984,70.64305643830448
348,0.8535729646682739,-536.1347110364586,0.0,1.0756162405014038,0.0,0.09675797820091248,0.0,0.534771740436554,0.0,1.7071459591388702,557.5698733231984,72.35020239744335
349,1.004935383796692,-535.1297756526619,0.0,1.0898463726043701,0.0,0.22610242664813995,0.0,0.6939219832420349,0.0,2.009870782494545,557.5698733231984,74.3600731799379
350,0.3086508810520172,-534.8211247716099,0.0,0.026807889342308044,0.0,0.053811050951480865,0.0,0.5366828441619873,0.0,0.6173017844557762,557.5698733231984,74.97737496439368
351,0.6494718790054321,-534.1716528926045,0.0,0.7100706696510315,0.0,0.12786495685577393,0.0,0.4610081911087036,0.0,1.298943817615509,557.5698733231984,76.27631878200918
352,0.3977029323577881,-533.7739499602467,0.0,0.4796273708343506,0.0,0.14430344104766846,0.0,0.17147503793239594,0.0,0.795405849814415,557.5698733231984,77.0717246318236
353,-1.5433695316314697,-535.3173194918782,1.1732442378997803,0.0,0.0,0.006549097131937742,0.3733997941017151,0.0,1.5400949348695576,0.0,559.109968258068,77.0717246318236
354,-1.7194762229919434,-537.0367957148701,0.5882323384284973,0.0,0.1490902453660965,0.0,0.982153594493866,0.0,1.7194761782884598,0.0,560.8294444363564,77.0717246318236
355,-1.7891490459442139,-538.8259447608143,0.5922967791557312,0.0,0.21800805628299713,0.0,0.9788442850112915,0.0,1.7891491204500198,0.0,562.6185935568064,77.0717246318236
356,-2.2864019870758057,-541.1123467478901,0.6107575297355652,0.0,0.36468249559402466,0.0,1.3109619617462158,0.0,2.2864019870758057,0.0,564.9049955438823,77.0717246318236
357,-3.5392439365386963,-544.6515906844288,2.3350934982299805,0.0,0.3876185119152069,0.0,0.8165318369865417,0.0,3.539243847131729,0.0,568.444239391014,77.0717246318236
358,-1.3243088722229004,-545.9758995566517,0.4215100109577179,0.0,0.19325745105743408,0.0,0.7095414996147156,0.0,1.3243089616298676,0.0,569.7685483526438,77.0717246318236
359,-3.03863525390625,-549.014534810558,0.3560788035392761,0.0,0.18901224434375763,0.0,2.493544101715088,0.0,3.0386351495981216,0.0,572.807183502242,77.0717246318236
360,-0.9636238813400269,-549.978158691898,0.35421058535575867,0.0,0.18733283877372742,0.0,0.42208048701286316,0.0,0.9636239111423492,0.0,573.7708074133843,77.0717246318236
361,-1.0757564306259155,-551.0539151225239,0.3527388870716095,0.0,0.3040156662464142,0.0,0.41900184750556946,0.0,1.0757564008235931,0.0,574.8465638142079,77.0717246318236
362,-0.9526560306549072,-552.0065711531788,0.3514370918273926,0.0,0.18461598455905914,0.0,0.4166029393672943,0.0,0.952656015753746,0.0,575.7992198299617,77.0717246318236
363,-0.9562599658966064,-552.9628311190754,0.35007867217063904,0.0,0.1873515099287033,0.0,0.4188297688961029,0.0,0.9562599509954453,0.0,576.7554797809571,77.0717246318236
364,-0.9576064348220825,-553.9204375538975,0.3357362449169159,0.0,0.18670983612537384,0.0,0.4351603388786316,0.0,0.9576064199209213,0.0,577.713086200878,77.0717246318236
365,-1.0854463577270508,-555.0058839116246,0.3468944728374481,0.0,0.238742396235466,0.0,0.49980950355529785,0.0,1.085446372628212,0.0,578.7985325735062,77.0717246318236
366,-1.1194206476211548,-556.1253045592457,0.34379640221595764,0.0,0.310851514339447,0.0,0.4647727310657501,0.0,1.1194206476211548,0.0,579.9179532211274,77.0717246318236
367,-2.5528438091278076,-558.6781483683735,1.8698327541351318,0.0,0.3233182430267334,0.0,0.35969290137290955,0.0,2.552843898534775,0.0,582.4707971196622,77.0717246318236
368,-0.6851321458816528,-559.3632805142552,0.0,0.1338678002357483,0.3272620737552643,0.0,0.4248040020465851,0.0,0.6181982755661011,0.0,583.0889953952283,77.0717246318236
369,-0.9698960781097412,-560.3331765923649,0.14676064252853394,0.0,0.42874759435653687,0.0,0.394387811422348,0.0,0.9698960483074188,0.0,584.0588914435357,77.0717246318236
370,-0.08670738339424133,-560.4198839757591,0.0,0.43650850653648376,0.16584628820419312,0.0,0.1391153484582901,0.0,0.0,0.13154686987400055,584.0588914435357,77.2032715016976
371,0.36491647362709045,-560.0549675021321,0.0,0.9015223383903503,0.08802532404661179,0.0,0.0,0.004361285828053951,0.0,0.8178583001717925,584.0588914435357,78.02112980186939
372,-2.8227717876434326,-562.8777392897755,2.5415303707122803,0.0,0.09124017506837845,0.0,0.19000130891799927,0.0,2.822771854698658,0.0,586.8816632982343,78.02112980186939
373,0.6757217645645142,-562.202017525211,0.0,0.9138545989990234,0.0,0.043571170419454575,0.0,0.39401775598526,0.0,1.351443525403738,586.8816632982343,79.37257332727313
374,0.41217827796936035,-561.7898392472416,0.0,0.6446906328201294,0.03735210373997688,0.0,0.0,0.2543701231479645,0.0,0.861708652228117,586.8816632982343,80.23428197950125
375,0.4478156268596649,-561.342023620382,0.0,0.6583986282348633,0.0,0.1270235776901245,0.0,0.11020905524492264,0.0,0.8956312611699104,586.8816632982343,81.12991324067116
376,-3.076101303100586,-564.4181249234825,2.581608533859253,0.0,0.0,0.03169924393296242,0.5103422403335571,0.0,3.0602515302598476,0.0,589.9419148284942,81.12991324067116
377,-1.8069051504135132,-566.225030073896,1.5050020217895508,0.0,0.11727970838546753,0.0,0.1846233606338501,0.0,1.8069050908088684,0.0,591.7488199193031,81.12991324067116
378,-1.8933234214782715,-568.1183534953743,0.8175526261329651,0.0,0.2798459529876709,0.0,0.7959249019622803,0.0,1.8933234810829163,0.0,593.642143400386,81.12991324067116
379,-2.811911106109619,-570.9302646014839,0.9985082149505615,0.0,0.3572947680950165,0.0,1.4561080932617188,0.0,2.8119110763072968,0.0,596.4540544766933,81.12991324067116
380,-3.6761474609375,-574.6064120624214,1.52295982837677,0.0,0.36468249559402466,0.0,1.7885050773620605,0.0,3.6761474013328552,0.0,600.1302018780261,81.12991324067116
381,-2.8515706062316895,-577.4579826686531,0.9929230809211731,0.0,0.6686283349990845,0.0,1.1900190114974976,0.0,2.851570427417755,0.0,602.9817723054439,81.12991324067116
382,-1.3853249549865723,-578.8433076236397,0.48252609372138977,0.0,0.19325745105743408,0.0,0.7095414996147156,0.0,1.3853250443935394,0.0,604.3670973498374,81.12991324067116
383,-0.9718362092971802,-579.8151438329369,0.3560788035392761,0.0,0.18901224434375763,0.0,0.4267451763153076,0.0,0.9718362241983414,0.0,605.3389335740358,81.12991324067116
384,-0.9636238813400269,-580.7787677142769,0.35421058535575867,0.0,0.18733283877372742,0.0,0.42208048701286316,0.0,0.9636239111423492,0.0,606.3025574851781,81.12991324067116
385,-0.9576585292816162,-581.7364262435585,0.3527388870716095,0.0,0.18591776490211487,0.0,0.41900184750556946,0.0,0.9576584994792938,0.0,607.2602159846574,81.12991324067116
386,-0.9526560306549072,-582.6890822742134,0.3514370918273926,0.0,0.18461598455905914,0.0,0.4166029393672943,0.0,0.952656015753746,0.0,608.2128720004112,81.12991324067116
387,-0.9562599658966064,-583.64534224011,0.35007867217063904,0.0,0.1873515099287033,0.0,0.4188297688961029,0.0,0.9562599509954453,0.0,609.1691319514066,81.12991324067116
388,-1.1469498872756958,-584.7922921273857,0.34860697388648987,0.0,0.36318257451057434,0.0,0.4351603388786316,0.0,1.1469498872756958,0.0,610.3160818386823,81.12991324067116
389,-1.1152713298797607,-585.9075634572655,0.3487769067287445,0.0,0.238742396235466,0.0,0.5277521014213562,0.0,1.1152714043855667,0.0,611.4313532430679,81.12991324067116
390,-1.8270165920257568,-587.7345800492913,0.30403462052345276,0.0,0.8028270602226257,0.0,0.7201549410820007,0.0,1.8270166218280792,0.0,613.2583698648959,81.12991324067116
391,-2.0875244140625,-589.8221044633538,0.12697218358516693,0.0,0.5816044211387634,0.0,1.3789477348327637,0.0,2.087524339556694,0.0,615.3458942044526,81.12991324067116
392,-1.5022823810577393,-591.3243868444115,0.25774627923965454,0.0,0.35324275493621826,0.0,0.8912932872772217,0.0,1.5022823214530945,0.0,616.8481765259057,81.12991324067116
393,-1.158083438873291,-592.4824702832848,0.0,0.27717259526252747,0.43479281663894653,0.0,0.8618768453598022,0.0,1.0194970667362213,0.0,617.867673592642,81.12991324067116
394,-1.2921040058135986,-593.7745742890984,0.0,0.5358102321624756,0.2749073803424835,0.0,1.2851017713546753,0.0,1.0241989195346832,0.0,618.8918725121766,81.12991324067116
395,-0.5559079647064209,-594.3304822538048,0.0,0.35644495487213135,0.2166476845741272,0.0,0.5174827575683594,0.0,0.3776854872703552,0.0,619.269557999447,81.12991324067116
396,-7.166900634765625,-601.4973828885704,5.3932013511657715,0.0,0.17484444379806519,0.0,1.5988550186157227,0.0,7.166900813579559,0.0,626.4364588130265,81.12991324067116
397,-0.30926749110221863,-601.8066503796726,0.0,0.06488997489213943,0.1906745284795761,0.0,0.15103794634342194,0.0,0.2768224999308586,0.0,626.7132813129574,81.12991324067116
398,0.12242040038108826,-601.6842299792916,0.0,0.3616254925727844,0.0801943987607956,0.0,0.0,0.04360410198569298,0.0,0.3250351957976818,626.7132813129574,81.45494843646884
399,-0.7129018902778625,-602.3971318695694,0.6481359601020813,0.0,0.13162270188331604,0.0,0.0,0.13371360301971436,0.646045058965683,0.0,627.3593263719231,81.45494843646884
400,-1.2503453493118286,-603.6474772188812,0.9426003694534302,0.0,0.13181371986865997,0.0,0.1759311854839325,0.0,1.2503452748060226,0.0,628.6096716467291,81.45494843646884
401,-1.2841464281082153,-604.9316236469895,0.20092672109603882,0.0,0.5062978267669678,0.0,0.5769218802452087,0.0,1.2841464281082153,0.0,629.8938180748373,81.45494843646884
402,-1.7851948738098145,-606.7168185207993,0.5019849538803101,0.0,0.4273751974105835,0.0,0.8558346629142761,0.0,1.7851948142051697,0.0,631.6790128890425,81.45494843646884
403,-2.335153102874756,-609.051971623674,0.8840000033378601,0.0,0.47447291016578674,0.0,0.9766800999641418,0.0,2.3351530134677887,0.0,634.0141659025103,81.45494843646884
404,-2.175626277923584,-611.2275979015976,0.9750229120254517,0.0,0.20169100165367126,0.0,0.9989123344421387,0.0,2.1756262481212616,0.0,636.1897921506315,81.45494843646884
405,-2.3836684226989746,-613.6112663242966,0.5447744131088257,0.0,0.784104585647583,0.0,1.0547893047332764,0.0,2.383668303489685,0.0,638.5734604541212,81.45494843646884
406,-1.8265050649642944,-615.4377713892609,0.48252609372138977,0.0,0.19325745105743408,0.0,1.150721549987793,0.0,1.8265050947666168,0.0,640.3999655488878,81.45494843646884
407,-0.9907427430152893,-616.4285141322762,0.37498530745506287,0.0,0.18901224434375763,0.0,0.4267451763153076,0.0,0.9907427281141281,0.0,641.390708277002,81.45494843646884
408,-1.440687656402588,-617.8692017886788,0.3568393290042877,0.0,0.18733283877372742,0.0,0.8965155482292175,0.0,1.4406877160072327,0.0,642.8313959930092,81.45494843646884
409,-0.9499977827072144,-618.819199571386,0.34507817029953003,0.0,0.18591776490211487,0.0,0.41900184750556946,0.0,0.9499977827072144,0.0,643.7813937757164,81.45494843646884
410,-0.9399878978729248,-619.7591874692589,0.33876895904541016,0.0,0.18461598455905914,0.0,0.4166029393672943,0.0,0.9399878829717636,0.0,644.7213816586882,81.45494843646884
411,-0.9562599658966064,-620.7154474351555,0.35007867217063904,0.0,0.1873515099287033,0.0,0.4188297688961029,0.0,0.9562599509954453,0.0,645.6776416096836,81.45494843646884
412,-0.9860039949417114,-621.7014514300972,0.34860697388648987,0.0,0.20223666727542877,0.0,0.4351603388786316,0.0,0.9860039800405502,0.0,646.6636455897242,81.45494843646884
413,-3.7630789279937744,-625.464530358091,3.0323939323425293,0.0,0.23087537288665771,0.0,0.49980950355529785,0.0,3.763078808784485,0.0,650.4267243985087,81.45494843646884
414,-3.1433162689208984,-628.6078466270119,0.967478334903717,0.0,1.4486463069915771,0.0,0.7271917462348938,0.0,3.143316388130188,0.0,653.5700407866389,81.45494843646884
415,-1.1755759716033936,-629.7834225986153,0.14348652958869934,0.0,0.3252641260623932,0.0,0.7068252563476562,0.0,1.1755759119987488,0.0,654.7456166986376,81.45494843646884
416,-0.6351636052131653,-630.4185862038285,0.0,0.09780334681272507,0.36970365047454834,0.0,0.3143616318702698,0.0,0.586261935532093,0.0,655.3318786341697,81.45494843646884
417,-1.6460729837417603,-632.0646591875702,0.0,0.31128448247909546,1.5204766988754272,0.0,0.2812385559082031,0.0,1.490430772304535,0.0,656.8223094064742,81.45494843646884
418,-2.073776960372925,-634.1384361479431,0.04975142702460289,0.0,0.39060747623443604,0.0,1.6334179639816284,0.0,2.0737768672406673,0.0,658.8960862737149,81.45494843646884
419,-3.453568696975708,-637.5920048449188,0.0,0.6721116900444031,0.2256956547498703,0.0,3.5639288425445557,0.0,3.117512807250023,0.0,662.0135990809649,81.45494843646884
420,0.09586840867996216,-637.4961364362389,0.0,0.5201259255409241,0.8061240315437317,0.0,0.0,1.2838588953018188,0.0,0.9978607892990112,662.0135990809649,82.45280922576785
421,-3.0460758209228516,-640.5422122571617,3.225623846054077,0.0,0.017452159896492958,0.0,0.0,0.394000768661499,2.849075237289071,0.0,664.862674318254,82.45280922576785
422,0.5247101187705994,-640.0175021383911,0.0,0.7522566914558411,0.018596366047859192,0.0,0.0,0.3343563377857208,0.0,1.0680166631937027,664.862674318254,83.52082588896155
423,0.3189070522785187,-639.6985950861126,0.0,0.5776183605194092,0.08419080823659897,0.0,0.0,0.2285773903131485,0.0,0.7220049425959587,664.862674318254,84.24283083155751
424,-0.07272355258464813,-639.7713186386973,0.0,0.12970088422298431,0.19494475424289703,0.0,0.0,0.11474152654409409,0.0,0.049497656524181366,664.862674318254,84.2923284880817
425,-0.8520129919052124,-640.6233316306025,0.4581303596496582,0.0,0.06991371512413025,0.0,0.32396888732910156,0.0,0.85201296210289,0.0,665.7146872803569,84.2923284880817
426,-1.2483017444610596,-641.8716333750635,0.3383907973766327,0.0,0.29136690497398376,0.0,0.6185441017150879,0.0,1.2483018040657043,0.0,666.9629890844226,84.2923284880817
427,-3.4931867122650146,-645.3648200873286,2.412489175796509,0.0,0.3575150668621063,0.0,0.7231824994087219,0.0,3.493186742067337,0.0,670.4561758264899,84.2923284880817
428,-2.1630616188049316,-647.5278817061335,0.6107575297355652,0.0,0.48174363374710083,0.0,1.0705604553222656,0.0,2.1630616188049316,0.0,672.6192374452949,84.2923284880817
429,-4.356557369232178,-651.8844390753657,3.152406930923462,0.0,0.3876185119152069,0.0,0.8165318369865417,0.0,4.356557279825211,0.0,676.9757947251201,84.2923284880817
430,-1.1727807521820068,-653.0572198275477,0.5435421466827393,0.0,0.19325745105743408,0.0,0.4359810948371887,0.0,1.172780692577362,0.0,678.1485754176974,84.2923284880817
431,-1.2279577255249023,-654.2851775530726,0.37498530745506287,0.0,0.18901224434375763,0.0,0.6639602184295654,0.0,1.227957770228386,0.0,679.3765331879258,84.2923284880817
432,-0.9636238813400269,-655.2488014344126,0.35421058535575867,0.0,0.18733283877372742,0.0,0.42208048701286316,0.0,0.9636239111423492,0.0,680.3401570990682,84.2923284880817
433,-0.9576585292816162,-656.2064599636942,0.3527388870716095,0.0,0.18591776490211487,0.0,0.41900184750556946,0.0,0.9576584994792938,0.0,681.2978155985475,84.2923284880817
434,-0.9526560306549072,-657.1591159943491,0.3514370918273926,0.0,0.18461598455905914,0.0,0.4166029393672943,0.0,0.952656015753746,0.0,682.2504716143012,84.2923284880817
435,-1.840392827987671,-658.9995088223368,1.2342115640640259,0.0,0.1873515099287033,0.0,0.4188297688961029,0.0,1.840392842888832,0.0,684.09086445719,84.2923284880817
436,-0.9860039949417114,-659.9855128172785,0.34860697388648987,0.0,0.20223666727542877,0.0,0.4351603388786316,0.0,0.9860039800405502,0.0,685.0768684372306,84.2923284880817
437,-1.0794618129730225,-661.0649746302515,0.3487769067287445,0.0,0.23087537288665771,0.0,0.49980950355529785,0.0,1.0794617831707,0.0,686.1563302204013,84.2923284880817
438,-2.393867015838623,-663.4588416460901,0.3447021245956421,0.0,0.26002979278564453,0.0,1.789135217666626,0.0,2.3938671350479126,0.0,688.5501973554492,84.2923284880817
439,-7.204122543334961,-670.6629641894251,0.216424360871315,0.0,6.503270149230957,0.0,0.48442813754081726,0.0,7.204122647643089,0.0,695.7543200030923,84.2923284880817
440,-2.5417733192443848,-673.2047375086695,0.3642098307609558,0.0,1.3781979084014893,0.0,0.7993655204772949,0.0,2.54177325963974,0.0,698.296093262732,84.2923284880817
441,-6.559567451477051,-679.7643049601465,0.9722576141357422,0.0,1.4065701961517334,0.0,4.180739402770996,0.0,6.559567213058472,0.0,704.8556604757905,84.2923284880817
442,0.19939029216766357,-679.5649146679789,0.0,0.17037689685821533,0.38516879081726074,0.0,0.0,0.9987412691116333,0.0,0.7839493751525879,704.8556604757905,85.07627786323428
443,-0.416715145111084,-679.98162981309,0.0,0.32057175040245056,0.30769190192222595,0.0,0.2693091034889221,0.0,0.2564292550086975,0.0,705.1120897307992,85.07627786323428
444,-1.6828042268753052,-681.6644340399653,0.31805720925331116,0.0,0.6301204562187195,0.0,0.7346265316009521,0.0,1.6828041970729828,0.0,706.7948939278722,85.07627786323428
445,-2.39538311958313,-684.0598171595484,0.0,0.05283172428607941,2.031580924987793,0.0,0.39021798968315125,0.0,2.368967190384865,0.0,709.163861118257,85.07627786323428
446,-6.617661952972412,-690.6774791125208,0.5093734264373779,0.0,5.668200492858887,0.0,0.4400879144668579,0.0,6.617661833763123,0.0,715.7815229520202,85.07627786323428
447,-0.8805026412010193,-691.5579817537218,0.1317143589258194,0.0,0.3180221915245056,0.0,0.43076610565185547,0.0,0.8805026561021805,0.0,716.6620256081223,85.07627786323428
448,-0.7068620920181274,-692.26484384574,0.18129943311214447,0.0,0.27478674054145813,0.0,0.25077593326568604,0.0,0.7068621069192886,0.0,717.3688877150416,85.07627786323428
449,-1.001634120941162,-693.2664779666811,0.41424134373664856,0.0,0.20186926424503326,0.0,0.3855234682559967,0.0,1.0016340762376785,0.0,718.3705217912793,85.07627786323428
450,-1.9143195152282715,-695.1807974819094,0.7868546843528748,0.0,0.21277660131454468,0.0,0.914688229560852,0.0,1.9143195152282715,0.0,720.2848413065076,85.07627786323428
451,-2.6381635665893555,-697.8189610484987,1.6971893310546875,0.0,0.21762558817863464,0.0,0.7233487367630005,0.0,2.6381636559963226,0.0,722.9230049625039,85.07627786323428
452,-2.75610089302063,-700.5750619415194,1.0530593395233154,0.0,0.36468249559402466,0.0,1.3383591175079346,0.0,2.7561009526252747,0.0,725.6791059151292,85.07627786323428
453,-2.3875701427459717,-702.9626320842654,0.856479287147522,0.0,0.3876185119152069,0.0,1.1434723138809204,0.0,2.3875701129436493,0.0,728.0666760280728,85.07627786323428
454,-1.508088231086731,-704.4707203153521,0.6426564455032349,0.0,0.19325745105743408,0.0,0.672174334526062,0.0,1.508088231086731,0.0,729.5747642591596,85.07627786323428
455,-1.429183006286621,-705.8999033216387,0.577232837677002,0.0,0.18901224434375763,0.0,0.6629379987716675,0.0,1.429183080792427,0.0,731.003947339952,85.07627786323428
456,-1.7853015661239624,-707.6852048877627,0.35421058535575867,0.0,0.30339986085891724,0.0,1.1276911497116089,0.0,1.7853015959262848,0.0,732.7892489358783,85.07627786323428
457,-2.293839931488037,-709.9790448192507,1.4537259340286255,0.0,0.18591776490211487,0.0,0.6541962623596191,0.0,2.2938399612903595,0.0,735.0830888971686,85.07627786323428
458,-0.9526560306549072,-710.9317008499056,0.3514370918273926,0.0,0.18461598455905914,0.0,0.4166029393672943,0.0,0.952656015753746,0.0,736.0357449129224,85.07627786323428
459,-0.9562599658966064,-711.8879608158022,0.35007867217063904,0.0,0.1873515099287033,0.0,0.4188297688961029,0.0,0.9562599509954453,0.0,736.9920048639178,85.07627786323428
460,-1.7419652938842773,-713.6299261096865,1.1220662593841553,0.0,0.20223666727542877,0.0,0.4176623523235321,0.0,1.7419652789831161,0.0,738.733970142901,85.07627786323428
461,-3.132606029510498,-716.762532139197,1.5058200359344482,0.0,0.23087537288665771,0.0,1.3959107398986816,0.0,3.1326061487197876,0.0,741.8665762916207,85.07627786323428
462,-1.2583131790161133,-718.0208453182131,0.4037284255027771,0.0,0.24932989478111267,0.0,0.6052549481391907,0.0,1.2583132684230804,0.0,743.1248895600438,85.07627786323428
463,-3.6982524394989014,-721.719097757712,1.5849545001983643,0.0,0.27039510011672974,0.0,1.8429028987884521,0.0,3.698252499103546,0.0,746.8231420591474,85.07627786323428
464,-6.2111029624938965,-727.9302007202059,1.913352131843567,0.0,0.9557100534439087,0.0,3.342040777206421,0.0,6.2111029624938965,0.0,753.0342450216413,85.07627786323428
465,-4.57016134262085,-732.5003620628268,0.0,0.07792757451534271,0.459551066160202,0.0,4.149574279785156,0.0,4.531197771430016,0.0,757.5654427930713,85.07627786323428
466,0.4040399193763733,-732.0963221434504,0.0,0.3374662697315216,0.3241373300552368,0.0,0.0,1.118888258934021,0.0,1.1322171986103058,757.5654427930713,86.20849506184459
467,-2.4654088020324707,-734.5617309454829,0.23606261610984802,0.0,1.9468432664871216,0.0,0.2825029194355011,0.0,2.4654088020324707,0.0,760.0308515951037,86.20849506184459
468,-1.750015139579773,-736.3117460850626,0.0,0.4541109502315521,1.8432271480560303,0.0,0.13384345173835754,0.0,1.5229596495628357,0.0,761.5538112446666,86.20849506184459
469,0.04026494920253754,-736.2714811358601,0.0,0.4983679950237274,0.09319945424795151,0.0,0.11571960151195526,0.0,0.0,0.28944893926382065,761.5538112446666,86.49794400110841
470,0.11428415030241013,-736.1571969855577,0.0,0.468612402677536,0.048087555915117264,0.0,0.07193449884653091,0.0,0.0,0.34859034791588783,761.5538112446666,86.8465343490243
471,-0.06080251559615135,-736.2179995011538,0.0,0.30463698506355286,0.21591363847255707,0.0,0.0,0.005585257429629564,0.0,0.09430860402062535,761.5538112446666,86.94084295304492
472,-1.770033836364746,-737.9880333375186,0.9905862808227539,0.0,0.4438036382198334,0.0,0.3356439471244812,0.0,1.7700338661670685,0.0,763.3238451108336,86.94084295304492
473,-2.8031647205352783,-740.7911980580539,1.3733482360839844,0.0,0.1300397366285324,0.0,1.2997767925262451,0.0,2.803164765238762,0.0,766.1270098760724,86.94084295304492
474,-1.7873375415802002,-742.578535599634,0.434172123670578,0.0,0.4899592995643616,0.0,0.8632060885429382,0.0,1.7873375117778778,0.0,767.9143473878503,86.94084295304492
475,-2.1526427268981934,-744.7311783265322,0.8138371706008911,0.0,0.3586408793926239,0.0,0.9801647067070007,0.0,2.1526427567005157,0.0,770.0669901445508,86.94084295304492
476,-3.005983591079712,-747.737161917612,0.7490856647491455,0.0,0.48074960708618164,0.0,1.7761483192443848,0.0,3.005983591079712,0.0,773.0729737356305,86.94084295304492
477,-4.8707146644592285,-752.6078765820712,1.5551320314407349,0.0,0.3876185119152069,0.0,2.927964210510254,0.0,4.870714753866196,0.0,777.9436884894967,86.94084295304492
478,-3.197922468185425,-755.8057990502566,0.8619459867477417,0.0,0.3296126127243042,0.0,2.006363868713379,0.0,3.197922468185425,0.0,781.1416109576821,86.94084295304492
479,-3.1299304962158203,-758.9357295464724,2.2038090229034424,0.0,0.23568828403949738,0.0,0.6904333233833313,0.0,3.129930630326271,0.0,784.2715415880084,86.94084295304492
480,-1.1855608224868774,-760.1212903689593,0.5761474967002869,0.0,0.18733283877372742,0.0,0.42208048701286316,0.0,1.1855608224868774,0.0,785.4571024104953,86.94084295304492
481,-0.9576585292816162,-761.0789488982409,0.3527388870716095,0.0,0.18591776490211487,0.0,0.41900184750556946,0.0,0.9576584994792938,0.0,786.4147609099746,86.94084295304492
482,-0.9526560306549072,-762.0316049288958,0.3514370918273926,0.0,0.18461598455905914,0.0,0.4166029393672943,0.0,0.952656015753746,0.0,787.3674169257283,86.94084295304492
483,-1.9959814548492432,-764.0275863837451,0.35007867217063904,0.0,0.1873515099287033,0.0,1.458551287651062,0.0,1.9959814697504044,0.0,789.3633983954787,86.94084295304492
484,-1.3760892152786255,-765.4036755990237,0.7561901807785034,0.0,0.20223666727542877,0.0,0.4176623523235321,0.0,1.3760892003774643,0.0,790.7394875958562,86.94084295304492
485,-1.1055219173431396,-766.5091975163668,0.3468944728374481,0.0,0.23087537288665771,0.0,0.5277521014213562,0.0,1.105521947145462,0.0,791.8450095430017,86.94084295304492
486,-1.2732956409454346,-767.7824931573123,0.3077986538410187,0.0,0.24157807230949402,0.0,0.7239189743995667,0.0,1.2732957005500793,0.0,793.1183052435517,86.94084295304492
487,-2.540097236633301,-770.3225903939456,0.06792356073856354,0.0,0.2113327980041504,0.0,2.260840892791748,0.0,2.540097251534462,0.0,795.6584024950862,86.94084295304492
488,-0.44550490379333496,-770.7680952977389,0.0,0.2953050136566162,0.19324900209903717,0.0,0.3999083936214447,0.0,0.29785238206386566,0.0,795.9562548771501,86.94084295304492
489,0.17911773920059204,-770.5889775585383,0.0,0.6492627263069153,0.17388348281383514,0.0,0.0,0.05673970654606819,0.0,0.5321189500391483,795.9562548771501,87.47296190308407
490,-9.371435165405273,-779.9604127239436,3.4401817321777344,0.0,3.8839848041534424,0.0,2.047269344329834,0.0,9.37143588066101,0.0,805.3276907578111,87.47296190308407
491,-2.930874824523926,-782.8912875484675,0.4186341166496277,0.0,0.8827231526374817,0.0,1.6295174360275269,0.0,2.9308747053146362,0.0,808.2585654631257,87.47296190308407
492,-2.845160961151123,-785.7364485096186,0.0,0.7520954608917236,0.7926943302154541,0.0,2.4285144805908203,0.0,2.469113349914551,0.0,810.7276788130403,87.47296190308407
493,1.251420259475708,-784.4850282501429,0.0,1.8692742586135864,0.0,0.1348721981048584,0.0,0.49869394302368164,0.0,2.5028403997421265,810.7276788130403,89.9758023028262
494,1.5229500532150269,-782.9620781969279,0.0,2.456944704055786,0.0,0.1323862075805664,0.0,0.45656919479370117,0.0,3.0459001064300537,810.7276788130403,93.02170240925625
495,0.4817722737789154,-782.480305923149,0.0,0.526594340801239,0.0,0.07722398638725281,0.0,0.3597262501716614,0.0,0.9635445773601532,810.7276788130403,93.9852469866164
496,0.3423740863800049,-782.137931836769,0.0,0.3957573473453522,0.0,0.0744367241859436,0.0,0.2145540714263916,0.0,0.6847481429576874,810.7276788130403,94.66999512957409
497,-0.3262806236743927,-782.4642124604434,0.02223338931798935,0.0,0.039968591183423996,0.0,0.26407864689826965,0.0,0.326280627399683,0.0,811.0539594404399,94.66999512957409
498,-4.551896572113037,-787.0161090325564,3.070821762084961,0.0,0.8911504149436951,0.0,0.5899243950843811,0.0,4.551896572113037,0.0,815.605856012553,94.66999512957409
499,-2.1031479835510254,-789.1192570161074,1.0269628763198853,0.0,0.35601088404655457,0.0,0.7201741337776184,0.0,2.1031478941440582,0.0,817.709003906697,94.66999512957409
500,-1.842947244644165,-790.9622042607516,0.40770423412323,0.0,0.36468249559402466,0.0,1.0705604553222656,0.0,1.8429471850395203,0.0,819.5519510917366,94.66999512957409
501,-2.769270896911621,-793.7314751576632,1.3308908939361572,0.0,0.3876185119152069,0.0,1.050761342048645,0.0,2.769270747900009,0.0,822.3212218396366,94.66999512957409
502,-1.5796260833740234,-795.3111012410372,0.5798031091690063,0.0,0.3296126127243042,0.0,0.6702104210853577,0.0,1.5796261429786682,0.0,823.9008479826152,94.66999512957409
503,-1.0874227285385132,-796.3985239695758,0.3560788035392761,0.0,0.30459877848625183,0.0,0.4267451763153076,0.0,1.0874227583408356,0.0,824.9882707409561,94.66999512957409
504,-0.9636238813400269,-797.3621478509158,0.35421058535575867,0.0,0.18733283877372742,0.0,0.42208048701286316,0.0,0.9636239111423492,0.0,825.9518946520984,94.66999512957409
505,-1.0727756023406982,-798.4349234532565,0.3527388870716095,0.0,0.3010348379611969,0.0,0.41900184750556946,0.0,1.0727755725383759,0.0,827.0246702246368,94.66999512957409
506,-0.9526560306549072,-799.3875794839114,0.3514370918273926,0.0,0.18461598455905914,0.0,0.4166029393672943,0.0,0.952656015753746,0.0,827.9773262403905,94.66999512957409
507,-0.9562599658966064,-800.343839449808,0.35007867217063904,0.0,0.1873515099287033,0.0,0.4188297688961029,0.0,0.9562599509954453,0.0,828.933586191386,94.66999512957409
508,-0.9731332659721375,-801.3169727157801,0.3357362449169159,0.0,0.20223666727542877,0.0,0.4351603388786316,0.0,0.9731332510709763,0.0,829.906719442457,94.66999512957409
509,-2.7151968479156494,-804.0321695636958,1.9565691947937012,0.0,0.23087537288665771,0.0,0.5277521014213562,0.0,2.715196669101715,0.0,832.6219161115587,94.66999512957409
510,-9.280101776123047,-813.3122713398188,0.7452424764633179,0.0,0.25650835037231445,0.0,8.278350830078125,0.0,9.280101656913757,0.0,841.9020177684724,94.66999512957409
511,-2.1382293701171875,-815.450500709936,0.15855766832828522,0.0,1.4071950912475586,0.0,0.5724765062332153,0.0,2.138229265809059,0.0,844.0402470342815,94.66999512957409
512,-2.038938283920288,-817.4894389938563,0.16519969701766968,0.0,0.1806737631559372,0.0,1.69306480884552,0.0,2.038938269019127,0.0,846.0791853033006,94.66999512957409
513,-0.4370039701461792,-817.9264429640025,0.0,0.6769324541091919,0.16004861891269684,0.0,0.6154215931892395,0.0,0.09853775799274445,0.0,846.1777230612934,94.66999512957409
514,0.4114105999469757,-817.5150323640555,0.0,0.4888811707496643,0.007497816812247038,0.0,0.0,0.34893566370010376,0.0,0.830319017637521,846.1777230612934,95.50031414721161
515,-0.5761126279830933,-818.0911449920386,0.7456040382385254,0.0,0.0004916157922707498,0.0,0.0,0.3399659991264343,0.4061296549043618,0.0,846.5838527161977,95.50031414721161
516,0.7434232831001282,-817.3477217089385,0.0,0.7536830306053162,0.0,0.13063593208789825,0.0,0.6025276184082031,0.0,1.4868465811014175,846.5838527161977,96.98716072831303
517,-3.452319860458374,-820.8000415693969,0.0,1.1816695928573608,2.004072666168213,0.0,2.0390820503234863,0.0,2.8614851236343384,0.0,849.4453378398321,96.98716072831303
518,0.924592137336731,-819.8754494320601,0.0,1.0419042110443115,0.0,0.2610131800174713,0.0,0.5462669730186462,0.0,1.849184364080429,849.4453378398321,98.83634509239346
519,0.44741618633270264,-819.4280332457274,0.0,0.42597800493240356,0.0,0.20423081517219543,0.0,0.2646235227584839,0.0,0.8948323428630829,849.4453378398321,99.73117743525654
520,0.48924994468688965,-818.9387833010405,0.0,0.5193469524383545,0.0,0.19209492206573486,0.0,0.26705801486968994,0.0,0.9784998893737793,849.4453378398321,100.70967732463032
521,-0.03375670313835144,-818.9725400041789,0.0,0.07843213528394699,0.0,0.04446747526526451,0.09520650655031204,0.0,0.0,0.02769310399889946,849.4453378398321,100.73737042862922
522,-1.1019550561904907,-820.0744950603694,0.4168977439403534,0.0,0.1383749097585678,0.0,0.5466824173927307,0.0,1.101955071091652,0.0,850.5472929109237,100.73737042862922
523,-2.7122764587402344,-822.7867715191096,0.5939352512359619,0.0,0.2188272923231125,0.0,1.8995139598846436,0.0,2.712276503443718,0.0,853.2595694143674,100.73737042862922
524,-4.227646827697754,-827.0144183468074,1.2660026550292969,0.0,1.8910839557647705,0.0,1.0705604553222656,0.0,4.227647066116333,0.0,857.4872164804838,100.73737042862922
525,-2.4462451934814453,-829.4606635402888,0.6353296637535095,0.0,0.3876185119152069,0.0,1.4232971668243408,0.0,2.4462453424930573,0.0,859.9334618229768,100.73737042862922
526,-1.4606640338897705,-830.9213275741786,0.4215100109577179,0.0,0.3296126127243042,0.0,0.7095414996147156,0.0,1.4606641232967377,0.0,861.3941259462736,100.73737042862922
527,-1.0374188423156738,-831.9587464164943,0.37498530745506287,0.0,0.23568828403949738,0.0,0.4267451763153076,0.0,1.0374187678098679,0.0,862.4315447140834,100.73737042862922
528,-0.975361704826355,-832.9341081213206,0.35421058535575867,0.0,0.19907063245773315,0.0,0.42208048701286316,0.0,0.975361704826355,0.0,863.4069064189098,100.73737042862922
529,-0.9576585292816162,-833.8917666506022,0.3527388870716095,0.0,0.18591776490211487,0.0,0.41900184750556946,0.0,0.9576584994792938,0.0,864.3645649183891,100.73737042862922
530,-0.9526560306549072,-834.8444226812571,0.3514370918273926,0.0,0.18461598455905914,0.0,0.4166029393672943,0.0,0.952656015753746,0.0,865.3172209341428,100.73737042862922
531,-1.1855758428573608,-836.0299985241145,0.35007867217063904,0.0,0.4166674017906189,0.0,0.4188297688961029,0.0,1.1855758428573608,0.0,866.5027967770002,100.73737042862922
532,-0.9860039949417114,-837.0160025190562,0.34860697388648987,0.0,0.20223666727542877,0.0,0.4351603388786316,0.0,0.9860039800405502,0.0,867.4888007570407,100.73737042862922
533,-1.0794618129730225,-838.0954643320292,0.3487769067287445,0.0,0.23087537288665771,0.0,0.49980950355529785,0.0,1.0794617831707,0.0,868.5682625402114,100.73737042862922
534,-1.4031658172607422,-839.49863014929,0.7116307616233826,0.0,0.2397024929523468,0.0,0.45183253288269043,0.0,1.4031657874584198,0.0,869.9714283276699,100.73737042862922
535,-2.268202781677246,-841.7668329309672,0.10145055502653122,0.0,0.5448907613754272,0.0,1.6218613386154175,0.0,2.268202655017376,0.0,872.2396309826872,100.73737042862922
536,-2.734466552734375,-844.5012994837016,0.0,0.3353753387928009,2.6300389766693115,0.0,0.27211520075798035,0.0,2.566778838634491,0.0,874.8064098213217,100.73737042862922
537,-9.444294929504395,-853.945594413206,0.6008652448654175,0.0,8.606256484985352,0.0,0.23717337846755981,0.0,9.444295108318329,0.0,884.25070492964,100.73737042862922
538,-5.649139881134033,-859.59473429434,5.049230098724365,0.0,0.61571204662323,0.0,0.0,0.031604867428541183,5.633337277919054,0.0,889.8840422075591,100.73737042862922
539,0.5965507626533508,-858.9981835316867,0.0,1.144559621810913,0.0,0.03349335119128227,0.0,0.015048542991280556,0.0,1.193101515993476,889.8840422075591,101.9304719446227
540,-0.11701643466949463,-859.1151999663562,0.0,0.4473486542701721,0.0,0.056489020586013794,0.3689352869987488,0.0,0.0,0.13490238785743713,889.8840422075591,102.06537433248013
541,0.7555489540100098,-858.3596510123461,0.0,0.8032835125923157,0.0,0.20749174058437347,0.0,0.5003226399421692,0.0,1.5110978931188583,889.8840422075591,103.57647222559899
542,-1.3204280138015747,-859.6800790261477,1.5716594457626343,0.0,0.0,0.22840949892997742,0.0,0.2740533947944641,1.0691965520381927,0.0,890.9532387595973,103.57647222559899
543,-5.17704963684082,-864.8571286629885,5.1226091384887695,0.0,0.0,0.14496320486068726,0.12692202627658844,0.0,5.104567959904671,0.0,896.057806719502,103.57647222559899
544,-0.4395378828048706,-865.2966665457934,0.0,0.15906882286071777,0.0,0.1092294305562973,0.5736870169639587,0.0,0.30538876354694366,0.0,896.3631954830489,103.57647222559899
545,-0.6229342222213745,-865.9196007680148,0.15528148412704468,0.0,0.09507961571216583,0.0,0.3725731670856476,0.0,0.6229342669248581,0.0,896.9861297499738,103.57647222559899
546,-2.7946290969848633,-868.7142298649997,0.538820743560791,0.0,0.7438444495201111,0.0,1.5119638442993164,0.0,2.7946290373802185,0.0,899.780758787354,103.57647222559899
547,-2.333390474319458,-871.0476203393191,1.247894525527954,0.0,0.35911455750465393,0.0,0.7263814806938171,0.0,2.333390563726425,0.0,902.1141493510804,103.57647222559899
548,-2.5574777126312256,-873.6050980519503,1.317481517791748,0.0,0.4793415367603302,0.0,0.7606547474861145,0.0,2.5574778020381927,0.0,904.6716271531186,103.57647222559899
549,-2.3829104900360107,-875.9880085419863,1.0641010999679565,0.0,0.5022775530815125,0.0,0.8165318369865417,0.0,2.3829104900360107,0.0,907.0545376431546,103.57647222559899
550,-1.3243088722229004,-877.3123174142092,0.4215100109577179,0.0,0.19325745105743408,0.0,0.7095414996147156,0.0,1.3243089616298676,0.0,908.3788466047845,103.57647222559899
551,-1.0864951610565186,-878.3988125752658,0.3560788035392761,0.0,0.3036712408065796,0.0,0.4267451763153076,0.0,1.0864952206611633,0.0,909.4653418254456,103.57647222559899
552,-0.9636238813400269,-879.3624364566058,0.35421058535575867,0.0,0.18733283877372742,0.0,0.42208048701286316,0.0,0.9636239111423492,0.0,910.428965736588,103.57647222559899
553,-1.186082363128662,-880.5485188197345,0.3527388870716095,0.0,0.41434162855148315,0.0,0.41900184750556946,0.0,1.186082363128662,0.0,911.6150480997167,103.57647222559899
554,-0.9399878978729248,-881.4885067176074,0.33876895904541016,0.0,0.18461598455905914,0.0,0.4166029393672943,0.0,0.9399878829717636,0.0,912.5550359826884,103.57647222559899
555,-0.9562599658966064,-882.444766683504,0.35007867217063904,0.0,0.1873515099287033,0.0,0.4188297688961029,0.0,0.9562599509954453,0.0,913.5112959336839,103.57647222559899
556,-0.9860039949417114,-883.4307706784457,0.34860697388648987,0.0,0.20223666727542877,0.0,0.4351603388786316,0.0,0.9860039800405502,0.0,914.4972999137244,103.57647222559899
557,-1.0794618129730225,-884.5102324914187,0.3487769067287445,0.0,0.23087537288665771,0.0,0.49980950355529785,0.0,1.0794617831707,0.0,915.5767616968951,103.57647222559899
558,-1.031375765800476,-885.5416082572192,0.33445003628730774,0.0,0.2414994090795517,0.0,0.4554263651371002,0.0,1.0313758105039597,0.0,916.6081375073991,103.57647222559899
559,-1.37713623046875,-886.918744487688,0.053132280707359314,0.0,0.8090472221374512,0.0,0.5149567723274231,0.0,1.3771362751722336,0.0,917.9852737825713,103.57647222559899
560,-0.5419752597808838,-887.4607197474688,0.0,0.33972299098968506,0.24874383211135864,0.0,0.4630929231643677,0.0,0.37211376428604126,0.0,918.3573875468574,103.57647222559899
561,-0.09584590792655945,-887.5565656553954,0.0,0.7332850098609924,0.22979986667633057,0.0,0.2326885461807251,0.0,0.0,0.27079659700393677,918.3573875468574,103.84726882260293
562,-0.8623601198196411,-888.418925775215,0.0,0.01716652140021324,0.8974553346633911,0.0,0.0,0.05302396044135094,0.8272648528218269,0.0,919.1846523996792,103.84726882260293
563,-1.457604169845581,-889.8765299450606,0.0,1.0357462167739868,2.1122167110443115,0.0,0.0,0.27347901463508606,0.8029914796352386,0.0,919.9876438793144,103.84726882260293
564,-5.070973873138428,-894.947503818199,5.169285297393799,0.0,0.05371079966425896,0.0,0.0,0.30404436588287354,4.918951731175184,0.0,924.9065956104896,103.84726882260293
565,-1.6066385507583618,-896.5541423689574,1.9370598793029785,0.0,0.0,0.13482186198234558,0.0,0.5260208249092102,1.2762171924114227,0.0,926.182812802901,103.84726882260293
566,0.9378260374069214,-895.6163163315505,0.0,1.0548300743103027,0.0,0.20560972392559052,0.0,0.6152123808860779,0.0,1.8756521791219711,926.182812802901,105.7229210017249
567,0.5642737150192261,-895.0520426165313,0.0,0.7357444763183594,0.0,0.11498678475618362,0.0,0.27781617641448975,0.0,1.1285474374890327,926.182812802901,106.85146843921393
568,-2.576223134994507,-897.6282657515258,0.0,0.2551598846912384,0.9248583912849426,0.0,1.778944730758667,0.0,2.448643237352371,0.0,928.6314560402534,106.85146843921393
569,-1.3740755319595337,-899.0023412834853,0.9289909601211548,0.0,0.08785857260227203,0.0,0.35722601413726807,0.0,1.3740755468606949,0.0,930.0055315871141,106.85146843921393
570,-2.657454490661621,-901.6597957741469,0.41911715269088745,0.0,1.0024840831756592,0.0,1.2358533143997192,0.0,2.657454550266266,0.0,932.6629861373804,106.85146843921393
571,-1.9221795797348022,-903.5819753538817,0.5895199179649353,0.0,0.35659223794937134,0.0,0.9760674238204956,0.0,1.9221795797348022,0.0,934.5851657171152,106.85146843921393
572,-2.0460004806518555,-905.6279758345336,0.6107575297355652,0.0,0.36468249559402466,0.0,1.0705604553222656,0.0,2.0460004806518555,0.0,936.631166197767,106.85146843921393
573,-2.446115255355835,-908.0740910898894,0.7614763379096985,0.0,0.19623863697052002,0.0,1.4884002208709717,0.0,2.44611519575119,0.0,939.0772813935182,106.85146843921393
574,-3.2183518409729004,-911.2924429308623,2.038153886795044,0.0,0.19325745105743408,0.0,0.986940324306488,0.0,3.218351662158966,0.0,942.2956330556772,106.85146843921393
575,-1.0905466079711914,-912.3829895388335,0.37498530745506287,0.0,0.18901224434375763,0.0,0.5265489816665649,0.0,1.0905465334653854,0.0,943.3861795891426,106.85146843921393
576,-0.9968959093093872,-913.3798854481429,0.3568393290042877,0.0,0.18733283877372742,0.0,0.45272377133369446,0.0,0.9968959391117096,0.0,944.3830755282543,106.85146843921393
577,-0.9576585292816162,-914.3375439774245,0.3527388870716095,0.0,0.18591776490211487,0.0,0.41900184750556946,0.0,0.9576584994792938,0.0,945.3407340277336,106.85146843921393
578,-0.9526560306549072,-915.2902000080794,0.3514370918273926,0.0,0.18461598455905914,0.0,0.4166029393672943,0.0,0.952656015753746,0.0,946.2933900434873,106.85146843921393
579,-0.9562599658966064,-916.246459973976,0.35007867217063904,0.0,0.1873515099287033,0.0,0.4188297688961029,0.0,0.9562599509954453,0.0,947.2496499944828,106.85146843921393
580,-0.9860039949417114,-917.2324639689177,0.34860697388648987,0.0,0.20223666727542877,0.0,0.4351603388786316,0.0,0.9860039800405502,0.0,948.2356539745233,106.85146843921393
581,-4.052920341491699,-921.2853843104094,3.3222358226776123,0.0,0.23087537288665771,0.0,0.49980950355529785,0.0,4.052920699119568,0.0,952.2885746736429,106.85146843921393
582,-2.689438581466675,-923.9748228918761,1.3316127061843872,0.0,0.6040012836456299,0.0,0.7538245916366577,0.0,2.689438581466675,0.0,954.9780132551095,106.85146843921393
583,-4.446451187133789,-928.4212740790099,2.2076563835144043,0.0,0.9212512969970703,0.0,1.3175432682037354,0.0,4.44645094871521,0.0,959.4244642038248,106.85146843921393
584,-0.8680033683776855,-929.2892774473876,0.0,0.07904624193906784,0.37908220291137695,0.0,0.5284442901611328,0.0,0.8284802511334419,0.0,960.2529444549582,106.85146843921393
585,-0.37608981132507324,-929.6653672587126,0.0,0.4998004138469696,0.3465421497821808,0.0,0.27944788336753845,0.0,0.12618961930274963,0.0,960.379134074261,106.85146843921393
586,-0.6284540295600891,-930.2938212882727,0.3174455463886261,0.0,0.35085994005203247,0.0,0.0,0.0797029510140419,0.5886025354266167,0.0,960.9677366096876,106.85146843921393
587,-4.663100242614746,-934.9569215308875,0.0,0.8096776008605957,3.2706944942474365,0.0,1.797244668006897,0.0,4.258261561393738,0.0,965.2259981710813,106.85146843921393
588,1.7846169471740723,-933.1723045837134,0.0,0.9252549409866333,0.0,1.1997556686401367,0.0,1.4442235231399536,0.0,3.5692341327667236,965.2259981710813,110.42070257198066
589,1.3053035736083984,-931.867001010105,0.0,0.8178094029426575,0.0,1.416096806526184,0.0,0.37670081853866577,0.0,2.6106070280075073,965.2259981710813,113.03130959998816
590,-0.03837104141712189,-931.9053720515221,0.24066291749477386,0.0,0.0003603911027312279,0.0,0.0,0.40530452132225037,0.0,0.16428121272474527,965.2259981710813,113.19559081271291
591,0.42514413595199585,-931.4802279155701,0.0,0.6151168942451477,0.04044690728187561,0.0,0.0,0.3160651922225952,0.0,0.8907351791858673,965.2259981710813,114.08632599189878
592,-0.008898119442164898,-931.4891260350123,0.05079980567097664,0.0,0.0,0.06697840243577957,0.0,0.01682497002184391,0.0,0.03300356678664684,965.2259981710813,114.11932955868542
593,-0.4447891414165497,-931.9339151764289,0.0,0.07371017336845398,0.026100127026438713,0.0,0.455544114112854,0.0,0.40793406777083874,0.0,965.6339322388521,114.11932955868542
594,-1.2721747159957886,-933.2060898924246,0.30708345770835876,0.0,0.15865206718444824,0.0,0.8064391613006592,0.0,1.2721746861934662,0.0,966.9061069250456,114.11932955868542
595,-3.8656411170959473,-937.0717310095206,2.3147993087768555,0.0,0.35625216364860535,0.0,1.1945897340774536,0.0,3.8656412065029144,0.0,970.7717481315485,114.11932955868542
596,-2.123356342315674,-939.1950873518363,0.6107575297355652,0.0,0.41281142830848694,0.0,1.0997874736785889,0.0,2.123356431722641,0.0,972.8951045632712,114.11932955868542
597,-2.743990182876587,-941.9390775347129,1.539839744567871,0.0,0.3876185119152069,0.0,0.8165318369865417,0.0,2.7439900934696198,0.0,975.6390946567408,114.11932955868542
598,-2.4036529064178467,-944.3427304411307,1.5008540153503418,0.0,0.19325745105743408,0.0,0.7095414996147156,0.0,2.4036529660224915,0.0,978.0427476227633,114.11932955868542
599,-0.9718362092971802,-945.3145666504279,0.3560788035392761,0.0,0.18901224434375763,0.0,0.4267451763153076,0.0,0.9718362241983414,0.0,979.0145838469616,114.11932955868542
600,-0.9636238813400269,-946.2781905317679,0.35421058535575867,0.0,0.18733283877372742,0.0,0.42208048701286316,0.0,0.9636239111423492,0.0,979.978207758104,114.11932955868542
601,-0.9576585292816162,-947.2358490610495,0.3527388870716095,0.0,0.18591776490211487,0.0,0.41900184750556946,0.0,0.9576584994792938,0.0,980.9358662575833,114.11932955868542
602,-0.9526560306549072,-948.1885050917044,0.3514370918273926,0.0,0.18461598455905914,0.0,0.4166029393672943,0.0,0.952656015753746,0.0,981.888522273337,114.11932955868542
603,-1.3638432025909424,-949.5523482942954,0.7576619386672974,0.0,0.1873515099287033,0.0,0.4188297688961029,0.0,1.3638432174921036,0.0,983.2523654908291,114.11932955868542
604,-1.9846563339233398,-951.5370046282187,1.347259283065796,0.0,0.20223666727542877,0.0,0.4351603388786316,0.0,1.9846562892198563,0.0,985.237021780049,114.11932955868542
605,-1.6967012882232666,-953.233705916442,0.9380737543106079,0.0,0.23087537288665771,0.0,0.5277521014213562,0.0,1.6967012286186218,0.0,986.9337230086676,114.11932955868542
606,-1.7805737257003784,-955.0142796421424,1.0610169172286987,0.0,0.2490430623292923,0.0,0.4705136716365814,0.0,1.7805736511945724,0.0,988.7142966598622,114.11932955868542
607,-1.317131519317627,-956.33141116146,0.759421706199646,0.0,0.21481603384017944,0.0,0.3428937792778015,0.0,1.317131519317627,0.0,990.0314281791798,114.11932955868542
608,-0.49738609790802,-956.828797259368,0.0,0.30828598141670227,0.1623491495847702,0.0,0.48917993903160095,0.0,0.3432431071996689,0.0,990.3746712863795,114.11932955868542
609,-1.2381322383880615,-958.0669294977561,0.0,0.43275222182273865,0.17460213601589203,0.0,1.279906153678894,0.0,1.0217560678720474,0.0,991.3964273542515,114.11932955868542
610,0.3976750075817108,-957.6692544901744,0.0,0.5142026543617249,0.020695986226201057,0.0,0.0,0.3225393295288086,0.0,0.8160459976643324,991.3964273542515,114.93537555634975
611,-0.2859402894973755,-957.9551947796717,0.0,0.8544731736183167,0.49633556604385376,0.0,0.21684131026268005,0.0,0.0,0.14129629731178284,991.3964273542515,115.07667185366154
612,-1.9214025735855103,-959.8765973532572,0.0,1.0591528415679932,2.1875526905059814,0.0,0.263426274061203,0.0,1.3918261229991913,0.0,992.7882534772507,115.07667185366154
613,0.43066054582595825,-959.4459368074313,0.0,0.8234636783599854,0.0,0.17688243091106415,0.06951248645782471,0.0,0.0,0.9308336228132248,992.7882534772507,116.00750547647476
614,0.7237339019775391,-958.7222029054537,0.0,1.0116024017333984,0.0,0.22340743243694305,0.0,0.21245795488357544,0.0,1.447467789053917,992.7882534772507,117.45497326552868
615,0.7036287188529968,-958.0185741866007,0.0,0.8532128930091858,0.0,0.17444145679473877,0.0,0.3796030282974243,0.0,1.4072573781013489,992.7882534772507,118.86223064363003
616,0.5621230602264404,-957.4564511263743,0.0,0.5380384922027588,0.0,0.17350901663303375,0.0,0.4126986563205719,0.0,1.1242461651563644,992.7882534772507,119.98647680878639
617,-1.1349337100982666,-958.5913848364726,0.38442274928092957,0.0,0.0,0.028112348169088364,0.7645670771598816,0.0,1.1208774782717228,0.0,993.9091309555224,119.98647680878639
618,-1.3218834400177002,-959.9132682764903,0.36787644028663635,0.0,0.15145640075206757,0.0,0.8025505542755127,0.0,1.3218833953142166,0.0,995.2310143508366,119.98647680878639
619,-1.811098575592041,-961.7243668520823,0.7303415536880493,0.0,0.35753491520881653,0.0,0.7232221961021423,0.0,1.8110986649990082,0.0,997.0421130158356,119.98647680878639
620,-2.824383497238159,-964.5487503493205,1.3891406059265137,0.0,0.36468249559402466,0.0,1.0705604553222656,0.0,2.824383556842804,0.0,999.8664965726784,119.98647680878639
621,-1.658369541168213,-966.2071198904887,0.45421919226646423,0.0,0.3876185119152069,0.0,0.8165318369865417,0.0,1.658369541168213,0.0,1001.5248661138467,119.98647680878639
622,-6.057295322418213,-972.2644152129069,0.4215100109577179,0.0,4.011590003967285,0.0,1.6241950988769531,0.0,6.057295113801956,0.0,1007.5821612276486,119.98647680878639
623,-1.4146983623504639,-973.6791135752574,0.3560788035392761,0.0,0.30236607789993286,0.0,0.7562534809112549,0.0,1.4146983623504639,0.0,1008.9968595899991,119.98647680878639
624,-2.138622999191284,-975.8177365744486,0.35421058535575867,0.0,0.18733283877372742,0.0,1.5970796346664429,0.0,2.138623058795929,0.0,1011.135482648795,119.98647680878639
625,-0.9556514024734497,-976.7733879769221,0.3527388870716095,0.0,0.18591776490211487,0.0,0.41699478030204773,0.0,0.9556514322757721,0.0,1012.0911340810708,119.98647680878639
626,-0.934323787689209,-977.7077117646113,0.3514370918273926,0.0,0.18461598455905914,0.0,0.39827069640159607,0.0,0.9343237727880478,0.0,1013.0254578538588,119.98647680878639
627,-13.460988998413086,-991.1687007630244,5.584507465362549,0.0,4.5166096687316895,0.0,3.3598721027374268,0.0,13.460989236831665,0.0,1026.4864470906905,119.98647680878639
628,-0.9685059785842896,-992.1372067416087,0.34860697388648987,0.0,0.20223666727542877,0.0,0.4176623523235321,0.0,0.9685059934854507,0.0,1027.454953084176,119.98647680878639
629,-0.1766219139099121,-992.3138286555186,0.0,1.0269023180007935,0.0,1.1989452838897705,1.2895457744598389,0.0,0.0,0.9363018274307251,1027.454953084176,120.92277863621712
630,0.5883107781410217,-991.7255178773776,0.0,1.1712394952774048,0.0,1.1525226831436157,0.5735703110694885,0.0,0.0,1.750191867351532,1027.454953084176,122.67297050356865
631,-1.1978566646575928,-992.9233745420352,0.36588117480278015,0.0,0.3039432168006897,0.0,0.5280323624610901,0.0,1.19785675406456,0.0,1028.6528098382405,122.67297050356865
632,-1.6987924575805664,-994.6221669996157,0.0,0.37374255061149597,0.8361832499504089,0.0,1.0494804382324219,0.0,1.5119211375713348,0.0,1030.1647309758118,122.67297050356865
633,-0.6254619359970093,-995.2476289356127,0.0,0.7184192538261414,0.2372327446937561,0.0,0.7474388480186462,0.0,0.266252338886261,0.0,1030.430983314698,122.67297050356865
634,0.6001777648925781,-994.6474511707202,0.0,0.9992810487747192,0.08819844573736191,0.0,0.0,0.3774714171886444,0.0,1.2885540202260017,1030.430983314698,123.96152452379465
635,0.5858110785484314,-994.0616400921717,0.0,1.164985179901123,0.2831929922103882,0.0,0.0,0.5730229616165161,0.0,1.454815149307251,1030.430983314698,125.4163396731019
636,0.8910099267959595,-993.1706301653758,0.0,1.2253801822662354,0.0,0.14808499813079834,0.0,0.40855467319488525,0.0,1.782019853591919,1030.430983314698,127.19835952669382
637,1.1617752313613892,-992.0088549340144,0.0,1.243593454360962,0.0,0.27941328287124634,0.0,0.8005437254905701,0.0,2.3235504627227783,1030.430983314698,129.5219099894166
638,0.8945413827896118,-991.1143135512248,0.0,0.6936972141265869,0.0,0.30119627714157104,0.0,0.7941893339157104,0.0,1.7890828251838684,1030.430983314698,131.31099281460047
639,0.7943410873413086,-990.3199724638835,0.0,0.697390615940094,0.0,0.22867107391357422,0.0,0.6626204252243042,0.0,1.5886821150779724,1030.430983314698,132.89967492967844
640,-0.06688901782035828,-990.3868614817038,0.41181862354278564,0.0,0.0,0.20805951952934265,0.0,0.4817996621131897,0.0,0.2780405580997467,1030.430983314698,133.1777154877782
641,-0.3540579676628113,-990.7409194493666,0.31945550441741943,0.0,0.0,0.05981559306383133,0.0645102709531784,0.0,0.3241501823067665,0.0,1030.7551334970049,133.1777154877782
642,-2.4379825592041016,-993.1789020085707,0.5452353954315186,0.0,1.1327673196792603,0.0,0.7599798440933228,0.0,2.4379825592041016,0.0,1033.193116056209,133.1777154877782
643,-9.34319019317627,-1002.522092201747,0.517493724822998,0.0,0.35864752531051636,0.0,8.467048645019531,0.0,9.343189895153046,0.0,1042.536305951362,133.1777154877782
644,-2.46304988861084,-1004.9851420903578,0.8479077816009521,0.0,0.36468249559402466,0.0,1.2504595518112183,0.0,2.463049829006195,0.0,1044.9993557803682,133.1777154877782
645,-5.710519313812256,-1010.6956614041701,4.1328816413879395,0.0,0.3876185119152069,0.0,1.1900190114974976,0.0,5.710519164800644,0.0,1050.7098749451688,133.1777154877782
646,-1.5736063718795776,-1012.2692677760497,0.4215100109577179,0.0,0.44255486130714417,0.0,0.7095414996147156,0.0,1.5736063718795776,0.0,1052.2834813170484,133.1777154877782
647,-1.1183160543441772,-1013.3875838303939,0.3560788035392761,0.0,0.23568828403949738,0.0,0.5265489816665649,0.0,1.1183160692453384,0.0,1053.4017973862938,133.1777154877782
648,-1.1068097352981567,-1014.494393565692,0.35421058535575867,0.0,0.2998753786087036,0.0,0.45272377133369446,0.0,1.1068097352981567,0.0,1054.508607121592,133.1777154877782
649,-0.9576585292816162,-1015.4520520949736,0.3527388870716095,0.0,0.18591776490211487,0.0,0.41900184750556946,0.0,0.9576584994792938,0.0,1055.4662656210712,133.1777154877782
650,-0.9526560306549072,-1016.4047081256285,0.3514370918273926,0.0,0.18461598455905914,0.0,0.4166029393672943,0.0,0.952656015753746,0.0,1056.418921636825,133.1777154877782
651,-0.9562599658966064,-1017.3609680915251,0.35007867217063904,0.0,0.1873515099287033,0.0,0.4188297688961029,0.0,0.9562599509954453,0.0,1057.3751815878204,133.1777154877782
652,-0.9860039949417114,-1018.3469720864668,0.34860697388648987,0.0,0.20223666727542877,0.0,0.4351603388786316,0.0,0.9860039800405502,0.0,1058.361185567861,133.1777154877782
653,-2.0984199047088623,-1020.4453919911757,1.3677350282669067,0.0,0.23087537288665771,0.0,0.49980950355529785,0.0,2.0984199047088623,0.0,1060.4596054725698,133.1777154877782
654,-3.7559802532196045,-1024.2013722443953,2.7056221961975098,0.0,0.24639129638671875,0.0,0.8039667010307312,0.0,3.7559801936149597,0.0,1064.2155856661848,133.1777154877782
655,-2.589261531829834,-1026.7906337762251,1.1488118171691895,0.0,0.21834512054920197,0.0,1.2221044301986694,0.0,2.589261367917061,0.0,1066.8048470341018,133.1777154877782
656,-4.996753215789795,-1031.787386992015,0.0,0.36626678705215454,0.500525951385498,0.0,4.679360866546631,0.0,4.813620030879974,0.0,1071.6184670649818,133.1777154877782
657,-6.132791519165039,-1037.92017851118,0.0,0.7502269148826599,0.14646469056606293,0.0,6.361440181732178,0.0,5.757677957415581,0.0,1077.3761450223974,133.1777154877782
658,-0.41279205679893494,-1038.332970567979,0.0,0.9725360870361328,0.006602431181818247,0.0,0.8924576640129089,0.0,0.0,0.07347599184140563,1077.3761450223974,133.2511914796196
659,0.34794479608535767,-1037.9850257718936,0.0,0.24473510682582855,0.0,0.09424187988042831,0.0,0.35691264271736145,0.0,0.6958896294236183,1077.3761450223974,133.9470811090432
660,0.16410668194293976,-1037.8209190899506,0.0,0.9004762172698975,0.4343595802783966,0.0,0.0,0.29645630717277527,0.0,0.7625729441642761,1077.3761450223974,134.7096540532075
661,0.43482881784439087,-1037.3860902721062,0.0,1.1207208633422852,0.0,0.21797701716423035,0.23452015221118927,0.0,0.0,1.1041777282953262,1077.3761450223974,135.8138317815028
662,-4.739528656005859,-1042.125618928112,0.7364920973777771,0.0,1.9740597009658813,0.0,2.0289766788482666,0.0,4.739528477191925,0.0,1082.1156734995893,135.8138317815028
663,0.820191502571106,-1041.305427425541,0.0,0.8766398429870605,0.0,0.18615493178367615,0.0,0.5775881409645081,0.0,1.6403829157352448,1082.1156734995893,137.45421469723806
664,0.1901717483997345,-1041.1152556771412,0.00890298467129469,0.0,0.0,0.1717604249715805,0.0,0.22638903558254242,0.0,0.38924647588282824,1082.1156734995893,137.8434611731209
665,-0.04124129191040993,-1041.1564969690517,0.0,0.07415522634983063,0.0,0.04232902079820633,0.0994834154844284,0.0,0.0,0.01700083166360855,1082.1156734995893,137.8604620047845
666,-1.212768793106079,-1042.3692657621577,0.40967029333114624,0.0,0.2636435031890869,0.0,0.539454996585846,0.0,1.212768793106079,0.0,1083.3284422926954,137.8604620047845
667,-4.138089179992676,-1046.5073549421504,2.1317942142486572,0.0,0.3581891655921936,0.0,1.6481059789657593,0.0,4.13808935880661,0.0,1087.466531651502,137.8604620047845
668,-2.1577420234680176,-1048.6650969656184,0.7031154632568359,0.0,0.36468249559402466,0.0,1.0899442434310913,0.0,2.157742202281952,0.0,1089.624273853784,137.8604620047845
669,-16.441734313964844,-1065.1068312795833,7.0275139808654785,0.0,0.3876185119152069,0.0,9.026601791381836,0.0,16.44173428416252,0.0,1106.0660081379465,137.8604620047845
670,-2.520822763442993,-1067.6276540430263,0.4215100109577179,0.0,0.44215521216392517,0.0,1.65715754032135,0.0,2.520822763442993,0.0,1108.5868309013895,137.8604620047845
671,-1.602722406387329,-1069.2303764494136,0.37498530745506287,0.0,0.7011880874633789,0.0,0.5265489816665649,0.0,1.6027223765850067,0.0,1110.1895532779745,137.8604620047845
672,-0.9779905080795288,-1070.2083669574931,0.3568393290042877,0.0,0.19907063245773315,0.0,0.42208048701286316,0.0,0.977990448474884,0.0,1111.1675437264494,137.8604620047845
673,-1.514233946800232,-1071.7226009042934,0.34507817029953003,0.0,0.7501539587974548,0.0,0.41900184750556946,0.0,1.5142339766025543,0.0,1112.681777703052,137.8604620047845
674,-2.4145431518554688,-1074.1371440561488,1.7011696100234985,0.0,0.2967706322669983,0.0,0.4166029393672943,0.0,2.414543181657791,0.0,1115.0963208847097,137.8604620047845
675,-0.9562599658966064,-1075.0934040220454,0.35007867217063904,0.0,0.1873515099287033,0.0,0.4188297688961029,0.0,0.9562599509954453,0.0,1116.0525808357052,137.8604620047845
676,-0.9860039949417114,-1076.0794080169871,0.34860697388648987,0.0,0.20223666727542877,0.0,0.4351603388786316,0.0,0.9860039800405502,0.0,1117.0385848157457,137.8604620047845
677,-1.0794618129730225,-1077.1588698299602,0.3487769067287445,0.0,0.23087537288665771,0.0,0.49980950355529785,0.0,1.0794617831707,0.0,1118.1180465989164,137.8604620047845
678,-2.5512032508850098,-1079.7100730808452,1.0169463157653809,0.0,1.0625839233398438,0.0,0.47167298197746277,0.0,2.5512032210826874,0.0,1120.669249819999,137.8604620047845
679,-1.6006441116333008,-1081.3107171924785,0.21681378781795502,0.0,0.8010032773017883,0.0,0.5828270316123962,0.0,1.6006440967321396,0.0,1122.2698939167312,137.8604620047845
680,-0.344704270362854,-1081.6554214628413,0.0,0.1919764280319214,0.22050392627716064,0.0,0.22018855810165405,0.0,0.2487160563468933,0.0,1122.5186099730781,137.8604620047845
681,-0.7578384280204773,-1082.4132598908618,0.4022056460380554,0.0,0.25337982177734375,0.0,0.10225296765565872,0.0,0.7578384354710579,0.0,1123.2764484085492,137.8604620047845
682,0.11126315593719482,-1082.3019967349246,0.0,0.8945507407188416,0.3820599615573883,0.0,0.0,0.0920955017209053,0.0,0.6045862808823586,1123.2764484085492,138.46504828566685
683,-1.500213384628296,-1083.802210119553,0.0,0.21135073900222778,0.0,0.030194442719221115,1.620985984802246,0.0,1.3794408030807972,0.0,1124.65588921163,138.46504828566685
684,0.8005021214485168,-1083.0017079981044,0.0,1.1891871690750122,0.0,0.12998846173286438,0.0,0.2818286418914795,0.0,1.601004272699356,1124.65588921163,140.0660525583662
685,1.080047607421875,-1081.9216603906825,0.0,1.1782113313674927,0.0,0.24672222137451172,0.0,0.7351616024971008,0.0,2.1600951552391052,1124.65588921163,142.22614771360531
686,0.8736915588378906,-1081.0479688318446,0.0,1.0789623260498047,0.0,0.23463259637355804,0.0,0.43378812074661255,0.0,1.7473830431699753,1124.65588921163,143.9735307567753
687,0.6552771329879761,-1080.3926916988567,0.0,0.9265273213386536,0.0,0.21109865605831146,0.0,0.1729283630847931,0.0,1.3105543404817581,1124.65588921163,145.28408509725705
688,-0.13966938853263855,-1080.5323610873893,0.4294658899307251,0.0,0.0,0.1713041365146637,0.0,0.4082888960838318,0.0,0.15012714266777039,1124.65588921163,145.43421223992482
689,-1.487518310546875,-1082.0198793979362,1.3497508764266968,0.0,0.0,0.018549572676420212,0.14704230427742004,0.0,1.4782436080276966,0.0,1126.1341328196577,145.43421223992482
690,-9.643176078796387,-1091.6630554767326,1.4444351196289062,0.0,0.14266453683376312,0.0,8.056076049804688,0.0,9.643175706267357,0.0,1135.777308525925,145.43421223992482
691,-2.6193366050720215,-1094.2823920818046,1.0972508192062378,0.0,0.5973512530326843,0.0,0.9247347116470337,0.0,2.619336783885956,0.0,1138.396645309811,145.43421223992482
692,-1.5723090171813965,-1095.854701098986,0.4469718635082245,0.0,0.36468249559402466,0.0,0.7606547474861145,0.0,1.5723091065883636,0.0,1139.9689544163994,145.43421223992482
693,-1.658369541168213,-1097.5130706401542,0.45421919226646423,0.0,0.3876185119152069,0.0,0.8165318369865417,0.0,1.658369541168213,0.0,1141.6273239575676,145.43421223992482
694,-1.8843421936035156,-1099.3974128337577,0.57329261302948,0.0,0.19325745105743408,0.0,1.1177921295166016,0.0,1.8843421936035156,0.0,1143.511666151171,145.43421223992482
695,-1.6536635160446167,-1101.0510763498023,0.3560788035392761,0.0,0.18901224434375763,0.0,1.1085724830627441,0.0,1.653663530945778,0.0,1145.1653296821169,145.43421223992482
696,-0.9636238813400269,-1102.0147002311423,0.35421058535575867,0.0,0.18733283877372742,0.0,0.42208048701286316,0.0,0.9636239111423492,0.0,1146.1289535932592,145.43421223992482
697,-0.9576585292816162,-1102.972358760424,0.3527388870716095,0.0,0.18591776490211487,0.0,0.41900184750556946,0.0,0.9576584994792938,0.0,1147.0866120927385,145.43421223992482
698,-0.9526560306549072,-1103.9250147910789,0.3514370918273926,0.0,0.18461598455905914,0.0,0.4166029393672943,0.0,0.952656015753746,0.0,1148.0392681084923,145.43421223992482
699,-0.9562599658966064,-1104.8812747569755,0.35007867217063904,0.0,0.1873515099287033,0.0,0.4188297688961029,0.0,0.9562599509954453,0.0,1148.9955280594877,145.43421223992482
700,-0.9860039949417114,-1105.8672787519172,0.34860697388648987,0.0,0.20223666727542877,0.0,0.4351603388786316,0.0,0.9860039800405502,0.0,1149.9815320395282,145.43421223992482
701,-1.0794618129730225,-1106.9467405648902,0.3487769067287445,0.0,0.23087537288665771,0.0,0.49980950355529785,0.0,1.0794617831707,0.0,1151.060993822699,145.43421223992482
702,-1.0125945806503296,-1107.9593351455405,0.3108523190021515,0.0,0.24310490489006042,0.0,0.4586373567581177,0.0,1.0125945806503296,0.0,1152.0735884033493,145.43421223992482
703,-1.8209704160690308,-1109.7803055616096,1.3067142963409424,0.0,0.20033147931098938,0.0,0.3139246702194214,0.0,1.8209704458713531,0.0,1153.8945588492206,145.43421223992482
704,-1.3224836587905884,-1111.1027892204002,0.7592211961746216,0.0,0.2643275260925293,0.0,0.2989349663257599,0.0,1.3224836885929108,0.0,1155.2170425378135,145.43421223992482
705,-2.9930005073547363,-1114.095789727755,1.9054900407791138,0.0,0.24723315238952637,0.0,0.8402770757675171,0.0,2.9930002689361572,0.0,1158.2100428067497,145.43421223992482
706,-1.222948431968689,-1115.3187381597236,1.2209644317626953,0.0,0.09429768472909927,0.0,0.0,0.18462733924388885,1.1306347772479057,0.0,1159.3406775839976,145.43421223992482
707,0.7114337682723999,-1114.6073043914512,0.0,1.0740123987197876,0.0017803049413487315,0.0,0.0,0.3524157404899597,0.0,1.4246478342683986,1159.3406775839976,146.85886007419322
708,0.5454214811325073,-1114.0618829103187,0.0,1.1632142066955566,0.06494231522083282,0.0,0.0,0.057513393461704254,0.0,1.155785284936428,1159.3406775839976,148.01464535912964
709,0.6769905090332031,-1113.3848924012855,0.0,0.9385082721710205,0.0,0.16362735629081726,0.0,0.25184541940689087,0.0,1.3539810478687286,1159.3406775839976,149.36862640699837
710,0.5610995292663574,-1112.823792872019,0.0,0.5056313276290894,0.0,0.13752496242523193,0.0,0.47904282808303833,0.0,1.1221991181373596,1159.3406775839976,150.49082552513573
711,0.4100150763988495,-1112.4137777956203,0.0,0.6964879035949707,0.0,0.025233205407857895,0.0,0.09830903261899948,0.0,0.8200301416218281,1159.3406775839976,151.31085566675756
712,-0.03739432990550995,-1112.4511721255258,0.0,0.03524324670433998,0.0,0.09797130525112152,0.10400160402059555,0.0,0.0,0.02921294793486595,1159.3406775839976,151.34006861469243
713,-0.8896862864494324,-1113.3408584119752,0.20622381567955017,0.0,0.025920702144503593,0.0,0.6575417518615723,0.0,0.889686269685626,0.0,1160.2303638536832,151.34006861469243
714,-2.1043286323547363,-1115.44518704433,0.3609231412410736,0.0,0.5004211664199829,0.0,1.242984414100647,0.0,2.1043287217617035,0.0,1162.334692575445,151.34006861469243
715,-2.30519437789917,-1117.750381422229,0.861149787902832,0.0,0.46824032068252563,0.0,0.9758043885231018,0.0,2.3051944971084595,0.0,1164.6398870725534,151.34006861469243
716,-2.6377453804016113,-1120.3881268026307,1.2025023698806763,0.0,0.36468249559402466,0.0,1.0705604553222656,0.0,2.6377453207969666,0.0,1167.2776323933504,151.34006861469243
717,-2.9943976402282715,-1123.382524442859,1.5637325048446655,0.0,0.3876185119152069,0.0,1.0430465936660767,0.0,2.994397610425949,0.0,1170.2720300037763,151.34006861469243
718,-3.2800660133361816,-1126.6625904561952,0.4215100109577179,0.0,0.19325745105743408,0.0,2.6652984619140625,0.0,3.2800659239292145,0.0,1173.5520959277055,151.34006861469243
