time_step,reward,all_rewards,grid_import_Building_1_kwh,export_Building_1_kwh,grid_import_Building_2_kwh,export_Building_2_kwh,grid_import_Building_3_kwh,export_Building_3_kwh,grid_import_kwh,export_kwh,cumulative_grid_import_kwh,cumulative_export_kwh
0,-1.7140388488769531,-1.7140388488769531,2.033644199371338,0.0,0.5619984865188599,0.0,1.689454197883606,0.0,4.285096883773804,0.0,4.285096883773804,0.0
1,-0.6021565794944763,-2.3161954283714294,0.8462807536125183,0.0,0.18591776490211487,0.0,0.47319296002388,0.0,1.5053914785385132,0.0,5.790488362312317,0.0
2,-0.5420485138893127,-2.858243942260742,0.7249863147735596,0.0,0.18461598455905914,0.0,0.4455188810825348,0.0,1.3551211804151535,0.0,7.14560954272747,0.0
3,-0.5014392733573914,-3.3596832156181335,0.6327978372573853,0.0,0.1873515099287033,0.0,0.433448851108551,0.0,1.2535981982946396,0.0,8.39920774102211,0.0
4,-0.49782103300094604,-3.8575042486190796,0.6071555614471436,0.0,0.20223666727542877,0.0,0.4351603388786316,0.0,1.244552567601204,0.0,9.643760308623314,0.0
5,-0.6925255656242371,-4.550029814243317,1.00062894821167,0.0,0.23087537288665771,0.0,0.49980950355529785,0.0,1.7313138246536255,0.0,11.37507413327694,0.0
6,-1.15556800365448,-5.705597817897797,1.607621669769287,0.0,0.24817126989364624,0.0,1.033126950263977,0.0,2.8889198899269104,0.0,14.26399402320385,0.0
7,-1.763502597808838,-7.4691004157066345,0.5342340469360352,0.0,0.3452141582965851,0.0,0.8840543627738953,0.0,1.7635025680065155,0.0,16.027496591210365,0.0
8,-9.774259567260742,-17.243359982967377,4.653266429901123,0.0,2.933849573135376,0.0,2.187143325805664,0.0,9.774259328842163,0.0,25.80175592005253,0.0
9,-3.2866463661193848,-20.53000634908676,0.48263463377952576,0.0,0.6722479462623596,0.0,2.1317636966705322,0.0,3.2866462767124176,0.0,29.088402196764946,0.0
10,-1.9179718494415283,-22.44797819852829,0.0,0.3569531738758087,0.6334824562072754,0.0,1.284489393234253,0.0,1.5610186755657196,0.0,30.649420872330666,0.0
11,-3.455195903778076,-25.903174102306366,1.8172708749771118,0.0,0.6685148477554321,0.0,0.969410240650177,0.0,3.455195963382721,0.0,34.10461683571339,0.0
12,-1.9672014713287354,-27.8703755736351,0.26597872376441956,0.0,0.9704316258430481,0.0,0.7307910919189453,0.0,1.967201441526413,0.0,36.0718182772398,0.0
13,-0.28255409002304077,-28.152929663658142,0.0,0.26564109325408936,0.28255409002304077,0.0,0.0,0.6318330764770508,0.0,0.6149200797080994,36.0718182772398,0.6149200797080994
14,-0.4761016145348549,-28.629031278192997,0.0768645778298378,0.0,0.3992370367050171,0.0,0.0,0.07937953621149063,0.39672207832336426,0.0,36.468540355563164,0.6149200797080994
15,-1.3265159130096436,-29.95554719120264,0.16432055830955505,0.0,1.0962364673614502,0.0,0.06595885753631592,0.0,1.3265158832073212,0.0,37.795056238770485,0.6149200797080994
16,-0.2912794053554535,-30.246826596558094,0.0,0.1696302890777588,0.2912794053554535,0.0,0.0,0.2320985496044159,0.0,0.11044943332672119,37.795056238770485,0.7253695130348206
17,-2.5456748008728027,-32.7925013974309,0.1799376904964447,0.0,0.3064201772212982,0.0,0.15006080269813538,0.0,0.6364186704158783,0.0,38.43147490918636,0.7253695130348206
18,-5.5654449462890625,-38.35794634371996,0.4625154137611389,0.0,0.16118374466896057,0.0,0.7676620483398438,0.0,1.3913612067699432,0.0,39.82283611595631,0.7253695130348206
19,-9.796884536743164,-48.15483088046312,1.0769085884094238,0.0,0.3912005126476288,0.0,0.9811120629310608,0.0,2.4492211639881134,0.0,42.27205727994442,0.7253695130348206
20,-9.521113395690918,-57.67594427615404,0.5288646817207336,0.0,0.780853271484375,0.0,1.0705604553222656,0.0,2.3802784085273743,0.0,44.652335688471794,0.7253695130348206
21,-13.147750854492188,-70.82369513064623,0.9365671873092651,0.0,0.3876185119152069,0.0,1.962751865386963,0.0,3.286937564611435,0.0,47.93927325308323,0.7253695130348206
22,-1.7089442014694214,-72.53263933211565,0.4215100109577179,0.0,1.882650375366211,0.0,1.9681999683380127,0.0,4.2723603546619415,0.0,52.21163360774517,0.7253695130348206
23,-1.7085766792297363,-74.24121601134539,0.3560788035392761,0.0,1.878405213356018,0.0,2.0369577407836914,0.0,4.271441757678986,0.0,56.483075365424156,0.7253695130348206
24,-1.0612068176269531,-75.30242282897234,0.35421058535575867,0.0,1.8767257928848267,0.0,0.42208048701286316,0.0,2.6530168652534485,0.0,59.136092230677605,0.7253695130348206
25,-1.2943642139434814,-76.59678704291582,1.3801437616348267,0.0,0.7423394322395325,0.0,1.1134272813796997,0.0,3.235910475254059,0.0,62.37200270593166,0.7253695130348206
26,-0.3746892809867859,-76.9714763239026,0.3514370918273926,0.0,0.16868312656879425,0.0,0.4166029393672943,0.0,0.9367231577634811,0.0,63.308725863695145,0.7253695130348206
27,-0.6899920701980591,-77.66146839410067,0.35007867217063904,0.0,0.1873515099287033,0.0,1.1875500679016113,0.0,1.7249802500009537,0.0,65.0337061136961,0.7253695130348206
28,-0.7968365550041199,-78.45830494910479,1.3546943664550781,0.0,0.20223666727542877,0.0,0.4351603388786316,0.0,1.9920913726091385,0.0,67.02579748630524,0.7253695130348206
29,-0.8386150002479553,-79.29691994935274,1.3658525943756104,0.0,0.23087537288665771,0.0,0.49980950355529785,0.0,2.096537470817566,0.0,69.1223349571228,0.7253695130348206
30,-1.7269411087036133,-81.02386105805635,2.357550621032715,0.0,0.8064035773277283,0.0,1.1533982753753662,0.0,4.317352473735809,0.0,73.43968743085861,0.7253695130348206
31,-0.7622600793838501,-81.7861211374402,0.07796920090913773,0.0,0.19240280985832214,0.0,0.49188804626464844,0.0,0.7622600570321083,0.0,74.20194748789072,0.7253695130348206
32,-2.3640496730804443,-84.15017081052065,0.0,0.36149874329566956,1.8739137649536133,0.0,0.49013590812683105,0.0,2.002550929784775,0.0,76.2044984176755,0.7253695130348206
33,-0.3876694291830063,-84.53784023970366,0.0,0.4318349361419678,0.13957519829273224,0.0,0.24809423089027405,0.0,0.0,0.04416550695896149,76.2044984176755,0.769535019993782
34,-0.44446785748004913,-84.9823080971837,0.06265433132648468,0.0,0.38181352615356445,0.0,0.0,0.018229525536298752,0.4262383319437504,0.0,76.63073674961925,0.769535019993782
35,-0.5458567142486572,-85.52816481143236,0.3224653899669647,0.0,0.2233913242816925,0.0,0.0,0.21491865813732147,0.33093805611133575,0.0,76.96167480573058,0.769535019993782
36,-4.797369956970215,-90.32553476840258,4.797369956970215,0.0,0.0,0.04580845683813095,0.0,0.4474849998950958,4.304076500236988,0.0,81.26575130596757,0.769535019993782
37,-1.7521350383758545,-92.07766980677843,1.7521350383758545,0.0,0.0,0.17027628421783447,0.0,0.596929669380188,0.984929084777832,0.0,82.2506803907454,0.769535019993782
38,0.0,-92.07766980677843,0.0,0.5143934488296509,0.0,0.05979296937584877,0.0,0.06400222331285477,0.0,0.6381886415183544,82.2506803907454,1.4077236615121365
39,-0.7720916271209717,-92.8497614338994,0.0,0.6550762057304382,0.7720916271209717,0.0,0.0,0.24682287871837616,0.0,0.1298074573278427,82.2506803907454,1.5375311188399792
40,-1.1289808750152588,-93.97874230891466,0.447745680809021,0.0,0.19314506649971008,0.0,0.4880902171134949,0.0,1.128980964422226,0.0,83.37966135516763,1.5375311188399792
41,-3.679166555404663,-97.65790886431932,0.0,0.14580199122428894,0.553185224533081,0.0,0.3666064143180847,0.0,0.7739896476268768,0.0,84.1536510027945,1.5375311188399792
42,-9.899267196655273,-107.5571760609746,1.109107494354248,0.0,0.2910788059234619,0.0,1.074630618095398,0.0,2.474816918373108,0.0,86.62846792116761,1.5375311188399792
43,-6.815476417541504,-114.3726524785161,0.7583456039428711,0.0,0.21914196014404297,0.0,0.7263814806938171,0.0,1.7038690447807312,0.0,88.33233696594834,1.5375311188399792
44,-11.773115158081055,-126.14576763659716,2.2908387184143066,0.0,0.20169100165367126,0.0,0.4507490396499634,0.0,2.9432787597179413,0.0,91.27561572566628,1.5375311188399792
45,-6.123412132263184,-132.26917976886034,0.6353296637535095,0.0,0.19623863697052002,0.0,0.6992846727371216,0.0,1.5308529734611511,0.0,92.80646869912744,1.5375311188399792
46,-0.5716081857681274,-132.84078795462847,0.5435421466827393,0.0,0.19325745105743408,0.0,0.6922207474708557,0.0,1.429020345211029,0.0,94.23548904433846,1.5375311188399792
47,-0.3962970972061157,-133.23708505183458,0.37498530745506287,0.0,0.18901224434375763,0.0,0.4267451763153076,0.0,0.9907427281141281,0.0,95.22623177245259,1.5375311188399792
48,-0.3854495882987976,-133.62253464013338,0.35421058535575867,0.0,0.18733283877372742,0.0,0.42208048701286316,0.0,0.9636239111423492,0.0,96.18985568359494,1.5375311188399792
49,-0.383063405752182,-134.00559804588556,0.3527388870716095,0.0,0.18591776490211487,0.0,0.41900184750556946,0.0,0.9576584994792938,0.0,97.14751418307424,1.5375311188399792
50,-0.38106241822242737,-134.386660464108,0.3514370918273926,0.0,0.18461598455905914,0.0,0.4166029393672943,0.0,0.952656015753746,0.0,98.10017019882798,1.5375311188399792
51,-0.376414954662323,-134.7630754187703,0.3348560631275177,0.0,0.1873515099287033,0.0,0.4188297688961029,0.0,0.9410373419523239,0.0,99.0412075407803,1.5375311188399792
52,-0.3944016098976135,-135.15747702866793,0.34860697388648987,0.0,0.20223666727542877,0.0,0.4351603388786316,0.0,0.9860039800405502,0.0,100.02721152082086,1.5375311188399792
53,-0.4317846894264221,-135.58926171809435,0.3487769067287445,0.0,0.23087537288665771,0.0,0.49980950355529785,0.0,1.0794617831707,0.0,101.10667330399156,1.5375311188399792
54,-0.3967689275741577,-135.9860306456685,0.30258339643478394,0.0,0.23897044360637665,0.0,0.4503684341907501,0.0,0.9919222742319107,0.0,102.09859557822347,1.5375311188399792
55,-1.1287806034088135,-137.11481124907732,0.5197288393974304,0.0,0.2986651062965393,0.0,0.31038662791252136,0.0,1.128780573606491,0.0,103.22737615182996,1.5375311188399792
56,-2.4282898902893066,-139.54310113936663,0.794775664806366,0.0,0.7675319314002991,0.0,0.8659823536872864,0.0,2.4282899498939514,0.0,105.65566610172391,1.5375311188399792
57,-1.2170771658420563,-140.76017830520868,0.0,0.5403615236282349,0.7914651036262512,0.0,0.42561206221580505,0.0,0.6767156422138214,0.0,106.33238174393773,1.5375311188399792
58,-3.443479299545288,-144.20365760475397,1.210247278213501,0.0,0.04807596653699875,0.0,2.1851561069488525,0.0,3.4434793516993523,0.0,109.77586109563708,1.5375311188399792
59,-1.274584412574768,-145.47824201732874,0.0,1.0440349578857422,1.274584412574768,0.0,0.0,0.3224382996559143,0.0,0.09188884496688843,109.77586109563708,1.6294199638068676
60,-0.3657621741294861,-145.84400419145823,0.0,1.0866937637329102,0.3657621741294861,0.0,0.0,0.11811089515686035,0.0,0.8390424847602844,109.77586109563708,2.468462448567152
61,-7.003236293792725,-152.84724048525095,0.0,0.7644610404968262,0.0,0.18274803459644318,7.003236293792725,0.0,6.056027218699455,0.0,115.83188831433654,2.468462448567152
62,0.0,-152.84724048525095,0.0,0.6829460859298706,0.0,0.16892418265342712,0.0,0.05988061800599098,0.0,0.9117508865892887,115.83188831433654,3.3802133351564407
63,-2.0864264369010925,-154.93366692215204,1.561369776725769,0.0,0.0,0.013574364595115185,0.5250566601753235,0.0,2.0728520723059773,0.0,117.90474038664252,3.3802133351564407
64,-2.13383150100708,-157.06749842315912,0.9007319211959839,0.0,0.011278570629656315,0.0,1.2218209505081177,0.0,2.133831442333758,0.0,120.03857182897627,3.3802133351564407
65,-4.178135871887207,-161.24563429504633,0.14395681023597717,0.0,0.21786905825138092,0.0,0.6827080249786377,0.0,1.0445338934659958,0.0,121.08310572244227,3.3802133351564407
66,-13.064570426940918,-174.31020472198725,0.9867361783981323,0.0,0.313500314950943,0.0,1.9659061431884766,0.0,3.266142636537552,0.0,124.34924835897982,3.3802133351564407
67,-10.057050704956055,-184.3672554269433,0.8331621885299683,0.0,0.35911455750465393,0.0,1.3219858407974243,0.0,2.5142625868320465,0.0,126.86351094581187,3.3802133351564407
68,-8.556650161743164,-192.92390558868647,0.6107575297355652,0.0,0.36468249559402466,0.0,1.1637225151062012,0.0,2.139162540435791,0.0,129.00267348624766,3.3802133351564407
69,-9.092700958251953,-202.01660654693842,0.6353296637535095,0.0,0.4478263854980469,0.0,1.1900190114974976,0.0,2.273175060749054,0.0,131.2758485469967,3.3802133351564407
70,-0.4447058439254761,-202.4613123908639,0.48252609372138977,0.0,0.19325745105743408,0.0,0.4359810948371887,0.0,1.1117646396160126,0.0,132.38761318661273,3.3802133351564407
71,-0.5947997570037842,-203.05611214786768,0.8712420463562012,0.0,0.18901224434375763,0.0,0.4267451763153076,0.0,1.4869994670152664,0.0,133.874612653628,3.3802133351564407
72,-0.38755255937576294,-203.44366470724344,0.3594680726528168,0.0,0.18733283877372742,0.0,0.42208048701286316,0.0,0.9688813984394073,0.0,134.8434940520674,3.3802133351564407
73,-0.383063405752182,-203.82672811299562,0.3527388870716095,0.0,0.18591776490211487,0.0,0.41900184750556946,0.0,0.9576584994792938,0.0,135.8011525515467,3.3802133351564407
74,-0.38106241822242737,-204.20779053121805,0.3514370918273926,0.0,0.18461598455905914,0.0,0.4166029393672943,0.0,0.952656015753746,0.0,136.75380856730044,3.3802133351564407
75,-0.376414954662323,-204.58420548588037,0.3348560631275177,0.0,0.1873515099287033,0.0,0.4188297688961029,0.0,0.9410373419523239,0.0,137.69484590925276,3.3802133351564407
76,-0.3944016098976135,-204.978607095778,0.34860697388648987,0.0,0.20223666727542877,0.0,0.4351603388786316,0.0,0.9860039800405502,0.0,138.6808498892933,3.3802133351564407
77,-0.8505450487136841,-205.82915214449167,1.3677350282669067,0.0,0.23087537288665771,0.0,0.5277521014213562,0.0,2.1263625025749207,0.0,140.80721239186823,3.3802133351564407
78,-1.010900855064392,-206.84005299955606,0.3598918616771698,0.0,0.25422030687332153,0.0,1.9131399393081665,0.0,2.527252107858658,0.0,143.3344644997269,3.3802133351564407
79,-3.7757835388183594,-210.61583653837442,1.5279717445373535,0.0,0.9242570400238037,0.0,1.3235547542572021,0.0,3.7757835388183594,0.0,147.11024803854525,3.3802133351564407
80,-2.7964091300964355,-213.41224566847086,0.14558805525302887,0.0,0.9280077219009399,0.0,1.722813367843628,0.0,2.7964091449975967,0.0,149.90665718354285,3.3802133351564407
81,-2.4310333728790283,-215.8432790413499,0.8276567459106445,0.0,0.37557753920555115,0.0,1.2277990579605103,0.0,2.431033343076706,0.0,152.33769052661955,3.3802133351564407
82,-3.068942070007324,-218.9122211113572,1.1301755905151367,0.0,0.30680543184280396,0.0,1.6319609880447388,0.0,3.0689420104026794,0.0,155.40663253702223,3.3802133351564407
83,-6.241660118103027,-225.15388122946024,0.6770405769348145,0.0,2.5453195571899414,0.0,3.0192997455596924,0.0,6.241659879684448,0.0,161.64829241670668,3.3802133351564407
84,-2.2693231105804443,-227.42320434004068,0.0,0.48728668689727783,0.7605377435684204,0.0,1.508785367012024,0.0,1.7820364236831665,0.0,163.43032884038985,3.3802133351564407
85,-0.08687037974596024,-227.51007471978664,0.0,0.10344289988279343,0.08687037974596024,0.0,0.0,0.06797640770673752,0.0,0.08454892784357071,163.43032884038985,3.4647622630000114
86,-0.08487845957279205,-227.59495317935944,0.0,0.5747829079627991,0.08487845957279205,0.0,0.0,0.2017921507358551,0.0,0.6916965991258621,163.43032884038985,4.156458862125874
87,-0.03208257630467415,-227.6270357556641,0.0,0.6318455934524536,0.03208257630467415,0.0,0.0,0.15823568403720856,0.0,0.757998701184988,163.43032884038985,4.914457563310862
88,-0.19390042126178741,-227.8209361769259,0.0,0.3609931766986847,0.19390042126178741,0.0,0.0,0.052840862423181534,0.0,0.2199336178600788,163.43032884038985,5.13439118117094
89,-10.028818130493164,-237.84975430741906,0.9598867297172546,0.0,1.2953776121139526,0.0,0.25194022059440613,0.0,2.5072045624256134,0.0,165.93753340281546,5.13439118117094
90,-6.088956832885742,-243.9387111403048,0.398721843957901,0.0,0.29576143622398376,0.0,0.827755868434906,0.0,1.5222391486167908,0.0,167.45977255143225,5.13439118117094
91,-7.220834732055664,-251.15954587236047,0.5945645570755005,0.0,0.4842626452445984,0.0,0.7263814806938171,0.0,1.805208683013916,0.0,169.26498123444617,5.13439118117094
92,-8.247140884399414,-259.4066867567599,0.9364479184150696,0.0,0.36468249559402466,0.0,0.7606547474861145,0.0,2.0617851614952087,0.0,171.32676639594138,5.13439118117094
93,-6.995698928833008,-266.4023856855929,0.5447744131088257,0.0,0.3876185119152069,0.0,0.8165318369865417,0.0,1.7489247620105743,0.0,173.07569115795195,5.13439118117094
94,-0.7806878089904785,-267.18307349458337,0.6589604616165161,0.0,0.3296126127243042,0.0,0.963146448135376,0.0,1.9517195224761963,0.0,175.02741068042815,5.13439118117094
95,-0.4787152409553528,-267.6617887355387,0.3560788035392761,0.0,0.3141602873802185,0.0,0.5265489816665649,0.0,1.1967880725860596,0.0,176.2241987530142,5.13439118117094
96,-0.39770686626434326,-268.05949560180306,0.35421058535575867,0.0,0.18733283877372742,0.0,0.45272377133369446,0.0,0.9942671954631805,0.0,177.2184659484774,5.13439118117094
97,-0.38226059079170227,-268.44175619259477,0.3527388870716095,0.0,0.18591776490211487,0.0,0.41699478030204773,0.0,0.9556514322757721,0.0,178.17411738075316,5.13439118117094
98,-0.38106241822242737,-268.8228186108172,0.3514370918273926,0.0,0.18461598455905914,0.0,0.4166029393672943,0.0,0.952656015753746,0.0,179.1267733965069,5.13439118117094
99,-0.3825039863586426,-269.20532259717584,0.35007867217063904,0.0,0.1873515099287033,0.0,0.4188297688961029,0.0,0.9562599509954453,0.0,180.08303334750235,5.13439118117094
100,-0.7567803859710693,-269.9621029831469,1.2545539140701294,0.0,0.20223666727542877,0.0,0.4351603388786316,0.0,1.8919509202241898,0.0,181.97498426772654,5.13439118117094
101,-0.44220879673957825,-270.4043117798865,0.3468944728374481,0.0,0.23087537288665771,0.0,0.5277521014213562,0.0,1.105521947145462,0.0,183.080506214872,5.13439118117094
102,-0.709510326385498,-271.113822106272,1.0784878730773926,0.0,0.2409534454345703,0.0,0.45433443784713745,0.0,1.7737757563591003,0.0,184.8542819712311,5.13439118117094
103,-2.8315629959106445,-273.9453851021826,1.406815528869629,0.0,1.11617112159729,0.0,0.3085762858390808,0.0,2.8315629363059998,0.0,187.6858449075371,5.13439118117094
104,-0.5558802485466003,-274.5012653507292,0.26671406626701355,0.0,0.23807062208652496,0.0,0.05109556391835213,0.0,0.5558802522718906,0.0,188.241725159809,5.13439118117094
105,-0.23039452731609344,-274.7316598780453,0.0,0.4958544075489044,0.23039452731609344,0.0,0.0,0.13957266509532928,0.0,0.40503254532814026,188.241725159809,5.539423726499081
106,0.0,-274.7316598780453,0.0,1.0164076089859009,0.0,0.015333311632275581,0.0,0.3945979177951813,0.0,1.4263388384133577,188.241725159809,6.965762564912438
107,-0.5092339515686035,-275.2408938296139,0.0,0.9263487458229065,0.5092339515686035,0.0,0.0,0.5706278085708618,0.0,0.9877426028251648,188.241725159809,7.953505167737603
108,-0.11997632682323456,-275.36087015643716,0.0,0.966838538646698,0.0,0.012424386106431484,0.11997632682323456,0.0,0.0,0.8592865979298949,188.241725159809,8.812791765667498
109,-0.4304117262363434,-275.7912818826735,0.0,0.7738717198371887,0.4304117262363434,0.0,0.0,0.4543624222278595,0.0,0.7978224158287048,188.241725159809,9.610614181496203
110,-0.30191564559936523,-276.09319752827287,0.0,0.8958898782730103,0.30191564559936523,0.0,0.0,0.5466712713241577,0.0,1.1406455039978027,188.241725159809,10.751259685494006
111,-5.302861213684082,-281.39605874195695,0.0,0.5852379202842712,5.302861213684082,0.0,0.0,0.34786614775657654,4.369757145643234,0.0,192.61148230545223,10.751259685494006
112,0.0,-281.39605874195695,0.0,0.48445454239845276,0.0,1.5761443376541138,0.0,0.1763022094964981,0.0,2.2369010895490646,192.61148230545223,12.98816077504307
113,-9.046579837799072,-290.442638579756,0.8948801755905151,0.0,0.0,1.3793319463729858,1.366764783859253,0.0,0.8823130130767822,0.0,193.493795318529,12.98816077504307
114,-8.29771900177002,-298.74035758152604,0.37103885412216187,0.0,0.14638257026672363,0.0,1.5570083856582642,0.0,2.0744298100471497,0.0,195.56822512857616,12.98816077504307
115,-15.587003707885742,-314.3273612894118,0.7546690702438354,0.0,0.21914196014404297,0.0,2.9229397773742676,0.0,3.896750807762146,0.0,199.4649759363383,12.98816077504307
116,-9.547364234924316,-323.8747255243361,0.4469718635082245,0.0,0.36468249559402466,0.0,1.5751867294311523,0.0,2.3868410885334015,0.0,201.8518170248717,12.98816077504307
117,-4.777308464050293,-328.6520339883864,0.3636639416217804,0.0,0.3876185119152069,0.0,0.4430446922779083,0.0,1.1943271458148956,0.0,203.0461441706866,12.98816077504307
118,-0.654355525970459,-329.30638951435685,0.5967347025871277,0.0,0.3296126127243042,0.0,0.7095414996147156,0.0,1.6358888149261475,0.0,204.68203298561275,12.98816077504307
119,-0.4832300841808319,-329.7896195985377,0.5923177599906921,0.0,0.18901224434375763,0.0,0.4267451763153076,0.0,1.2080751806497574,0.0,205.8901081662625,12.98816077504307
120,-0.3854495882987976,-330.1750691868365,0.35421058535575867,0.0,0.18733283877372742,0.0,0.42208048701286316,0.0,0.9636239111423492,0.0,206.85373207740486,12.98816077504307
121,-0.383063405752182,-330.55813259258866,0.3527388870716095,0.0,0.18591776490211487,0.0,0.41900184750556946,0.0,0.9576584994792938,0.0,207.81139057688415,12.98816077504307
122,-0.38106241822242737,-330.9391950108111,0.3514370918273926,0.0,0.18461598455905914,0.0,0.4166029393672943,0.0,0.952656015753746,0.0,208.7640465926379,12.98816077504307
123,-0.37383416295051575,-331.3130291737616,0.35007867217063904,0.0,0.1873515099287033,0.0,0.39715519547462463,0.0,0.934585377573967,0.0,209.69863197021186,12.98816077504307
124,-0.3944016098976135,-331.7074307836592,0.34860697388648987,0.0,0.20223666727542877,0.0,0.4351603388786316,0.0,0.9860039800405502,0.0,210.6846359502524,12.98816077504307
125,-0.6732375025749207,-332.38066828623414,0.9524089097976685,0.0,0.23087537288665771,0.0,0.49980950355529785,0.0,1.683093786239624,0.0,212.36772973649204,12.98816077504307
126,-5.299891471862793,-337.68055975809693,5.020469665527344,0.0,0.29751452803611755,0.0,7.931743621826172,0.0,13.249727815389633,0.0,225.61745755188167,12.98816077504307
127,-1.0115041732788086,-338.69206393137574,0.10226792097091675,0.0,0.28070199489593506,0.0,0.628534197807312,0.0,1.0115041136741638,0.0,226.62896166555583,12.98816077504307
128,-0.7270533442497253,-339.41911727562547,0.0,0.21943727135658264,0.26006796956062317,0.0,0.4669853746891022,0.0,0.5076160728931427,0.0,227.13657773844898,12.98816077504307
129,-4.702228546142578,-344.12134582176805,4.173412322998047,0.0,0.13157224655151367,0.0,0.39724376797676086,0.0,4.702228337526321,0.0,231.8388060759753,12.98816077504307
130,-0.21567924320697784,-344.337025064975,0.0,0.837080717086792,0.10908318310976028,0.0,0.10659606009721756,0.0,0.0,0.6214014738798141,231.8388060759753,13.609562248922884
131,-0.010712550953030586,-344.34773761592805,0.0,1.1622930765151978,0.010712550953030586,0.0,0.0,0.5703308582305908,0.0,1.721911383792758,231.8388060759753,15.331473632715642
132,-0.7721798047423363,-345.1199174206704,0.0,1.1904658079147339,0.6802657246589661,0.0,0.09191408008337021,0.0,0.0,0.4182860031723976,231.8388060759753,15.74975963588804
133,-0.3051246106624603,-345.42504203133285,0.0,1.2007795572280884,0.3051246106624603,0.0,0.0,0.06330440938472748,0.0,0.9589593559503555,231.8388060759753,16.708718991838396
134,-0.2884477972984314,-345.7134898286313,0.0,0.6445506811141968,0.2884477972984314,0.0,0.0,0.046737685799598694,0.0,0.4028405696153641,231.8388060759753,17.11155956145376
135,-5.258665084838867,-350.97215491347015,0.0,0.895548939704895,5.258665084838867,0.0,0.0,0.42193904519081116,3.941177099943161,0.0,235.77998317591846,17.11155956145376
136,-0.39280030131340027,-351.36495521478355,0.0,0.5875452160835266,0.39280030131340027,0.0,0.0,0.22352951765060425,0.0,0.4182744324207306,235.77998317591846,17.52983399387449
137,-9.914864540100098,-361.27981975488365,1.7877622842788696,0.0,0.5443580746650696,0.0,0.14659564197063446,0.0,2.4787160009145737,0.0,238.25869917683303,17.52983399387449
138,-6.885206937789917,-368.16502669267356,0.918773353099823,0.0,0.0,1.1475917100906372,0.8025283813476562,0.0,0.573710024356842,0.0,238.83240920118988,17.52983399387449
139,-9.4571852684021,-377.62221196107566,1.6380316019058228,0.0,0.0,1.2425113916397095,0.7262647151947021,0.0,1.1217849254608154,0.0,239.9541941266507,17.52983399387449
140,-40.885772705078125,-418.5079846661538,7.694016456604004,0.0,0.19510479271411896,0.0,2.332322120666504,0.0,10.221443369984627,0.0,250.17563749663532,17.52983399387449
141,-7.170369625091553,-425.67835429124534,0.7798219323158264,0.0,0.19623863697052002,0.0,0.8165318369865417,0.0,1.7925924062728882,0.0,251.9682299029082,17.52983399387449
142,-0.4202994108200073,-426.09865370206535,0.4215100109577179,0.0,0.19325745105743408,0.0,0.4359810948371887,0.0,1.0507485568523407,0.0,253.01897845976055,17.52983399387449
143,-0.38873451948165894,-426.487388221547,0.3560788035392761,0.0,0.18901224434375763,0.0,0.4267451763153076,0.0,0.9718362241983414,0.0,253.9908146839589,17.52983399387449
144,-0.3854495882987976,-426.8728378098458,0.35421058535575867,0.0,0.18733283877372742,0.0,0.42208048701286316,0.0,0.9636239111423492,0.0,254.95443859510124,17.52983399387449
145,-0.5642924308776855,-427.4371302407235,0.5866090059280396,0.0,0.18591776490211487,0.0,0.6382042765617371,0.0,1.4107310473918915,0.0,256.36516964249313,17.52983399387449
146,-0.4636761248111725,-427.90080636553466,0.33876895904541016,0.0,0.18461598455905914,0.0,0.6358053684234619,0.0,1.1591903120279312,0.0,257.52435995452106,17.52983399387449
147,-0.45542609691619873,-428.35623246245086,0.3348560631275177,0.0,0.1873515099287033,0.0,0.6163576245307922,0.0,1.1385651975870132,0.0,258.6629251521081,17.52983399387449
148,-0.41193777322769165,-428.76817023567855,0.34860697388648987,0.0,0.20223666727542877,0.0,0.4790008068084717,0.0,1.0298444479703903,0.0,259.69276960007846,17.52983399387449
149,-0.4302787780761719,-429.1984490137547,0.3450120687484741,0.0,0.23087537288665771,0.0,0.49980950355529785,0.0,1.0756969451904297,0.0,260.7684665452689,17.52983399387449
150,-2.2727439403533936,-431.4711929541081,2.2849538326263428,0.0,1.378410816192627,0.0,2.0184950828552246,0.0,5.681859731674194,0.0,266.4503262769431,17.52983399387449
151,-1.3315662145614624,-432.8027591686696,0.3870762586593628,0.0,0.20606835186481476,0.0,0.738421618938446,0.0,1.3315662294626236,0.0,267.7818925064057,17.52983399387449
152,-1.9629350900650024,-434.7656942587346,1.4906659126281738,0.0,0.16592095792293549,0.0,0.30634817481040955,0.0,1.9629350453615189,0.0,269.74482755176723,17.52983399387449
153,-0.19011560082435608,-434.95580985955894,0.0,0.5706719756126404,0.19011560082435608,0.0,0.0,0.02427547238767147,0.0,0.4048318471759558,269.74482755176723,17.934665841050446
154,-0.2923145890235901,-435.24812444858253,0.0,0.7727327942848206,0.2923145890235901,0.0,0.0,0.27234557271003723,0.0,0.7527637779712677,269.74482755176723,18.687429619021714
155,-5.870818793773651,-441.1189432423562,5.558165550231934,0.0,0.0,0.10667166113853455,0.31265324354171753,0.0,5.764147132635117,0.0,275.50897468440235,18.687429619021714
156,-0.7119631171226501,-441.83090635947883,0.0,0.03266453742980957,0.42088937759399414,0.0,0.291073739528656,0.0,0.6792985796928406,0.0,276.1882732640952,18.687429619021714
157,-0.3178994357585907,-442.1488057952374,0.0,0.49131590127944946,0.3178994357585907,0.0,0.0,0.2801191210746765,0.0,0.4535355865955353,276.1882732640952,19.14096520561725
158,-0.2706677317619324,-442.41947352699935,0.0,0.7494138479232788,0.2706677317619324,0.0,0.0,0.6091670989990234,0.0,1.0879132151603699,276.1882732640952,20.22887842077762
159,0.0,-442.41947352699935,0.0,0.59209144115448,0.0,0.2047167718410492,0.0,0.6147118210792542,0.0,1.4115200340747833,276.1882732640952,21.640398454852402
160,-0.440039724111557,-442.8595132511109,0.03444037213921547,0.0,0.39850902557373047,0.0,0.007090319879353046,0.0,0.440039717592299,0.0,276.6283129816875,21.640398454852402
161,-10.441239356994629,-453.30075260810554,1.4606693983078003,0.0,0.556734025478363,0.0,0.5929064154624939,0.0,2.6103098392486572,0.0,279.23862282093614,21.640398454852402
162,-12.056324005126953,-465.3570766132325,1.0783368349075317,0.0,0.1577356457710266,0.0,1.7780084609985352,0.0,3.0140809416770935,0.0,282.25270376261324,21.640398454852402
163,-8.473201751708984,-473.8302783649415,0.6995631456375122,0.0,0.21890221536159515,0.0,1.1998350620269775,0.0,2.118300423026085,0.0,284.3710041856393,21.640398454852402
164,-11.466395378112793,-485.29667374305427,1.4313558340072632,0.0,0.36468249559402466,0.0,1.0705604553222656,0.0,2.8665987849235535,0.0,287.2376029705629,21.640398454852402
165,-7.724128246307373,-493.02080198936164,0.5447744131088257,0.0,0.19623863697052002,0.0,1.1900190114974976,0.0,1.9310320615768433,0.0,289.1686350321397,21.640398454852402
166,-0.39589303731918335,-493.4166950266808,0.3604939579963684,0.0,0.19325745105743408,0.0,0.4359810948371887,0.0,0.9897325038909912,0.0,290.1583675360307,21.640398454852402
167,-0.38873451948165894,-493.8054295461625,0.3560788035392761,0.0,0.18901224434375763,0.0,0.4267451763153076,0.0,0.9718362241983414,0.0,291.13020376022905,21.640398454852402
168,-0.3854495882987976,-494.1908791344613,0.35421058535575867,0.0,0.18733283877372742,0.0,0.42208048701286316,0.0,0.9636239111423492,0.0,292.0938276713714,21.640398454852402
169,-0.383063405752182,-494.57394254021347,0.3527388870716095,0.0,0.18591776490211487,0.0,0.41900184750556946,0.0,0.9576584994792938,0.0,293.0514861708507,21.640398454852402
170,-0.38106241822242737,-494.9550049584359,0.3514370918273926,0.0,0.18461598455905914,0.0,0.4166029393672943,0.0,0.952656015753746,0.0,294.00414218660444,21.640398454852402
171,-0.3825039863586426,-495.33750894479454,0.35007867217063904,0.0,0.1873515099287033,0.0,0.4188297688961029,0.0,0.9562599509954453,0.0,294.9604021375999,21.640398454852402
172,-0.3944016098976135,-495.73191055469215,0.34860697388648987,0.0,0.20223666727542877,0.0,0.4351603388786316,0.0,0.9860039800405502,0.0,295.94640611764044,21.640398454852402
173,-1.458889365196228,-497.1907999198884,2.916538715362549,0.0,0.23087537288665771,0.0,0.49980950355529785,0.0,3.6472235918045044,0.0,299.59362970944494,21.640398454852402
174,-1.6169466972351074,-498.8077466171235,1.411741852760315,0.0,0.8027651309967041,0.0,1.8278599977493286,0.0,4.042366981506348,0.0,303.6359966909513,21.640398454852402
175,-1.402383804321289,-500.2101304214448,0.1516353189945221,0.0,0.7369452714920044,0.0,0.513803243637085,0.0,1.4023838341236115,0.0,305.0383805250749,21.640398454852402
176,-1.577296495437622,-501.7874269168824,1.1688817739486694,0.0,0.20974469184875488,0.0,0.19867007434368134,0.0,1.5772965401411057,0.0,306.615677065216,21.640398454852402
177,-0.18657486140727997,-501.9740017782897,0.0,0.6238800287246704,0.18657486140727997,0.0,0.0,0.031356967985630035,0.0,0.4686621353030205,306.615677065216,22.109060590155423
178,-0.03914664313197136,-502.01314842142165,0.0,0.9074476957321167,0.03914664313197136,0.0,0.0,0.2856380045413971,0.0,1.1539390571415424,306.615677065216,23.262999647296965
179,-0.19224512577056885,-502.2053935471922,0.0,1.0420626401901245,0.19224512577056885,0.0,0.0,0.45010045170783997,0.0,1.2999179661273956,306.615677065216,24.56291761342436
180,-0.5964974611997604,-502.801891008392,0.0,1.1424123048782349,0.4565299153327942,0.0,0.13996754586696625,0.0,0.0,0.5459148436784744,306.615677065216,25.108832457102835
181,-0.34409284591674805,-503.1459838543087,0.0,0.8901332020759583,0.34409284591674805,0.0,0.0,0.5087555646896362,0.0,1.0547959208488464,306.615677065216,26.16362837795168
182,-0.33308976888656616,-503.4790736231953,0.0,0.9799602627754211,0.33308976888656616,0.0,0.0,0.48432299494743347,0.0,1.1311934888362885,306.615677065216,27.29482186678797
183,0.0,-503.4790736231953,0.0,0.8368264436721802,0.0,0.16624821722507477,0.0,0.3632165491580963,0.0,1.3662912100553513,306.615677065216,28.66111307684332
184,-0.4082038998603821,-503.8872775230557,0.0,0.556738018989563,0.4082038998603821,0.0,0.0,0.19272230565547943,0.0,0.34125642478466034,306.615677065216,29.00236950162798
185,-3.635838031768799,-507.52311555482447,0.0,0.008356096222996712,0.5537015199661255,0.0,0.3552579879760742,0.0,0.900603411719203,0.0,307.5162804769352,29.00236950162798
186,-5.657483100891113,-513.1805986557156,0.6814900636672974,0.0,0.1543160378932953,0.0,0.5785647034645081,0.0,1.4143708050251007,0.0,308.9306512819603,29.00236950162798
187,-11.573694229125977,-524.7542928848416,1.0584359169006348,0.0,0.35834044218063354,0.0,1.476647138595581,0.0,2.8934234976768494,0.0,311.82407477963716,29.00236950162798
188,-12.09732437133789,-536.8516172561795,0.8434675931930542,0.0,0.36468249559402466,0.0,1.816180944442749,0.0,3.024331033229828,0.0,314.848405812867,29.00236950162798
189,-8.98401927947998,-545.8356365356594,0.5447744131088257,0.0,0.3876185119152069,0.0,1.3136118650436401,0.0,2.2460047900676727,0.0,317.09441060293466,29.00236950162798
190,-0.7486750483512878,-546.5843115840107,0.3604939579963684,0.0,0.3296126127243042,0.0,1.1815810203552246,0.0,1.8716875910758972,0.0,318.96609819401056,29.00236950162798
191,-0.4881507158279419,-547.0724622998387,0.3560788035392761,0.0,0.18901224434375763,0.0,0.6752856969833374,0.0,1.2203767448663712,0.0,320.1864749388769,29.00236950162798
192,-0.5120689868927002,-547.5845312867314,0.6707591414451599,0.0,0.18733283877372742,0.0,0.42208048701286316,0.0,1.2801724672317505,0.0,321.4666474061087,29.00236950162798
193,-0.42881786823272705,-548.0133491549641,0.34507817029953003,0.0,0.307964563369751,0.0,0.41900184750556946,0.0,1.0720445811748505,0.0,322.5386919872835,29.00236950162798
194,-0.38106241822242737,-548.3944115731865,0.3514370918273926,0.0,0.18461598455905914,0.0,0.4166029393672943,0.0,0.952656015753746,0.0,323.4913480030373,29.00236950162798
195,-0.3825039863586426,-548.7769155595452,0.35007867217063904,0.0,0.1873515099287033,0.0,0.4188297688961029,0.0,0.9562599509954453,0.0,324.4476079540327,29.00236950162798
196,-0.3944016098976135,-549.1713171694428,0.34860697388648987,0.0,0.20223666727542877,0.0,0.4351603388786316,0.0,0.9860039800405502,0.0,325.43361193407327,29.00236950162798
197,-1.3457692861557007,-550.5170864555985,1.3761818408966064,0.0,0.79400634765625,0.0,1.1942349672317505,0.0,3.364423155784607,0.0,328.7980350898579,29.00236950162798
198,-1.6628748178482056,-552.1799612734467,2.2045345306396484,0.0,0.8040204644203186,0.0,1.1486319303512573,0.0,4.157186925411224,0.0,332.9552220152691,29.00236950162798
199,-3.197237253189087,-555.3771985266358,1.125339388847351,0.0,0.8656190633773804,0.0,1.2062788009643555,0.0,3.197237253189087,0.0,336.1524592684582,29.00236950162798
200,-1.9017574787139893,-557.2789560053498,1.3969422578811646,0.0,0.24484512209892273,0.0,0.25997012853622437,0.0,1.9017575085163116,0.0,338.0542167769745,29.00236950162798
201,-0.29184219241142273,-557.5707981977612,0.0,0.6303125619888306,0.23515954613685608,0.0,0.05668264627456665,0.0,0.0,0.33847036957740784,338.0542167769745,29.34083987120539
202,-0.11333481408655643,-557.6841330118477,0.0,0.9267101287841797,0.10197068750858307,0.0,0.011364126577973366,0.0,0.0,0.8133753146976233,338.0542167769745,30.154215185903013
203,-0.2947581708431244,-557.9788911826909,0.0,0.5439062714576721,0.1573142409324646,0.0,0.1374439299106598,0.0,0.0,0.24914810061454773,338.0542167769745,30.40336328651756
204,-0.008087906055152416,-557.986979088746,0.0,0.35866621136665344,0.008087906055152416,0.0,0.0,0.16686540842056274,0.0,0.5174437137320638,338.0542167769745,30.920807000249624
205,-4.995195211842656,-562.9821743005887,0.0,0.08942629396915436,0.025905432179570198,0.0,4.969289779663086,0.0,4.905768917873502,0.0,342.959985694848,30.920807000249624
206,-1.3493021428585052,-564.3314764434472,0.487641304731369,0.0,0.0,0.1010127067565918,0.8616608381271362,0.0,1.2482894361019135,0.0,344.2082751309499,30.920807000249624
207,-0.40926867723464966,-564.7407451206818,0.1957930475473404,0.0,0.05972663313150406,0.0,0.1537490040063858,0.0,0.40926868468523026,0.0,344.61754381563514,30.920807000249624
208,-0.23267818614840508,-564.9734233068302,0.0,0.24827715754508972,0.04585401341319084,0.0,0.18682417273521423,0.0,0.0,0.015598971396684647,344.61754381563514,30.93640597164631
209,-4.363675594329834,-569.3370989011601,0.1961147040128708,0.0,0.1650208830833435,0.0,0.729783296585083,0.0,1.0909188836812973,0.0,345.70846269931644,30.93640597164631
210,-10.066301345825195,-579.4034002469853,0.3991195857524872,0.0,0.29596030712127686,0.0,1.8214954137802124,0.0,2.5165753066539764,0.0,348.2250380059704,30.93640597164631
211,-11.236963272094727,-590.64036351908,0.9786856770515442,0.0,0.3576768636703491,0.0,1.472878098487854,0.0,2.8092406392097473,0.0,351.03427864518017,30.93640597164631
212,-8.184001922607422,-598.8243654416874,0.6107575297355652,0.0,0.36468249559402466,0.0,1.0705604553222656,0.0,2.0460004806518555,0.0,353.080279125832,30.93640597164631
213,-8.851868629455566,-607.676234071143,0.6353296637535095,0.0,0.3876185119152069,0.0,1.1900190114974976,0.0,2.212967187166214,0.0,355.29324631299824,30.93640597164631
214,-0.9538819789886475,-608.6301160501316,0.48252609372138977,0.0,0.9190770387649536,0.0,0.9831019043922424,0.0,2.384705036878586,0.0,357.6779513498768,30.93640597164631
215,-0.4038596749305725,-609.0339757250622,0.3938917815685272,0.0,0.18901224434375763,0.0,0.4267451763153076,0.0,1.0096492022275925,0.0,358.6876005521044,30.93640597164631
216,-0.3865010738372803,-609.4204767988995,0.3568393290042877,0.0,0.18733283877372742,0.0,0.42208048701286316,0.0,0.9662526547908783,0.0,359.6538532068953,30.93640597164631
217,-0.3799991011619568,-609.8004759000614,0.34507817029953003,0.0,0.18591776490211487,0.0,0.41900184750556946,0.0,0.9499977827072144,0.0,360.6038509896025,30.93640597164631
218,-0.4681711494922638,-610.2686470495537,0.5692089200019836,0.0,0.18461598455905914,0.0,0.4166029393672943,0.0,1.170427843928337,0.0,361.77427883353084,30.93640597164631
219,-0.3825039863586426,-610.6511510359123,0.35007867217063904,0.0,0.1873515099287033,0.0,0.4188297688961029,0.0,0.9562599509954453,0.0,362.7305387845263,30.93640597164631
220,-0.3944016098976135,-611.04555264581,0.34860697388648987,0.0,0.20223666727542877,0.0,0.4351603388786316,0.0,0.9860039800405502,0.0,363.71654276456684,30.93640597164631
221,-0.9848334193229675,-612.0303860651329,1.7313987016677856,0.0,0.23087537288665771,0.0,0.49980950355529785,0.0,2.462083578109741,0.0,366.1786263426766,30.93640597164631
222,-1.3094534873962402,-613.3398395525292,1.328688383102417,0.0,0.8014514446258545,0.0,1.1434940099716187,0.0,3.27363383769989,0.0,369.45226018037647,30.93640597164631
223,-0.5891687870025635,-613.9290083395317,0.057517584413290024,0.0,0.20612981915473938,0.0,0.3255213499069214,0.0,0.5891687534749508,0.0,370.0414289338514,30.93640597164631
224,-0.21486059576272964,-614.1438689352944,0.0,0.39134976267814636,0.1452266275882721,0.0,0.06963396817445755,0.0,0.0,0.17648916691541672,370.0414289338514,31.112895138561726
225,-0.2449120432138443,-614.3887809785083,0.0,0.7491872310638428,0.2449120432138443,0.0,0.0,0.11053763329982758,0.0,0.614812821149826,370.0414289338514,31.72770795971155
226,-0.10591587424278259,-614.4946968527511,0.0,0.9638462066650391,0.10591587424278259,0.0,0.0,0.16139096021652222,0.0,1.0193212926387787,370.0414289338514,32.74702925235033
227,0.0,-614.4946968527511,0.0,1.1795684099197388,0.0,0.028032707050442696,0.0,0.5876062512397766,0.0,1.795207368209958,370.0414289338514,34.54223662056029
228,-0.03794948011636734,-614.5326463328674,0.0,0.9936406016349792,0.03794948011636734,0.0,0.0,0.27996915578842163,0.0,1.2356602773070335,370.0414289338514,35.77789689786732
229,-8.26733597368002,-622.7999823065475,0.0,1.003985047340393,8.180971145629883,0.0,0.08636482805013657,0.0,7.263350926339626,0.0,377.30477986019105,35.77789689786732
230,0.0,-622.7999823065475,0.0,1.0160142183303833,0.0,0.1581920087337494,0.0,0.5203769207000732,0.0,1.694583147764206,377.30477986019105,37.47248004563153
231,0.0,-622.7999823065475,0.0,0.6432213187217712,0.0,0.04518565908074379,0.0,0.31277215480804443,0.0,1.0011791326105595,377.30477986019105,38.47365917824209
232,-5.730368614196777,-628.5303509207442,4.113112926483154,0.0,0.0,0.008898989297449589,1.617255687713623,0.0,5.721469624899328,0.0,383.0262494850904,38.47365917824209
233,-2.5672082901000977,-631.0975592108443,0.07977397739887238,0.0,0.14066290855407715,0.0,0.4213652014732361,0.0,0.6418020874261856,0.0,383.66805157251656,38.47365917824209
234,-9.7849760055542,-640.8825352163985,1.3207228183746338,0.0,0.5330559015274048,0.0,0.592465341091156,0.0,2.4462440609931946,0.0,386.11429563350976,38.47365917824209
235,-10.172307968139648,-651.0548431845382,0.8556849360466003,0.0,0.3578053414821625,0.0,1.3295866250991821,0.0,2.543076902627945,0.0,388.6573725361377,38.47365917824209
236,-7.932244777679443,-658.9870879622176,1.1676297187805176,0.0,0.36468249559402466,0.0,0.4507490396499634,0.0,1.9830612540245056,0.0,390.6404337901622,38.47365917824209
237,-8.450275421142578,-667.4373633833602,0.6075669527053833,0.0,0.19623863697052002,0.0,1.3087632656097412,0.0,2.1125688552856445,0.0,392.75300264544785,38.47365917824209
238,-0.6630207896232605,-668.1003841729835,1.028313398361206,0.0,0.19325745105743408,0.0,0.4359810948371887,0.0,1.6575519442558289,0.0,394.4105545897037,38.47365917824209
239,-0.38873451948165894,-668.4891186924651,0.3560788035392761,0.0,0.18901224434375763,0.0,0.4267451763153076,0.0,0.9718362241983414,0.0,395.382390813902,38.47365917824209
240,-0.3854495882987976,-668.8745682807639,0.35421058535575867,0.0,0.18733283877372742,0.0,0.42208048701286316,0.0,0.9636239111423492,0.0,396.34601472504437,38.47365917824209
241,-0.383063405752182,-669.2576316865161,0.3527388870716095,0.0,0.18591776490211487,0.0,0.41900184750556946,0.0,0.9576584994792938,0.0,397.30367322452366,38.47365917824209
242,-0.38106241822242737,-669.6386941047385,0.3514370918273926,0.0,0.18461598455905914,0.0,0.4166029393672943,0.0,0.952656015753746,0.0,398.2563292402774,38.47365917824209
243,-0.3825039863586426,-670.0211980910972,0.35007867217063904,0.0,0.1873515099287033,0.0,0.4188297688961029,0.0,0.9562599509954453,0.0,399.21258919127285,38.47365917824209
244,-0.38925331830978394,-670.410451409407,0.3357362449169159,0.0,0.20223666727542877,0.0,0.4351603388786316,0.0,0.9731332510709763,0.0,400.18572244234383,38.47365917824209
245,-0.44220879673957825,-670.8526602061465,0.3468944728374481,0.0,0.23087537288665771,0.0,0.5277521014213562,0.0,1.105521947145462,0.0,401.2912443894893,38.47365917824209
246,-2.692633628845215,-673.5452938349918,1.3636397123336792,0.0,0.8055227398872375,0.0,4.5624213218688965,0.0,6.731583774089813,0.0,408.0228281635791,38.47365917824209
247,-4.1616339683532715,-677.706927803345,2.1625139713287354,0.0,0.7746247053146362,0.0,1.2244954109191895,0.0,4.161634087562561,0.0,412.18446225114167,38.47365917824209
248,-2.2600769996643066,-679.9670048030093,0.7994797825813293,0.0,1.0725849866867065,0.0,0.38801226019859314,0.0,2.260077029466629,0.0,414.4445392806083,38.47365917824209
249,-0.9932252466678619,-680.9602300496772,0.0,0.16169406473636627,0.2862636148929596,0.0,0.7069616317749023,0.0,0.8315311819314957,0.0,415.2760704625398,38.47365917824209
250,0.0,-680.9602300496772,0.0,0.5522568821907043,0.0,0.01259163673967123,0.0,0.14417864382266998,0.0,0.7090271627530456,415.2760704625398,39.18268634099513
251,0.0,-680.9602300496772,0.0,0.8463038802146912,0.0,0.06984102725982666,0.0,0.48367542028427124,0.0,1.399820327758789,415.2760704625398,40.58250666875392
252,0.0,-680.9602300496772,0.0,1.100285291671753,0.0,0.08553756773471832,0.0,0.5123308897018433,0.0,1.6981537491083145,415.2760704625398,42.28066041786224
253,-0.7348304037004709,-681.6950604533777,0.0,1.0048272609710693,0.7111999988555908,0.0,0.023630404844880104,0.0,0.0,0.2699968572705984,415.2760704625398,42.550657275132835
254,-5.5499420166015625,-687.2450024699792,5.203329086303711,0.0,0.3234153687953949,0.0,0.023197468370199203,0.0,5.549941923469305,0.0,420.8260123860091,42.550657275132835
255,0.0,-687.2450024699792,0.0,0.8221708536148071,0.0,0.15892040729522705,0.0,0.3485609292984009,0.0,1.329652190208435,420.8260123860091,43.88030946534127
256,-0.6323296874761581,-687.8773321574554,0.19316093623638153,0.0,0.4391687512397766,0.0,0.0,0.13079260289669037,0.5015370845794678,0.0,421.32754947058856,43.88030946534127
257,-5.377384185791016,-693.2547163432464,0.5760786533355713,0.0,0.5701292753219604,0.0,0.1981380730867386,0.0,1.3443460017442703,0.0,422.67189547233284,43.88030946534127
258,-7.200481414794922,-700.4551977580413,0.836626410484314,0.0,0.15649878978729248,0.0,0.8069952130317688,0.0,1.8001204133033752,0.0,424.4720158856362,43.88030946534127
259,-6.872249603271484,-707.3274473613128,0.5181800127029419,0.0,0.2190180867910385,0.0,0.9808642864227295,0.0,1.71806238591671,0.0,426.1900782715529,43.88030946534127
260,-7.856637001037598,-715.1840843623504,0.4469718635082245,0.0,0.20169100165367126,0.0,1.3154963254928589,0.0,1.9641591906547546,0.0,428.1542374622077,43.88030946534127
261,-34.455078125,-749.6391624873504,0.3636639416217804,0.0,0.19623863697052002,0.0,8.05386734008789,0.0,8.613769918680191,0.0,436.76800738088787,43.88030946534127
262,-0.505317211151123,-750.1444796985015,0.3604939579963684,0.0,0.19325745105743408,0.0,0.7095414996147156,0.0,1.263292908668518,0.0,438.0313002895564,43.88030946534127
263,-0.7681460380554199,-750.912625736557,0.8147399425506592,0.0,0.18901224434375763,0.0,0.9166128635406494,0.0,1.9203650504350662,0.0,439.95166533999145,43.88030946534127
264,-0.3854495882987976,-751.2980753248557,0.35421058535575867,0.0,0.18733283877372742,0.0,0.42208048701286316,0.0,0.9636239111423492,0.0,440.9152892511338,43.88030946534127
265,-0.383063405752182,-751.6811387306079,0.3527388870716095,0.0,0.18591776490211487,0.0,0.41900184750556946,0.0,0.9576584994792938,0.0,441.8729477506131,43.88030946534127
266,-0.38106241822242737,-752.0622011488304,0.3514370918273926,0.0,0.18461598455905914,0.0,0.4166029393672943,0.0,0.952656015753746,0.0,442.82560376636684,43.88030946534127
267,-0.3825039863586426,-752.444705135189,0.35007867217063904,0.0,0.1873515099287033,0.0,0.4188297688961029,0.0,0.9562599509954453,0.0,443.7818637173623,43.88030946534127
268,-0.3944016098976135,-752.8391067450866,0.34860697388648987,0.0,0.20223666727542877,0.0,0.4351603388786316,0.0,0.9860039800405502,0.0,444.76786769740283,43.88030946534127
269,-0.44220879673957825,-753.2813155418262,0.3468944728374481,0.0,0.23087537288665771,0.0,0.5277521014213562,0.0,1.105521947145462,0.0,445.8733896445483,43.88030946534127
270,-1.327096939086914,-754.6084124809131,1.3624169826507568,0.0,0.8049114346504211,0.0,1.1504138708114624,0.0,3.3177422881126404,0.0,449.19113193266094,43.88030946534127
271,-2.9344186782836914,-757.5428311591968,1.1377812623977661,0.0,0.7717373967170715,0.0,1.024899959564209,0.0,2.9344186186790466,0.0,452.12555055134,43.88030946534127
272,-0.4473426192998886,-757.9901737784967,0.0,0.30443722009658813,0.29079610109329224,0.0,0.15654651820659637,0.0,0.14290539920330048,0.0,452.2684559505433,43.88030946534127
273,-0.865479126572609,-758.8556529050693,0.0,0.48703962564468384,0.7553882002830505,0.0,0.11009092628955841,0.0,0.3784395009279251,0.0,452.6468954514712,43.88030946534127
274,-0.017429426312446594,-758.8730823313817,0.017429426312446594,0.0,0.0,0.007893882691860199,0.0,0.3797190487384796,0.0,0.3701835051178932,452.6468954514712,44.25049297045916
275,-0.008054452948272228,-758.88113678433,0.008054452948272228,0.0,0.0,0.03747405856847763,0.0,0.418941468000412,0.0,0.4483610736206174,452.6468954514712,44.69885404407978
276,-0.13605967164039612,-759.0171964559704,0.0,1.138273000717163,0.13605967164039612,0.0,0.0,0.5503185391426086,0.0,1.5525318682193756,452.6468954514712,46.251385912299156
277,-0.5139166116714478,-759.5311130676419,0.0,1.0237867832183838,0.5139166116714478,0.0,0.0,0.09319671243429184,0.0,0.6030668839812279,452.6468954514712,46.854452796280384
278,-0.3557765278965235,-759.8868895955384,0.0,1.038109540939331,0.32646992802619934,0.0,0.029306599870324135,0.0,0.0,0.6823330130428076,452.6468954514712,47.53678580932319
279,-1.1855446100234985,-761.0724342055619,1.1855446100234985,0.0,0.0,0.1454814225435257,0.0,0.49624112248420715,0.5438220649957657,0.0,453.190717516467,47.53678580932319
280,-5.212719917297363,-766.2851541228592,5.212719917297363,0.0,0.0,0.15689289569854736,0.0,0.19665394723415375,4.859173074364662,0.0,458.04989059083164,47.53678580932319
281,-7.312444686889648,-773.5975988097489,0.9082015156745911,0.0,0.266985148191452,0.0,0.6529245972633362,0.0,1.8281112611293793,0.0,459.878001851961,47.53678580932319
282,-10.009737014770508,-783.6073358245194,1.3047536611557007,0.0,0.27689045667648315,0.0,0.9207901358604431,0.0,2.502434253692627,0.0,462.38043610565364,47.53678580932319
283,-21.671411514282227,-805.2787473388016,1.331661581993103,0.0,0.3581482172012329,0.0,3.7280430793762207,0.0,5.417852878570557,0.0,467.7982889842242,47.53678580932319
284,-18.960708618164062,-824.2394559569657,1.1457839012145996,0.0,0.36468249559402466,0.0,3.229710578918457,0.0,4.740176975727081,0.0,472.5384659599513,47.53678580932319
285,-21.212928771972656,-845.4523847289383,0.6824634075164795,0.0,0.507914125919342,0.0,4.112854480743408,0.0,5.30323201417923,0.0,477.8416979741305,47.53678580932319
286,-3.6456072330474854,-849.0979919619858,0.588736891746521,0.0,0.3296126127243042,0.0,8.19566822052002,0.0,9.114017724990845,0.0,486.95571569912136,47.53678580932319
287,-0.681244432926178,-849.779236394912,0.3560788035392761,0.0,0.18901224434375763,0.0,1.15802001953125,0.0,1.7031110674142838,0.0,488.65882676653564,47.53678580932319
288,-0.48250019550323486,-850.2617365904152,0.35421058535575867,0.0,0.18733283877372742,0.0,0.6647070646286011,0.0,1.2062504887580872,0.0,489.8650772552937,47.53678580932319
289,-0.383063405752182,-850.6447999961674,0.3527388870716095,0.0,0.18591776490211487,0.0,0.41900184750556946,0.0,0.9576584994792938,0.0,490.822735754773,47.53678580932319
290,-0.47684574127197266,-851.1216457374394,0.3514370918273926,0.0,0.42407429218292236,0.0,0.4166029393672943,0.0,1.1921143233776093,0.0,492.01485007815063,47.53678580932319
291,-0.3825039863586426,-851.504149723798,0.35007867217063904,0.0,0.1873515099287033,0.0,0.4188297688961029,0.0,0.9562599509954453,0.0,492.9711100291461,47.53678580932319
292,-0.3944016098976135,-851.8985513336957,0.34860697388648987,0.0,0.20223666727542877,0.0,0.4351603388786316,0.0,0.9860039800405502,0.0,493.9571140091866,47.53678580932319
293,-0.4317846894264221,-852.3303360231221,0.3487769067287445,0.0,0.23087537288665771,0.0,0.49980950355529785,0.0,1.0794617831707,0.0,495.0365757923573,47.53678580932319
294,-0.7850555181503296,-853.1153915412724,0.3086540102958679,0.0,0.24200575053691864,0.0,1.4119789600372314,0.0,1.962638720870018,0.0,496.99921451322734,47.53678580932319
295,-2.2661259174346924,-855.3815174587071,1.079450011253357,0.0,0.8666271567344666,0.0,0.32004883885383606,0.0,2.2661260068416595,0.0,499.265340520069,47.53678580932319
296,-0.2745041623711586,-855.6560216210783,0.0,0.30276864767074585,0.1651078164577484,0.0,0.10939634591341019,0.0,0.0,0.02826448529958725,499.265340520069,47.56505029462278
297,-0.15505149960517883,-855.8110731206834,0.0,0.6869267225265503,0.15505149960517883,0.0,0.0,0.0944036915898323,0.0,0.6262789145112038,499.265340520069,48.19132920913398
298,-0.17815127596259117,-855.989224396646,0.0,0.9478568434715271,0.018942054361104965,0.0,0.1592092216014862,0.0,0.0,0.7697055675089359,499.265340520069,48.96103477664292
299,-0.2190306931734085,-856.2082550898194,0.0,0.976818859577179,0.2190306931734085,0.0,0.0,0.38485661149024963,0.0,1.14264477789402,499.265340520069,50.10367955453694
300,0.0,-856.2082550898194,0.0,1.0798332691192627,0.0,0.0753115639090538,0.0,0.4918789267539978,0.0,1.6470237597823143,499.265340520069,51.75070331431925
301,-0.32555055618286133,-856.5338056460023,0.0,1.1599277257919312,0.32555055618286133,0.0,0.0,0.02245255373418331,0.0,0.8568297233432531,499.265340520069,52.607533037662506
302,-0.3646077811717987,-856.8984134271741,0.0,1.032222032546997,0.32941368222236633,0.0,0.03519409894943237,0.0,0.0,0.6676142513751984,499.265340520069,53.275147289037704
303,-0.21156826615333557,-857.1099816933274,0.21156826615333557,0.0,0.0,0.17652453482151031,0.0,0.3837691843509674,0.0,0.34872545301914215,499.265340520069,53.62387274205685
304,-0.5642350912094116,-857.6742167845368,0.5642350912094116,0.0,0.0,0.1597829908132553,0.0,0.01962175779044628,0.38483034260571003,0.0,499.6501708626747,53.62387274205685
305,-2.708341956138611,-860.3825587406754,0.0,0.03628847002983093,0.5397353172302246,0.0,0.1373501718044281,0.0,0.6407970190048218,0.0,500.29096788167953,53.62387274205685
306,-5.105081081390381,-865.4876398220658,0.43507087230682373,0.0,0.27634379267692566,0.0,0.5648555755615234,0.0,1.2762702405452728,0.0,501.5672381222248,53.62387274205685
307,-13.707595825195312,-879.1952356472611,1.6135226488113403,0.0,0.35911455750465393,0.0,1.4542618989944458,0.0,3.42689910531044,0.0,504.99413722753525,53.62387274205685
308,-10.609710693359375,-889.8049463406205,1.2238845825195312,0.0,0.6678882837295532,0.0,0.7606547474861145,0.0,2.652427613735199,0.0,507.64656484127045,53.62387274205685
309,-9.102195739746094,-898.9071420803666,0.45421919226646423,0.0,0.3876185119152069,0.0,1.433711290359497,0.0,2.275548994541168,0.0,509.9221138358116,53.62387274205685
310,-1.367361068725586,-900.2745031490922,0.4215100109577179,0.0,1.2874383926391602,0.0,1.70945405960083,0.0,3.418402463197708,0.0,513.3405162990093,53.62387274205685
311,-0.7721308469772339,-901.0466339960694,0.8293225765228271,0.0,0.18901224434375763,0.0,0.9119924306869507,0.0,1.9303272515535355,0.0,515.2708435505629,53.62387274205685
312,-0.3854495882987976,-901.4320835843682,0.35421058535575867,0.0,0.18733283877372742,0.0,0.42208048701286316,0.0,0.9636239111423492,0.0,516.2344674617052,53.62387274205685
313,-0.4307340979576111,-901.8628176823258,0.3527388870716095,0.0,0.3050944209098816,0.0,0.41900184750556946,0.0,1.0768351554870605,0.0,517.3113026171923,53.62387274205685
314,-0.38106241822242737,-902.2438801005483,0.3514370918273926,0.0,0.18461598455905914,0.0,0.4166029393672943,0.0,0.952656015753746,0.0,518.263958632946,53.62387274205685
315,-0.3825039863586426,-902.6263840869069,0.35007867217063904,0.0,0.1873515099287033,0.0,0.4188297688961029,0.0,0.9562599509954453,0.0,519.2202185839415,53.62387274205685
316,-0.3944016098976135,-903.0207856968045,0.34860697388648987,0.0,0.20223666727542877,0.0,0.4351603388786316,0.0,0.9860039800405502,0.0,520.206222563982,53.62387274205685
317,-0.4310317635536194,-903.4518174603581,0.3468944728374481,0.0,0.23087537288665771,0.0,0.49980950355529785,0.0,1.0775793492794037,0.0,521.2838019132614,53.62387274205685
318,-0.6169724464416504,-904.0687899067998,0.773635745048523,0.0,0.30857521295547485,0.0,0.4602200984954834,0.0,1.5424310564994812,0.0,522.8262329697609,53.62387274205685
319,-5.703677177429199,-909.772467084229,3.6099977493286133,0.0,0.8835747838020325,0.0,1.2101043462753296,0.0,5.703676879405975,0.0,528.5299098491669,53.62387274205685
320,-1.8324974179267883,-911.6049645021558,0.0,0.337597131729126,1.0635040998458862,0.0,0.7689933180809021,0.0,1.4949002861976624,0.0,530.0248101353645,53.62387274205685
321,-0.13882970809936523,-911.7437942102551,0.0,0.7193703055381775,0.13882970809936523,0.0,0.0,0.1268472671508789,0.0,0.7073878645896912,530.0248101353645,54.33126060664654
322,-0.34943366050720215,-912.0932278707623,0.0,1.0019334554672241,0.34943366050720215,0.0,0.0,0.3801237940788269,0.0,1.0326235890388489,530.0248101353645,55.36388419568539
323,0.0,-912.0932278707623,0.0,0.04444405809044838,0.0,0.06794668734073639,0.0,0.4798867404460907,0.0,0.5922774858772755,530.0248101353645,55.95616168156266
324,-1.8500466346740723,-913.9432745054364,1.2137436866760254,0.0,0.549249529838562,0.0,0.08705343306064606,0.0,1.8500466495752335,0.0,531.8748567849398,55.95616168156266
325,-1.4682284593582153,-915.4115029647946,1.071484088897705,0.0,0.3567659854888916,0.0,0.039978355169296265,0.0,1.468228429555893,0.0,533.3430852144957,55.95616168156266
326,-0.30976638197898865,-915.7212693467736,0.0,1.0266070365905762,0.30976638197898865,0.0,0.0,0.004100480116903782,0.0,0.7209411347284913,533.3430852144957,56.67710281629115
327,0.0,-915.7212693467736,0.0,0.755424439907074,0.0,0.17553649842739105,0.0,0.3817931115627289,0.0,1.312754049897194,533.3430852144957,57.98985686618835
328,0.0,-915.7212693467736,0.0,0.4753243625164032,0.0,0.17008362710475922,0.0,0.22303542494773865,0.0,0.8684434145689011,533.3430852144957,58.85830028075725
329,-5.536213159561157,-921.2574825063348,0.0,0.10436397790908813,1.2465720176696777,0.0,0.13748127222061157,0.0,1.2796893119812012,0.0,534.6227745264769,58.85830028075725
330,-5.389781951904297,-926.6472644582391,0.42546793818473816,0.0,0.1426600068807602,0.0,0.7793176174163818,0.0,1.3474455624818802,0.0,535.9702200889587,58.85830028075725
331,-13.569523811340332,-940.2167882695794,0.7432829141616821,0.0,0.5349542498588562,0.0,2.1141438484191895,0.0,3.392381012439728,0.0,539.3626011013985,58.85830028075725
332,-13.451092720031738,-953.6678809896111,0.6107575297355652,0.0,0.36468249559402466,0.0,2.3873331546783447,0.0,3.3627731800079346,0.0,542.7253742814064,58.85830028075725
333,-6.995698928833008,-960.6635799184442,0.5447744131088257,0.0,0.3876185119152069,0.0,0.8165318369865417,0.0,1.7489247620105743,0.0,544.474299043417,58.85830028075725
334,-0.7340840101242065,-961.3976639285684,0.5866143703460693,0.0,0.3296126127243042,0.0,0.9189830422401428,0.0,1.8352100253105164,0.0,546.3095090687275,58.85830028075725
335,-0.6785253882408142,-962.0761893168092,0.3560788035392761,0.0,0.18901224434375763,0.0,1.1512223482131958,0.0,1.6963133960962296,0.0,548.0058224648237,58.85830028075725
336,-0.3854495882987976,-962.461638905108,0.35421058535575867,0.0,0.18733283877372742,0.0,0.42208048701286316,0.0,0.9636239111423492,0.0,548.9694463759661,58.85830028075725
337,-0.383063405752182,-962.8447023108602,0.3527388870716095,0.0,0.18591776490211487,0.0,0.41900184750556946,0.0,0.9576584994792938,0.0,549.9271048754454,58.85830028075725
338,-0.38106241822242737,-963.2257647290826,0.3514370918273926,0.0,0.18461598455905914,0.0,0.4166029393672943,0.0,0.952656015753746,0.0,550.8797608911991,58.85830028075725
339,-0.3825039863586426,-963.6082687154412,0.35007867217063904,0.0,0.1873515099287033,0.0,0.4188297688961029,0.0,0.9562599509954453,0.0,551.8360208421946,58.85830028075725
340,-0.8197687268257141,-964.4280374422669,1.412024736404419,0.0,0.20223666727542877,0.0,0.4351603388786316,0.0,2.0494217425584793,0.0,553.885442584753,58.85830028075725
341,-0.4302787780761719,-964.8583162203431,0.3450120687484741,0.0,0.23087537288665771,0.0,0.49980950355529785,0.0,1.0756969451904297,0.0,554.9611395299435,58.85830028075725
342,-0.4914790391921997,-965.3497952595353,0.3177548944950104,0.0,0.31123512983322144,0.0,0.5997075438499451,0.0,1.2286975681781769,0.0,556.1898370981216,58.85830028075725
343,-4.548192024230957,-969.8979872837663,1.1371679306030273,0.0,0.8715333342552185,0.0,2.5394906997680664,0.0,4.548191964626312,0.0,560.738029062748,58.85830028075725
344,-9.281511306762695,-979.179498590529,1.6969701051712036,0.0,6.05824613571167,0.0,1.5262950658798218,0.0,9.281511306762695,0.0,570.0195403695107,58.85830028075725
345,-2.4181222915649414,-981.5976208820939,0.0,0.6684800982475281,2.043917655944824,0.0,0.3742046356201172,0.0,1.7496421933174133,0.0,571.7691825628281,58.85830028075725
346,-0.5046385526657104,-982.1022594347596,0.0,0.8657894134521484,0.5046385526657104,0.0,0.0,0.06333417445421219,0.0,0.4244850352406502,571.7691825628281,59.2827853159979
347,-1.0554454326629639,-983.1577048674226,0.0,1.0811127424240112,1.0554454326629639,0.0,0.0,0.3135860860347748,0.0,0.33925339579582214,571.7691825628281,59.62203871179372
348,0.0,-983.1577048674226,0.0,1.0756162405014038,0.0,0.09675797820091248,0.0,0.534771740436554,0.0,1.7071459591388702,571.7691825628281,61.32918467093259
349,-0.33753201563376933,-983.4952368830564,0.0,1.0898463726043701,0.3370285630226135,0.0,0.000503452611155808,0.0,0.0,0.7523143569706008,571.7691825628281,62.08149902790319
350,-0.6670625358819962,-984.1622994189383,0.0,0.026807889342308044,0.5093199014663696,0.0,0.15774263441562653,0.0,0.6402546465396881,0.0,572.4094372093678,62.08149902790319
351,0.0,-984.1622994189383,0.0,0.7100706696510315,0.0,0.12786495685577393,0.0,0.4610081911087036,0.0,1.298943817615509,572.4094372093678,63.3804428455187
352,-0.41882753372192383,-984.5811269526603,0.0,0.4796273708343506,0.41882753372192383,0.0,0.0,0.17147503793239594,0.0,0.2322748750448227,572.4094372093678,63.61271772056352
353,-8.412903785705566,-992.9940307383658,1.1732442378997803,0.0,0.5565818548202515,0.0,0.3733997941017151,0.0,2.103225886821747,0.0,574.5126630961895,63.61271772056352
354,-6.877904891967773,-999.8719356303336,0.5882323384284973,0.0,0.1490902453660965,0.0,0.982153594493866,0.0,1.7194761782884598,0.0,576.232139274478,63.61271772056352
355,-7.1565961837768555,-1007.0285318141105,0.5922967791557312,0.0,0.21800805628299713,0.0,0.9788442850112915,0.0,1.7891491204500198,0.0,578.021288394928,63.61271772056352
356,-9.145607948303223,-1016.1741397624137,0.6107575297355652,0.0,0.36468249559402466,0.0,1.3109619617462158,0.0,2.2864019870758057,0.0,580.3076903820038,63.61271772056352
357,-14.156975746154785,-1030.3311155085685,2.3350934982299805,0.0,0.3876185119152069,0.0,0.8165318369865417,0.0,3.539243847131729,0.0,583.8469342291355,63.61271772056352
358,-0.529723584651947,-1030.8608390932204,0.4215100109577179,0.0,0.19325745105743408,0.0,0.7095414996147156,0.0,1.3243089616298676,0.0,585.1712431907654,63.61271772056352
359,-1.2154541015625,-1032.076293194783,0.3560788035392761,0.0,0.18901224434375763,0.0,2.493544101715088,0.0,3.0386351495981216,0.0,588.2098783403635,63.61271772056352
360,-0.3854495882987976,-1032.4617427830817,0.35421058535575867,0.0,0.18733283877372742,0.0,0.42208048701286316,0.0,0.9636239111423492,0.0,589.1735022515059,63.61271772056352
361,-0.43030256032943726,-1032.8920453434112,0.3527388870716095,0.0,0.3040156662464142,0.0,0.41900184750556946,0.0,1.0757564008235931,0.0,590.2492586523294,63.61271772056352
362,-0.38106241822242737,-1033.2731077616336,0.3514370918273926,0.0,0.18461598455905914,0.0,0.4166029393672943,0.0,0.952656015753746,0.0,591.2019146680832,63.61271772056352
363,-0.3825039863586426,-1033.6556117479922,0.35007867217063904,0.0,0.1873515099287033,0.0,0.4188297688961029,0.0,0.9562599509954453,0.0,592.1581746190786,63.61271772056352
364,-0.383042573928833,-1034.038654321921,0.3357362449169159,0.0,0.18670983612537384,0.0,0.4351603388786316,0.0,0.9576064199209213,0.0,593.1157810389996,63.61271772056352
365,-0.43417853116989136,-1034.472832853091,0.3468944728374481,0.0,0.238742396235466,0.0,0.49980950355529785,0.0,1.085446372628212,0.0,594.2012274116278,63.61271772056352
366,-1.3617528676986694,-1035.8345857207896,1.3712012767791748,0.0,0.8739824891090393,0.0,1.1591981649398804,0.0,3.4043819308280945,0.0,597.6056093424559,63.61271772056352
367,-4.83780574798584,-1040.6723914687755,2.897237777709961,0.0,0.8864492177963257,0.0,1.0541183948516846,0.0,4.837805390357971,0.0,602.4434147328138,63.61271772056352
368,-0.7520660758018494,-1041.4244575445773,0.0,0.1338678002357483,0.3272620737552643,0.0,0.4248040020465851,0.0,0.6181982755661011,0.0,603.0616130083799,63.61271772056352
369,-0.9698960781097412,-1042.394353622687,0.14676064252853394,0.0,0.42874759435653687,0.0,0.394387811422348,0.0,0.9698960483074188,0.0,604.0315090566874,63.61271772056352
370,-2.153414487838745,-1044.5477681105258,0.5908964276313782,0.0,0.7289772629737854,0.0,0.8335407972335815,0.0,2.153414487838745,0.0,606.1849235445261,63.61271772056352
371,-0.08802532404661179,-1044.6357934345724,0.0,0.9015223383903503,0.08802532404661179,0.0,0.0,0.004361285828053951,0.0,0.8178583001717925,606.1849235445261,64.43057602073532
372,-2.8227717876434326,-1047.4585652222158,2.5415303707122803,0.0,0.09124017506837845,0.0,0.19000130891799927,0.0,2.822771854698658,0.0,609.0076953992248,64.43057602073532
373,0.0,-1047.4585652222158,0.0,0.9138545989990234,0.0,0.043571170419454575,0.0,0.39401775598526,0.0,1.351443525403738,609.0076953992248,65.78201954613905
374,-0.03735210373997688,-1047.4959173259558,0.0,0.6446906328201294,0.03735210373997688,0.0,0.0,0.2543701231479645,0.0,0.861708652228117,609.0076953992248,66.64372819836717
375,0.0,-1047.4959173259558,0.0,0.6583986282348633,0.0,0.1270235776901245,0.0,0.11020905524492264,0.0,0.8956312611699104,609.0076953992248,67.53935945953708
376,-3.09195077419281,-1050.5878681001486,2.581608533859253,0.0,0.0,0.03169924393296242,0.5103422403335571,0.0,3.0602515302598476,0.0,612.0679469294846,67.53935945953708
377,-7.227620601654053,-1057.8154887018027,1.5050020217895508,0.0,0.11727970838546753,0.0,0.1846233606338501,0.0,1.8069050908088684,0.0,613.8748520202935,67.53935945953708
378,-7.573293685913086,-1065.3887823877158,0.8175526261329651,0.0,0.2798459529876709,0.0,0.7959249019622803,0.0,1.8933234810829163,0.0,615.7681755013764,67.53935945953708
379,-11.247644424438477,-1076.6364268121542,0.9985082149505615,0.0,0.3572947680950165,0.0,1.4561080932617188,0.0,2.8119110763072968,0.0,618.5800865776837,67.53935945953708
380,-14.70458984375,-1091.3410166559042,1.52295982837677,0.0,0.36468249559402466,0.0,1.7885050773620605,0.0,3.6761474013328552,0.0,622.2562339790165,67.53935945953708
381,-11.406282424926758,-1102.747299080831,0.9929230809211731,0.0,0.6686283349990845,0.0,1.1900190114974976,0.0,2.851570427417755,0.0,625.1078044064343,67.53935945953708
382,-0.5541300177574158,-1103.3014290985884,0.48252609372138977,0.0,0.19325745105743408,0.0,0.7095414996147156,0.0,1.3853250443935394,0.0,626.4931294508278,67.53935945953708
383,-0.38873451948165894,-1103.69016361807,0.3560788035392761,0.0,0.18901224434375763,0.0,0.4267451763153076,0.0,0.9718362241983414,0.0,627.4649656750262,67.53935945953708
384,-0.3854495882987976,-1104.0756132063689,0.35421058535575867,0.0,0.18733283877372742,0.0,0.42208048701286316,0.0,0.9636239111423492,0.0,628.4285895861685,67.53935945953708
385,-0.383063405752182,-1104.458676612121,0.3527388870716095,0.0,0.18591776490211487,0.0,0.41900184750556946,0.0,0.9576584994792938,0.0,629.3862480856478,67.53935945953708
386,-0.38106241822242737,-1104.8397390303435,0.3514370918273926,0.0,0.18461598455905914,0.0,0.4166029393672943,0.0,0.952656015753746,0.0,630.3389041014016,67.53935945953708
387,-0.3825039863586426,-1105.2222430167021,0.35007867217063904,0.0,0.1873515099287033,0.0,0.4188297688961029,0.0,0.9562599509954453,0.0,631.295164052397,67.53935945953708
388,-0.4587799906730652,-1105.6810230073752,0.34860697388648987,0.0,0.36318257451057434,0.0,0.4351603388786316,0.0,1.1469498872756958,0.0,632.4421139396727,67.53935945953708
389,-0.4461085796356201,-1106.1271315870108,0.3487769067287445,0.0,0.238742396235466,0.0,0.5277521014213562,0.0,1.1152714043855667,0.0,633.5573853440583,67.53935945953708
390,-1.1942863464355469,-1107.3214179334464,1.33143949508667,0.0,0.23969605565071106,0.0,1.4145804643630981,0.0,2.985716015100479,0.0,636.5431013591588,67.53935945953708
391,-4.372485637664795,-1111.6939035711112,1.1543771028518677,0.0,1.144735336303711,0.0,2.073373317718506,0.0,4.3724857568740845,0.0,640.9155871160328,67.53935945953708
392,-1.5022823810577393,-1113.196185952169,0.25774627923965454,0.0,0.35324275493621826,0.0,0.8912932872772217,0.0,1.5022823214530945,0.0,642.4178694374859,67.53935945953708
393,-1.2966696619987488,-1114.4928556141676,0.0,0.27717259526252747,0.43479281663894653,0.0,0.8618768453598022,0.0,1.0194970667362213,0.0,643.4373665042222,67.53935945953708
394,-1.5600091516971588,-1116.0528647658648,0.0,0.5358102321624756,0.2749073803424835,0.0,1.2851017713546753,0.0,1.0241989195346832,0.0,644.4615654237568,67.53935945953708
395,-0.7341304421424866,-1116.7869952080073,0.0,0.35644495487213135,0.2166476845741272,0.0,0.5174827575683594,0.0,0.3776854872703552,0.0,644.8392509110272,67.53935945953708
396,-7.166900634765625,-1123.953895842773,5.3932013511657715,0.0,0.17484444379806519,0.0,1.5988550186157227,0.0,7.166900813579559,0.0,652.0061517246068,67.53935945953708
397,-0.34171247482299805,-1124.295608317596,0.0,0.06488997489213943,0.1906745284795761,0.0,0.15103794634342194,0.0,0.2768224999308586,0.0,652.2829742245376,67.53935945953708
398,-0.0801943987607956,-1124.3758027163567,0.0,0.3616254925727844,0.0801943987607956,0.0,0.0,0.04360410198569298,0.0,0.3250351957976818,652.2829742245376,67.86439465533476
399,-0.7797586619853973,-1125.155561378342,0.6481359601020813,0.0,0.13162270188331604,0.0,0.0,0.13371360301971436,0.646045058965683,0.0,652.9290192835033,67.86439465533476
400,-1.2503453493118286,-1126.405906727654,0.9426003694534302,0.0,0.13181371986865997,0.0,0.1759311854839325,0.0,1.2503452748060226,0.0,654.1793645583093,67.86439465533476
401,-5.136585712432861,-1131.5424924400868,0.20092672109603882,0.0,0.5062978267669678,0.0,0.5769218802452087,0.0,1.2841464281082153,0.0,655.4635109864175,67.86439465533476
402,-7.140779495239258,-1138.683271935326,0.5019849538803101,0.0,0.4273751974105835,0.0,0.8558346629142761,0.0,1.7851948142051697,0.0,657.2487058006227,67.86439465533476
403,-9.340612411499023,-1148.023884346825,0.8840000033378601,0.0,0.47447291016578674,0.0,0.9766800999641418,0.0,2.3351530134677887,0.0,659.5838588140905,67.86439465533476
404,-8.702505111694336,-1156.7263894585194,0.9750229120254517,0.0,0.20169100165367126,0.0,0.9989123344421387,0.0,2.1756262481212616,0.0,661.7594850622118,67.86439465533476
405,-9.534673690795898,-1166.2610631493153,0.5447744131088257,0.0,0.784104585647583,0.0,1.0547893047332764,0.0,2.383668303489685,0.0,664.1431533657014,67.86439465533476
406,-0.7306020259857178,-1166.991665175301,0.48252609372138977,0.0,0.19325745105743408,0.0,1.150721549987793,0.0,1.8265050947666168,0.0,665.969658460468,67.86439465533476
407,-0.3962970972061157,-1167.3879622725071,0.37498530745506287,0.0,0.18901224434375763,0.0,0.4267451763153076,0.0,0.9907427281141281,0.0,666.9604011885822,67.86439465533476
408,-0.576275110244751,-1167.964237382752,0.3568393290042877,0.0,0.18733283877372742,0.0,0.8965155482292175,0.0,1.4406877160072327,0.0,668.4010889045894,67.86439465533476
409,-0.3799991011619568,-1168.3442364839138,0.34507817029953003,0.0,0.18591776490211487,0.0,0.41900184750556946,0.0,0.9499977827072144,0.0,669.3510866872966,67.86439465533476
410,-0.3759951591491699,-1168.720231643063,0.33876895904541016,0.0,0.18461598455905914,0.0,0.4166029393672943,0.0,0.9399878829717636,0.0,670.2910745702684,67.86439465533476
411,-0.3825039863586426,-1169.1027356294217,0.35007867217063904,0.0,0.1873515099287033,0.0,0.4188297688961029,0.0,0.9562599509954453,0.0,671.2473345212638,67.86439465533476
412,-0.3944016098976135,-1169.4971372393193,0.34860697388648987,0.0,0.20223666727542877,0.0,0.4351603388786316,0.0,0.9860039800405502,0.0,672.2333385013044,67.86439465533476
413,-1.505231499671936,-1171.0023687389912,3.0323939323425293,0.0,0.23087537288665771,0.0,0.49980950355529785,0.0,3.763078808784485,0.0,675.9964173100889,67.86439465533476
414,-1.257326602935791,-1172.259695341927,0.967478334903717,0.0,1.4486463069915771,0.0,0.7271917462348938,0.0,3.143316388130188,0.0,679.1397336982191,67.86439465533476
415,-1.1755759716033936,-1173.4352713135304,0.14348652958869934,0.0,0.3252641260623932,0.0,0.7068252563476562,0.0,1.1755759119987488,0.0,680.3153096102178,67.86439465533476
416,-0.6840652823448181,-1174.1193365958752,0.0,0.09780334681272507,0.36970365047454834,0.0,0.3143616318702698,0.0,0.586261935532093,0.0,680.9015715457499,67.86439465533476
417,-1.8017152547836304,-1175.9210518506588,0.0,0.31128448247909546,1.5204766988754272,0.0,0.2812385559082031,0.0,1.490430772304535,0.0,682.3920023180544,67.86439465533476
418,-2.9698872566223145,-1178.8909391072812,1.0771563053131104,0.0,0.9537384510040283,0.0,0.938992440700531,0.0,2.9698871970176697,0.0,685.3618895150721,67.86439465533476
419,-1.1441198289394379,-1180.0350589362206,0.3552931845188141,0.0,0.7888266444206238,0.0,0.0,0.08014948666095734,1.0639703422784805,0.0,686.4258598573506,67.86439465533476
420,-1.3396545052528381,-1181.3747134414734,0.0,0.5201259255409241,0.8061240315437317,0.0,0.5335304737091064,0.0,0.8195285797119141,0.0,687.2453884370625,67.86439465533476
421,-3.24307600595057,-1184.617789447424,3.225623846054077,0.0,0.017452159896492958,0.0,0.0,0.39251062273979187,2.8505653832107782,0.0,690.0959538202733,67.86439465533476
422,-0.018596366047859192,-1184.6363858134719,0.0,0.7522566914558411,0.018596366047859192,0.0,0.0,0.3343563377857208,0.0,1.0680166631937027,690.0959538202733,68.93241131852847
423,-0.9998253583908081,-1185.6362111718627,0.449786514043808,0.0,0.08419080823659897,0.0,0.46584805846214294,0.0,0.9998253807425499,0.0,691.0957792010158,68.93241131852847
424,-1.672332763671875,-1187.3085439355345,0.897704005241394,0.0,0.19494475424289703,0.0,0.5796839594841003,0.0,1.6723327189683914,0.0,692.7681119199842,68.93241131852847
425,-5.660575866699219,-1192.9691198022338,0.4581303596496582,0.0,0.6330446600914001,0.0,0.32396888732910156,0.0,1.41514390707016,0.0,694.1832558270544,68.93241131852847
426,-4.993206977844238,-1197.962326780078,0.3383907973766327,0.0,0.29136690497398376,0.0,0.6185441017150879,0.0,1.2483018040657043,0.0,695.4315576311201,68.93241131852847
427,-13.972746849060059,-1211.935073629138,2.412489175796509,0.0,0.3575150668621063,0.0,0.7231824994087219,0.0,3.493186742067337,0.0,698.9247443731874,68.93241131852847
428,-8.652246475219727,-1220.5873201043578,0.6107575297355652,0.0,0.48174363374710083,0.0,1.0705604553222656,0.0,2.1630616188049316,0.0,701.0878059919924,68.93241131852847
429,-17.42622947692871,-1238.0135495812865,3.152406930923462,0.0,0.3876185119152069,0.0,0.8165318369865417,0.0,4.356557279825211,0.0,705.4443632718176,68.93241131852847
430,-0.4691122770309448,-1238.4826618583174,0.5435421466827393,0.0,0.19325745105743408,0.0,0.4359810948371887,0.0,1.172780692577362,0.0,706.6171439643949,68.93241131852847
431,-0.4911831021308899,-1238.9738449604483,0.37498530745506287,0.0,0.18901224434375763,0.0,0.6639602184295654,0.0,1.227957770228386,0.0,707.8451017346233,68.93241131852847
432,-0.3854495882987976,-1239.3592945487471,0.35421058535575867,0.0,0.18733283877372742,0.0,0.42208048701286316,0.0,0.9636239111423492,0.0,708.8087256457657,68.93241131852847
433,-0.383063405752182,-1239.7423579544993,0.3527388870716095,0.0,0.18591776490211487,0.0,0.41900184750556946,0.0,0.9576584994792938,0.0,709.766384145245,68.93241131852847
434,-0.38106241822242737,-1240.1234203727217,0.3514370918273926,0.0,0.18461598455905914,0.0,0.4166029393672943,0.0,0.952656015753746,0.0,710.7190401609987,68.93241131852847
435,-0.7361571192741394,-1240.8595774919959,1.2342115640640259,0.0,0.1873515099287033,0.0,0.4188297688961029,0.0,1.840392842888832,0.0,712.5594330038875,68.93241131852847
436,-0.3944016098976135,-1241.2539791018935,0.34860697388648987,0.0,0.20223666727542877,0.0,0.4351603388786316,0.0,0.9860039800405502,0.0,713.5454369839281,68.93241131852847
437,-0.4317846894264221,-1241.68576379132,0.3487769067287445,0.0,0.23087537288665771,0.0,0.49980950355529785,0.0,1.0794617831707,0.0,714.6248987670988,68.93241131852847
438,-0.9575468301773071,-1242.6433106214972,0.3447021245956421,0.0,0.26002979278564453,0.0,1.789135217666626,0.0,2.3938671350479126,0.0,717.0187659021467,68.93241131852847
439,-7.204122543334961,-1249.8474331648322,0.216424360871315,0.0,6.503270149230957,0.0,0.48442813754081726,0.0,7.204122647643089,0.0,724.2228885497898,68.93241131852847
440,-2.5417733192443848,-1252.3892064840766,0.3642098307609558,0.0,1.3781979084014893,0.0,0.7993655204772949,0.0,2.54177325963974,0.0,726.7646618094295,68.93241131852847
441,-4.515186309814453,-1256.904392793891,1.9996625185012817,0.0,1.9697011709213257,0.0,0.5458226203918457,0.0,4.515186309814453,0.0,731.279848119244,68.93241131852847
442,-1.648603081703186,-1258.5529958755942,0.8570280075073242,0.0,0.38516879081726074,0.0,0.4064062833786011,0.0,1.648603081703186,0.0,732.9284512009472,68.93241131852847
443,-1.285915493965149,-1259.8389113695594,0.7068331241607666,0.0,0.30769190192222595,0.0,0.27139046788215637,0.0,1.285915493965149,0.0,734.2143666949123,68.93241131852847
444,-1.6828042268753052,-1261.5217155964347,0.31805720925331116,0.0,0.6301204562187195,0.0,0.7346265316009521,0.0,1.6828041970729828,0.0,735.8971708919853,68.93241131852847
445,-2.421798914670944,-1263.9435145111056,0.0,0.05283172428607941,2.031580924987793,0.0,0.39021798968315125,0.0,2.368967190384865,0.0,738.2661380823702,68.93241131852847
446,-6.617661952972412,-1270.561176464078,0.5093734264373779,0.0,5.668200492858887,0.0,0.4400879144668579,0.0,6.617661833763123,0.0,744.8837999161333,68.93241131852847
447,-1.5749280452728271,-1272.1361045093508,0.1317143589258194,0.0,0.3180221915245056,0.0,1.125191569328308,0.0,1.5749281197786331,0.0,746.4587280359119,68.93241131852847
448,-1.40128755569458,-1273.5373920650454,0.18129943311214447,0.0,0.27478674054145813,0.0,0.9452013969421387,0.0,1.4012875705957413,0.0,747.8600156065077,68.93241131852847
449,-9.036762237548828,-1282.5741543025943,0.41424134373664856,0.0,0.7650002241134644,0.0,1.079948902130127,0.0,2.25919046998024,0.0,750.1192060764879,68.93241131852847
450,-7.657278060913086,-1290.2314323635073,0.7868546843528748,0.0,0.21277660131454468,0.0,0.914688229560852,0.0,1.9143195152282715,0.0,752.0335255917162,68.93241131852847
451,-10.552654266357422,-1300.7840866298648,1.6971893310546875,0.0,0.21762558817863464,0.0,0.7233487367630005,0.0,2.6381636559963226,0.0,754.6716892477125,68.93241131852847
452,-11.02440357208252,-1311.8084902019473,1.0530593395233154,0.0,0.36468249559402466,0.0,1.3383591175079346,0.0,2.7561009526252747,0.0,757.4277902003378,68.93241131852847
453,-9.550280570983887,-1321.3587707729312,0.856479287147522,0.0,0.3876185119152069,0.0,1.1434723138809204,0.0,2.3875701129436493,0.0,759.8153603132814,68.93241131852847
454,-0.6032353043556213,-1321.9620060772868,0.6426564455032349,0.0,0.19325745105743408,0.0,0.672174334526062,0.0,1.508088231086731,0.0,761.3234485443681,68.93241131852847
455,-0.5716732740402222,-1322.533679351327,0.577232837677002,0.0,0.18901224434375763,0.0,0.6629379987716675,0.0,1.429183080792427,0.0,762.7526316251606,68.93241131852847
456,-0.714120626449585,-1323.2477999777766,0.35421058535575867,0.0,0.30339986085891724,0.0,1.1276911497116089,0.0,1.7853015959262848,0.0,764.5379332210869,68.93241131852847
457,-0.9175360202789307,-1324.1653359980555,1.4537259340286255,0.0,0.18591776490211487,0.0,0.6541962623596191,0.0,2.2938399612903595,0.0,766.8317731823772,68.93241131852847
458,-0.38106241822242737,-1324.546398416278,0.3514370918273926,0.0,0.18461598455905914,0.0,0.4166029393672943,0.0,0.952656015753746,0.0,767.784429198131,68.93241131852847
459,-0.3825039863586426,-1324.9289024026366,0.35007867217063904,0.0,0.1873515099287033,0.0,0.4188297688961029,0.0,0.9562599509954453,0.0,768.7406891491264,68.93241131852847
460,-0.6967861652374268,-1325.625688567874,1.1220662593841553,0.0,0.20223666727542877,0.0,0.4176623523235321,0.0,1.7419652789831161,0.0,770.4826544281095,68.93241131852847
461,-1.253042459487915,-1326.878731027362,1.5058200359344482,0.0,0.23087537288665771,0.0,1.3959107398986816,0.0,3.1326061487197876,0.0,773.6152605768293,68.93241131852847
462,-0.503325343132019,-1327.382056370494,0.4037284255027771,0.0,0.24932989478111267,0.0,0.6052549481391907,0.0,1.2583132684230804,0.0,774.8735738452524,68.93241131852847
463,-4.594362735748291,-1331.9764191062422,2.6123592853546143,0.0,0.833526074886322,0.0,1.1484774351119995,0.0,4.594362795352936,0.0,779.4679366406053,68.93241131852847
464,-2.537290573120117,-1334.5137096793624,0.8859472870826721,0.0,0.3925790786743164,0.0,1.2587642669677734,0.0,2.537290632724762,0.0,782.0052272733301,68.93241131852847
465,-2.486754894256592,-1337.000464573619,0.9494773149490356,0.0,1.0226820707321167,0.0,0.5145954489707947,0.0,2.486754834651947,0.0,784.491982107982,68.93241131852847
466,-1.861550211906433,-1338.8620147855254,0.6899386048316956,0.0,0.8872683048248291,0.0,0.2843433916568756,0.0,1.8615503013134003,0.0,786.3535324092954,68.93241131852847
467,-4.058022499084473,-1342.9200372846099,1.26346755027771,0.0,2.509974241256714,0.0,0.2845804989337921,0.0,4.058022290468216,0.0,790.4115546997637,68.93241131852847
468,-1.9770705997943878,-1344.8971078844042,0.0,0.4541109502315521,1.8432271480560303,0.0,0.13384345173835754,0.0,1.5229596495628357,0.0,791.9345143493265,68.93241131852847
469,-0.20891905575990677,-1345.1060269401642,0.0,0.4983679950237274,0.09319945424795151,0.0,0.11571960151195526,0.0,0.0,0.28944893926382065,791.9345143493265,69.22186025779229
470,-0.12002205476164818,-1345.2260489949258,0.0,0.468612402677536,0.048087555915117264,0.0,0.07193449884653091,0.0,0.0,0.34859034791588783,791.9345143493265,69.57045060570817
471,-1.4678847193717957,-1346.6939337142976,0.0,0.30463698506355286,0.7790445685386658,0.0,0.6888401508331299,0.0,1.1632477343082428,0.0,793.0977620836347,69.57045060570817
472,-1.770033836364746,-1348.4639675506623,0.9905862808227539,0.0,0.4438036382198334,0.0,0.3356439471244812,0.0,1.7700338661670685,0.0,794.8677959498018,69.57045060570817
473,-13.46518325805664,-1361.929150808719,1.3733482360839844,0.0,0.6931707262992859,0.0,1.2997767925262451,0.0,3.3662957549095154,0.0,798.2340917047113,69.57045060570817
474,-7.149350166320801,-1369.0785009750398,0.434172123670578,0.0,0.4899592995643616,0.0,0.8632060885429382,0.0,1.7873375117778778,0.0,800.0214292164892,69.57045060570817
475,-8.610570907592773,-1377.6890718826326,0.8138371706008911,0.0,0.3586408793926239,0.0,0.9801647067070007,0.0,2.1526427567005157,0.0,802.1740719731897,69.57045060570817
476,-12.023934364318848,-1389.7130062469514,0.7490856647491455,0.0,0.48074960708618164,0.0,1.7761483192443848,0.0,3.005983591079712,0.0,805.1800555642694,69.57045060570817
477,-19.482858657836914,-1409.1958649047883,1.5551320314407349,0.0,0.3876185119152069,0.0,2.927964210510254,0.0,4.870714753866196,0.0,810.0507703181356,69.57045060570817
478,-1.279168963432312,-1410.4750338682206,0.8619459867477417,0.0,0.3296126127243042,0.0,2.006363868713379,0.0,3.197922468185425,0.0,813.248692786321,69.57045060570817
479,-1.2519721984863281,-1411.727006066707,2.2038090229034424,0.0,0.23568828403949738,0.0,0.6904333233833313,0.0,3.129930630326271,0.0,816.3786234166473,69.57045060570817
480,-0.474224328994751,-1412.2012303957017,0.5761474967002869,0.0,0.18733283877372742,0.0,0.42208048701286316,0.0,1.1855608224868774,0.0,817.5641842391342,69.57045060570817
481,-0.383063405752182,-1412.584293801454,0.3527388870716095,0.0,0.18591776490211487,0.0,0.41900184750556946,0.0,0.9576584994792938,0.0,818.5218427386135,69.57045060570817
482,-0.38106241822242737,-1412.9653562196763,0.3514370918273926,0.0,0.18461598455905914,0.0,0.4166029393672943,0.0,0.952656015753746,0.0,819.4744987543672,69.57045060570817
483,-0.7983925938606262,-1413.763748813537,0.35007867217063904,0.0,0.1873515099287033,0.0,1.458551287651062,0.0,1.9959814697504044,0.0,821.4704802241176,69.57045060570817
484,-0.5504357218742371,-1414.3141845354112,0.7561901807785034,0.0,0.20223666727542877,0.0,0.4176623523235321,0.0,1.3760892003774643,0.0,822.8465694244951,69.57045060570817
485,-0.44220879673957825,-1414.7563933321508,0.3468944728374481,0.0,0.23087537288665771,0.0,0.5277521014213562,0.0,1.105521947145462,0.0,823.9520913716406,69.57045060570817
486,-1.4233028888702393,-1416.179696221021,1.3352035284042358,0.0,0.8047090768814087,0.0,1.418344497680664,0.0,3.5582571029663086,0.0,827.5103484746069,69.57045060570817
487,-2.540097236633301,-1418.7197934576543,0.06792356073856354,0.0,0.2113327980041504,0.0,2.260840892791748,0.0,2.540097251534462,0.0,830.0504457261413,69.57045060570817
488,-0.5931573957204819,-1419.3129508533748,0.0,0.2953050136566162,0.19324900209903717,0.0,0.3999083936214447,0.0,0.29785238206386566,0.0,830.3482981082052,69.57045060570817
489,-0.17388348281383514,-1419.4868343361886,0.0,0.6492627263069153,0.17388348281383514,0.0,0.0,0.05673970654606819,0.0,0.5321189500391483,830.3482981082052,70.10256955574732
490,-3.371441252529621,-1422.8582755887182,3.2889204025268555,0.0,0.08252085000276566,0.0,0.0,0.1988895982503891,3.172551654279232,0.0,833.5208497624844,70.10256955574732
491,-8.689909934997559,-1431.5481855237158,3.340775966644287,0.0,2.317338228225708,0.0,3.0317955017089844,0.0,8.68990969657898,0.0,842.2107594590634,70.10256955574732
492,-0.9075162410736084,-1432.4557017647894,0.0,0.7520954608917236,0.5602028369903564,0.0,0.34731340408325195,0.0,0.15542078018188477,0.0,842.3661802392453,70.10256955574732
493,-0.6303741186857224,-1433.0860758834751,0.0,0.9417436718940735,0.43464258313179016,0.0,0.1957315355539322,0.0,0.0,0.31136955320835114,842.3661802392453,70.41393910895567
494,-0.6686010211706161,-1433.7546769046457,0.0,0.3910040557384491,0.4307447671890259,0.0,0.23785625398159027,0.0,0.27759696543216705,0.0,842.6437772046775,70.41393910895567
495,-0.8206062018871307,-1434.5752831065329,0.0,0.526594340801239,0.4859069883823395,0.0,0.33469921350479126,0.0,0.2940118610858917,0.0,842.9377890657634,70.41393910895567
496,-0.9685656428337097,-1435.5438487493666,0.0,0.3957573473453522,0.4886942505836487,0.0,0.47987139225006104,0.0,0.5728082954883575,0.0,843.5105973612517,70.41393910895567
497,-3.5576462745666504,-1439.1014950239332,0.02223338931798935,0.0,0.6030995845794678,0.0,0.26407864689826965,0.0,0.8894116207957268,0.0,844.4000089820474,70.41393910895567
498,-18.20758628845215,-1457.3090813123854,3.070821762084961,0.0,0.8911504149436951,0.0,0.5899243950843811,0.0,4.551896572113037,0.0,848.9519055541605,70.41393910895567
499,-8.412591934204102,-1465.7216732465895,1.0269628763198853,0.0,0.35601088404655457,0.0,0.7201741337776184,0.0,2.1031478941440582,0.0,851.0550534483045,70.41393910895567
500,-7.5288591384887695,-1473.2505323850783,0.4469718635082245,0.0,0.36468249559402466,0.0,1.0705604553222656,0.0,1.8822148144245148,0.0,852.937268262729,70.41393910895567
501,-11.079137802124023,-1484.3296701872023,1.3314045667648315,0.0,0.3876185119152069,0.0,1.050761342048645,0.0,2.7697844207286835,0.0,855.7070526834577,70.41393910895567
502,-0.6318504810333252,-1484.9615206682356,0.5798031091690063,0.0,0.3296126127243042,0.0,0.6702104210853577,0.0,1.5796261429786682,0.0,857.2866788264364,70.41393910895567
503,-0.43496912717819214,-1485.3964897954138,0.3560788035392761,0.0,0.30459877848625183,0.0,0.4267451763153076,0.0,1.0874227583408356,0.0,858.3741015847772,70.41393910895567
504,-0.3854495882987976,-1485.7819393837126,0.35421058535575867,0.0,0.18733283877372742,0.0,0.42208048701286316,0.0,0.9636239111423492,0.0,859.3377254959196,70.41393910895567
505,-0.42911022901535034,-1486.211049612728,0.3527388870716095,0.0,0.3010348379611969,0.0,0.41900184750556946,0.0,1.0727755725383759,0.0,860.410501068458,70.41393910895567
506,-0.38106241822242737,-1486.5921120309504,0.3514370918273926,0.0,0.18461598455905914,0.0,0.4166029393672943,0.0,0.952656015753746,0.0,861.3631570842117,70.41393910895567
507,-0.3825039863586426,-1486.974616017309,0.35007867217063904,0.0,0.1873515099287033,0.0,0.4188297688961029,0.0,0.9562599509954453,0.0,862.3194170352072,70.41393910895567
508,-0.38925331830978394,-1487.3638693356188,0.3357362449169159,0.0,0.20223666727542877,0.0,0.4351603388786316,0.0,0.9731332510709763,0.0,863.2925502862781,70.41393910895567
509,-1.0860786437988281,-1488.4499479794176,1.9565691947937012,0.0,0.23087537288665771,0.0,0.5277521014213562,0.0,2.715196669101715,0.0,866.0077469553798,70.41393910895567
510,-4.626025199890137,-1493.0759731793078,1.7726473808288574,0.0,0.8196393251419067,0.0,8.972776412963867,0.0,11.565063118934631,0.0,877.5728100743145,70.41393910895567
511,-2.1382293701171875,-1495.214202549425,0.15855766832828522,0.0,1.4071950912475586,0.0,0.5724765062332153,0.0,2.138229265809059,0.0,879.7110393401235,70.41393910895567
512,-2.038938283920288,-1497.2531408333452,0.16519969701766968,0.0,0.1806737631559372,0.0,1.69306480884552,0.0,2.038938269019127,0.0,881.7499776091427,70.41393910895567
513,-0.7754702121019363,-1498.0286110454472,0.0,0.6769324541091919,0.16004861891269684,0.0,0.6154215931892395,0.0,0.09853775799274445,0.0,881.8485153671354,70.41393910895567
514,-0.007497816812247038,-1498.0361088622594,0.0,0.4888811707496643,0.007497816812247038,0.0,0.0,0.34893566370010376,0.0,0.830319017637521,881.8485153671354,71.2442581265932
515,-0.7460956540307961,-1498.7822045162902,0.7456040382385254,0.0,0.0004916157922707498,0.0,0.0,0.3399659991264343,0.4061296549043618,0.0,882.2546450220398,71.2442581265932
516,-4.297062158584595,-1503.0792666748748,0.0,0.7536830306053162,2.1218879222869873,0.0,2.1751742362976074,0.0,3.5433791279792786,0.0,885.798024150019,71.2442581265932
517,-0.31467965245246887,-1503.3939463273273,0.0,1.1816695928573608,0.31467965245246887,0.0,0.0,0.04419435188174248,0.0,0.9111842922866344,885.798024150019,72.15544241887983
518,-0.30211779475212097,-1503.6960641220794,0.0,1.0419042110443115,0.30211779475212097,0.0,0.0,0.5462669730186462,0.0,1.2860533893108368,885.798024150019,73.44149580819067
519,0.0,-1503.6960641220794,0.0,0.42597800493240356,0.0,0.20423081517219543,0.0,0.2646235227584839,0.0,0.8948323428630829,885.798024150019,74.33632815105375
520,-0.3710360527038574,-1504.0671001747833,0.0,0.5193469524383545,0.3710360527038574,0.0,0.0,0.26705801486968994,0.0,0.415368914604187,885.798024150019,74.75169706565794
521,-2.4554801285266876,-1506.52258030331,0.0,0.07843213528394699,0.5186635255813599,0.0,0.09520650655031204,0.0,0.5354378968477249,0.0,886.3334620468668,74.75169706565794
522,-4.407820224761963,-1510.930400528072,0.4168977439403534,0.0,0.1383749097585678,0.0,0.5466824173927307,0.0,1.101955071091652,0.0,887.4354171179584,74.75169706565794
523,-10.849105834960938,-1521.7795063630329,0.5939352512359619,0.0,0.2188272923231125,0.0,1.8995139598846436,0.0,2.712276503443718,0.0,890.1476936214021,74.75169706565794
524,-10.153017044067383,-1531.9325234071002,1.2660026550292969,0.0,0.20169100165367126,0.0,1.0705604553222656,0.0,2.5382541120052338,0.0,892.6859477334074,74.75169706565794
525,-9.784980773925781,-1541.717504181026,0.6353296637535095,0.0,0.3876185119152069,0.0,1.4232971668243408,0.0,2.4462453424930573,0.0,895.1321930759004,74.75169706565794
526,-0.5842656493186951,-1542.3017698303447,0.4215100109577179,0.0,0.3296126127243042,0.0,0.7095414996147156,0.0,1.4606641232967377,0.0,896.5928571991972,74.75169706565794
527,-0.41496750712394714,-1542.7167373374687,0.37498530745506287,0.0,0.23568828403949738,0.0,0.4267451763153076,0.0,1.0374187678098679,0.0,897.630275967007,74.75169706565794
528,-0.3901447057723999,-1543.106882043241,0.35421058535575867,0.0,0.19907063245773315,0.0,0.42208048701286316,0.0,0.975361704826355,0.0,898.6056376718334,74.75169706565794
529,-0.383063405752182,-1543.4899454489932,0.3527388870716095,0.0,0.18591776490211487,0.0,0.41900184750556946,0.0,0.9576584994792938,0.0,899.5632961713127,74.75169706565794
530,-0.38106241822242737,-1543.8710078672157,0.3514370918273926,0.0,0.18461598455905914,0.0,0.4166029393672943,0.0,0.952656015753746,0.0,900.5159521870664,74.75169706565794
531,-0.4742303490638733,-1544.3452382162795,0.35007867217063904,0.0,0.4166674017906189,0.0,0.4188297688961029,0.0,1.1855758428573608,0.0,901.7015280299238,74.75169706565794
532,-0.3944016098976135,-1544.7396398261772,0.34860697388648987,0.0,0.20223666727542877,0.0,0.4351603388786316,0.0,0.9860039800405502,0.0,902.6875320099643,74.75169706565794
533,-0.4317846894264221,-1545.1714245156036,0.3487769067287445,0.0,0.23087537288665771,0.0,0.49980950355529785,0.0,1.0794617831707,0.0,903.766993793135,74.75169706565794
534,-0.5612663626670837,-1545.7326908782707,0.7116307616233826,0.0,0.2397024929523468,0.0,0.45183253288269043,0.0,1.4031657874584198,0.0,905.1701595805935,74.75169706565794
535,-2.268202781677246,-1548.000893659948,0.10145055502653122,0.0,0.5448907613754272,0.0,1.6218613386154175,0.0,2.268202655017376,0.0,907.4383622356108,74.75169706565794
536,-2.902154177427292,-1550.9030478373752,0.0,0.3353753387928009,2.6300389766693115,0.0,0.27211520075798035,0.0,2.566778838634491,0.0,910.0051410742453,74.75169706565794
537,-9.444294929504395,-1560.3473427668796,0.6008652448654175,0.0,8.606256484985352,0.0,0.23717337846755981,0.0,9.444295108318329,0.0,919.4494361825637,74.75169706565794
538,-5.664942145347595,-1566.0122849122272,5.049230098724365,0.0,0.61571204662323,0.0,0.0,0.031604867428541183,5.633337277919054,0.0,925.0827734604827,74.75169706565794
539,0.0,-1566.0122849122272,0.0,1.144559621810913,0.0,0.03349335119128227,0.0,0.015048542991280556,0.0,1.193101515993476,925.0827734604827,75.94479858165141
540,-0.3689352869987488,-1566.381220199226,0.0,0.4473486542701721,0.0,0.056489020586013794,0.3689352869987488,0.0,0.0,0.13490238785743713,925.0827734604827,76.07970096950885
541,0.0,-1566.381220199226,0.0,0.8032835125923157,0.0,0.20749174058437347,0.0,0.5003226399421692,0.0,1.5110978931188583,925.0827734604827,77.59079886262771
542,-1.5716594457626343,-1567.9528796449886,1.5716594457626343,0.0,0.0,0.22840949892997742,0.0,0.2740533947944641,1.0691965520381927,0.0,926.1519700125209,77.59079886262771
543,-5.249531164765358,-1573.202410809754,5.1226091384887695,0.0,0.0,0.14496320486068726,0.12692202627658844,0.0,5.104567959904671,0.0,931.2565379724256,77.59079886262771
544,-0.5736870169639587,-1573.776097826718,0.0,0.15906882286071777,0.0,0.1092294305562973,0.5736870169639587,0.0,0.30538876354694366,0.0,931.5619267359725,77.59079886262771
545,-2.491736888885498,-1576.2678347156034,0.15528148412704468,0.0,0.09507961571216583,0.0,0.3725731670856476,0.0,0.6229342669248581,0.0,932.1848610028974,77.59079886262771
546,-11.178516387939453,-1587.4463511035428,0.538820743560791,0.0,0.7438444495201111,0.0,1.5119638442993164,0.0,2.7946290373802185,0.0,934.9794900402776,77.59079886262771
547,-9.333561897277832,-1596.7799130008207,1.247894525527954,0.0,0.35911455750465393,0.0,0.7263814806938171,0.0,2.333390563726425,0.0,937.312880604004,77.59079886262771
548,-10.229910850524902,-1607.0098238513456,1.317481517791748,0.0,0.4793415367603302,0.0,0.7606547474861145,0.0,2.5574778020381927,0.0,939.8703584060422,77.59079886262771
549,-9.531641960144043,-1616.5414658114896,1.0641010999679565,0.0,0.5022775530815125,0.0,0.8165318369865417,0.0,2.3829104900360107,0.0,942.2532688960782,77.59079886262771
550,-0.529723584651947,-1617.0711893961416,0.4215100109577179,0.0,0.19325745105743408,0.0,0.7095414996147156,0.0,1.3243089616298676,0.0,943.5775778577081,77.59079886262771
551,-0.4345981180667877,-1617.5057875142084,0.3560788035392761,0.0,0.3036712408065796,0.0,0.4267451763153076,0.0,1.0864952206611633,0.0,944.6640730783693,77.59079886262771
552,-0.3854495882987976,-1617.8912371025071,0.35421058535575867,0.0,0.18733283877372742,0.0,0.42208048701286316,0.0,0.9636239111423492,0.0,945.6276969895116,77.59079886262771
553,-0.47443294525146484,-1618.3656700477586,0.3527388870716095,0.0,0.41434162855148315,0.0,0.41900184750556946,0.0,1.186082363128662,0.0,946.8137793526403,77.59079886262771
554,-0.3759951591491699,-1618.7416652069078,0.33876895904541016,0.0,0.18461598455905914,0.0,0.4166029393672943,0.0,0.9399878829717636,0.0,947.753767235612,77.59079886262771
555,-0.3825039863586426,-1619.1241691932664,0.35007867217063904,0.0,0.1873515099287033,0.0,0.4188297688961029,0.0,0.9562599509954453,0.0,948.7100271866075,77.59079886262771
556,-0.3944016098976135,-1619.518570803164,0.34860697388648987,0.0,0.20223666727542877,0.0,0.4351603388786316,0.0,0.9860039800405502,0.0,949.696031166648,77.59079886262771
557,-0.4317846894264221,-1619.9503554925905,0.3487769067287445,0.0,0.23087537288665771,0.0,0.49980950355529785,0.0,1.0794617831707,0.0,950.7754929498187,77.59079886262771
558,-0.41255033016204834,-1620.3629058227525,0.33445003628730774,0.0,0.2414994090795517,0.0,0.4554263651371002,0.0,1.0313758105039597,0.0,951.8068687603227,77.59079886262771
559,-1.37713623046875,-1621.7400420532213,0.053132280707359314,0.0,0.8090472221374512,0.0,0.5149567723274231,0.0,1.3771362751722336,0.0,953.1840050354949,77.59079886262771
560,-0.7118367552757263,-1622.451878808497,0.0,0.33972299098968506,0.24874383211135864,0.0,0.4630929231643677,0.0,0.37211376428604126,0.0,953.556118799781,77.59079886262771
561,-0.46248841285705566,-1622.914367221354,0.0,0.7332850098609924,0.22979986667633057,0.0,0.2326885461807251,0.0,0.0,0.27079659700393677,953.556118799781,77.86159545963164
562,-0.8974553346633911,-1623.8118225560174,0.0,0.01716652140021324,0.8974553346633911,0.0,0.0,0.05302396044135094,0.8272648528218269,0.0,954.3833836526028,77.86159545963164
563,-0.4228237271308899,-1624.2346462831483,0.0,1.0357462167739868,0.4228237271308899,0.0,0.0,0.27347901463508606,0.0,0.886401504278183,954.3833836526028,78.74799696390983
564,-5.222996097058058,-1629.4576423802064,5.169285297393799,0.0,0.05371079966425896,0.0,0.0,0.30404436588287354,4.918951731175184,0.0,959.302335383778,78.74799696390983
565,-1.9370598793029785,-1631.3947022595094,1.9370598793029785,0.0,0.0,0.13482186198234558,0.0,0.5260208249092102,1.2762171924114227,0.0,960.5785525761894,78.74799696390983
566,0.0,-1631.3947022595094,0.0,1.0548300743103027,0.0,0.20560972392559052,0.0,0.6152123808860779,0.0,1.8756521791219711,960.5785525761894,80.6236491430318
567,0.0,-1631.3947022595094,0.0,0.7357444763183594,0.0,0.11498678475618362,0.0,0.27781617641448975,0.0,1.1285474374890327,960.5785525761894,81.75219658052083
568,-2.7038031220436096,-1634.098505381553,0.0,0.2551598846912384,0.9248583912849426,0.0,1.778944730758667,0.0,2.448643237352371,0.0,963.0271958135418,81.75219658052083
569,-5.496302127838135,-1639.594807509391,0.9289909601211548,0.0,0.08785857260227203,0.0,0.35722601413726807,0.0,1.3740755468606949,0.0,964.4012713604025,81.75219658052083
570,-10.629817962646484,-1650.2246254720376,0.41911715269088745,0.0,1.0024840831756592,0.0,1.2358533143997192,0.0,2.657454550266266,0.0,967.0587259106687,81.75219658052083
571,-7.688718318939209,-1657.9133437909768,0.5895199179649353,0.0,0.35659223794937134,0.0,0.9760674238204956,0.0,1.9221795797348022,0.0,968.9809054904035,81.75219658052083
572,-8.184001922607422,-1666.0973457135842,0.6107575297355652,0.0,0.36468249559402466,0.0,1.0705604553222656,0.0,2.0460004806518555,0.0,971.0269059710554,81.75219658052083
573,-9.78446102142334,-1675.8818067350076,0.7614763379096985,0.0,0.19623863697052002,0.0,1.4884002208709717,0.0,2.44611519575119,0.0,973.4730211668066,81.75219658052083
574,-1.2873406410217285,-1677.1691473760293,2.038153886795044,0.0,0.19325745105743408,0.0,0.986940324306488,0.0,3.218351662158966,0.0,976.6913728289655,81.75219658052083
575,-0.43621861934661865,-1677.605365995376,0.37498530745506287,0.0,0.18901224434375763,0.0,0.5265489816665649,0.0,1.0905465334653854,0.0,977.7819193624309,81.75219658052083
576,-0.3987583518028259,-1678.0041243471787,0.3568393290042877,0.0,0.18733283877372742,0.0,0.45272377133369446,0.0,0.9968959391117096,0.0,978.7788153015426,81.75219658052083
577,-0.383063405752182,-1678.387187752931,0.3527388870716095,0.0,0.18591776490211487,0.0,0.41900184750556946,0.0,0.9576584994792938,0.0,979.7364738010219,81.75219658052083
578,-0.38106241822242737,-1678.7682501711533,0.3514370918273926,0.0,0.18461598455905914,0.0,0.4166029393672943,0.0,0.952656015753746,0.0,980.6891298167757,81.75219658052083
579,-0.3825039863586426,-1679.150754157512,0.35007867217063904,0.0,0.1873515099287033,0.0,0.4188297688961029,0.0,0.9562599509954453,0.0,981.6453897677711,81.75219658052083
580,-0.3944016098976135,-1679.5451557674096,0.34860697388648987,0.0,0.20223666727542877,0.0,0.4351603388786316,0.0,0.9860039800405502,0.0,982.6313937478117,81.75219658052083
581,-1.6211682558059692,-1681.1663240232156,3.3222358226776123,0.0,0.23087537288665771,0.0,0.49980950355529785,0.0,4.052920699119568,0.0,986.6843144469312,81.75219658052083
582,-1.9897600412368774,-1683.1560840644524,2.3590176105499268,0.0,1.1671322584152222,0.0,1.4482500553131104,0.0,4.974399924278259,0.0,991.6587143712095,81.75219658052083
583,-2.161489486694336,-1685.3175735511468,1.1802514791488647,0.0,0.358120322227478,0.0,0.6231178045272827,0.0,2.1614896059036255,0.0,993.8202039771131,81.75219658052083
584,-0.9075264930725098,-1686.2251000442193,0.0,0.07904624193906784,0.37908220291137695,0.0,0.5284442901611328,0.0,0.8284802511334419,0.0,994.6486842282466,81.75219658052083
585,-2.4111509323120117,-1688.6362509765313,0.5276044607162476,0.0,0.9096731543540955,0.0,0.9738733172416687,0.0,2.4111509323120117,0.0,997.0598351605586,81.75219658052083
586,-2.258841335773468,-1690.8950923123048,1.3448504209518433,0.0,0.9139909148216248,0.0,0.0,0.0797029510140419,2.179138384759426,0.0,999.238973545318,81.75219658052083
587,-1.551680088043213,-1692.446772400348,1.2451322078704834,0.0,0.06313899159431458,0.0,0.24340885877609253,0.0,1.5516800582408905,0.0,1000.7906536035589,81.75219658052083
588,-1.380350947380066,-1693.827123347728,0.0,0.9252549409866333,0.7926629781723022,0.0,0.5876879692077637,0.0,0.4550960063934326,0.0,1001.2457496099523,81.75219658052083
589,-0.930052787065506,-1694.7571761347936,0.0,0.8178094029426575,0.6103869676589966,0.0,0.3196658194065094,0.0,0.11224338412284851,0.0,1001.3579929940752,81.75219658052083
590,-1.0999375581741333,-1695.8571136929677,0.24066291749477386,0.0,0.5701536536216736,0.0,0.28912094235420227,0.0,1.0999375134706497,0.0,1002.4579305075458,81.75219658052083
591,-0.04044690728187561,-1695.8975606002496,0.0,0.6151168942451477,0.04044690728187561,0.0,0.0,0.3160651922225952,0.0,0.8907351791858673,1002.4579305075458,82.6429317597067
592,-0.54695238545537,-1696.444512985705,0.05079980567097664,0.0,0.4961525797843933,0.0,0.0,0.01682497002184391,0.530127415433526,0.0,1002.9880579229794,82.6429317597067
593,-4.179100751876831,-1700.6236137375818,0.0,0.07371017336845398,0.5892310738563538,0.0,0.455544114112854,0.0,0.9710650146007538,0.0,1003.9591229375801,82.6429317597067
594,-5.088698863983154,-1705.712312601565,0.30708345770835876,0.0,0.15865206718444824,0.0,0.8064391613006592,0.0,1.2721746861934662,0.0,1005.2312976237736,82.6429317597067
595,-15.462564468383789,-1721.1748770699487,2.3147993087768555,0.0,0.35625216364860535,0.0,1.1945897340774536,0.0,3.8656412065029144,0.0,1009.0969388302765,82.6429317597067
596,-8.493425369262695,-1729.6683024392114,0.6107575297355652,0.0,0.41281142830848694,0.0,1.0997874736785889,0.0,2.123356431722641,0.0,1011.2202952619991,82.6429317597067
597,-10.975960731506348,-1740.6442631707177,1.539839744567871,0.0,0.3876185119152069,0.0,0.8165318369865417,0.0,2.7439900934696198,0.0,1013.9642853554687,82.6429317597067
598,-0.9614611864089966,-1741.6057243571267,1.5008540153503418,0.0,0.19325745105743408,0.0,0.7095414996147156,0.0,2.4036529660224915,0.0,1016.3679383214912,82.6429317597067
599,-0.38873451948165894,-1741.9944588766084,0.3560788035392761,0.0,0.18901224434375763,0.0,0.4267451763153076,0.0,0.9718362241983414,0.0,1017.3397745456896,82.6429317597067
600,-0.3854495882987976,-1742.3799084649072,0.35421058535575867,0.0,0.18733283877372742,0.0,0.42208048701286316,0.0,0.9636239111423492,0.0,1018.3033984568319,82.6429317597067
601,-0.383063405752182,-1742.7629718706594,0.3527388870716095,0.0,0.18591776490211487,0.0,0.41900184750556946,0.0,0.9576584994792938,0.0,1019.2610569563112,82.6429317597067
602,-1.2950469255447388,-1744.0580187962041,1.3788419961929321,0.0,0.7477469444274902,0.0,1.1110284328460693,0.0,3.2376173734664917,0.0,1022.4986743297777,82.6429317597067
603,-0.5455372929573059,-1744.6035560891614,0.7576619386672974,0.0,0.1873515099287033,0.0,0.4188297688961029,0.0,1.3638432174921036,0.0,1023.8625175472698,82.6429317597067
604,-0.793862521648407,-1745.3974186108098,1.347259283065796,0.0,0.20223666727542877,0.0,0.4351603388786316,0.0,1.9846562892198563,0.0,1025.8471738364897,82.6429317597067
605,-0.6786805391311646,-1746.076099149941,0.9380737543106079,0.0,0.23087537288665771,0.0,0.5277521014213562,0.0,1.6967012286186218,0.0,1027.5438750651083,82.6429317597067
606,-1.6262140274047852,-1747.7023131773458,2.0884218215942383,0.0,0.8121740221977234,0.0,1.1649391651153564,0.0,4.065535008907318,0.0,1031.6094100740156,82.6429317597067
607,-3.602092742919922,-1751.3044059202657,1.7868266105651855,0.0,0.7779470086097717,0.0,1.0373191833496094,0.0,3.6020928025245667,0.0,1035.2115028765402,82.6429317597067
608,-2.628204584121704,-1753.9326105043874,0.7191189527511597,0.0,0.7254801392555237,0.0,1.183605432510376,0.0,2.6282045245170593,0.0,1037.8397074010572,82.6429317597067
609,-3.3067173957824707,-1757.2393279001699,0.5946527123451233,0.0,0.7377331256866455,0.0,1.9743316173553467,0.0,3.3067174553871155,0.0,1041.1464248564444,82.6429317597067
610,-0.020695986226201057,-1757.260023886396,0.0,0.5142026543617249,0.020695986226201057,0.0,0.0,0.3225393295288086,0.0,0.8160459976643324,1041.1464248564444,83.45897775737103
611,-0.1729317456483841,-1757.4329556320445,0.1729317456483841,0.0,0.0,0.06679539382457733,0.0,0.4775841534137726,0.0,0.3714478015899658,1041.1464248564444,83.830425558961
612,-0.7615859508514404,-1758.194541582896,0.0,1.0591528415679932,0.4981596767902374,0.0,0.263426274061203,0.0,0.0,0.29756689071655273,1041.1464248564444,84.12799244967755
613,-0.45576104521751404,-1758.6503026281134,0.0,0.8234636783599854,0.38624855875968933,0.0,0.06951248645782471,0.0,0.0,0.3677026331424713,1041.1464248564444,84.49569508282002
614,-0.3397235572338104,-1758.9900261853472,0.0,1.0116024017333984,0.3397235572338104,0.0,0.0,0.21245795488357544,0.0,0.8843367993831635,1041.1464248564444,85.38003188220318
615,0.0,-1758.9900261853472,0.0,0.8532128930091858,0.0,0.17444145679473877,0.0,0.3796030282974243,0.0,1.4072573781013489,1041.1464248564444,86.78728926030453
616,-0.6713487803936005,-1759.6613749657408,0.0,0.5380384922027588,0.3896219730377197,0.0,0.28172680735588074,0.0,0.13331028819084167,0.0,1041.2797351446352,86.78728926030453
617,-6.7360334396362305,-1766.397408405377,0.38442274928092957,0.0,0.5350186228752136,0.0,0.7645670771598816,0.0,1.6840084493160248,0.0,1042.9637435939512,86.78728926030453
618,-5.287533760070801,-1771.6849421654479,0.36787644028663635,0.0,0.15145640075206757,0.0,0.8025505542755127,0.0,1.3218833953142166,0.0,1044.2856269892654,86.78728926030453
619,-7.244394302368164,-1778.929336467816,0.7303415536880493,0.0,0.35753491520881653,0.0,0.7232221961021423,0.0,1.8110986649990082,0.0,1046.0967256542644,86.78728926030453
620,-11.297533988952637,-1790.2268704567687,1.3891406059265137,0.0,0.36468249559402466,0.0,1.0705604553222656,0.0,2.824383556842804,0.0,1048.9211092111073,86.78728926030453
621,-6.633478164672852,-1796.8603486214415,0.45421919226646423,0.0,0.3876185119152069,0.0,0.8165318369865417,0.0,1.658369541168213,0.0,1050.5794787522755,86.78728926030453
622,-2.4229180812835693,-1799.283266702725,0.4215100109577179,0.0,4.011590003967285,0.0,1.6241950988769531,0.0,6.057295113801956,0.0,1056.6367738660774,86.78728926030453
623,-0.5658793449401855,-1799.8491460476653,0.3560788035392761,0.0,0.30236607789993286,0.0,0.7562534809112549,0.0,1.4146983623504639,0.0,1058.0514722284279,86.78728926030453
624,-0.8554491996765137,-1800.7045952473418,0.35421058535575867,0.0,0.18733283877372742,0.0,1.5970796346664429,0.0,2.138623058795929,0.0,1060.1900952872238,86.78728926030453
625,-0.38226059079170227,-1801.0868558381335,0.3527388870716095,0.0,0.18591776490211487,0.0,0.41699478030204773,0.0,0.9556514322757721,0.0,1061.1457467194996,86.78728926030453
626,-0.37372952699661255,-1801.46058536513,0.3514370918273926,0.0,0.18461598455905914,0.0,0.39827069640159607,0.0,0.9343237727880478,0.0,1062.0800704922876,86.78728926030453
627,-2.1982951164245605,-1803.6588804815547,2.374443292617798,0.0,1.3136134147644043,0.0,1.8076807260513306,0.0,5.495737433433533,0.0,1067.5758079257212,86.78728926030453
628,-0.38740241527557373,-1804.0462828968302,0.34860697388648987,0.0,0.20223666727542877,0.0,0.4176623523235321,0.0,0.9685059934854507,0.0,1068.5443139192066,86.78728926030453
629,-1.292846441268921,-1805.3391293380992,0.3487769067287445,0.0,0.23087537288665771,0.0,2.652463912963867,0.0,3.2321161925792694,0.0,1071.7764301117859,86.78728926030453
630,-0.5001015067100525,-1805.8392308448092,0.34246259927749634,0.0,0.31018462777137756,0.0,0.5976065397262573,0.0,1.2502537667751312,0.0,1073.026683878561,86.78728926030453
631,-1.214921236038208,-1807.0541520808474,0.3763113021850586,0.0,0.3105776011943817,0.0,0.5280323624610901,0.0,1.2149212658405304,0.0,1074.2416051444015,86.78728926030453
632,-1.8856636881828308,-1808.9398157690302,0.0,0.37374255061149597,0.8361832499504089,0.0,1.0494804382324219,0.0,1.5119211375713348,0.0,1075.7535262819729,86.78728926030453
633,-0.9846715927124023,-1809.9244873617426,0.0,0.7184192538261414,0.2372327446937561,0.0,0.7474388480186462,0.0,0.266252338886261,0.0,1076.0197786208591,86.78728926030453
634,-0.08819844573736191,-1810.01268580748,0.0,0.9992810487747192,0.08819844573736191,0.0,0.0,0.3774714171886444,0.0,1.2885540202260017,1076.0197786208591,88.07584328053053
635,-0.2831929922103882,-1810.2958787996904,0.0,1.164985179901123,0.2831929922103882,0.0,0.0,0.5730229616165161,0.0,1.454815149307251,1076.0197786208591,89.53065842983779
636,0.0,-1810.2958787996904,0.0,1.2253801822662354,0.0,0.14808499813079834,0.0,0.40855467319488525,0.0,1.782019853591919,1076.0197786208591,91.3126782834297
637,-0.28371769189834595,-1810.5795964915887,0.0,1.243593454360962,0.28371769189834595,0.0,0.0,0.10611827671527863,0.0,1.0659940391778946,1076.0197786208591,92.3786723226076
638,-0.26193469762802124,-1810.8415311892168,0.0,0.6936972141265869,0.26193469762802124,0.0,0.0,0.09976386278867722,0.0,0.5315263792872429,1076.0197786208591,92.91019870189484
639,0.0,-1810.8415311892168,0.0,0.697390615940094,0.0,0.22867107391357422,0.0,0.6626204252243042,0.0,1.5886821150779724,1076.0197786208591,94.49888081697281
640,-0.41181862354278564,-1811.2533498127596,0.41181862354278564,0.0,0.0,0.20805951952934265,0.0,0.4817996621131897,0.0,0.2780405580997467,1076.0197786208591,94.77692137507256
641,-3.5491247177124023,-1814.802474530472,0.31945550441741943,0.0,0.5033153891563416,0.0,0.0645102709531784,0.0,0.8872811645269394,0.0,1076.907059785386,94.77692137507256
642,-9.751930236816406,-1824.5544047672884,0.5452353954315186,0.0,1.1327673196792603,0.0,0.7599798440933228,0.0,2.4379825592041016,0.0,1079.3450423445902,94.77692137507256
643,-37.37276077270508,-1861.9271655399934,0.517493724822998,0.0,0.35864752531051636,0.0,8.467048645019531,0.0,9.343189895153046,0.0,1088.6882322397432,94.77692137507256
644,-9.85219955444336,-1871.7793650944368,0.8479077816009521,0.0,0.36468249559402466,0.0,1.2504595518112183,0.0,2.463049829006195,0.0,1091.1512820687494,94.77692137507256
645,-22.842077255249023,-1894.6214423496858,4.1328816413879395,0.0,0.3876185119152069,0.0,1.1900190114974976,0.0,5.710519164800644,0.0,1096.86180123355,94.77692137507256
646,-0.629442572593689,-1895.2508849222795,0.4215100109577179,0.0,0.44255486130714417,0.0,0.7095414996147156,0.0,1.5736063718795776,0.0,1098.4354076054296,94.77692137507256
647,-0.4473264515399933,-1895.6982113738195,0.3560788035392761,0.0,0.23568828403949738,0.0,0.5265489816665649,0.0,1.1183160692453384,0.0,1099.553723674675,94.77692137507256
648,-0.4427238702774048,-1896.140935244097,0.35421058535575867,0.0,0.2998753786087036,0.0,0.45272377133369446,0.0,1.1068097352981567,0.0,1100.6605334099731,94.77692137507256
649,-0.383063405752182,-1896.523998649849,0.3527388870716095,0.0,0.18591776490211487,0.0,0.41900184750556946,0.0,0.9576584994792938,0.0,1101.6181919094524,94.77692137507256
650,-0.38106241822242737,-1896.9050610680715,0.3514370918273926,0.0,0.18461598455905914,0.0,0.4166029393672943,0.0,0.952656015753746,0.0,1102.5708479252062,94.77692137507256
651,-0.3825039863586426,-1897.2875650544302,0.35007867217063904,0.0,0.1873515099287033,0.0,0.4188297688961029,0.0,0.9562599509954453,0.0,1103.5271078762016,94.77692137507256
652,-0.3944016098976135,-1897.6819666643278,0.34860697388648987,0.0,0.20223666727542877,0.0,0.4351603388786316,0.0,0.9860039800405502,0.0,1104.5131118562422,94.77692137507256
653,-0.8393679857254028,-1898.5213346500532,1.3677350282669067,0.0,0.23087537288665771,0.0,0.49980950355529785,0.0,2.0984199047088623,0.0,1106.611531760951,94.77692137507256
654,-1.5023921728134155,-1900.0237268228666,2.7056221961975098,0.0,0.24639129638671875,0.0,0.8039667010307312,0.0,3.7559801936149597,0.0,1110.367511954566,94.77692137507256
655,-2.589261531829834,-1902.6129883546964,1.1488118171691895,0.0,0.21834512054920197,0.0,1.2221044301986694,0.0,2.589261367917061,0.0,1112.956773322483,94.77692137507256
656,-5.179886817932129,-1907.7928751726286,0.0,0.36626678705215454,0.500525951385498,0.0,4.679360866546631,0.0,4.813620030879974,0.0,1117.770393353363,94.77692137507256
657,-6.507904872298241,-1914.3007800449268,0.0,0.7502269148826599,0.14646469056606293,0.0,6.361440181732178,0.0,5.757677957415581,0.0,1123.5280713107786,94.77692137507256
658,-0.8990600951947272,-1915.1998401401215,0.0,0.9725360870361328,0.006602431181818247,0.0,0.8924576640129089,0.0,0.0,0.07347599184140563,1123.5280713107786,94.85039736691397
659,0.0,-1915.1998401401215,0.0,0.24473510682582855,0.0,0.09424187988042831,0.0,0.35691264271736145,0.0,0.6958896294236183,1123.5280713107786,95.54628699633759
660,-0.4343595802783966,-1915.6341997204,0.0,0.9004762172698975,0.4343595802783966,0.0,0.0,0.29645630717277527,0.0,0.7625729441642761,1123.5280713107786,96.30885994050186
661,-1.2740995585918427,-1916.9082992789918,0.0,1.1207208633422852,0.34515395760536194,0.0,0.9289456009864807,0.0,0.1533786952495575,0.0,1123.6814500060282,96.30885994050186
662,-1.0211588442325592,-1917.9294581232243,0.7364920973777771,0.0,0.2846667468547821,0.0,0.0,0.05429979786276817,0.966859046369791,0.0,1124.648309052398,96.30885994050186
663,0.0,-1917.9294581232243,0.0,0.8766398429870605,0.0,0.18615493178367615,0.0,0.5775881409645081,0.0,1.6403829157352448,1124.648309052398,97.9492428562371
664,-0.00890298467129469,-1917.9383611078956,0.00890298467129469,0.0,0.0,0.1717604249715805,0.0,0.22638903558254242,0.0,0.38924647588282824,1124.648309052398,98.33848933211993
665,-0.3979336619377136,-1918.3362947698333,0.0,0.07415522634983063,0.0,0.04232902079820633,0.0994834154844284,0.0,0.0,0.01700083166360855,1124.648309052398,98.35549016378354
666,-4.851075172424316,-1923.1873699422576,0.40967029333114624,0.0,0.2636435031890869,0.0,0.539454996585846,0.0,1.212768793106079,0.0,1125.861077845504,98.35549016378354
667,-16.552356719970703,-1939.7397266622283,2.1317942142486572,0.0,0.3581891655921936,0.0,1.6481059789657593,0.0,4.13808935880661,0.0,1129.9991672043107,98.35549016378354
668,-8.63096809387207,-1948.3706947561004,0.7031154632568359,0.0,0.36468249559402466,0.0,1.0899442434310913,0.0,2.157742202281952,0.0,1132.1569094065926,98.35549016378354
669,-65.76693725585938,-2014.1376320119598,7.0275139808654785,0.0,0.3876185119152069,0.0,9.026601791381836,0.0,16.44173428416252,0.0,1148.5986436907551,98.35549016378354
670,-1.008329153060913,-2015.1459611650207,0.4215100109577179,0.0,0.44215521216392517,0.0,1.65715754032135,0.0,2.520822763442993,0.0,1151.1194664541981,98.35549016378354
671,-0.6410889625549316,-2015.7870501275756,0.37498530745506287,0.0,0.7011880874633789,0.0,0.5265489816665649,0.0,1.6027223765850067,0.0,1152.7221888307831,98.35549016378354
672,-0.39119619131088257,-2016.1782463188865,0.3568393290042877,0.0,0.19907063245773315,0.0,0.42208048701286316,0.0,0.977990448474884,0.0,1153.700179279258,98.35549016378354
673,-0.6056935787200928,-2016.7839398976066,0.34507817029953003,0.0,0.7501539587974548,0.0,0.41900184750556946,0.0,1.5142339766025543,0.0,1155.2144132558606,98.35549016378354
674,-0.9658172726631165,-2017.7497571702697,1.7011696100234985,0.0,0.2967706322669983,0.0,0.4166029393672943,0.0,2.414543181657791,0.0,1157.6289564375184,98.35549016378354
675,-0.3825039863586426,-2018.1322611566284,0.35007867217063904,0.0,0.1873515099287033,0.0,0.4188297688961029,0.0,0.9562599509954453,0.0,1158.5852163885138,98.35549016378354
676,-0.3944016098976135,-2018.526662766526,0.34860697388648987,0.0,0.20223666727542877,0.0,0.4351603388786316,0.0,0.9860039800405502,0.0,1159.5712203685543,98.35549016378354
677,-0.4317846894264221,-2018.9584474559524,0.3487769067287445,0.0,0.23087537288665771,0.0,0.49980950355529785,0.0,1.0794617831707,0.0,1160.650682151725,98.35549016378354
678,-1.0204813480377197,-2019.9789288039901,1.0169463157653809,0.0,1.0625839233398438,0.0,0.47167298197746277,0.0,2.5512032210826874,0.0,1163.2018853728077,98.35549016378354
679,-2.7593436241149902,-2022.7382724281051,1.2442187070846558,0.0,0.23787231743335724,0.0,1.2772525548934937,0.0,2.7593435794115067,0.0,1165.9612289522192,98.35549016378354
680,-0.4406924843788147,-2023.178964912484,0.0,0.1919764280319214,0.22050392627716064,0.0,0.22018855810165405,0.0,0.2487160563468933,0.0,1166.2099450085661,98.35549016378354
681,-0.7578384280204773,-2023.9368033405044,0.4022056460380554,0.0,0.25337982177734375,0.0,0.10225296765565872,0.0,0.7578384354710579,0.0,1166.9677834440372,98.35549016378354
682,-0.3820599615573883,-2024.3188633020618,0.0,0.8945507407188416,0.3820599615573883,0.0,0.0,0.0920955017209053,0.0,0.6045862808823586,1166.9677834440372,98.9600764446659
683,-1.620985984802246,-2025.939849286864,0.0,0.21135073900222778,0.0,0.030194442719221115,1.620985984802246,0.0,1.3794408030807972,0.0,1168.347224247118,98.9600764446659
684,-0.4331425130367279,-2026.3729917999008,0.0,1.1891871690750122,0.4331425130367279,0.0,0.0,0.2818286418914795,0.0,1.0378732979297638,1168.347224247118,99.99794974259567
685,-0.31640875339508057,-2026.6894005532959,0.0,1.1782113313674927,0.31640875339508057,0.0,0.0,0.04073614627122879,0.0,0.9025387242436409,1168.347224247118,100.9004884668393
686,-0.5891357064247131,-2027.2785362597206,0.0,1.0789623260498047,0.32849836349487305,0.0,0.2606373429298401,0.0,0.0,0.48982661962509155,1168.347224247118,101.3903150864644
687,-0.8735293745994568,-2028.15206563432,0.0,0.9265273213386536,0.35203230381011963,0.0,0.5214970707893372,0.0,0.0,0.05299794673919678,1168.347224247118,101.4433130332036
688,-0.4294658899307251,-2028.5815315242507,0.4294658899307251,0.0,0.0,0.1713041365146637,0.0,0.4082888960838318,0.0,0.15012714266777039,1168.347224247118,101.59344017587136
689,-8.165498733520508,-2036.7470302577713,1.3497508764266968,0.0,0.544581413269043,0.0,0.14704230427742004,0.0,2.04137459397316,0.0,1170.3885988410912,101.59344017587136
690,-38.57270431518555,-2075.319734572957,1.4444351196289062,0.0,0.14266453683376312,0.0,8.056076049804688,0.0,9.643175706267357,0.0,1180.0317745473585,101.59344017587136
691,-10.477346420288086,-2085.797080993245,1.0972508192062378,0.0,0.5973512530326843,0.0,0.9247347116470337,0.0,2.619336783885956,0.0,1182.6511113312445,101.59344017587136
692,-6.289236068725586,-2092.0863170619705,0.4469718635082245,0.0,0.36468249559402466,0.0,0.7606547474861145,0.0,1.5723091065883636,0.0,1184.2234204378328,101.59344017587136
693,-6.633478164672852,-2098.7197952266433,0.45421919226646423,0.0,0.3876185119152069,0.0,0.8165318369865417,0.0,1.658369541168213,0.0,1185.881789979001,101.59344017587136
694,-0.7537368535995483,-2099.473532080243,0.57329261302948,0.0,0.19325745105743408,0.0,1.1177921295166016,0.0,1.8843421936035156,0.0,1187.7661321726046,101.59344017587136
695,-0.6614654064178467,-2100.1349974866607,0.3560788035392761,0.0,0.18901224434375763,0.0,1.1085724830627441,0.0,1.653663530945778,0.0,1189.4197957035503,101.59344017587136
696,-0.3854495882987976,-2100.5204470749595,0.35421058535575867,0.0,0.18733283877372742,0.0,0.42208048701286316,0.0,0.9636239111423492,0.0,1190.3834196146927,101.59344017587136
697,-0.383063405752182,-2100.9035104807117,0.3527388870716095,0.0,0.18591776490211487,0.0,0.41900184750556946,0.0,0.9576584994792938,0.0,1191.341078114172,101.59344017587136
698,-0.38106241822242737,-2101.284572898934,0.3514370918273926,0.0,0.18461598455905914,0.0,0.4166029393672943,0.0,0.952656015753746,0.0,1192.2937341299257,101.59344017587136
699,-0.3825039863586426,-2101.6670768852928,0.35007867217063904,0.0,0.1873515099287033,0.0,0.4188297688961029,0.0,0.9562599509954453,0.0,1193.2499940809212,101.59344017587136
700,-0.3944016098976135,-2102.0614784951904,0.34860697388648987,0.0,0.20223666727542877,0.0,0.4351603388786316,0.0,0.9860039800405502,0.0,1194.2359980609617,101.59344017587136
701,-1.3457692861557007,-2103.407247781346,1.3761818408966064,0.0,0.79400634765625,0.0,1.1942349672317505,0.0,3.364423155784607,0.0,1197.6004212167463,101.59344017587136
702,-1.3190224170684814,-2104.7262701984146,1.3382571935653687,0.0,0.8062359094619751,0.0,1.1530628204345703,0.0,3.297555923461914,0.0,1200.8979771402082,101.59344017587136
703,-1.8209704160690308,-2106.5472406144836,1.3067142963409424,0.0,0.20033147931098938,0.0,0.3139246702194214,0.0,1.8209704458713531,0.0,1202.7189475860796,101.59344017587136
704,-1.3224836587905884,-2107.869724273274,0.7592211961746216,0.0,0.2643275260925293,0.0,0.2989349663257599,0.0,1.3224836885929108,0.0,1204.0414312746725,101.59344017587136
705,-2.9930005073547363,-2110.862724780629,1.9054900407791138,0.0,0.24723315238952637,0.0,0.8402770757675171,0.0,2.9930002689361572,0.0,1207.0344315436087,101.59344017587136
706,-1.3152621164917946,-2112.1779868971207,1.2209644317626953,0.0,0.09429768472909927,0.0,0.0,0.18462733924388885,1.1306347772479057,0.0,1208.1650663208566,101.59344017587136
707,-0.0017803049413487315,-2112.179767202062,0.0,1.0740123987197876,0.0017803049413487315,0.0,0.0,0.3524157404899597,0.0,1.4246478342683986,1208.1650663208566,103.01808801013976
708,-0.06494231522083282,-2112.244709517283,0.0,1.1632142066955566,0.06494231522083282,0.0,0.0,0.057513393461704254,0.0,1.155785284936428,1208.1650663208566,104.17387329507619
709,0.0,-2112.244709517283,0.0,0.9385082721710205,0.0,0.16362735629081726,0.0,0.25184541940689087,0.0,1.3539810478687286,1208.1650663208566,105.52785434294492
710,0.0,-2112.244709517283,0.0,0.5056313276290894,0.0,0.13752496242523193,0.0,0.47904282808303833,0.0,1.1221991181373596,1208.1650663208566,106.65005346108228
711,0.0,-2112.244709517283,0.0,0.6964879035949707,0.0,0.025233205407857895,0.0,0.09830903261899948,0.0,0.8200301416218281,1208.1650663208566,107.47008360270411
712,-0.10400160402059555,-2112.3487111213035,0.0,0.03524324670433998,0.0,0.09797130525112152,0.10400160402059555,0.0,0.0,0.02921294793486595,1208.1650663208566,107.49929655063897
713,-3.5587451457977295,-2115.907456267101,0.20622381567955017,0.0,0.025920702144503593,0.0,0.6575417518615723,0.0,0.889686269685626,0.0,1209.0547525905422,107.49929655063897
714,-8.417314529418945,-2124.32477079652,0.3609231412410736,0.0,0.5004211664199829,0.0,1.242984414100647,0.0,2.1043287217617035,0.0,1211.159081312304,107.49929655063897
715,-9.22077751159668,-2133.545548308117,0.861149787902832,0.0,0.46824032068252563,0.0,0.9758043885231018,0.0,2.3051944971084595,0.0,1213.4642758094124,107.49929655063897
716,-10.550981521606445,-2144.0965298297233,1.2025023698806763,0.0,0.36468249559402466,0.0,1.0705604553222656,0.0,2.6377453207969666,0.0,1216.1020211302093,107.49929655063897
717,-11.977590560913086,-2156.0741203906364,1.5637325048446655,0.0,0.3876185119152069,0.0,1.0430465936660767,0.0,2.994397610425949,0.0,1219.0964187406353,107.49929655063897
718,-1.3120263814926147,-2157.386146772129,0.4215100109577179,0.0,0.19325745105743408,0.0,2.6652984619140625,0.0,3.2800659239292145,0.0,1222.3764846645645,107.49929655063897
