time_step,reward,all_rewards,grid_import_Building_1_kwh,export_Building_1_kwh,grid_import_Building_2_kwh,export_Building_2_kwh,grid_import_Building_3_kwh,export_Building_3_kwh,grid_import_kwh,export_kwh,cumulative_grid_import_kwh,cumulative_export_kwh
0,-0.18823955738742626,-0.18823955738742626,8.43380355834961,0.0,6.962158203125,0.0,4.7914719581604,0.0,20.18743371963501,0.0,20.18743371963501,0.0
1,0.22025870348981158,0.03201914610238532,0.9996533989906311,0.0,0.34114891290664673,0.0,1.6306735277175903,0.0,2.971475839614868,0.0,23.158909559249878,0.0
2,-0.12588933437939298,-0.09387018827700766,0.7332668304443359,0.0,0.19275443255901337,0.0,0.49426499009132385,0.0,1.4202862530946732,0.0,24.57919581234455,0.0
3,-0.13912550315751515,-0.2329956914345228,0.6337104439735413,0.0,0.18825533986091614,0.0,0.44146910309791565,0.0,1.263434886932373,0.0,25.842630699276924,0.0
4,-0.1398873849556117,-0.3728830763901345,0.6076121926307678,0.0,0.20269255340099335,0.0,0.44088754057884216,0.0,1.2511922866106033,0.0,27.093822985887527,0.0
5,-0.13993151538363247,-0.512814591773767,1.0010571479797363,0.0,0.2313036024570465,0.0,0.5054069757461548,0.0,1.7377677261829376,0.0,28.831590712070465,0.0
6,-0.14113836407555563,-0.6539529558493227,1.607621669769287,0.0,0.24817126989364624,0.0,1.033126950263977,0.0,2.8889198899269104,0.0,31.720510601997375,0.0
7,-0.13844822819588476,-0.7924011840452074,0.5350606441497803,0.0,0.3460407555103302,0.0,0.8949097990989685,0.0,1.776011198759079,0.0,33.496521800756454,0.0
8,-0.1411484607082889,-0.9335496447534963,4.653266429901123,0.0,2.933849573135376,0.0,2.187143325805664,0.0,9.774259328842163,0.0,43.27078112959862,0.0
9,-0.28008701707561556,-1.213636661829112,0.48348578810691833,0.0,0.6730991005897522,0.0,2.142915725708008,0.0,3.2995006144046783,0.0,46.570281744003296,0.0
10,-0.18802766093963053,-1.4016643227687424,0.0,0.35650038719177246,0.6339352130889893,0.0,1.290393590927124,0.0,1.5678284168243408,0.0,48.13811016082764,0.0
11,-0.281639533513649,-1.6833038562823914,1.8176988363265991,0.0,0.6689428687095642,0.0,0.975017786026001,0.0,3.4616594910621643,0.0,51.5997696518898,0.0
12,-0.14113662134537452,-1.8244404776277658,0.26597872376441956,0.0,0.9704316258430481,0.0,0.7307910919189453,0.0,1.967201441526413,0.0,53.566971093416214,0.0
13,0.42835033781338694,-1.3960901398143788,0.0,2.1955931186676025,0.0,1.2117670774459839,2.156724452972412,0.0,0.0,1.2506357431411743,53.566971093416214,1.2506357431411743
14,0.2901161063468511,-1.1059740334675277,1.0401087999343872,0.0,1.3930116891860962,0.0,0.0,0.07349216192960739,2.359628327190876,0.0,55.92659942060709,1.2506357431411743
15,-0.14025943204691727,-1.246233465514445,0.0,0.8656237125396729,0.02564290165901184,0.0,0.0,0.3484826982021332,0.0,1.1884635090827942,55.92659942060709,2.4390992522239685
16,1.2703285982619867,0.024095132747541825,0.0,2.104997396469116,0.0,1.6051552295684814,0.0,1.3825230598449707,0.0,5.092675685882568,55.92659942060709,7.531774938106537
17,1.1801232571779323,1.2042183899254741,3.3430657386779785,0.0,3.474208354949951,0.0,1.6701905727386475,0.0,8.487464666366577,0.0,64.41406408697367,7.531774938106537
18,-0.034758950373142916,1.1694594395523312,4.723507881164551,0.0,0.8777811527252197,0.0,3.7154736518859863,0.0,9.316762685775757,0.0,73.73082677274942,7.531774938106537
19,-0.13493439457500234,1.034525044977329,5.194731712341309,0.0,2.6517982482910156,0.0,3.771714210510254,0.0,11.618244171142578,0.0,85.349070943892,7.531774938106537
20,-0.1396373046323407,0.8948877403449882,4.639392375946045,0.0,3.0342772006988525,0.0,3.8542652130126953,0.0,11.527934789657593,0.0,96.8770057335496,7.531774938106537
21,-0.13991913722027594,0.7549686031247123,1.964428186416626,0.0,0.9512052536010742,0.0,2.662790536880493,0.0,5.578423976898193,0.0,102.45542971044779,7.531774938106537
22,-0.11277713035150838,0.6421914727732039,1.4493430852890015,0.0,0.0,0.7367832064628601,2.6682164669036865,0.0,3.380776345729828,0.0,105.83620605617762,7.531774938106537
23,-0.039581888084760264,0.6026095846884436,1.3839102983474731,0.0,0.0,1.8823573589324951,2.7369728088378906,0.0,2.2385257482528687,0.0,108.07473180443048,7.531774938106537
24,-0.23716509436390448,0.36544449032453913,1.3820418119430542,0.0,0.1481330841779709,0.0,1.1220957040786743,0.0,2.6522706001996994,0.0,110.72700240463018,7.531774938106537
25,-0.23261065625499608,0.13283383406954305,0.3527388870716095,0.0,0.17920845746994019,0.0,0.41900184750556946,0.0,0.9509491920471191,0.0,111.6779515966773,7.531774938106537
26,0.5312896850130358,0.6641235190825788,2.4070732593536377,0.0,4.49530029296875,0.0,1.8163087368011475,0.0,8.718682289123535,0.0,120.39663388580084,7.531774938106537
27,-0.10650093195546395,0.5576225871271149,2.405339479446411,0.0,1.4688599109649658,0.0,2.5822882652282715,0.0,6.456487655639648,0.0,126.85312154144049,7.531774938106537
28,-0.1372918199544899,0.42033076717262496,3.4099321365356445,0.0,1.3366366624832153,0.0,1.8296178579330444,0.0,6.576186656951904,0.0,133.4293081983924,7.531774938106537
29,-0.13878351017709756,0.2815472569955274,3.421088933944702,0.0,1.3580411672592163,0.0,1.8942509889602661,0.0,6.673381090164185,0.0,140.10268928855658,7.531774938106537
30,-0.14008460727544747,0.14146264972007994,3.384955644607544,0.0,1.3695346117019653,0.0,1.8478237390518188,0.0,6.602313995361328,0.0,146.7050032839179,7.531774938106537
31,-0.1402909227947352,0.0011717269253447293,0.07796920090913773,0.0,0.19240280985832214,0.0,0.49188804626464844,0.0,0.7622600570321083,0.0,147.46726334095,7.531774938106537
32,-0.04611220926079451,-0.04494048233544978,0.0,0.36149874329566956,3.5645623207092285,0.0,0.49013590812683105,0.0,3.69319948554039,0.0,151.1604628264904,7.531774938106537
33,-0.022649309323998557,-0.06758979165944834,0.0,0.43020880222320557,0.14005304872989655,0.0,0.26945358514785767,0.0,0.0,0.020702168345451355,151.1604628264904,7.552477106451988
34,-0.1355831785821332,-0.20317297024158154,0.06315499544143677,0.0,0.38224321603775024,0.0,0.0,0.011748584918677807,0.4336496265605092,0.0,151.5941124530509,7.552477106451988
35,-0.08437847611296517,-0.2875514463545467,0.32289645075798035,0.0,0.22381791472434998,0.0,0.0,0.20927849411964417,0.33743587136268616,0.0,151.9315483244136,7.552477106451988
36,-0.011645055922493916,-0.29919650227704064,4.797369956970215,0.0,0.0,0.04580845683813095,0.0,0.4474849998950958,4.304076500236988,0.0,156.23562482465059,7.552477106451988
37,0.05946714346483861,-0.23972935881220203,1.7521350383758545,0.0,0.0,0.17027628421783447,0.0,0.596929669380188,0.984929084777832,0.0,157.22055390942842,7.552477106451988
38,0.025668960818281857,-0.21406039799392018,0.0,0.5143934488296509,0.0,0.05979296937584877,0.0,0.06400222331285477,0.0,0.6381886415183544,157.22055390942842,8.190665747970343
39,0.09412545848107148,-0.1199349395128487,0.0,0.6550762057304382,0.7720916271209717,0.0,0.0,0.24682287871837616,0.0,0.1298074573278427,157.22055390942842,8.320473205298185
40,-0.14090745750705264,-0.2608423970199013,0.447745680809021,0.0,0.19314506649971008,0.0,0.4880902171134949,0.0,1.128980964422226,0.0,158.34953487385064,8.320473205298185
41,-0.10261437623856273,-0.36345677325846404,0.0,0.14580199122428894,0.5556109547615051,0.0,0.3666064143180847,0.0,0.7764153778553009,0.0,159.12595025170594,8.320473205298185
42,-0.13045744513216118,-0.4939142183906252,5.221552848815918,0.0,2.5441527366638184,0.0,3.8893890380859375,0.0,11.655094623565674,0.0,170.78104487527162,8.320473205298185
43,-0.13840308394024214,-0.6323173023308674,4.868540287017822,0.0,2.472099781036377,0.0,3.511451244354248,0.0,10.852091312408447,0.0,181.63313618768007,8.320473205298185
44,-0.1388547820213204,-0.7711720843521878,6.400893688201904,0.0,2.454641819000244,0.0,3.2341411113739014,0.0,12.08967661857605,0.0,193.72281280625612,8.320473205298185
45,-0.13888046122828035,-0.9100525455804681,4.745376110076904,0.0,2.4491889476776123,0.0,3.4825820922851562,0.0,10.677147150039673,0.0,204.3999599562958,8.320473205298185
46,-0.1388818705276602,-1.0489344161081284,2.598778486251831,0.0,1.3199456930160522,0.0,2.0866618156433105,0.0,6.005385994911194,0.0,210.40534595120698,8.320473205298185
47,-0.1388819759420512,-1.1878163920501796,1.402816653251648,0.0,0.7525695562362671,0.0,1.126760482788086,0.0,3.282146692276001,0.0,213.68749264348298,8.320473205298185
48,-0.1388819759420512,-1.3266983679922308,1.3820419311523438,0.0,0.7508901357650757,0.0,1.1220957040786743,0.0,3.2550277709960938,0.0,216.94252041447908,8.320473205298185
49,-0.13888201578149767,-1.4655803837737285,4.462784767150879,0.0,2.4388680458068848,0.0,3.2022933959960938,0.0,10.103946208953857,0.0,227.04646662343293,8.320473205298185
50,-0.13888198283950048,-1.604462366613229,4.461483001708984,0.0,2.4375662803649902,0.0,3.199894905090332,0.0,10.098944187164307,0.0,237.14541081059724,8.320473205298185
51,-0.13888198283950048,-1.7433443494527294,4.444901943206787,0.0,2.4403016567230225,0.0,3.2021214962005615,0.0,10.087325096130371,0.0,247.2327359067276,8.320473205298185
52,-0.13888198283950048,-1.88222633229223,4.458652973175049,0.0,2.4551868438720703,0.0,3.218452215194702,0.0,10.132292032241821,0.0,257.36502793896943,8.320473205298185
53,-0.14008381942098053,-2.0223101517132105,0.3487769067287445,0.0,0.23087537288665771,0.0,0.49980950355529785,0.0,1.0794617831707,0.0,258.44448972214013,8.320473205298185
54,-0.140290181677164,-2.1626003333903743,0.30258339643478394,0.0,0.23897044360637665,0.0,0.4503684341907501,0.0,0.9919222742319107,0.0,259.43641199637204,8.320473205298185
55,-0.14049612782468912,-2.3030964612150635,0.5197288393974304,0.0,0.2986651062965393,0.0,0.31038662791252136,0.0,1.128780573606491,0.0,260.56519256997854,8.320473205298185
56,-0.1403537117676285,-2.443450172982692,0.794775664806366,0.0,1.895419955253601,0.0,0.8659823536872864,0.0,3.5561779737472534,0.0,264.1213705437258,8.320473205298185
57,-8.510402787109683e-05,-2.443535277010563,0.0,0.5403615236282349,1.9182276725769043,0.0,0.42561206221580505,0.0,1.8034782111644745,0.0,265.92484875489026,8.320473205298185
58,0.05523431499686843,-2.3883009620136946,0.0,1.7521650791168213,1.1747689247131348,0.0,0.3383524417877197,0.0,0.0,0.2390437126159668,265.92484875489026,8.559516917914152
59,0.20044507859161698,-2.1878558834220776,4.035816669464111,0.0,3.5275352001190186,0.0,2.97696852684021,0.0,10.54032039642334,0.0,276.4651691513136,8.559516917914152
60,0.17203999778775264,-2.015815885634325,0.0,1.0866937637329102,0.3657621741294861,0.0,0.0,0.11811089515686035,0.0,0.8390424847602844,276.4651691513136,9.398559402674437
61,-0.12618118808474055,-2.1419970737190654,3.3880209922790527,0.0,2.0706021785736084,0.0,9.801981925964355,0.0,15.260605096817017,0.0,291.7257742481306,9.398559402674437
62,-0.13812685787623247,-2.280123931595298,3.429683208465576,0.0,2.0840508937835693,0.0,2.7242841720581055,0.0,8.238018274307251,0.0,299.96379252243787,9.398559402674437
63,-0.13883687055128835,-2.4189608021465863,5.671576023101807,0.0,2.239377498626709,0.0,3.3083977699279785,0.0,11.219351291656494,0.0,311.18314381409436,9.398559402674437
64,-0.13887967217958863,-2.557840474326175,5.0107879638671875,0.0,2.2642290592193604,0.0,4.005115509033203,0.0,11.280132532119751,0.0,322.4632763462141,9.398559402674437
65,-0.13888222724237087,-2.6967227015685458,4.254003524780273,0.0,2.4708192348480225,0.0,3.4659998416900635,0.0,10.19082260131836,0.0,332.6540989475325,9.398559402674437
66,-0.13888243807115286,-2.8356051396396986,5.096782207489014,0.0,2.566450595855713,0.0,4.749197959899902,0.0,12.412430763244629,0.0,345.0665297107771,9.398559402674437
67,-0.13888243807115286,-2.9744875777108515,4.94320821762085,0.0,2.612064838409424,0.0,4.1052775382995605,0.0,11.660550594329834,0.0,356.72708030510694,9.398559402674437
68,-0.13888243807115286,-3.1133700157820043,4.720803737640381,0.0,2.6176326274871826,0.0,3.947014093399048,0.0,11.285450458526611,0.0,368.01253076363355,9.398559402674437
69,-0.13888247791059932,-3.2522524936926036,4.745375633239746,0.0,2.7007765769958496,0.0,3.9733104705810547,0.0,11.41946268081665,0.0,379.4319934444502,9.398559402674437
70,-0.13888244496860214,-3.3911349386612057,4.592572212219238,0.0,2.4462075233459473,0.0,3.2192726135253906,0.0,10.258052349090576,0.0,389.6900457935408,9.398559402674437
71,-0.13888244496860214,-3.530017383629808,4.981287956237793,0.0,2.441962480545044,0.0,3.2100369930267334,0.0,10.63328742980957,0.0,400.32333322335035,9.398559402674437
72,-0.13888244496860214,-3.66889982859841,4.469513893127441,0.0,2.4402830600738525,0.0,3.2053720951080322,0.0,10.115169048309326,0.0,410.4385022716597,9.398559402674437
73,-0.13993858883847654,-3.8088384174368866,4.462784767150879,0.0,2.4388680458068848,0.0,3.202293634414673,0.0,10.103946447372437,0.0,420.5424487190321,9.398559402674437
74,-0.13993858883847654,-3.948777006275363,4.461483001708984,0.0,2.437566041946411,0.0,3.199894666671753,0.0,10.098943710327148,0.0,430.64139242935926,9.398559402674437
75,-0.14114270954694363,-4.089919715822306,0.3348560631275177,0.0,0.1873515099287033,0.0,0.4188297688961029,0.0,0.9410373419523239,0.0,431.5824297713116,9.398559402674437
76,-0.14135064386800805,-4.231270359690314,0.34860697388648987,0.0,0.20223666727542877,0.0,0.4351603388786316,0.0,0.9860039800405502,0.0,432.56843375135213,9.398559402674437
77,-0.1415582394268204,-4.372828599117135,1.3677350282669067,0.0,0.23087537288665771,0.0,0.5277521014213562,0.0,2.1263625025749207,0.0,434.69479625392705,9.398559402674437
78,-0.13548349493072553,-4.50831209404786,4.471137523651123,0.0,2.5083703994750977,0.0,4.712201118469238,0.0,11.691709041595459,0.0,446.3865052955225,9.398559402674437
79,-0.13968442802876524,-4.6479965220766255,3.583282470703125,0.0,2.0510196685791016,0.0,2.718886613845825,0.0,8.353188753128052,0.0,454.73969404865056,9.398559402674437
80,-0.14107507962413868,-4.789071601700764,0.14558805525302887,0.0,2.0547008514404297,0.0,1.722813367843628,0.0,3.9231022745370865,0.0,458.66279632318765,9.398559402674437
81,-0.22806190567019338,-5.017133507370957,0.0,0.1989172250032425,0.37600424885749817,0.0,0.5442786812782288,0.0,0.7213657051324844,0.0,459.38416202832013,9.398559402674437
82,-0.2815736134013309,-5.2987071207722884,0.10322202742099762,0.0,0.3072319030761719,0.0,0.943425714969635,0.0,1.3538796454668045,0.0,460.73804167378694,9.398559402674437
83,-0.2816488897976761,-5.5803560105699646,3.75968337059021,0.0,0.8563531041145325,0.0,0.9416300058364868,0.0,5.557666480541229,0.0,466.29570815432817,9.398559402674437
84,-0.012165628001075679,-5.59252163857104,0.0,0.48728668689727783,0.7609642148017883,0.0,1.514376163482666,0.0,1.7880536913871765,0.0,468.08376184571534,9.398559402674437
85,-0.13985640125735088,-5.732378039828391,4.007003307342529,0.0,0.6504278182983398,0.0,0.6320390105247498,0.0,5.289470136165619,0.0,473.37323198188096,9.398559402674437
86,-0.13993355082739845,-5.872311590655789,3.535287857055664,0.0,2.3378288745880127,0.0,0.4982232451438904,0.0,6.371339976787567,0.0,479.74457195866853,9.398559402674437
87,0.13235577377033647,-5.739955816885453,0.0,0.6314175724983215,0.03250905126333237,0.0,0.0,0.1526457816362381,0.0,0.7515543028712273,479.74457195866853,10.150113705545664
88,-0.06631350184450036,-5.806269318729953,0.0,0.3605665862560272,0.19432689249515533,0.0,0.0,0.04725097864866257,0.0,0.21349067240953445,479.74457195866853,10.363604377955198
89,-0.28165345347499127,-6.087922772204944,0.960313081741333,0.0,1.2958040237426758,0.0,0.2575300633907318,0.0,2.5136471688747406,0.0,482.25821912754327,10.363604377955198
90,-0.13993864954729723,-6.227861421752242,4.508767604827881,0.0,2.5487117767333984,0.0,3.6110475063323975,0.0,10.668526887893677,0.0,492.92674601543695,10.363604377955198
91,-0.1399386166380827,-6.367800038390325,4.704610347747803,0.0,2.737212896347046,0.0,3.5096731185913086,0.0,10.951496362686157,0.0,503.8782423781231,10.363604377955198
92,-0.1399386166380827,-6.507738655028407,2.9916839599609375,0.0,1.4913709163665771,0.0,2.155095338821411,0.0,6.638150215148926,0.0,510.51639259327203,10.363604377955198
93,-0.1399386166380827,-6.64767727166649,1.5726056098937988,0.0,0.9511759281158447,0.0,1.5165470838546753,0.0,4.040328621864319,0.0,514.5567212151363,10.363604377955198
94,-0.13888247255839925,-6.786559744224889,1.6867916584014893,0.0,0.8931700587272644,0.0,1.6631616353988647,0.0,4.243123352527618,0.0,518.799844567664,10.363604377955198
95,-0.13888247255839925,-6.9254422167832885,1.383910059928894,0.0,0.8777177333831787,0.0,1.2265641689300537,0.0,3.4881919622421265,0.0,522.2880365299061,10.363604377955198
96,-0.13888247255839925,-7.064324689341688,1.3820418119430542,0.0,0.7508902549743652,0.0,1.1527389287948608,0.0,3.2856709957122803,0.0,525.5737075256184,10.363604377955198
97,-0.1411427373465498,-7.205467426688237,2.407548666000366,0.0,1.312179684638977,0.0,1.8058457374572754,0.0,5.525574088096619,0.0,531.099281613715,10.363604377955198
98,-0.14135071158409995,-7.346818138272337,2.4062469005584717,0.0,1.3108779191970825,0.0,1.805453896522522,0.0,5.522578716278076,0.0,536.6218603299931,10.363604377955198
99,-0.13696635886377528,-7.483784497136113,2.4061148166656494,0.0,1.3148399591445923,0.0,1.8237920999526978,0.0,5.5447468757629395,0.0,542.166607205756,10.363604377955198
100,-0.13976890516200502,-7.623553402298118,5.364649295806885,0.0,2.4552366733551025,0.0,3.2190463542938232,0.0,11.03893232345581,0.0,553.2055395292118,10.363604377955198
101,-0.13992895615563583,-7.763482358453754,2.4021337032318115,0.0,1.3575668334960938,0.0,1.9222263097763062,0.0,5.681926846504211,0.0,558.887466375716,10.363604377955198
102,-0.13993805075873533,-7.9034204092124885,5.188534259796143,0.0,2.4939041137695312,0.0,3.2376279830932617,0.0,10.920066356658936,0.0,569.807532732375,10.363604377955198
103,-0.13993857093324102,-8.04335898014573,5.516861438751221,0.0,3.3691213130950928,0.0,3.0918681621551514,0.0,11.977850914001465,0.0,581.7853836463764,10.363604377955198
104,-0.13993866344710032,-8.18329764359283,0.26714035868644714,0.0,0.2384970486164093,0.0,0.05668524280190468,0.0,0.5623226501047611,0.0,582.3477062964812,10.363604377955198
105,-0.11652755644603485,-8.299825200038866,0.0,0.49542808532714844,0.23082095384597778,0.0,0.0,0.13398277759552002,0.0,0.3985899090766907,582.3477062964812,10.762194287031889
106,0.09085628877158711,-8.208968911267279,0.0,1.0159813165664673,0.0,0.014906877651810646,0.0,0.3890080749988556,0.0,1.4198962692171335,582.3477062964812,12.182090556249022
107,0.1094999527755216,-8.099468958491757,0.0,0.9259223937988281,0.5096604228019714,0.0,0.0,0.5650379657745361,0.0,0.9812999367713928,582.3477062964812,13.163390493020415
108,0.19402512447088616,-7.905443834020871,0.0,0.966838538646698,0.0,0.9425632357597351,0.11997632682323456,0.0,0.0,1.7894254475831985,582.3477062964812,14.952815940603614
109,0.3891070364345113,-7.5163367975863595,0.0,0.7738717198371887,1.4226654767990112,0.0,0.0,0.4543624222278595,0.194431334733963,0.0,582.5421376312152,14.952815940603614
110,0.24597918231636517,-7.270357615269995,0.0,0.8958898782730103,0.34599921107292175,0.0,0.0,0.5466712713241577,0.0,1.0965619385242462,582.5421376312152,16.04937787912786
111,1.0471097426131322,-6.223247872656863,0.0,1.4904053211212158,0.0,1.0971404314041138,0.0,0.7884666323661804,0.0,3.37601238489151,582.5421376312152,19.42539026401937
112,0.18401751383831666,-6.039230358818546,0.4823820888996124,0.0,0.8571309447288513,0.0,0.31658416986465454,0.0,1.6560972034931183,0.0,584.1982348347083,19.42539026401937
113,-0.36688127395740056,-6.406111632775946,0.9371930360794067,0.0,0.12846866250038147,0.0,0.2419210523366928,0.0,1.307582750916481,0.0,585.5058175856248,19.42539026401937
114,-0.015569365987246897,-6.421680998763193,4.483636856079102,0.0,0.7192350029945374,0.0,4.810684680938721,0.0,10.01355654001236,0.0,595.5193741256371,19.42539026401937
115,-0.13754405451103935,-6.559225053274233,4.864872932434082,0.0,0.782862663269043,0.0,5.715514659881592,0.0,11.363250255584717,0.0,606.8826243812218,19.42539026401937
116,-0.13980404652812828,-6.699029099802361,2.502218008041382,0.0,1.4913809299468994,0.0,2.970151901245117,0.0,6.963750839233398,0.0,613.8463752204552,19.42539026401937
117,-0.13993219392765166,-6.838961293730013,1.3914958238601685,0.0,0.9511764049530029,0.0,1.1430894136428833,0.0,3.4857616424560547,0.0,617.3321368629113,19.42539026401937
118,-0.13888325105700972,-6.977844544787023,1.6245660781860352,0.0,0.8931699991226196,0.0,1.4095584154129028,0.0,3.9272944927215576,0.0,621.2594313556328,19.42539026401937
119,-0.1388836727145737,-7.1167282175015965,1.6201491355895996,0.0,0.7525696158409119,0.0,1.1267606019973755,0.0,3.499479353427887,0.0,624.7589107090607,19.42539026401937
120,-0.1388836727145737,-7.25561189021617,1.3820419311523438,0.0,0.7508902549743652,0.0,1.1220959424972534,0.0,3.2550281286239624,0.0,628.0139388376847,19.42539026401937
121,-0.14114398654590404,-7.396755876762074,2.407548666000366,0.0,1.312179684638977,0.0,1.8078527450561523,0.0,5.527581095695496,0.0,633.5415199333802,19.42539026401937
122,-0.1384525971325936,-7.535208473894668,2.407073497772217,0.0,1.311704397201538,0.0,1.8163089752197266,0.0,5.5350868701934814,0.0,639.0766068035737,19.42539026401937
123,-0.13985485781861984,-7.675063331713288,4.460149765014648,0.0,2.440326690673828,0.0,3.180744171142578,0.0,10.081220626831055,0.0,649.1578274304047,19.42539026401937
124,-0.13993495890127772,-7.814998290614565,4.458654403686523,0.0,2.455188512802124,0.0,3.2184689044952393,0.0,10.132311820983887,0.0,659.2901392513886,19.42539026401937
125,-0.13993962204207078,-7.954937912656636,3.0076451301574707,0.0,1.3575637340545654,0.0,1.8942512273788452,0.0,6.259460091590881,0.0,665.5495993429795,19.42539026401937
126,-0.13993983287085277,-8.094877745527489,9.130516052246094,0.0,2.5504648685455322,0.0,10.715035438537598,0.0,22.396016359329224,0.0,687.9456157023087,19.42539026401937
127,-0.13993983287085277,-8.234817578398342,0.10269438475370407,0.0,0.2811284065246582,0.0,0.6341239809989929,0.0,1.0179467722773552,0.0,688.9635624745861,19.42539026401937
128,-0.08248234586054712,-8.31729992425889,0.0,0.21901081502437592,0.2604943513870239,0.0,0.4725750684738159,0.0,0.5140586048364639,0.0,689.4776210794225,19.42539026401937
129,-0.28165591536613377,-8.598955839625024,4.173839092254639,0.0,0.13199864327907562,0.0,0.4028334617614746,0.0,4.708671197295189,0.0,694.1862922767177,19.42539026401937
130,-0.06215965951857272,-8.661115499143596,0.0,0.8366543054580688,0.10950957983732224,0.0,0.11218571662902832,0.0,0.0,0.6149590089917183,694.1862922767177,20.04034927301109
131,0.17131966966063117,-8.489795829482965,0.0,1.1618666648864746,0.011138948611915112,0.0,0.0,0.5647412538528442,0.0,1.7154689701274037,694.1862922767177,21.755818243138492
132,0.08423215854147204,-8.405563670941493,2.9195802211761475,0.0,0.0,0.8130676746368408,0.0,1.0169798135757446,1.089532732963562,0.0,695.2758250096813,21.755818243138492
133,0.49954590154233836,-7.906017769399155,0.0,1.2007795572280884,1.2974462509155273,0.0,0.386181503534317,0.0,0.482848197221756,0.0,695.758673206903,21.755818243138492
134,0.048765358732829014,-7.857252410666327,0.0,0.6445506811141968,0.33253467082977295,0.0,0.0,0.032399050891399384,0.0,0.3444150611758232,695.758673206903,22.100233304314315
135,1.2627847701291333,-6.594467640537193,0.0,1.7995142936706543,0.0,1.1342405080795288,0.0,0.8372347354888916,0.0,3.7709895372390747,695.758673206903,25.87122284155339
136,0.7279727689755937,-5.866494871561599,0.37761059403419495,0.0,0.0,2.230604887008667,0.2273257076740265,0.0,0.0,1.6256685853004456,695.758673206903,27.496891426853836
137,-0.43458675782235584,-6.301081629383955,1.8299990892410278,0.0,0.0,0.05771108344197273,0.16096201539039612,0.0,1.9332500211894512,0.0,697.6919232280925,27.496891426853836
138,0.5287387140399544,-5.772342915344,5.03136682510376,0.0,5.735882759094238,0.0,3.586315870285034,0.0,14.353565454483032,0.0,712.0454886825755,27.496891426853836
139,-0.10763645701809121,-5.879979372362091,5.74823522567749,0.0,2.6268463134765625,0.0,3.509584426879883,0.0,11.884665966033936,0.0,723.9301546486095,27.496891426853836
140,-0.1383555616651515,-6.0183349340272425,11.804072380065918,0.0,2.4623515605926514,0.0,5.115615367889404,0.0,19.382039308547974,0.0,743.3121939571574,27.496891426853836
141,-0.13984346501092704,-6.158178399038169,2.8350586891174316,0.0,1.323404312133789,0.0,2.210972547531128,0.0,6.369435548782349,0.0,749.6816295059398,27.496891426853836
142,-0.1388794209912012,-6.29705782002937,1.4493412971496582,0.0,0.7568442821502686,0.0,1.1359963417053223,0.0,3.342181921005249,0.0,753.023811426945,27.496891426853836
143,-0.13888511779336543,-6.435942937822736,1.383910059928894,0.0,0.7525714039802551,0.0,1.1267603635787964,0.0,3.2632418274879456,0.0,756.287053254433,27.496891426853836
144,-0.1388854867437339,-6.574828424566469,1.3820419311523438,0.0,0.75089031457901,0.0,1.1220955848693848,0.0,3.2550278306007385,0.0,759.5420810850337,27.496891426853836
145,-0.13994165374505707,-6.714770078311526,1.6144403219223022,0.0,0.7494752407073975,0.0,1.338219404220581,0.0,3.7021349668502808,0.0,763.244216051884,27.496891426853836
146,-0.13994165374505707,-6.8547117320565825,4.448814868927002,0.0,2.4375662803649902,0.0,3.4190969467163086,0.0,10.3054780960083,0.0,773.5496941478923,27.496891426853836
147,-0.1399416936615428,-6.994653425718125,4.444901943206787,0.0,2.4403018951416016,0.0,3.399649143218994,0.0,10.284852981567383,0.0,783.8345471294597,27.496891426853836
148,-0.13994166069495861,-7.134595086413084,4.458652973175049,0.0,2.4551870822906494,0.0,3.2622923851013184,0.0,10.176132440567017,0.0,794.0106795700267,27.496891426853836
149,-0.13994166069495861,-7.274536747108042,4.4550580978393555,0.0,2.48382568359375,0.0,3.2831010818481445,0.0,10.22198486328125,0.0,804.232664433308,27.496891426853836
150,-0.1411457814034257,-7.415682528511468,3.3123586177825928,0.0,1.9415417909622192,0.0,2.7129204273223877,0.0,7.9668208360672,0.0,812.1994852693751,27.496891426853836
151,-0.13845591690891812,-7.554138445420386,0.3879026770591736,0.0,0.2068948745727539,0.0,0.7492762804031372,0.0,1.3440738320350647,0.0,813.5435591014102,27.496891426853836
152,-0.1398568304823007,-7.693995275902687,1.4911171197891235,0.0,0.16637200117111206,0.0,0.31223541498184204,0.0,1.9697245359420776,0.0,815.5132836373523,27.496891426853836
153,-0.12715341733521157,-7.821148693237898,0.0,0.5702441930770874,0.1905435174703598,0.0,0.0,0.018668903037905693,0.0,0.3983695786446333,815.5132836373523,27.89526100549847
154,-0.009061633656987977,-7.830210326894886,0.0,0.7723064422607422,0.2927410900592804,0.0,0.0,0.26675498485565186,0.0,0.7463203370571136,815.5132836373523,28.641581342555583
155,-0.25378618473692194,-8.083996511631808,5.558591842651367,0.0,0.0,0.10624518245458603,0.3182430863380432,0.0,5.770589746534824,0.0,821.2838733838871,28.641581342555583
156,-0.024418247829264272,-8.108414759461072,4.077381610870361,0.0,0.0,1.072579026222229,3.0743653774261475,0.0,6.07916796207428,0.0,827.3630413459614,28.641581342555583
157,0.07656838361397345,-8.031846375847099,3.618730068206787,0.0,0.0,2.3162178993225098,2.5031726360321045,0.0,3.805684804916382,0.0,831.1687261508778,28.641581342555583
158,0.8748224497912795,-7.157023926055819,0.0,0.7494138479232788,3.429589033126831,0.0,0.0,0.6091670989990234,2.071008086204529,0.0,833.2397342370823,28.641581342555583
159,1.3684766196911027,-5.788547306364716,0.0,1.494853138923645,0.0,1.6258949041366577,0.0,1.0379257202148438,0.0,4.1586737632751465,833.2397342370823,32.80025510583073
160,0.48886959390215434,-5.299677712462562,0.997913122177124,0.0,0.0,1.6377943754196167,0.47108832001686096,0.0,0.0,0.1687929332256317,833.2397342370823,32.96904803905636
161,-0.4538839006905737,-5.753561613153136,1.5028300285339355,0.0,0.0,0.013487744145095348,0.6075376868247986,0.0,2.096879971213639,0.0,835.3366142082959,32.96904803905636
162,0.5286927944070219,-5.224868818746113,5.1909260749816895,0.0,3.920854091644287,0.0,4.561811447143555,0.0,13.673591613769531,0.0,849.0102058220655,32.96904803905636
163,-0.10764085373086063,-5.332509672476974,4.80976676940918,0.0,0.9372602701187134,0.0,3.9831554889678955,0.0,9.730182528495789,0.0,858.7403883505613,32.96904803905636
164,-0.13835809755667228,-5.470867770033646,5.541411399841309,0.0,2.6253418922424316,0.0,3.853853702545166,0.0,12.020606994628906,0.0,870.7609953451902,32.96904803905636
165,-0.13984573762873165,-5.6107135076623775,1.5726063251495361,0.0,0.7602731585502625,0.0,1.8900344371795654,0.0,4.222913920879364,0.0,874.9839092660695,32.96904803905636
166,-0.13888167645711524,-5.749595184119492,1.3883252143859863,0.0,0.7568443417549133,0.0,1.1359964609146118,0.0,3.2811660170555115,0.0,878.265075283125,32.96904803905636
167,-0.13888737325927947,-5.888482557378772,1.383910059928894,0.0,0.7525714635848999,0.0,1.126760482788086,0.0,3.26324200630188,0.0,881.5283172894269,32.96904803905636
168,-0.13888768260500317,-6.027370239983775,1.3820418119430542,0.0,0.7508903741836548,0.0,1.1220958232879639,0.0,3.255028009414673,0.0,884.7833452988416,32.96904803905636
169,-0.13994391941296014,-6.167314159396735,1.3805701732635498,0.0,0.7494750618934631,0.0,1.1190171241760254,0.0,3.2490623593330383,0.0,888.0324076581746,32.96904803905636
170,-0.13994391941296014,-6.307258078809696,4.461483001708984,0.0,2.4375662803649902,0.0,3.199894666671753,0.0,10.098943948745728,0.0,898.1313516069204,32.96904803905636
171,-0.13994391941296014,-6.447201998222656,4.460124492645264,0.0,2.4403016567230225,0.0,3.2021214962005615,0.0,10.102547645568848,0.0,908.2338992524892,32.96904803905636
172,-0.13994395932944587,-6.587145957552102,4.458652973175049,0.0,2.4551868438720703,0.0,3.218451976776123,0.0,10.132291793823242,0.0,918.3661910463125,32.96904803905636
173,-0.13994392636286168,-6.727089883914964,7.026584625244141,0.0,2.48382568359375,0.0,3.2831013202667236,0.0,12.793511629104614,0.0,931.1597026754171,32.96904803905636
174,-0.14114804707132877,-6.868237930986292,2.4391467571258545,0.0,1.3658961057662964,0.0,2.5222854614257812,0.0,6.327328324317932,0.0,937.487030999735,32.96904803905636
175,-0.13845824218146596,-7.006696173167758,0.15246166288852692,0.0,0.7377716302871704,0.0,0.5246580839157104,0.0,1.4148913770914078,0.0,938.9019223768264,32.96904803905636
176,-0.13985916270475007,-7.146555335872508,1.1693328619003296,0.0,0.21019577980041504,0.0,0.20455749332904816,0.0,1.5840861350297928,0.0,940.4860085118562,32.96904803905636
177,-0.11134114891566799,-7.2578964847881755,0.0,0.6234520077705383,0.18700283765792847,0.0,0.0,0.025750230997800827,0.0,0.4621994011104107,940.4860085118562,33.43124744016677
178,0.029763525772980914,-7.228132959015195,0.0,0.9070211052894592,0.03957318514585495,0.0,0.0,0.2800472378730774,0.0,1.1474951580166817,940.4860085118562,34.57874259818345
179,0.10822650713216286,-7.119906451883032,0.0,1.041636347770691,0.19267141819000244,0.0,0.0,0.44451069831848145,0.0,1.29347562789917,940.4860085118562,35.87221822608262
180,0.1303475890158836,-6.989558862867148,2.9676337242126465,0.0,0.0,1.0371378660202026,0.0,0.9689503908157349,0.961545467376709,0.0,941.4475539792329,35.87221822608262
181,0.4185915196044764,-6.570967343262672,0.0,0.8901332020759583,1.33677077293396,0.0,0.0,0.5087555646896362,0.0,0.06211799383163452,941.4475539792329,35.93433621991426
182,0.2363313504093661,-6.334635992853306,0.0,0.9799602627754211,0.37719324231147766,0.0,0.0,0.48432299494743347,0.0,1.087090015411377,941.4475539792329,37.021426235325634
183,1.3875950703246938,-4.947040922528612,0.0,1.7408504486083984,0.0,1.1052159070968628,0.0,1.528876543045044,0.0,4.374942898750305,941.4475539792329,41.39636913407594
184,0.9438856045349056,-4.0031553179937065,0.40848013758659363,0.0,0.0,2.214766263961792,1.3281590938568115,0.0,0.0,0.47812703251838684,941.4475539792329,41.87449616659433
185,-0.400040508666016,-4.403195826659722,0.03388340771198273,0.0,0.0,0.048357393592596054,0.5493500828742981,0.0,0.5348760969936848,0.0,941.9824300762266,41.87449616659433
186,0.530582558431306,-3.8726132682284162,4.794083595275879,0.0,3.9175541400909424,0.0,3.3698031902313232,0.0,12.081440925598145,0.0,954.0638710018247,41.87449616659433
187,-0.10753578476104098,-3.980149052989457,3.1138298511505127,0.0,1.6398365497589111,0.0,2.87153697013855,0.0,7.625203371047974,0.0,961.6890743728727,41.87449616659433
188,-0.1383543477450071,-4.118503400734465,2.8987135887145996,0.0,1.4990795850753784,0.0,3.2106471061706543,0.0,7.608440279960632,0.0,969.2975146528333,41.87449616659433
189,-0.13984752752043983,-4.258350928254904,1.5726063251495361,0.0,0.9516531825065613,0.0,2.0136284828186035,0.0,4.537887990474701,0.0,973.835402643308,41.87449616659433
190,-0.1388837663842466,-4.397234694639151,1.3883253335952759,0.0,0.8931995630264282,0.0,1.8815960884094238,0.0,4.163120985031128,0.0,977.9985236283392,41.87449616659433
191,-0.13888940358176605,-4.536124098220917,1.3839101791381836,0.0,0.7525715231895447,0.0,1.3753008842468262,0.0,3.5117825865745544,0.0,981.5103062149137,41.87449616659433
192,-0.13888982523933002,-4.675013923460247,1.6985905170440674,0.0,0.7508901953697205,0.0,1.1220957040786743,0.0,3.571576416492462,0.0,985.0818826314062,41.87449616659433
193,-0.1400916219813636,-4.81510554544161,2.399888038635254,0.0,1.4342265129089355,0.0,1.8078527450561523,0.0,5.641967296600342,0.0,990.7238499280065,41.87449616659433
194,-0.13740255878291574,-4.952508104224526,2.407073497772217,0.0,1.311704397201538,0.0,1.8163084983825684,0.0,5.535086393356323,0.0,996.2589363213629,41.87449616659433
195,-0.1388048519966767,-5.091312956221202,2.405339479446411,0.0,1.314064621925354,0.0,1.813567876815796,0.0,5.532971978187561,0.0,1001.7919082995504,41.87449616659433
196,-0.13888501756203997,-5.230197973783242,4.458654403686523,0.0,2.455188274383545,0.0,3.21846866607666,0.0,10.132311344146729,0.0,1011.9242196436971,41.87449616659433
197,-0.14009166336605927,-5.370289637149301,2.4035866260528564,0.0,1.3571373224258423,0.0,1.8886604309082031,0.0,5.649384379386902,0.0,1017.573604023084,41.87449616659433
198,-0.14029793904590054,-5.510587576195202,3.2319393157958984,0.0,1.3671513795852661,0.0,1.84305739402771,0.0,6.4421480894088745,0.0,1024.015752112493,41.87449616659433
199,-0.14050402385886368,-5.651091600054065,2.1527442932128906,0.0,1.4287500381469727,0.0,1.900704264640808,0.0,5.482198596000671,0.0,1029.4979507084936,41.87449616659433
200,-0.1344341901395616,-5.785525790193627,1.3985682725906372,0.0,0.246471107006073,0.0,0.2813306450843811,0.0,1.9263700246810913,0.0,1031.4243207331747,41.87449616659433
201,0.02534868399886092,-5.7601771061947655,0.0,0.6298119425773621,0.23566007614135742,0.0,0.06316334009170532,0.0,0.0,0.3309885263442993,1031.4243207331747,42.205484692938626
202,0.10229997662229273,-5.657877129572473,0.0,0.9262790679931641,0.10240159183740616,0.0,0.01700427755713463,0.0,0.0,0.8068731985986233,1031.4243207331747,43.01235789153725
203,0.09440097690884675,-5.563476152663626,0.0,1.4454952478408813,0.0,0.7733582854270935,0.0,0.27708128094673157,0.0,2.4959348142147064,1031.4243207331747,45.508292705751956
204,-0.07520464718790726,-5.638680799851533,0.0,0.35866621136665344,0.008087906055152416,0.0,0.0,0.16686540842056274,0.0,0.5174437137320638,1031.4243207331747,46.02573641948402
205,-0.1889293984368788,-5.827610198288412,0.0,0.08942629396915436,0.025905432179570198,0.0,4.969289779663086,0.0,4.905768917873502,0.0,1036.3300896510482,46.02573641948402
206,0.39087773830068295,-5.436732459987729,5.559691429138184,0.0,3.144935369491577,0.0,4.098015308380127,0.0,12.802642107009888,0.0,1049.132731758058,46.02573641948402
207,-0.11905367970620473,-5.555786139693934,4.3475260734558105,0.0,2.3563880920410156,0.0,2.945974111557007,0.0,9.649888277053833,0.0,1058.782620035112,46.02573641948402
208,-0.13770417382686517,-5.693490313520799,3.864309310913086,0.0,2.301417112350464,0.0,2.970620632171631,0.0,9.13634705543518,0.0,1067.918967090547,46.02573641948402
209,-0.13881775601606128,-5.832308069536861,4.3063178062438965,0.0,2.418133020401001,0.0,3.513103485107422,0.0,10.23755431175232,0.0,1078.1565214022994,46.02573641948402
210,-0.13888611074458268,-5.971194180281444,4.5091753005981445,0.0,2.5489203929901123,0.0,4.604788780212402,0.0,11.66288447380066,0.0,1089.8194058761,46.02573641948402
211,-0.13889035243762082,-6.110084532719064,3.0339224338531494,0.0,1.4843658208847046,0.0,2.867318630218506,0.0,7.38560688495636,0.0,1097.2050127610564,46.02573641948402
212,-0.13889050366175804,-6.248975036380822,2.6659936904907227,0.0,1.4913709163665771,0.0,2.465001106262207,0.0,6.622365713119507,0.0,1103.827378474176,46.02573641948402
213,-0.13889055636895353,-6.387865592749775,2.690565824508667,0.0,1.5143067836761475,0.0,2.5844595432281494,0.0,6.789332151412964,0.0,1110.616710625589,46.02573641948402
214,-0.13889055636895353,-6.526756149118729,1.5103574991226196,0.0,1.4826343059539795,0.0,1.6831169128417969,0.0,4.676108717918396,0.0,1115.2928193435073,46.02573641948402
215,-0.1388905962084,-6.665646745327129,1.4217231273651123,0.0,0.7525694966316223,0.0,1.1267601251602173,0.0,3.301052749156952,0.0,1118.5938720926642,46.02573641948402
216,-0.1388905632664028,-6.804537308593531,1.3846707344055176,0.0,0.7508900761604309,0.0,1.1220957040786743,0.0,3.257656514644623,0.0,1121.8515286073089,46.02573641948402
217,-0.1388905632664028,-6.943427871859933,1.3729095458984375,0.0,0.7494750022888184,0.0,1.1190170049667358,0.0,3.2414015531539917,0.0,1125.0929301604629,46.02573641948402
218,-0.1388905632664028,-7.082318435126336,4.67925500869751,0.0,2.437566041946411,0.0,3.199894428253174,0.0,10.316715478897095,0.0,1135.40964563936,46.02573641948402
219,-0.1388905632664028,-7.221208998392738,4.460124969482422,0.0,2.4403016567230225,0.0,3.2021212577819824,0.0,10.102547883987427,0.0,1145.5121935233474,46.02573641948402
220,-0.1388905632664028,-7.3600995616591405,2.4038431644439697,0.0,1.3289248943328857,0.0,1.8296009302139282,0.0,5.562368988990784,0.0,1151.0745625123382,46.02573641948402
221,-0.1388905632664028,-7.498990124925543,3.786634922027588,0.0,1.3575636148452759,0.0,1.8942500352859497,0.0,7.0384485721588135,0.0,1158.113011084497,46.02573641948402
222,-0.1400923600084364,-7.639082484933979,2.356093406677246,0.0,1.3645824193954468,0.0,1.8379194736480713,0.0,5.558595299720764,0.0,1163.6716063842177,46.02573641948402
223,-0.1374033564146333,-7.776485841348613,0.058344051241874695,0.0,0.20695610344409943,0.0,0.3363758623600006,0.0,0.6016760170459747,0.0,1164.2732824012637,46.02573641948402
224,-0.03702741055813663,-7.81351325190675,0.0,0.39089852571487427,0.14567768573760986,0.0,0.07552128285169601,0.0,0.0,0.1696995571255684,1164.2732824012637,46.19543597660959
225,0.08338963158816066,-7.730123620318589,0.0,0.7487593293190002,0.24533995985984802,0.0,0.0,0.10493098944425583,0.0,0.608350358903408,1164.2732824012637,46.803786335512996
226,0.15252101297713636,-7.577602607341453,0.0,0.9634197950363159,0.1063423678278923,0.0,0.0,0.15580029785633087,0.0,1.0128777250647545,1164.2732824012637,47.81666406057775
227,0.32732575408693454,-7.250276853254519,0.0,1.1795684099197388,0.0,0.028032707050442696,0.0,0.5876062512397766,0.0,1.795207368209958,1164.2732824012637,49.61187142878771
228,0.19131111272007367,-7.058965740534445,0.0,0.9936406016349792,0.03794948011636734,0.0,0.0,0.27996915578842163,0.0,1.2356602773070335,1164.2732824012637,50.84753170609474
229,0.038054793026983114,-7.020910947507462,3.106860876083374,0.0,10.434721946716309,0.0,0.0,1.0400351285934448,12.501547694206238,0.0,1176.77483009547,50.84753170609474
230,0.28466608263079785,-6.736244864876664,0.0,1.0160142183303833,0.0,0.1581920087337494,0.0,0.5203769207000732,0.0,1.694583147764206,1176.77483009547,52.54211485385895
231,0.10394451839891514,-6.632300346477749,0.0,0.6432213187217712,0.0,0.04518565908074379,0.0,0.31277215480804443,0.0,1.0011791326105595,1176.77483009547,53.54329398646951
232,-0.15459523157443056,-6.786895578052179,4.113112926483154,0.0,0.0,0.008898989297449589,1.617255687713623,0.0,5.721469624899328,0.0,1182.4962997203693,53.54329398646951
233,-0.010738382155244697,-6.797633960207424,4.19106912612915,0.0,2.394862174987793,0.0,3.6910901069641113,0.0,10.277021408081055,0.0,1192.7733211284503,53.54329398646951
234,-0.1364453891720303,-6.934079349379454,5.430846214294434,0.0,2.786083459854126,0.0,3.3853635787963867,0.0,11.602293252944946,0.0,1204.3756143813953,53.54329398646951
235,-0.138752369157785,-7.072831718537239,4.965735912322998,0.0,2.610760450363159,0.0,4.1134209632873535,0.0,11.68991732597351,0.0,1216.0655317073688,53.54329398646951
236,-0.1388829513049985,-7.211714669842237,5.277676105499268,0.0,2.617633104324341,0.0,3.2340712547302246,0.0,11.129380464553833,0.0,1227.1949121719226,53.54329398646951
237,-0.13889032783996935,-7.350604997682207,2.6628031730651855,0.0,1.3229271173477173,0.0,2.7032055854797363,0.0,6.688935875892639,0.0,1233.8838480478153,53.54329398646951
238,-0.13889074949753333,-7.48949574717974,2.0561447143554688,0.0,0.7568148970603943,0.0,1.1359964609146118,0.0,3.948956072330475,0.0,1237.8328041201457,53.54329398646951
239,-0.13889074949753333,-7.628386496677273,1.383910059928894,0.0,0.7525696754455566,0.0,1.126760482788086,0.0,3.2632402181625366,0.0,1241.0960443383083,53.54329398646951
240,-0.13889074949753333,-7.767277246174807,1.3820419311523438,0.0,0.7508902549743652,0.0,1.1220958232879639,0.0,3.255028009414673,0.0,1244.351072347723,53.54329398646951
241,-0.1399469565199345,-7.907224202694741,1.3805701732635498,0.0,0.7494751811027527,0.0,1.1190171241760254,0.0,3.249062478542328,0.0,1247.6001348262653,53.54329398646951
242,-0.1399469565199345,-8.047171159214676,4.461483001708984,0.0,2.4375662803649902,0.0,3.199894666671753,0.0,10.098943948745728,0.0,1257.699078775011,53.54329398646951
243,-0.1399469565199345,-8.18711811573461,4.460124492645264,0.0,2.4403018951416016,0.0,3.2021214962005615,0.0,10.102547883987427,0.0,1267.8016266589984,53.54329398646951
244,-0.1399469565199345,-8.327065072254545,4.44578218460083,0.0,2.4551870822906494,0.0,3.218451976776123,0.0,10.119421243667603,0.0,1277.921047902666,53.54329398646951
245,-0.13994699643642022,-8.467012068690964,2.402130603790283,0.0,1.3575637340545654,0.0,1.9221926927566528,0.0,5.6818870306015015,0.0,1283.6029349332675,53.54329398646951
246,-0.1411510442618174,-8.608163112952782,2.3910446166992188,0.0,1.3686537742614746,0.0,5.256846904754639,0.0,9.016545295715332,0.0,1292.6194802289829,53.54329398646951
247,-0.1413572036848279,-8.74952031663761,3.1899189949035645,0.0,1.3377556800842285,0.0,1.918920874595642,0.0,6.446595549583435,0.0,1299.0660757785663,53.54329398646951
248,-0.13697777880665418,-8.886498095444265,0.8007060289382935,0.0,1.0738112926483154,0.0,0.4041234254837036,0.0,2.2786407470703125,0.0,1301.3447165256366,53.54329398646951
249,-0.23920659190369473,-9.12570468734796,0.0,0.1612180918455124,0.28673940896987915,0.0,0.7131458520889282,0.0,0.838667169213295,0.0,1302.18338369485,53.54329398646951
250,-0.09734806725134842,-9.223052754599308,0.0,0.5518274307250977,0.0,0.012162093073129654,0.0,0.13855527341365814,0.0,0.7025447972118855,1302.18338369485,54.24583878368139
251,0.08388232367400966,-9.139170430925299,0.0,0.8458772897720337,0.0,0.06941434741020203,0.0,0.4780837297439575,0.0,1.3933753669261932,1302.18338369485,55.639214150607586
252,0.40237572169958613,-8.736794709225713,0.0,1.100285291671753,0.0,1.0162415504455566,0.0,0.9268683791160583,0.0,3.043395221233368,1302.18338369485,58.682609371840954
253,0.4482501402611951,-8.288544568964518,0.0,1.0048272609710693,1.7040561437606812,0.0,0.4731895327568054,0.0,1.1724184155464172,0.0,1303.3558021103963,58.682609371840954
254,-0.12884554196334258,-8.41739011092786,5.203329086303711,0.0,0.3675270974636078,0.0,0.03753744065761566,0.0,5.608393624424934,0.0,1308.9641957348213,58.682609371840954
255,1.1665295377615439,-7.250860573166316,0.0,1.7274858951568604,0.0,1.098055362701416,0.0,0.7639256715774536,0.0,3.58946692943573,1308.9641957348213,62.272076301276684
256,0.7035674467274937,-6.547293126438822,1.1601547002792358,0.0,0.0,2.1835854053497314,0.32013586163520813,0.0,0.0,0.7032948434352875,1308.9641957348213,62.97537114471197
257,-0.4481909831753211,-6.995484109614143,0.6183987855911255,0.0,0.0,0.0319245420396328,0.2125055342912674,0.0,0.7989797778427601,0.0,1309.763175512664,62.97537114471197
258,0.5286999288684604,-6.466784180745682,4.949224472045898,0.0,3.919684886932373,0.0,3.590782880783081,0.0,12.459692239761353,0.0,1322.2228677524254,62.97537114471197
259,-0.10764451855818047,-6.574428699303862,4.628384113311768,0.0,0.9373806715011597,0.0,3.764183759689331,0.0,9.329948544502258,0.0,1331.5528162969276,62.97537114471197
260,-0.1383632188115671,-6.712791918115429,4.557027339935303,0.0,2.4623491764068604,0.0,4.098789215087891,0.0,11.118165731430054,0.0,1342.6709820283577,62.97537114471197
261,-0.1398505956099103,-6.852642513725339,1.3914958238601685,0.0,0.7602732181549072,0.0,8.75388240814209,0.0,10.905651450157166,0.0,1353.5766334785149,62.97537114471197
262,-0.13888649777416084,-6.9915290114995,2.4157299995422363,0.0,1.3199752569198608,0.0,2.1039822101593018,0.0,5.839687466621399,0.0,1359.4163209451362,62.97537114471197
263,-0.13889219457632507,-7.130421206075825,1.8425711393356323,0.0,0.7525714039802551,0.0,1.6166279315948486,0.0,4.211770474910736,0.0,1363.628091420047,62.97537114471197
264,-0.13889250392204877,-7.269313709997874,1.3820418119430542,0.0,0.7508903741836548,0.0,1.1220955848693848,0.0,3.2550277709960938,0.0,1366.883119191043,62.97537114471197
265,-0.1399487773941388,-7.409262487392013,4.462784767150879,0.0,2.4388680458068848,0.0,3.2022931575775146,0.0,10.103945970535278,0.0,1376.9870651615784,62.97537114471197
266,-0.1399487773941388,-7.549211264786152,4.461483001708984,0.0,2.4375662803649902,0.0,3.199894428253174,0.0,10.098943710327148,0.0,1387.0860088719055,62.97537114471197
267,-0.13994881731062453,-7.689160082096777,2.4053146839141846,0.0,1.314039707183838,0.0,1.8132702112197876,0.0,5.53262460231781,0.0,1392.6186334742233,62.97537114471197
268,-0.13994878434404034,-7.8291088664408175,4.458652973175049,0.0,2.4551868438720703,0.0,3.218451976776123,0.0,10.132291793823242,0.0,1402.7509252680466,62.97537114471197
269,-0.13994878434404034,-7.969057650784858,4.456940174102783,0.0,2.48382568359375,0.0,3.3110435009002686,0.0,10.251809358596802,0.0,1413.0027346266434,62.97537114471197
270,-0.1411528651360217,-8.11021051592088,2.389822006225586,0.0,1.3680423498153687,0.0,1.844839334487915,0.0,5.60270369052887,0.0,1418.6054383171722,62.97537114471197
271,-0.1413590245590322,-8.251569540479911,2.1651861667633057,0.0,1.334868311882019,0.0,1.7193254232406616,0.0,5.219379901885986,0.0,1423.8248182190582,62.97537114471197
272,-0.05743228908603659,-8.309001829565949,0.0,0.3032110929489136,0.2920221984386444,0.0,0.17265743017196655,0.0,0.1614685356616974,0.0,1423.98628675472,62.97537114471197
273,-0.1538557871999343,-8.462857616765882,0.0,0.4865637421607971,0.7558640241622925,0.0,0.1162751242518425,0.0,0.38557540625333786,0.0,1424.3718621609733,62.97537114471197
274,-0.1815619856640005,-8.644419602429883,0.01785881631076336,0.0,0.0,0.007464501075446606,0.0,0.37409570813179016,0.0,0.3637013928964734,1424.3718621609733,63.339072537608445
275,-0.1635116235918719,-8.807931226021754,0.00848097912967205,0.0,0.0,0.03704753890633583,0.0,0.41334980726242065,0.0,0.44191636703908443,1424.3718621609733,63.78098890464753
276,0.3444708824418464,-8.463460343579907,0.0,1.138273000717163,0.0,0.7947784662246704,0.0,0.5503185391426086,0.0,2.483370006084442,1424.3718621609733,66.26435891073197
277,0.360066297572502,-8.103394046007406,0.0,1.0237867832183838,1.5069156885147095,0.0,0.0,0.09319671243429184,0.38993219286203384,0.0,1424.7617943538353,66.26435891073197
278,0.14394667653387144,-7.959447369473534,0.0,1.038109540939331,0.37058815360069275,0.0,0.04541759192943573,0.0,0.0,0.6221037954092026,1424.7617943538353,66.88646270614117
279,0.3253304003643369,-7.634116969109197,0.28020018339157104,0.0,0.0,1.084752082824707,0.0,0.9117798805236816,0.0,1.7163317799568176,1424.7617943538353,68.60279448609799
280,0.4243278960783954,-7.209789073030802,3.117840528488159,0.0,0.0,2.2163405418395996,0.0,1.3500994443893433,0.0,0.4485994577407837,1424.7617943538353,69.05139394383878
281,1.1771340275924302,-6.032655045438371,4.065131187438965,0.0,3.4260241985321045,0.0,2.173203468322754,0.0,9.664358854293823,0.0,1434.426153208129,69.05139394383878
282,-0.03372825790222178,-6.066383303340594,5.5654120445251465,0.0,2.6824052333831787,0.0,3.8732821941375732,0.0,12.121099472045898,0.0,1446.547252680175,69.05139394383878
283,-0.1349229888804202,-6.201306292221014,5.449470520019531,0.0,2.618725061416626,0.0,6.5187764167785645,0.0,14.586971998214722,0.0,1461.1342246783897,69.05139394383878
284,-0.1396503080054079,-6.340956600226422,3.201500654220581,0.0,1.4918429851531982,0.0,4.624571800231934,0.0,9.317915439605713,0.0,1470.4521401179954,69.05139394383878
285,-0.1399334500120224,-6.480890050238444,1.7103245258331299,0.0,1.0715007781982422,0.0,4.812893390655518,0.0,7.59471869468689,0.0,1478.0468588126823,69.05139394383878
286,-0.13889411466595902,-6.619784164904403,1.6165701150894165,0.0,0.8931717872619629,0.0,8.895685195922852,0.0,11.405427098274231,0.0,1489.4522859109566,69.05139394383878
287,-0.13889521461961518,-6.758679379524018,1.383910059928894,0.0,0.7525697946548462,0.0,1.8580350875854492,0.0,3.9945149421691895,0.0,1493.4468008531258,69.05139394383878
288,-0.13889526732681068,-6.897574646850829,1.3820419311523438,0.0,0.7508901357650757,0.0,1.3647221326828003,0.0,3.4976541996002197,0.0,1496.944455052726,69.05139394383878
289,-0.13995150870544526,-7.037526155556275,1.3805701732635498,0.0,0.7494750618934631,0.0,1.1190168857574463,0.0,3.2490621209144592,0.0,1500.1935171736404,69.05139394383878
290,-0.13995150870544526,-7.177477664261721,2.4066731929779053,0.0,1.5507625341415405,0.0,1.811043381690979,0.0,5.768479108810425,0.0,1505.9619962824509,69.05139394383878
291,-0.139951548621931,-7.317429212883652,4.460124492645264,0.0,2.4403016567230225,0.0,3.2021210193634033,0.0,10.10254716873169,0.0,1516.0645434511825,69.05139394383878
292,-0.1399515156553468,-7.457380728538999,4.458652973175049,0.0,2.4551868438720703,0.0,3.218451976776123,0.0,10.132291793823242,0.0,1526.1968352450058,69.05139394383878
293,-0.1399515156553468,-7.597332244194345,4.458822727203369,0.0,2.48382568359375,0.0,3.2831010818481445,0.0,10.225749492645264,0.0,1536.422584737651,69.05139394383878
294,-0.1399515156553468,-7.737283759849692,4.418700218200684,0.0,2.4949560165405273,0.0,4.195270538330078,0.0,11.108926773071289,0.0,1547.5315115107223,69.05139394383878
295,-0.14008528284885524,-7.877369042698548,2.1068549156188965,0.0,1.4297581911087036,0.0,3.1033403873443604,0.0,6.6399534940719604,0.0,1554.1714650047943,69.05139394383878
296,-0.06057266068317513,-7.937941703381723,0.0,0.30194222927093506,0.16593414545059204,0.0,0.11498593538999557,0.0,0.0,0.021022148430347443,1554.1714650047943,69.07241609226912
297,-0.07827208989408578,-8.016213793275808,0.0,0.6864755749702454,0.1555025726556778,0.0,0.0,0.0888141319155693,0.0,0.6197871342301369,1554.1714650047943,69.69220322649926
298,-0.03312084876188136,-8.049334642037689,0.0,0.9474290609359741,0.01937001198530197,0.0,0.16479875147342682,0.0,0.0,0.7632602974772453,1554.1714650047943,70.4554635239765
299,0.07397783427609689,-7.9753568077615915,0.0,0.9763924479484558,0.21945720911026,0.0,0.0,0.3792668879032135,0.0,1.1362021267414093,1554.1714650047943,71.59166565071791
300,0.388981778438248,-7.586375029323343,0.0,1.0798332691192627,0.0,1.006283164024353,0.0,0.9064598083496094,0.0,2.992576241493225,1554.1714650047943,74.58424189221114
301,0.48900790785518516,-7.097367121468158,0.0,1.1599277257919312,1.3186919689178467,0.0,0.42715245485305786,0.0,0.5859166979789734,0.0,1554.7573817027733,74.58424189221114
302,0.20275108436604733,-6.894616037102111,3.0786237716674805,0.0,0.0,1.3052886724472046,0.0,1.088329792022705,0.6850053071975708,0.0,1555.4423870099708,74.58424189221114
303,1.1168090679055451,-5.777806969196566,0.0,0.690329372882843,0.0,2.071782112121582,0.0,1.5745469331741333,0.0,4.336658418178558,1555.4423870099708,78.9209003103897
304,0.16244808623259843,-5.615358882963967,0.0,1.5351399183273315,0.0,0.1905236691236496,0.0,0.9512506127357483,0.0,2.6769142001867294,1555.4423870099708,81.59781451057643
305,0.3704748926952246,-5.244883990268743,3.120495319366455,0.0,0.0,0.023395642638206482,1.6890002489089966,0.0,4.786099925637245,0.0,1560.228486935608,81.59781451057643
306,0.8603212022765541,-4.38456278799219,4.695721626281738,0.0,5.728869438171387,0.0,4.520411014556885,0.0,14.94500207901001,0.0,1575.173489014618,81.59781451057643
307,-0.09505412887957743,-4.479616916871767,3.676520586013794,0.0,1.6406055688858032,0.0,2.8926830291748047,0.0,8.209809184074402,0.0,1583.3832981986925,81.59781451057643
308,-0.13765265332741672,-4.617269570199184,3.2796013355255127,0.0,1.8022834062576294,0.0,2.157567262649536,0.0,7.239452004432678,0.0,1590.6227502031252,81.59781451057643
309,-0.13981561785191587,-4.7570851880511,1.482080101966858,0.0,0.9516528248786926,0.0,2.13386607170105,0.0,4.5675989985466,0.0,1595.1903492016718,81.59781451057643
310,-0.13889007155164146,-4.895975259602741,1.4493430852890015,0.0,1.8510253429412842,0.0,2.4094769954681396,0.0,5.709845423698425,0.0,1600.9001946253702,81.59781451057643
311,-0.1388980209683135,-5.0348732805710545,1.8571540117263794,0.0,0.7525714635848999,0.0,1.612007975578308,0.0,4.221733450889587,0.0,1605.1219280762598,81.59781451057643
312,-0.1388984357284282,-5.173771716299482,1.3820419311523438,0.0,0.7508903741836548,0.0,1.1220954656600952,0.0,3.2550277709960938,0.0,1608.3769558472559,81.59781451057643
313,-0.14115883510144728,-5.31493055140093,2.407548666000366,0.0,1.4313563108444214,0.0,1.8078527450561523,0.0,5.64675772190094,0.0,1614.0237135691568,81.59781451057643
314,-0.1384676309354993,-5.453398182336429,4.461883068084717,0.0,2.4379663467407227,0.0,3.2051591873168945,0.0,10.105008602142334,0.0,1624.1287221712992,81.59781451057643
315,-0.13986984586423157,-5.59326802820066,4.460149765014648,0.0,2.440326452255249,0.0,3.202418565750122,0.0,10.10289478302002,0.0,1634.2316169543192,81.59781451057643
316,-0.13994989423969395,-5.733217922440353,4.458654403686523,0.0,2.455188512802124,0.0,3.218468427658081,0.0,10.132311344146729,0.0,1644.363928298466,81.59781451057643
317,-0.13995449772338997,-5.873172420163743,4.456940650939941,0.0,2.483825922012329,0.0,3.283102035522461,0.0,10.223868608474731,0.0,1654.5877969069406,81.59781451057643
318,-0.13995476125936746,-6.01312718142311,2.828871965408325,0.0,1.4352635145187378,0.0,1.8546606302261353,0.0,6.118796110153198,0.0,1660.7065930170938,81.59781451057643
319,-0.14115711149541693,-6.154284292918527,4.637402534484863,0.0,1.4467058181762695,0.0,1.9045298099517822,0.0,7.988638162612915,0.0,1668.6952311797068,81.59781451057643
320,-0.05022184560052623,-6.204506138519053,0.0,0.337597131729126,1.0635040998458862,0.0,2.863124132156372,0.0,3.5890311002731323,0.0,1672.2842622799799,81.59781451057643
321,-0.06114726948410676,-6.2656534080031605,0.0,0.7181440591812134,0.1400558352470398,0.0,0.0,0.12096017599105835,0.0,0.6990483999252319,1672.2842622799799,82.29686291050166
322,0.07932541075614419,-6.186327997247016,0.0,1.001457691192627,0.34990954399108887,0.0,0.0,0.37451738119125366,0.0,1.0260655283927917,1672.2842622799799,83.32292843889445
323,0.14154713232483507,-6.044780864922181,0.0,1.071419358253479,0.0,0.06751728802919388,0.0,0.47429630160331726,0.0,1.6132329478859901,1672.2842622799799,84.93616138678044
324,0.1199483742748449,-5.924832490647336,5.323790073394775,0.0,0.0,0.9449872374534607,0.0,1.0220049619674683,3.3567978739738464,0.0,1675.6410601539537,84.93616138678044
325,0.18475366203985255,-5.7400788286074835,1.071484088897705,0.0,1.350050687789917,0.0,0.4896385967731476,0.0,2.9111733734607697,0.0,1678.5522335274145,84.93616138678044
326,0.1404934932088297,-5.599585335398654,0.0,1.0266070365905762,0.35389798879623413,0.0,0.010241585783660412,0.0,0.0,0.6624674620106816,1678.5522335274145,85.59862884879112
327,1.157439011057265,-4.442146324341389,0.0,1.6597322225570679,0.0,1.1150747537612915,0.0,0.7972533702850342,0.0,3.5720603466033936,1678.5522335274145,89.17068919539452
328,1.802718390349341,-2.6394279339920477,0.0,2.5715558528900146,0.0,2.2291858196258545,0.0,1.3762646913528442,0.0,6.177006363868713,1678.5522335274145,95.34769555926323
329,0.418248300131282,-2.221179633860766,3.0524682998657227,0.0,0.6445303559303284,0.0,1.6577495336532593,0.0,5.35474818944931,0.0,1683.9069817168638,95.34769555926323
330,0.6023464976039619,-1.618833136256804,4.686121463775635,0.0,3.9057211875915527,0.0,3.7314157485961914,0.0,12.323258399963379,0.0,1696.2302401168272,95.34769555926323
331,-0.10423475105892699,-1.723067887315731,2.8062808513641357,0.0,1.8164417743682861,0.0,3.516014337539673,0.0,8.138736963272095,0.0,1704.3689770800993,95.34769555926323
332,-0.13817083043179101,-1.861238717747522,2.6664743423461914,0.0,1.4990767240524292,0.0,3.782193660736084,0.0,7.947744727134705,0.0,1712.316721807234,95.34769555926323
333,-0.13984760835618726,-2.0010863261037093,1.5726354122161865,0.0,0.9516529440879822,0.0,1.5165704488754272,0.0,4.040858805179596,0.0,1716.3575806124136,95.34769555926323
334,-0.13889456101870312,-2.1399808871224124,1.6144474744796753,0.0,0.8931995630264282,0.0,1.6189992427825928,0.0,4.126646280288696,0.0,1720.4842268927023,95.34769555926323
335,-0.13890093611695953,-2.278881823239372,1.3839102983474731,0.0,0.7525712847709656,0.0,1.851237416267395,0.0,3.9877189993858337,0.0,1724.4719458920881,95.34769555926323
336,-0.1389013577745235,-2.4177831810138954,1.3820418119430542,0.0,0.7508901953697205,0.0,1.1220954656600952,0.0,3.25502747297287,0.0,1727.726973365061,95.34769555926323
337,-0.14116172626048923,-2.558944907274385,2.407548666000366,0.0,1.312179684638977,0.0,1.8078527450561523,0.0,5.527581095695496,0.0,1733.2545544607565,95.34769555926323
338,-0.13847052209454125,-2.697415429368926,4.461883068084717,0.0,2.4379663467407227,0.0,3.2051591873168945,0.0,10.105008602142334,0.0,1743.3595630628988,95.34769555926323
339,-0.13987273702327352,-2.8372881663921996,4.46014928817749,0.0,2.440326690673828,0.0,3.202418565750122,0.0,10.10289454460144,0.0,1753.4624576075003,95.34769555926323
340,-0.1399527853987359,-2.9772409517909355,5.5220723152160645,0.0,2.455188274383545,0.0,3.218468427658081,0.0,11.19572901725769,0.0,1764.658186624758,95.34769555926323
341,-0.13995738888243192,-3.1171983406733674,4.4550580978393555,0.0,2.48382568359375,0.0,3.283102035522461,0.0,10.221985816955566,0.0,1774.8801724417135,95.34769555926323
342,-0.1399576524184094,-3.257155993091777,2.3729910850524902,0.0,1.4379234313964844,0.0,1.9941480159759521,0.0,5.805062532424927,0.0,1780.6852349741384,95.34769555926323
343,-0.14116000265445888,-3.398315995746236,2.1645727157592773,0.0,1.434664249420166,0.0,3.2339162826538086,0.0,6.833153247833252,0.0,1787.5183882219717,95.34769555926323
344,-0.14136789263340127,-3.539683888379637,2.724375009536743,0.0,6.621376991271973,0.0,2.2207205295562744,0.0,11.56647253036499,0.0,1799.0848607523367,95.34769555926323
345,-0.10369287609310263,-3.6433767644727397,0.0,0.6672539710998535,2.0451438426971436,0.0,0.3903156816959381,0.0,1.7682055532932281,0.0,1800.85306630563,95.34769555926323
346,-0.03951524131309554,-3.682892005785835,0.0,0.8653135299682617,0.5051145553588867,0.0,0.0,0.05715007334947586,0.0,0.41734904795885086,1800.85306630563,95.76504460722208
347,0.08262917994161645,-3.6002628258442186,0.0,1.0806833505630493,1.0558748245239258,0.0,0.0,0.3079630732536316,0.0,0.3327715992927551,1800.85306630563,96.09781620651484
348,0.40477559340036534,-3.1954872324438535,0.0,1.0756162405014038,0.0,1.0279988050460815,0.0,0.949442982673645,0.0,3.0530580282211304,1800.85306630563,99.15087423473597
349,0.4707015003900296,-2.724785732053824,0.0,1.0898463726043701,1.330457091331482,0.0,0.4502057731151581,0.0,0.6908164918422699,0.0,1801.5438827974722,99.15087423473597
350,-0.1218167393971609,-2.8466024714509848,0.0,0.026807889342308044,0.5534582734107971,0.0,0.17208537459373474,0.0,0.6987357586622238,0.0,1802.2426185561344,99.15087423473597
351,1.1506233070577592,-1.6959791643932256,0.0,1.615708351135254,0.0,1.067538857460022,0.0,0.8765035271644592,0.0,3.559750735759735,1802.2426185561344,102.7106249704957
352,0.7141076681376539,-0.9818714962555717,0.4877105951309204,0.0,0.0,2.203230381011963,0.2795913517475128,0.0,0.0,1.4359284341335297,1802.2426185561344,104.14655340462923
353,-0.4410523735152679,-1.4229238697708395,1.2155799865722656,0.0,0.0,0.045455534011125565,0.38777026534080505,0.0,1.5578947179019451,0.0,1803.8005132740363,104.14655340462923
354,0.5286545661217765,-0.894269303649063,4.700830936431885,0.0,3.912109375,0.0,3.7659411430358887,0.0,12.378881454467773,0.0,1816.1793947285041,104.14655340462923
355,-0.10765640172157598,-1.001925705370639,4.702500820159912,0.0,0.9363624453544617,0.0,3.7621636390686035,0.0,9.401026904582977,0.0,1825.580421633087,104.14655340462923
356,-0.13837437470292802,-1.140300080073567,4.720813274383545,0.0,2.625338077545166,0.0,4.094254970550537,0.0,11.440406322479248,0.0,1837.0208279555663,104.14655340462923
357,-0.13986139681787169,-1.2801614768914387,4.3903303146362305,0.0,1.5147837400436401,0.0,2.210972309112549,0.0,8.11608636379242,0.0,1845.1369143193588,104.14655340462923
358,-0.1388971129486003,-1.419058589840039,1.4493414163589478,0.0,0.7568442225456238,0.0,1.40955650806427,0.0,3.6157421469688416,0.0,1848.7526564663276,104.14655340462923
359,-0.13890280975076452,-1.5579613995908035,1.3839101791381836,0.0,0.7525713443756104,0.0,3.193558931350708,0.0,5.330040454864502,0.0,1854.082696921192,104.14655340462923
360,-0.138903178701133,-1.6968645782919365,1.3820419311523438,0.0,0.7508902549743652,0.0,1.1220954656600952,0.0,3.255027651786804,0.0,1857.337724572979,104.14655340462923
361,-0.14010493560372012,-1.8369695138956565,2.407548666000366,0.0,1.4302775859832764,0.0,1.8078527450561523,0.0,5.645678997039795,0.0,1862.9834035700187,104.14655340462923
362,-0.13741590534726944,-1.974385419242926,4.461883068084717,0.0,2.4379663467407227,0.0,3.2051591873168945,0.0,10.105008602142334,0.0,1873.088412172161,104.14655340462923
363,-0.13881825816567517,-2.113203677408601,4.460149765014648,0.0,2.440326452255249,0.0,3.202418565750122,0.0,10.10289478302002,0.0,1883.191306955181,104.14655340462923
364,-0.13889837102384295,-2.252102048432444,4.445783615112305,0.0,2.439661741256714,0.0,3.218468427658081,0.0,10.1039137840271,0.0,1893.2952207392082,104.14655340462923
365,-0.1389029220626048,-2.391004970495049,2.4021308422088623,0.0,1.3654308319091797,0.0,1.8942509889602661,0.0,5.661812663078308,0.0,1898.9570334022865,104.14655340462923
366,-0.1401049425011694,-2.5311099129962185,2.398606300354004,0.0,1.4371135234832764,0.0,1.853623628616333,0.0,5.689343452453613,0.0,1904.64637685474,104.14655340462923
367,-0.14031125112300785,-2.6714211641192263,3.924642562866211,0.0,1.449580192565918,0.0,1.7485438585281372,0.0,7.122766613960266,0.0,1911.7691434687003,104.14655340462923
368,-0.10139496237113085,-2.772816126490357,0.0,0.13264153897762299,0.3284883201122284,0.0,0.4409148395061493,0.0,0.6367616206407547,0.0,1912.405905089341,104.14655340462923
369,-0.13873350954670238,-2.9115496360370594,0.1472364366054535,0.0,0.4292233884334564,0.0,0.40057191252708435,0.0,0.9770317375659943,0.0,1913.382936826907,104.14655340462923
370,-0.14010630129867724,-3.051655937335737,1.618301272392273,0.0,1.2921082973480225,0.0,1.5279662609100342,0.0,4.43837583065033,0.0,1917.8213126575574,104.14655340462923
371,0.09710718227843562,-2.954548755057301,0.0,0.9006927609443665,0.08885466307401657,0.0,0.006526649929583073,0.0,0.0,0.8053114479407668,1917.8213126575574,104.95186485257
372,-0.14011677626242947,-3.0946655313197304,2.5415303707122803,0.0,0.09124017506837845,0.0,0.19000130891799927,0.0,2.822771854698658,0.0,1920.644084512256,104.95186485257
373,0.21155227554864295,-2.8831132557710877,0.0,0.9138545989990234,0.0,0.043571170419454575,0.0,0.39401775598526,0.0,1.351443525403738,1920.644084512256,106.30330837797374
374,0.09355939310066536,-2.7895538626704224,0.0,0.6446906328201294,0.03735210373997688,0.0,0.0,0.2543701231479645,0.0,0.861708652228117,1920.644084512256,107.16501703020185
375,0.09246069493505031,-2.697093167735372,0.0,0.6583986282348633,0.0,0.1270235776901245,0.0,0.11020905524492264,0.0,0.8956312611699104,1920.644084512256,108.06064829137176
376,-0.13288237798899338,-2.8299755457243654,6.693278789520264,0.0,2.2228753566741943,0.0,3.314939498901367,0.0,12.231093645095825,0.0,1932.875178157352,108.06064829137176
377,-0.1385593947679009,-2.9685349404922663,5.615148544311523,0.0,2.370330333709717,0.0,2.969118595123291,0.0,10.954597473144531,0.0,1943.8297756304964,108.06064829137176
378,-0.13888347362721332,-3.1074184141194796,4.927604675292969,0.0,2.5328025817871094,0.0,3.579284429550171,0.0,11.039691686630249,0.0,1954.8694673171267,108.06064829137176
379,-0.13890215214702017,-3.2463205662665,5.108554363250732,0.0,2.6102452278137207,0.0,4.239403247833252,0.0,11.958202838897705,0.0,1966.8276701560244,108.06064829137176
380,-0.13890314668628534,-3.385223712952785,5.6330060958862305,0.0,2.6176328659057617,0.0,4.571796894073486,0.0,12.822435855865479,0.0,1979.6501060118899,108.06064829137176
381,-0.13890319939348084,-3.524126912346266,5.102969169616699,0.0,2.9215786457061768,0.0,3.9733104705810547,0.0,11.99785828590393,0.0,1991.6479642977938,108.06064829137176
382,-0.13890319939348084,-3.663030111739747,1.51035737991333,0.0,0.7568148374557495,0.0,1.40955650806427,0.0,3.6767287254333496,0.0,1995.3246930232272,108.06064829137176
383,-0.13890319939348084,-3.8019333111332276,1.3839101791381836,0.0,0.7525696158409119,0.0,1.1267602443695068,0.0,3.2632400393486023,0.0,1998.5879330625758,108.06064829137176
384,-0.1389032392329273,-3.940836550366155,1.3820419311523438,0.0,0.7508902549743652,0.0,1.1220954656600952,0.0,3.255027651786804,0.0,2001.8429607143626,108.06064829137176
385,-0.13890320629093011,-4.079739756657085,1.3805701732635498,0.0,0.7494751811027527,0.0,1.1190170049667358,0.0,3.2490623593330383,0.0,2005.0920230736956,108.06064829137176
386,-0.1401050030329637,-4.219844759690049,0.3514370918273926,0.0,0.18461598455905914,0.0,0.4166029393672943,0.0,0.952656015753746,0.0,2006.0446790894493,108.06064829137176
387,-0.1403112388733585,-4.360155998563407,0.35007867217063904,0.0,0.1873515099287033,0.0,0.4188297688961029,0.0,0.9562599509954453,0.0,2007.0009390404448,108.06064829137176
388,-0.13593091909516009,-4.496086917658567,2.4046430587768555,0.0,1.4906708002090454,0.0,1.8401222229003906,0.0,5.7354360818862915,0.0,2012.736375122331,108.06064829137176
389,-0.13873347753185472,-4.634820395190422,2.4040627479553223,0.0,1.3654800653457642,0.0,1.9227873086929321,0.0,5.6923301219940186,0.0,2018.428705244325,108.06064829137176
390,-0.14003875614412115,-4.774859151334543,2.358844518661499,0.0,2.492649555206299,0.0,2.109005928039551,0.0,6.960500001907349,0.0,2025.3892052462325,108.06064829137176
391,-0.14030097392358304,-4.915160125258127,2.1817820072174072,0.0,1.7078663110733032,0.0,2.767798662185669,0.0,6.657446980476379,0.0,2032.0466522267088,108.06064829137176
392,-0.13600406770607298,-5.051164192964199,0.2589755654335022,0.0,0.35406941175460815,0.0,0.9074374437332153,0.0,1.5204824209213257,0.0,2033.5671346476302,108.06064829137176
393,-0.11961358258649979,-5.170777775550699,0.0,1.1792950630187988,0.0,0.496661901473999,0.44620347023010254,0.0,0.0,1.2297534942626953,2033.5671346476302,109.29040178563446
394,-0.07264737465873,-5.243425150209429,0.0,0.5358102321624756,0.2749073803424835,0.0,1.2851017713546753,0.0,1.0241989195346832,0.0,2034.5913335671648,109.29040178563446
395,0.3903273582477462,-4.853097791961683,4.715919494628906,0.0,3.463153600692749,0.0,3.751093626022339,0.0,11.930166721343994,0.0,2046.5215002885088,109.29040178563446
396,-0.1428851554547883,-4.995982947416471,5.3932013511657715,0.0,0.17484444379806519,0.0,1.5988550186157227,0.0,7.166900813579559,0.0,2053.6884011020884,109.29040178563446
397,-0.1261953498581062,-5.122178297274577,0.0,0.06488997489213943,0.1906745284795761,0.0,0.15103794634342194,0.0,0.2768224999308586,0.0,2053.9652236020193,109.29040178563446
398,-0.03778642589689681,-5.159964723171474,0.0,0.3616254925727844,0.0801943987607956,0.0,0.0,0.04360410198569298,0.0,0.3250351957976818,2053.9652236020193,109.61543698143214
399,-0.10868604586879743,-5.2686507690402715,0.6481359601020813,0.0,0.13162270188331604,0.0,0.0,0.13371360301971436,0.646045058965683,0.0,2054.611268660985,109.61543698143214
400,-0.113153058365969,-5.381803827406241,5.095930576324463,0.0,2.4300835132598877,0.0,2.9890527725219727,0.0,10.515066862106323,0.0,2065.1263355230913,109.61543698143214
401,-0.1373840508010069,-5.519187878207248,4.31360387802124,0.0,2.761949300765991,0.0,3.361898899078369,0.0,10.4374520778656,0.0,2075.563787600957,109.61543698143214
402,-0.1388121033923846,-5.657999981599632,4.612193584442139,0.0,2.680492639541626,0.0,3.63922119140625,0.0,10.931907415390015,0.0,2086.495695016347,109.61543698143214
403,-0.1388984514471714,-5.796898433046803,4.994056224822998,0.0,2.727433681488037,0.0,3.759976863861084,0.0,11.48146677017212,0.0,2097.977161786519,109.61543698143214
404,-0.13890350886554037,-5.935801941912343,5.08506965637207,0.0,2.454641819000244,0.0,3.7822041511535645,0.0,11.321915626525879,0.0,2109.299077413045,109.61543698143214
405,-0.13890393052310435,-6.074705872435448,1.5726057291030884,0.0,1.3476618528366089,0.0,1.7548041343688965,0.0,4.675071716308594,0.0,2113.9741491293535,109.61543698143214
406,-0.1389039703625508,-6.213609842797999,1.51035737991333,0.0,0.75681471824646,0.0,1.8507364988327026,0.0,4.117908596992493,0.0,2118.092057726346,109.61543698143214
407,-0.13890393742055362,-6.352513780218553,1.4028165340423584,0.0,0.7525694966316223,0.0,1.1267602443695068,0.0,3.2821462750434875,0.0,2121.3742040013894,109.61543698143214
408,-0.13890393742055362,-6.491417717639107,1.384670615196228,0.0,0.7508900761604309,0.0,1.596530556678772,0.0,3.732091248035431,0.0,2125.106295249425,109.61543698143214
409,-0.14116432552366637,-6.632582043162773,2.399888038635254,0.0,1.312179684638977,0.0,1.8078527450561523,0.0,5.519920468330383,0.0,2130.6262157177553,109.61543698143214
410,-0.1384731213577184,-6.771055164520492,4.449214935302734,0.0,2.4379661083221436,0.0,3.2051591873168945,0.0,10.092340230941772,0.0,2140.718555948697,109.61543698143214
411,-0.1398753959435477,-6.91093056046404,4.46014928817749,0.0,2.440326452255249,0.0,3.202418565750122,0.0,10.102894306182861,0.0,2150.82145025488,109.61543698143214
412,-0.13995539161181458,-7.050885952075855,4.458654403686523,0.0,2.455188512802124,0.0,3.218468427658081,0.0,10.132311344146729,0.0,2160.9537615990266,109.61543698143214
413,-0.13995993543841356,-7.190845887514268,7.142439842224121,0.0,2.48382568359375,0.0,3.283101797103882,0.0,12.909367322921753,0.0,2173.8631289219484,109.61543698143214
414,-0.13996025168158654,-7.330806139195854,0.9679046869277954,0.0,1.4490725994110107,0.0,0.7327814102172852,0.0,3.1497586965560913,0.0,2177.0128876185045,109.61543698143214
415,-0.13996025168158654,-7.47076639087744,0.1439128816127777,0.0,0.3256903886795044,0.0,0.7124148011207581,0.0,1.1820180714130402,0.0,2178.1949056899175,109.61543698143214
416,-0.11441339528255356,-7.585179786159993,0.0,0.0973770022392273,0.37012991309165955,0.0,0.31995120644569397,0.0,0.5927041172981262,0.0,2178.7876098072156,109.61543698143214
417,-0.20014338207962523,-7.785323168239619,0.0,0.3108581304550171,1.5209028720855713,0.0,0.28682810068130493,0.0,1.4968728423118591,0.0,2180.2844826495275,109.61543698143214
418,-0.28169701216259213,-8.06702018040221,1.0775827169418335,0.0,0.9541647434234619,0.0,0.9445819854736328,0.0,2.9763294458389282,0.0,2183.2608120953664,109.61543698143214
419,-0.28169701216259213,-8.348717192564802,0.35571953654289246,0.0,0.7892528772354126,0.0,2.008716583251953,0.0,3.153688997030258,0.0,2186.4145010923967,109.61543698143214
420,-0.003639022907945433,-8.352356215472748,0.0,0.5201259255409241,0.8061240315437317,0.0,0.5391199588775635,0.0,0.8251180648803711,0.0,2187.239619157277,109.61543698143214
421,-0.13979594707931398,-8.492152162552062,7.3360700607299805,0.0,2.2708022594451904,0.0,0.3075045049190521,0.0,9.914376825094223,0.0,2197.1539959823713,109.61543698143214
422,-0.13995014090992264,-8.632102303461984,0.2755993604660034,0.0,2.271571397781372,0.0,0.3656587600708008,0.0,2.9128295183181763,0.0,2200.0668255006894,109.61543698143214
423,0.5716727890566169,-8.060429514405367,0.0,1.4796226024627686,0.08461873233318329,0.0,0.0,0.6432703733444214,0.0,2.0382742434740067,2200.0668255006894,111.65371122490615
424,0.8295579454941606,-7.230871568911207,0.0,2.2289369106292725,0.19537125527858734,0.0,0.0,1.2658584117889404,0.0,3.2994240671396255,2200.0668255006894,114.95313529204577
425,0.8889073366345812,-6.341964232276625,3.614835262298584,0.0,0.0,0.8614927530288696,1.844132900238037,0.0,4.5974754095077515,0.0,2204.664300910197,114.95313529204577
426,0.1419274249605773,-6.200036807316048,4.5990376472473145,0.0,1.8481026887893677,0.0,3.5672788619995117,0.0,10.014419198036194,0.0,2214.6787201082334,114.95313529204577
427,-0.12752399068570996,-6.327560798001757,6.5302958488464355,0.0,2.6541855335235596,0.0,3.513808250427246,0.0,12.698289632797241,0.0,2227.3770097410306,114.95313529204577
428,-0.1392227560917525,-6.46678355409351,4.721283912658691,0.0,2.7373063564300537,0.0,3.8542661666870117,0.0,11.312856435775757,0.0,2238.6898661768064,114.95313529204577
429,-0.13991689454767675,-6.606700448641186,7.262482643127441,0.0,2.640730381011963,0.0,3.599846363067627,0.0,13.503059387207031,0.0,2252.1929255640134,114.95313529204577
430,-0.1389029579683525,-6.745603406609539,4.653589725494385,0.0,2.4462177753448486,0.0,3.219273567199707,0.0,10.31908106803894,0.0,2262.5120066320524,114.95313529204577
431,-0.1389056322404243,-6.884509038849963,4.4850311279296875,0.0,2.441962957382202,0.0,3.447251796722412,0.0,10.374245882034302,0.0,2272.8862525140867,114.95313529204577
432,-0.1389057376548153,-7.023414776504778,4.464256763458252,0.0,2.4402830600738525,0.0,3.205371856689453,0.0,10.109911680221558,0.0,2282.996164194308,114.95313529204577
433,-0.13996205865598776,-7.163376835160765,4.462784767150879,0.0,2.4388680458068848,0.0,3.2022931575775146,0.0,10.103945970535278,0.0,2293.1001101648435,114.95313529204577
434,-0.13996205865598776,-7.303338893816752,4.461483001708984,0.0,2.4375662803649902,0.0,3.1998941898345947,0.0,10.09894347190857,0.0,2303.199053636752,114.95313529204577
435,-0.13996205865598776,-7.44330095247274,5.344257354736328,0.0,2.4403018951416016,0.0,3.2021210193634033,0.0,10.986680269241333,0.0,2314.1857339059934,114.95313529204577
436,-0.13996205865598776,-7.583263011128727,4.458652973175049,0.0,2.4551868438720703,0.0,3.218451738357544,0.0,10.132291555404663,0.0,2324.318025461398,114.95313529204577
437,-0.14116613944796913,-7.724429150576696,0.3487769067287445,0.0,0.23087537288665771,0.0,0.49980950355529785,0.0,1.0794617831707,0.0,2325.3974872445688,114.95313529204577
438,-0.14137402690264628,-7.865803177479342,0.3447021245956421,0.0,0.26002979278564453,0.0,1.789135217666626,0.0,2.3938671350479126,0.0,2327.7913543796167,114.95313529204577
439,-0.14157988305425412,-8.007383060533597,0.216424360871315,0.0,6.503270149230957,0.0,0.48442813754081726,0.0,7.204122647643089,0.0,2334.9954770272598,114.95313529204577
440,-0.14178724116009284,-8.14917030169369,0.3642098307609558,0.0,1.3781979084014893,0.0,0.7993655204772949,0.0,2.54177325963974,0.0,2337.5372502868995,114.95313529204577
441,-0.2758193588967961,-8.424989660590487,2.001688241958618,0.0,1.9717270135879517,0.0,2.6556975841522217,0.0,6.6291128396987915,0.0,2344.1663631265983,114.95313529204577
442,-0.28320029786935846,-8.708189958459846,1.884958267211914,0.0,2.074561834335327,0.0,2.489682674407959,0.0,6.4492027759552,0.0,2350.6155659025535,114.95313529204577
443,-0.28361527884886717,-8.991805237308713,1.734670639038086,0.0,1.9970848560333252,0.0,2.3546667098999023,0.0,6.0864222049713135,0.0,2356.701988107525,114.95313529204577
444,-0.1368399708530985,-9.12864520816181,4.428103446960449,0.0,2.883969306945801,0.0,1.4463459253311157,0.0,8.758418679237366,0.0,2365.460406786762,114.95313529204577
445,-0.13978467482768897,-9.2684298829895,4.057214260101318,0.0,4.2845869064331055,0.0,1.0908944606781006,0.0,9.432695627212524,0.0,2374.8931024139747,114.95313529204577
446,-0.13995204624390878,-9.408381929233409,4.619419574737549,0.0,7.921154022216797,0.0,1.140140414237976,0.0,13.680714011192322,0.0,2388.573816425167,114.95313529204577
447,-0.37782258333107155,-9.786204512564481,0.13214077055454254,0.0,0.3184487819671631,0.0,0.016041569411754608,0.0,0.46663112193346024,0.0,2389.0404475471005,114.95313529204577
448,-0.09273195266113543,-9.878936465225618,0.18172582983970642,0.0,0.2752131223678589,0.0,0.0,0.9004276990890503,0.0,0.443488746881485,2389.0404475471005,115.39662403892726
449,-0.09158072394914818,-9.970517189174766,0.4146677553653717,0.0,0.0,0.7295693755149841,0.0,0.6090644001960754,0.0,0.9239660203456879,2389.0404475471005,116.32059005927294
450,0.42489568024313806,-9.545621508931628,4.896900653839111,0.0,1.7695467472076416,0.0,5.244076251983643,0.0,11.910523653030396,0.0,2400.950971200131,116.32059005927294
451,0.17027795235006327,-9.375343556581566,5.807235240936279,0.0,0.8249046802520752,0.0,4.679975509643555,0.0,11.31211543083191,0.0,2412.263086630963,116.32059005927294
452,-0.1283737531618776,-9.503717309743443,5.163105487823486,0.0,2.6202449798583984,0.0,4.165674686431885,0.0,11.94902515411377,0.0,2424.2121117850766,116.32059005927294
453,-0.1393091475646302,-9.643026457308073,4.966525077819824,0.0,2.640730619430542,0.0,3.9292376041412354,0.0,11.536493301391602,0.0,2435.748605086468,116.32059005927294
454,-0.13886979407255673,-9.78189625138063,4.752702236175537,0.0,2.4462175369262695,0.0,3.4556055068969727,0.0,10.65452527999878,0.0,2446.403130366467,116.32059005927294
455,-0.13890488470276408,-9.920801136083394,4.687278747558594,0.0,2.4419631958007812,0.0,3.446237325668335,0.0,10.57547926902771,0.0,2456.9786096354946,116.32059005927294
456,-0.13890681417664963,-10.059707950260044,4.464256763458252,0.0,2.5563502311706543,0.0,3.910983085632324,0.0,10.93159008026123,0.0,2467.910199715756,116.32059005927294
457,-0.139963302688364,-10.19967125294841,5.563771724700928,0.0,2.4388678073883057,0.0,3.4374876022338867,0.0,11.44012713432312,0.0,2479.350326850079,116.32059005927294
458,-0.139963302688364,-10.339634555636774,4.461483001708984,0.0,2.437566041946411,0.0,3.1998941898345947,0.0,10.09894323348999,0.0,2489.449270083569,116.32059005927294
459,-0.13996334260484972,-10.479597898241623,4.460124492645264,0.0,2.4403016567230225,0.0,3.2021210193634033,0.0,10.10254716873169,0.0,2499.5518172523007,116.32059005927294
460,-0.13996330963826553,-10.619561207879888,5.232112407684326,0.0,2.4551868438720703,0.0,3.200953722000122,0.0,10.888252973556519,0.0,2510.440070225857,116.32059005927294
461,-0.13996330963826553,-10.759524517518154,5.615866184234619,0.0,2.483825445175171,0.0,4.179202079772949,0.0,12.27889370918274,0.0,2522.71896393504,116.32059005927294
462,-0.14116735051376117,-10.900691868031915,0.4037284255027771,0.0,0.24932989478111267,0.0,0.6052549481391907,0.0,1.2583132684230804,0.0,2523.977277203463,116.32059005927294
463,-0.13847773076635628,-11.03916959879827,4.667995452880859,0.0,1.9606140851974487,0.0,3.242608070373535,0.0,9.871217608451843,0.0,2533.848494811915,116.32059005927294
464,-0.14002383661563272,-11.179193435413904,0.8859472870826721,0.0,0.3925790786743164,0.0,2.6535024642944336,0.0,3.932028830051422,0.0,2537.7805236419663,116.32059005927294
465,-0.2815260909963997,-11.460719526410303,0.950328528881073,0.0,1.0235328674316406,0.0,2.603478193283081,0.0,4.577339589595795,0.0,2542.357863231562,116.32059005927294
466,-0.2830382470619097,-11.743757773472213,1.7177960872650146,0.0,1.4508520364761353,0.0,2.3676199913024902,0.0,5.53626811504364,0.0,2547.8941313466057,116.32059005927294
467,-0.2834210763691693,-12.027178849841382,2.2913005352020264,0.0,3.073533058166504,0.0,2.367856740951538,0.0,7.732690334320068,0.0,2555.626821680926,116.32059005927294
468,-0.13732255136026206,-12.164501401201644,3.655935049057007,0.0,2.4067845344543457,0.0,0.8443801403045654,0.0,6.907099723815918,0.0,2562.5339214047417,116.32059005927294
469,-0.13981412307465968,-12.304315524276303,3.611677885055542,0.0,0.6567566394805908,0.0,2.8996055126190186,0.0,7.168040037155151,0.0,2569.701961441897,116.32059005927294
470,-0.13995490867352212,-12.444270432949825,3.6414334774017334,0.0,0.6116447448730469,0.0,2.855259418487549,0.0,7.108337640762329,0.0,2576.810299082659,116.32059005927294
471,0.20552609166864144,-12.238744341281183,0.0,0.3042106330394745,0.0,0.7155564427375793,0.0,0.4203543961048126,0.0,1.4401214718818665,2576.810299082659,117.76071153115481
472,-0.002052586624007091,-12.24079692790519,0.9910126328468323,0.0,1.4374761581420898,0.0,0.7854496836662292,0.0,3.2139384746551514,0.0,2580.0242375573143,117.76071153115481
473,0.011742615797221134,-12.22905431210797,1.3737746477127075,0.0,0.0,0.9421097636222839,1.3141214847564697,0.0,1.7457863688468933,0.0,2581.7700239261612,117.76071153115481
474,0.10859461473610033,-12.120459697371869,4.544218063354492,0.0,3.9272265434265137,0.0,3.6469922065734863,0.0,12.118436813354492,0.0,2593.8884607395157,117.76071153115481
475,-0.12911828099111,-12.249577978362979,2.8690733909606934,0.0,1.5379109382629395,0.0,2.3746330738067627,0.0,6.7816174030303955,0.0,2600.670078142546,117.76071153115481
476,-0.13932703850673267,-12.38890501686971,2.804321765899658,0.0,1.6105374097824097,0.0,3.1705901622772217,0.0,7.5854493379592896,0.0,2608.2555274805054,117.76071153115481
477,-0.13992468814107673,-12.528829705010788,2.582963228225708,0.0,0.9513676166534424,0.0,3.627979040145874,0.0,7.162309885025024,0.0,2615.4178373655304,117.76071153115481
478,-0.13890530206161333,-12.667735007072402,1.8897771835327148,0.0,0.8931817412376404,0.0,2.706378936767578,0.0,5.489337861537933,0.0,2620.9071752270684,117.76071153115481
479,-0.13890766009051214,-12.806642667162913,3.231640338897705,0.0,0.7992461919784546,0.0,1.3904483318328857,0.0,5.421334862709045,0.0,2626.3285100897774,117.76071153115481
480,-0.13890770590025836,-12.945550373063172,1.6039787530899048,0.0,0.75089031457901,0.0,1.1220954656600952,0.0,3.47696453332901,0.0,2629.8054746231064,117.76071153115481
481,-0.14116813585263555,-13.086718508915808,2.407548666000366,0.0,1.312179684638977,0.0,1.8078527450561523,0.0,5.527581095695496,0.0,2635.333055718802,117.76071153115481
482,-0.14137601635741115,-13.22809452527322,2.4062469005584717,0.0,1.3108779191970825,0.0,1.805453896522522,0.0,5.522578716278076,0.0,2640.85563443508,117.76071153115481
483,-0.13699215344600546,-13.365086678719225,4.4609246253967285,0.0,2.441101312637329,0.0,4.252363681793213,0.0,11.15438961982727,0.0,2652.0100240549073,117.76071153115481
484,-0.1397943835010622,-13.504881062220287,4.866285800933838,0.0,2.4552364349365234,0.0,3.2015480995178223,0.0,10.523070335388184,0.0,2662.5330943902954,117.76071153115481
485,-0.13995443449469303,-13.644835496714979,2.4021337032318115,0.0,1.3575667142868042,0.0,1.9222261905670166,0.0,5.681926608085632,0.0,2668.215020998381,117.76071153115481
486,-0.1411682262013556,-13.786003722916334,2.3626084327697754,0.0,1.367840051651001,0.0,2.112769842147827,0.0,5.8432183265686035,0.0,2674.0582393249497,117.76071153115481
487,-0.13847795080285819,-13.924481673719193,0.06875014305114746,0.0,0.21215906739234924,0.0,2.2716970443725586,0.0,2.5526062548160553,0.0,2676.6108455797657,117.76071153115481
488,-0.06252436644328635,-13.987006040162479,0.0,0.29485389590263367,0.19370003044605255,0.0,0.40579545497894287,0.0,0.30464158952236176,0.0,2676.915487169288,117.76071153115481
489,-0.0980633415963228,-14.085069381758801,0.0,0.648834764957428,0.17431138455867767,0.0,0.0,0.05113355442881584,0.0,0.5256569348275661,2676.915487169288,118.28636846598238
490,-0.06650593606521182,-14.151575317824014,0.0,0.82027268409729,2.3354711532592773,0.0,2.584402561187744,0.0,4.0996010303497314,0.0,2681.015088199638,118.28636846598238
491,-0.2817890189748069,-14.433364336798821,0.2585613429546356,0.0,2.3177647590637207,0.0,3.0373849868774414,0.0,5.613711088895798,0.0,2686.6287992885336,118.28636846598238
492,0.04891156795413515,-14.384452768844685,3.3583505153656006,0.0,0.0,0.9344672560691833,0.0,0.761885941028595,1.6619973182678223,0.0,2688.2907966068015,118.28636846598238
493,0.43194563600573765,-13.952507132838948,0.0,0.9417436718940735,1.4283889532089233,0.0,0.6455402374267578,0.0,1.1321855187416077,0.0,2689.422982125543,118.28636846598238
494,-0.026261727992046957,-13.978768860830995,0.0,0.3910040557384491,0.47489774227142334,0.0,0.252201110124588,0.0,0.33609479665756226,0.0,2689.7590769222006,118.28636846598238
495,0.6671510273475207,-13.311617833483474,0.0,0.5253434181213379,0.0,1.017197847366333,0.0,0.7753278017044067,0.0,2.3178690671920776,2689.7590769222006,120.60423753317446
496,1.0457489196634442,-12.26586891382003,0.0,0.39528003334999084,0.0,2.1329762935638428,0.0,1.3681724071502686,0.0,3.896428734064102,2689.7590769222006,124.50066626723856
497,-0.14810913572169226,-12.413978049541722,0.022663021460175514,0.0,0.0010712479706853628,0.0,1.7843660116195679,0.0,1.8081002810504287,0.0,2691.567177203251,124.50066626723856
498,0.5711234958498546,-11.842854553691868,7.180867671966553,0.0,6.343469619750977,0.0,3.542551279067993,0.0,17.066888570785522,0.0,2708.6340657740366,124.50066626723856
499,-0.10583494724283371,-11.948689500934702,5.1370086669921875,0.0,2.763753652572632,0.0,3.510908842086792,0.0,11.411671161651611,0.0,2720.045736935688,124.50066626723856
500,-0.1382782253178383,-12.08696772625254,2.5022079944610596,0.0,1.4990748167037964,0.0,2.465421438217163,0.0,6.466704249382019,0.0,2726.51244118507,124.50066626723856
501,-0.13986214359250493,-12.226829869845044,2.3592357635498047,0.0,0.9516528248786926,0.0,1.7508001327514648,0.0,5.061688721179962,0.0,2731.57412990625,124.50066626723856
502,-0.1389033492822418,-12.365733219127286,1.6076343059539795,0.0,0.8931994438171387,0.0,1.3702266216278076,0.0,3.871060371398926,0.0,2735.445190277649,124.50066626723856
503,-0.13890930272293422,-12.50464252185022,1.3839099407196045,0.0,0.8681579828262329,0.0,1.1267603635787964,0.0,3.378828287124634,0.0,2738.8240185647737,124.50066626723856
504,-0.13890966477585343,-12.643552186626074,1.3820418119430542,0.0,0.7508903741836548,0.0,1.1220953464508057,0.0,3.2550275325775146,0.0,2742.0790460973512,124.50066626723856
505,-0.1411701096246738,-12.784722296250749,2.407548666000366,0.0,1.427296757698059,0.0,1.8078527450561523,0.0,5.642698168754578,0.0,2747.721744266106,124.50066626723856
506,-0.13847905773950409,-12.923201353990253,2.4070732593536377,0.0,1.3117040395736694,0.0,1.8163080215454102,0.0,5.535085320472717,0.0,2753.2568295865785,124.50066626723856
507,-0.13988116725384536,-13.063082521244098,2.405339479446411,0.0,1.3140645027160645,0.0,1.8135676383972168,0.0,5.532971620559692,0.0,2758.789801207138,124.50066626723856
508,-0.13996127528640478,-13.203043796530503,2.3909740447998047,0.0,1.3289265632629395,0.0,1.8296175003051758,0.0,5.54951810836792,0.0,2764.339319315506,124.50066626723856
509,-0.13996570674871123,-13.343009503279214,4.011805534362793,0.0,1.357563853263855,0.0,1.9221935272216797,0.0,7.291562914848328,0.0,2771.6308822303545,124.50066626723856
510,-0.14117011657457534,-13.484179619853789,2.8000521659851074,0.0,1.382770299911499,0.0,9.66720199584961,0.0,13.850024461746216,0.0,2785.4809066921007,124.50066626723856
511,-0.13848049682717045,-13.62266011668096,0.15938396751880646,0.0,1.4080212116241455,0.0,0.5833307504653931,0.0,2.150735929608345,0.0,2787.631642621709,124.50066626723856
512,-0.1398813120409681,-13.762541428721928,0.16565075516700745,0.0,0.18112485110759735,0.0,1.6989516019821167,0.0,2.0457272082567215,0.0,2789.6773698299658,124.50066626723856
513,-0.10422303343823225,-13.86676446216016,0.0,0.6765045523643494,0.16047658026218414,0.0,0.6210277080535889,0.0,0.10499973595142365,0.0,2789.782369565917,124.50066626723856
514,-0.06348565491213298,-13.930250117072294,0.0,0.488454669713974,0.007924345321953297,0.0,0.0,0.3433453142642975,0.0,0.8238756386563182,2789.782369565917,125.32454190589488
515,-0.1939850466921194,-14.124235163764414,0.746030330657959,0.0,0.0009179042535834014,0.0,0.0,0.33437660336494446,0.41257163154659793,0.0,2790.194941197464,125.32454190589488
516,0.4229119122304711,-13.701323251533942,0.0,1.6557798385620117,0.0,1.0623092651367188,0.0,1.0173366069793701,0.0,3.7354257106781006,2790.194941197464,129.05996761657298
517,0.520302997383653,-13.18102025415029,3.8903138637542725,0.0,0.0,2.3177120685577393,0.0,1.8900558948516846,0.0,0.31745409965515137,2790.194941197464,129.37742171622813
518,0.8768581154003199,-12.30416213874997,0.0,1.0419042110443115,3.4606661796569824,0.0,0.0,0.5462669730186462,1.8724949955940247,0.0,2792.067436193058,129.37742171622813
519,1.1856283743394425,-11.118533764410527,0.0,1.4578039646148682,0.0,1.626688003540039,0.0,1.2193831205368042,0.0,4.303875088691711,2792.067436193058,133.68129680491984
520,0.6946216484477183,-10.423912115962809,0.6221922636032104,0.0,0.0,1.663718581199646,1.2834620475769043,0.0,0.24193572998046875,0.0,2792.3093719230383,133.68129680491984
521,-0.16850694417480094,-10.59241906013761,0.0,0.028148645535111427,0.0,0.05149028077721596,1.2367920875549316,0.0,1.1571531612426043,0.0,2793.466525084281,133.68129680491984
522,0.5392186865656239,-10.053200373571986,4.5299458503723145,0.0,3.9010775089263916,0.0,3.3724892139434814,0.0,11.803512573242188,0.0,2805.270037657523,133.68129680491984
523,-0.107069215348786,-10.160269588920773,4.704166889190674,0.0,0.937165379524231,0.0,4.685201168060303,0.0,10.326533436775208,0.0,2815.5965710942983,133.68129680491984
524,-0.13835100428191582,-10.298620593202688,3.3212504386901855,0.0,0.209819957613945,0.0,2.4651360511779785,0.0,5.996206447482109,0.0,2821.5927775417804,133.68129680491984
525,-0.13986941475118497,-10.438490007953874,1.6631615161895752,0.0,0.9516526460647583,0.0,2.123319625854492,0.0,4.738133788108826,0.0,2826.330911329889,133.68129680491984
526,-0.13890688468157597,-10.57739689263545,1.4493411779403687,0.0,0.8931995034217834,0.0,1.4095568656921387,0.0,3.7520975470542908,0.0,2830.0830088769435,133.68129680491984
527,-0.1389126272934864,-10.716309519928936,1.4028165340423584,0.0,0.7992475628852844,0.0,1.1267600059509277,0.0,3.3288241028785706,0.0,2833.411832979822,133.68129680491984
528,-0.13891308879049685,-10.855222608719433,1.3820418119430542,0.0,0.7626279592514038,0.0,1.1220952272415161,0.0,3.266764998435974,0.0,2836.678597978258,133.68129680491984
529,-0.14011477291164032,-10.995337381631074,2.407548666000366,0.0,1.312179684638977,0.0,1.8078527450561523,0.0,5.527581095695496,0.0,2842.2061790739535,133.68129680491984
530,-0.13742589480647638,-11.13276327643755,2.4070732593536377,0.0,1.3117040395736694,0.0,1.8163080215454102,0.0,5.535085320472717,0.0,2847.7412643944263,133.68129680491984
531,-0.1388281422104911,-11.271591418648041,4.46014928817749,0.0,2.669642448425293,0.0,3.202418565750122,0.0,10.332210302352905,0.0,2858.073474696779,133.68129680491984
532,-0.13890819546401412,-11.410499614112055,0.3490349054336548,0.0,0.20266446471214294,0.0,0.44076669216156006,0.0,0.9924660623073578,0.0,2859.0659407590865,133.68129680491984
533,-0.13891279920997146,-11.549412413322028,0.3492034077644348,0.0,0.23130173981189728,0.0,0.5053998827934265,0.0,1.0859050303697586,0.0,2860.1518457894563,133.68129680491984
534,-0.13891306274594895,-11.688325476067977,4.821676731109619,0.0,2.492652654647827,0.0,3.235124111175537,0.0,10.549453496932983,0.0,2870.7012992863893,133.68129680491984
535,-0.13891306274594895,-11.827238538813926,0.10187682509422302,0.0,0.5453171133995056,0.0,1.627450942993164,0.0,2.2746448814868927,0.0,2872.975944167876,133.68129680491984
536,-0.0517023745006534,-11.87894091331458,0.0,0.3349490761756897,2.630465507507324,0.0,0.27770477533340454,0.0,2.573221206665039,0.0,2875.549165374541,133.68129680491984
537,-0.1401147798090896,-12.019055693123669,0.6008652448654175,0.0,8.606256484985352,0.0,0.23717337846755981,0.0,9.444295108318329,0.0,2884.9934604828595,133.68129680491984
538,-0.13202305532103148,-12.1510787484447,5.050056457519531,0.0,0.6165381669998169,0.0,0.0,0.02075064927339554,5.645843975245953,0.0,2890.6393044581055,133.68129680491984
539,0.17005205584551586,-11.981026692599183,0.0,1.1441086530685425,0.0,0.03304221108555794,0.0,0.009161747060716152,0.0,1.1863126112148166,2890.6393044581055,134.86760941613466
540,-0.1389082023614634,-12.119934894960647,3.662698984146118,0.0,2.196462631225586,0.0,3.1522436141967773,0.0,9.011405229568481,0.0,2899.650709687674,134.86760941613466
541,0.2533297249729506,-11.866605169987697,0.0,0.8032835125923157,0.0,0.20749174058437347,0.0,0.5003226399421692,0.0,1.5110978931188583,2899.650709687674,136.3787073092535
542,-0.009494823517867124,-11.876099993505564,1.5716594457626343,0.0,0.0,0.22840949892997742,0.0,0.2740533947944641,1.0691965520381927,0.0,2900.719906239712,136.3787073092535
543,-0.10278304578434316,-11.978883039289908,5.1226091384887695,0.0,0.0,0.14496320486068726,0.12692202627658844,0.0,5.104567959904671,0.0,2905.824474199617,136.3787073092535
544,-0.134457796596549,-12.113340835886458,3.952176809310913,0.0,2.1449201107025146,0.0,3.3727478981018066,0.0,9.469844818115234,0.0,2915.294319017732,136.3787073092535
545,-0.13865868388484248,-12.2519995197713,4.265401840209961,0.0,2.3481040000915527,0.0,3.1567554473876953,0.0,9.770261287689209,0.0,2925.0645803054213,136.3787073092535
546,-0.13889859390433257,-12.390898113675632,4.648871421813965,0.0,2.9967992305755615,0.0,4.295305252075195,0.0,11.940975904464722,0.0,2937.005556209886,136.3787073092535
547,-0.13891224012316883,-12.529810353798801,5.357940673828125,0.0,2.612065076828003,0.0,3.5096757411956787,0.0,11.479681491851807,0.0,2948.485237701738,136.3787073092535
548,-0.13891308343829678,-12.668723437237098,3.37271785736084,0.0,1.6060298681259155,0.0,2.155095338821411,0.0,7.1338430643081665,0.0,2955.619080766046,136.3787073092535
549,-0.13891308343829678,-12.807636520675395,2.091932535171509,0.0,1.065834879875183,0.0,1.5165467262268066,0.0,4.6743141412734985,0.0,2960.2933949073195,136.3787073092535
550,-0.13891308343829678,-12.946549604113692,2.4767463207244873,0.0,1.3199456930160522,0.0,2.1039817333221436,0.0,5.900673747062683,0.0,2966.194068654382,136.3787073092535
551,-0.13891308343829678,-13.085462687551988,1.3839101791381836,0.0,0.8672285676002502,0.0,1.1267600059509277,0.0,3.3778987526893616,0.0,2969.5719674070715,136.3787073092535
552,-0.13891308343829678,-13.224375770990285,1.3820419311523438,0.0,0.7508901357650757,0.0,1.1220953464508057,0.0,3.255027413368225,0.0,2972.8269948204397,136.3787073092535
553,-0.13891308343829678,-13.363288854428582,2.407975196838379,0.0,1.541029930114746,0.0,1.8134421110153198,0.0,5.762447237968445,0.0,2978.589442058408,136.3787073092535
554,-0.13891308343829678,-13.502201937866879,2.394005298614502,0.0,1.3113042116165161,0.0,1.8110431432724,0.0,5.516352653503418,0.0,2984.1057947119116,136.3787073092535
555,-0.13891308343829678,-13.641115021305176,4.460124969482422,0.0,2.4403016567230225,0.0,3.2021210193634033,0.0,10.102547645568848,0.0,2994.2083423574804,136.3787073092535
556,-0.13891312327774324,-13.78002814458292,4.458652973175049,0.0,2.4551868438720703,0.0,3.218451499938965,0.0,10.132291316986084,0.0,3004.3406336744665,136.3787073092535
557,-0.13891309033574606,-13.918941234918666,0.3492033779621124,0.0,0.2313016802072525,0.0,0.5053989887237549,0.0,1.0859040468931198,0.0,3005.4265377213596,136.3787073092535
558,-0.13891309033574606,-14.057854325254413,2.389686346054077,0.0,1.368187665939331,0.0,1.8498667478561401,0.0,5.607740759849548,0.0,3011.034278481209,136.3787073092535
559,-0.13891309033574606,-14.196767415590159,0.05355874076485634,0.0,0.8094735741615295,0.0,0.5205461382865906,0.0,1.3835784532129765,0.0,3012.417856934422,136.3787073092535
560,-0.05166109515277156,-14.248428510742931,0.0,0.33972299098968506,0.24874383211135864,0.0,0.4630929231643677,0.0,0.37211376428604126,0.0,3012.789970698708,136.3787073092535
561,0.053284239993667826,-14.195144270749264,0.0,0.7324585318565369,0.2306259572505951,0.0,0.2435425966978073,0.0,0.0,0.25828997790813446,3012.789970698708,136.63699728716165
562,-0.12220293617996264,-14.317347206929227,0.0,0.0167152751237154,0.8979064226150513,0.0,0.0,0.04713709279894829,0.8340540546923876,0.0,3013.6240247534006,136.63699728716165
563,0.4070842259209684,-13.910262981008259,0.0,1.9379112720489502,0.0,1.0721861124038696,0.0,0.688361406326294,0.0,3.6984587907791138,3013.6240247534006,140.33545607794076
564,-0.13296513585014685,-14.043228116858407,5.169285297393799,0.0,0.05371079966425896,0.0,0.0,0.30404436588287354,4.918951731175184,0.0,3018.542976484576,140.33545607794076
565,-0.04024149668364119,-14.083469613542048,1.9370598793029785,0.0,0.0,0.13482186198234558,0.0,0.5260208249092102,1.2762171924114227,0.0,3019.819193676987,140.33545607794076
566,0.2758827264335618,-13.807586887108487,0.0,1.0548300743103027,0.0,0.20560972392559052,0.0,0.6152123808860779,0.0,1.8756521791219711,3019.819193676987,142.21110825706273
567,0.3926725190617244,-13.414914368046762,4.33722448348999,0.0,3.1325485706329346,0.0,2.963467597961426,0.0,10.43324065208435,0.0,3030.2524343290715,142.21110825706273
568,-0.11902739418089814,-13.533941762227661,3.8966150283813477,0.0,3.2215936183929443,0.0,4.5712690353393555,0.0,11.689477682113647,0.0,3041.941912011185,142.21110825706273
569,-0.1377251863087734,-13.671666948536433,5.041579246520996,0.0,2.343424081802368,0.0,3.1410274505615234,0.0,10.526030778884888,0.0,3052.46794279007,142.21110825706273
570,-0.1388409753027311,-13.810507923839165,4.52932071685791,0.0,3.255596399307251,0.0,4.0191731452941895,0.0,11.80409026145935,0.0,3064.2720330515294,142.21110825706273
571,-0.13890926352915844,-13.949417187368322,4.699575901031494,0.0,2.6095526218414307,0.0,3.7593603134155273,0.0,11.068488836288452,0.0,3075.340521887818,142.21110825706273
572,-0.13891361063658758,-14.08833079800491,4.720804214477539,0.0,2.61763334274292,0.0,3.853851795196533,0.0,11.192289352416992,0.0,3086.532811240235,142.21110825706273
573,-0.13891382146536957,-14.227244619470278,4.871522426605225,0.0,2.4491889476776123,0.0,4.27169132232666,0.0,11.592402696609497,0.0,3098.1252139368444,142.21110825706273
574,-0.13891382146536957,-14.366158440935648,4.093389987945557,0.0,1.3199458122253418,0.0,2.381380796432495,0.0,7.7947165966033936,0.0,3105.9199305334478,142.21110825706273
575,-0.13891382146536957,-14.505072262401017,2.4302215576171875,0.0,1.315700650215149,0.0,1.9209892749786377,0.0,5.666911482810974,0.0,3111.5868420162587,142.21110825706273
576,-0.13891382146536957,-14.643986083866386,1.384670615196228,0.0,0.7508902549743652,0.0,1.1527385711669922,0.0,3.2882994413375854,0.0,3114.8751414575963,142.21110825706273
577,-0.13997020394059634,-14.783956287806982,1.3805701732635498,0.0,0.7494751811027527,0.0,1.1190166473388672,0.0,3.2490620017051697,0.0,3118.1242034593015,142.21110825706273
578,-0.14117420489960625,-14.925130492706588,0.3514370918273926,0.0,0.18461598455905914,0.0,0.4166029393672943,0.0,0.952656015753746,0.0,3119.0768594750552,142.21110825706273
579,-0.13848318598102072,-15.06361367868761,4.460524559020996,0.0,2.440701723098755,0.0,3.207385301589966,0.0,10.108611583709717,0.0,3129.185471058765,142.21110825706273
580,-0.139885295495362,-15.20349897418297,4.458677768707275,0.0,2.455211639404297,0.0,3.2187492847442627,0.0,10.132638692855835,0.0,3139.318109751621,142.21110825706273
581,-0.13996534387082438,-15.343464318053794,7.432283401489258,0.0,2.4838271141052246,0.0,3.2831177711486816,0.0,13.199228286743164,0.0,3152.517338038364,142.21110825706273
582,-0.1411742465990155,-15.48463856465281,3.3864223957061768,0.0,1.7302632331848145,0.0,2.1426756381988525,0.0,7.259361267089844,0.0,3159.776699305454,142.21110825706273
583,-0.14138039223696225,-15.626018956889773,1.1802514791488647,0.0,0.358120322227478,0.0,0.6231178045272827,0.0,2.1614896059036255,0.0,3161.9381889113574,142.21110825706273
584,-0.1584293834589383,-15.78444834034871,0.0,0.9837015271186829,0.0,0.5553954839706421,0.09613547474145889,0.0,0.0,1.442961536347866,3161.9381889113574,143.6540697934106
585,0.2515449936902754,-15.532903346658435,0.4660903513431549,0.0,1.3442202806472778,0.0,0.7583187818527222,0.0,2.568629413843155,0.0,3164.5068183252006,143.6540697934106
586,-0.24490538762246045,-15.777808734280894,0.35971587896347046,0.0,0.39519402384757996,0.0,0.0,0.06477221846580505,0.6901376843452454,0.0,3165.196956009546,143.6540697934106
587,-0.07115436551929515,-15.848963099800189,0.0,0.8096776008605957,1.1894009113311768,0.0,1.6322598457336426,0.0,2.0119831562042236,0.0,3167.20893916575,143.6540697934106
588,0.10469108048034625,-15.744272019319842,0.0,0.9252549409866333,0.7961109280586243,0.0,0.5990690588951111,0.0,0.46992504596710205,0.0,3167.678864211717,143.6540697934106
589,0.07453748008493755,-15.669734539234904,0.0,0.8178094029426575,0.6110003590583801,0.0,0.3255824148654938,0.0,0.11877337098121643,0.0,3167.7976375826984,143.6540697934106
590,-0.14013994416981634,-15.80987448340472,0.24066291749477386,0.0,0.5705916285514832,0.0,0.2947287857532501,0.0,1.1059833317995071,0.0,3168.903620914498,143.6540697934106
591,0.9354308293021076,-14.874443654102611,0.0,1.530118703842163,0.0,0.8914924263954163,0.0,0.7309373617172241,0.0,3.1525484919548035,3168.903620914498,146.8066182853654
592,0.679376014397981,-14.19506763970463,1.0310659408569336,0.0,0.0,2.1358954906463623,0.4330888092517853,0.0,0.0,0.6717407405376434,3168.903620914498,147.47835902590305
593,-0.4418551251364262,-14.636922764841056,0.0,0.030788449570536613,0.0,0.01304174680262804,0.4698909521102905,0.0,0.4260607557371259,0.0,3169.329681670235,147.47835902590305
594,0.5286053570039293,-14.108317407837127,4.419715404510498,0.0,3.921466588973999,0.0,3.5902252197265625,0.0,11.93140721321106,0.0,3181.261088883446,147.47835902590305
595,-0.1076702078857723,-14.215987615722899,6.4250054359436035,0.0,2.7639894485473633,0.0,3.9779090881347656,0.0,13.166903972625732,0.0,3194.427992856072,147.47835902590305
596,-0.13838790263264178,-14.35437551835554,4.720813274383545,0.0,2.673463821411133,0.0,3.883080244064331,0.0,11.277357339859009,0.0,3205.705350195931,147.47835902590305
597,-0.13987424023592343,-14.494249758591465,3.595076322555542,0.0,1.5147837400436401,0.0,2.2109720706939697,0.0,7.320832133293152,0.0,3213.026182329224,147.47835902590305
598,-0.13890985943486678,-14.633159618026331,3.5560903549194336,0.0,1.3199751377105713,0.0,2.1039814949035645,0.0,6.980046987533569,0.0,3220.0062293167575,147.47835902590305
599,-0.138915556237031,-14.772075174263362,1.3839101791381836,0.0,0.7525713443756104,0.0,1.1267598867416382,0.0,3.263241410255432,0.0,3223.269470727013,147.47835902590305
600,-0.13891592518739948,-14.910991099450762,1.3820419311523438,0.0,0.7508902549743652,0.0,1.1220951080322266,0.0,3.2550272941589355,0.0,3226.524498021172,147.47835902590305
601,-0.1411763246195769,-15.052167424070339,2.407548666000366,0.0,1.312179684638977,0.0,1.8078527450561523,0.0,5.527581095695496,0.0,3232.0520791168674,147.47835902590305
602,-0.13848530570099138,-15.19065272977133,1.3796684741973877,0.0,0.7485731840133667,0.0,1.1218822002410889,0.0,3.2501238584518433,0.0,3235.3022029753192,147.47835902590305
603,-0.13988741521533266,-15.330540144986662,4.867733001708984,0.0,2.440326452255249,0.0,3.202418565750122,0.0,10.510478019714355,0.0,3245.8126809950336,147.47835902590305
604,-0.13996746359079504,-15.470507608577456,5.457306861877441,0.0,2.455188512802124,0.0,3.218468427658081,0.0,11.130963802337646,0.0,3256.9436447973712,147.47835902590305
605,-0.13997206707449106,-15.610479675651948,5.048120021820068,0.0,2.48382568359375,0.0,3.311044216156006,0.0,10.842989921569824,0.0,3267.786634718941,147.47835902590305
606,-0.14117633156947845,-15.751656007221428,3.1158268451690674,0.0,1.3753050565719604,0.0,1.859364628791809,0.0,6.350496530532837,0.0,3274.137131249474,147.47835902590305
607,-0.1413824772074252,-15.893038484428853,2.8142316341400146,0.0,1.3410779237747192,0.0,1.731744647026062,0.0,5.887054204940796,0.0,3280.0241854544147,147.47835902590305
608,-0.14159012720912872,-16.03462861163798,1.7465238571166992,0.0,1.2886110544204712,0.0,1.8780308961868286,0.0,4.913165807723999,0.0,3284.9373512621387,147.47835902590305
609,-0.28449281360442125,-16.3191214252424,3.6768674850463867,0.0,2.427125930786133,0.0,4.057608127593994,0.0,10.161601543426514,0.0,3295.098952805565,147.47835902590305
610,-0.0638303465129273,-16.382951771755327,0.0,0.5121768712997437,0.022721556946635246,0.0,0.0,0.2959420680999756,0.0,0.785397382453084,3295.098952805565,148.26375640835613
611,-0.14048317837954633,-16.523434950134874,0.1734570860862732,0.0,0.0,0.06627005338668823,0.0,0.4708077013492584,0.0,0.36362066864967346,3295.098952805565,148.6273770770058
612,-0.04455792814591042,-16.567992878280783,3.0508995056152344,0.0,0.0,0.9970310926437378,3.0467846393585205,0.0,5.100653052330017,0.0,3300.199605857895,148.6273770770058
613,0.28350763409441543,-16.284485244186367,0.0,0.8234636783599854,1.3805558681488037,0.0,0.06951248645782471,0.0,0.6266046762466431,0.0,3300.826210534142,148.6273770770058
614,0.1888381484491617,-16.095647095737206,0.0,1.0116024017333984,0.3839026689529419,0.0,0.0,0.21245795488357544,0.0,0.840157687664032,3300.826210534142,149.46753476466984
615,1.212093117420526,-14.88355397831668,0.0,1.757928490638733,0.0,1.1149197816848755,0.0,0.8119327425956726,0.0,3.684781014919281,3300.826210534142,153.15231577958912
616,1.1801756621427844,-13.703378316173897,0.42791685461997986,0.0,0.0,2.2313969135284424,0.0,1.6123727560043335,0.0,3.415852814912796,3300.826210534142,156.5681685945019
617,-0.11007086565938484,-13.813449181833281,0.42669621109962463,0.0,0.0,0.06699436157941818,2.2871265411376953,0.0,2.6468283906579018,0.0,3303.4730389247998,156.5681685945019
618,0.5906017815225559,-13.222847400310725,4.480471134185791,0.0,3.914226770401001,0.0,3.8277595043182373,0.0,12.22245740890503,0.0,3315.695496333705,156.5681685945019
619,-0.10542731250736326,-13.328274712818088,2.785735607147217,0.0,1.6390081644058228,0.0,2.126638650894165,0.0,6.551382422447205,0.0,3322.246878756152,156.5681685945019
620,-0.13826329663115633,-13.466538009449245,3.4443864822387695,0.0,1.4990723133087158,0.0,2.465507984161377,0.0,7.408966779708862,0.0,3329.655845535861,156.5681685945019
621,-0.13986920880518516,-13.60640721825443,1.482051134109497,0.0,0.9516525268554688,0.0,1.5165752172470093,0.0,3.950278878211975,0.0,3333.606124414073,156.5681685945019
622,-0.138911548396782,-13.745318766651213,1.4493412971496582,0.0,4.57517671585083,0.0,2.324211597442627,0.0,8.348729610443115,0.0,3341.954854024516,156.5681685945019
623,-0.1389176668565102,-13.884236433507724,1.383910059928894,0.0,0.8659252524375916,0.0,1.456268310546875,0.0,3.7061036229133606,0.0,3345.6609576474293,156.5681685945019
624,-0.1389179762022339,-14.023154409709957,1.3820418119430542,0.0,0.75089031457901,0.0,2.2970945835113525,0.0,4.430026710033417,0.0,3350.0909843574627,156.5681685945019
625,-0.14117844433954757,-14.164332854049505,2.407548666000366,0.0,1.312179684638977,0.0,1.8058457374572754,0.0,5.525574088096619,0.0,3355.6165584455593,156.5681685945019
626,-0.13848742542096204,-14.302820279470467,2.4070732593536377,0.0,1.3117039203643799,0.0,1.7979755401611328,0.0,5.51675271987915,0.0,3361.1333111654385,156.5681685945019
627,-0.14119033918693497,-14.444010618657401,3.401848077774048,0.0,1.8767443895339966,0.0,2.502105951309204,0.0,7.7806984186172485,0.0,3368.9140095840557,156.5681685945019
628,-0.1384026223901187,-14.58241324104752,4.459077835083008,0.0,2.45561146736145,0.0,3.206515312194824,0.0,10.121204614639282,0.0,3379.035214198695,156.5681685945019
629,-0.13988467486553136,-14.722297915913051,2.4040393829345703,0.0,1.3575900793075562,0.0,4.0472187995910645,0.0,7.808848261833191,0.0,3386.844062460528,156.5681685945019
630,-0.1399693863817868,-14.862267302294839,2.397700309753418,0.0,1.436874508857727,0.0,1.9920645952224731,0.0,5.826639413833618,0.0,3392.670701874362,156.5681685945019
631,-0.13997408174723658,-15.002241384042076,4.486357688903809,0.0,2.563528060913086,0.0,3.3113245964050293,0.0,10.361210346221924,0.0,3403.0319122205838,156.5681685945019
632,-0.04203493834308636,-15.044276322385162,0.0,0.37331622838974,0.8366095423698425,0.0,1.055069923400879,0.0,1.5183632373809814,0.0,3404.5502754579647,156.5681685945019
633,-0.09336013727869819,-15.13763645966386,0.0,0.7179929614067078,0.23765897750854492,0.0,0.7530283331871033,0.0,0.27269434928894043,0.0,3404.8229698072537,156.5681685945019
634,0.07788718638227521,-15.059749273281584,0.0,0.9988547563552856,0.08862467855215073,0.0,0.0,0.37188196182250977,0.0,1.2821120396256447,3404.8229698072537,157.85028063412756
635,0.1726626201690281,-14.887086653112556,0.0,1.1645588874816895,0.283619225025177,0.0,0.0,0.5674335360527039,0.0,1.4483731985092163,3404.8229698072537,159.29865383263677
636,0.32584837790294985,-14.561238275209606,0.0,1.2249538898468018,0.0,0.14765876531600952,0.0,0.4029652774333954,0.0,1.7755779325962067,3404.8229698072537,161.07423176523298
637,0.21258916165526387,-14.348649113554341,0.0,1.243593454360962,0.28414392471313477,0.0,0.0,0.10052891820669174,0.0,1.059978447854519,3404.8229698072537,162.1342102130875
638,0.06664518711518748,-14.282003926439154,0.0,0.6936972141265869,0.26236093044281006,0.0,0.0,0.09417452663183212,0.0,0.525510810315609,3404.8229698072537,162.6597210234031
639,1.3007802346659347,-12.98122369177322,0.0,1.6021348237991333,0.0,1.1608458757400513,0.0,1.0775281190872192,0.0,3.840508818626404,3404.8229698072537,166.5002298420295
640,1.4941857500411952,-11.487037941732025,0.0,1.6838434934616089,0.0,2.276672601699829,0.0,1.633507251739502,0.0,5.59402334690094,3404.8229698072537,172.09425318893045
641,0.4705929952415979,-11.016444946490427,3.4761605262756348,0.0,0.0,0.09895031899213791,1.5847033262252808,0.0,4.961913533508778,0.0,3409.7848833407625,172.09425318893045
642,0.6015955063305971,-10.41484944015983,4.805882930755615,0.0,6.584900379180908,0.0,3.709516763687134,0.0,15.100300073623657,0.0,3424.885183414386,172.09425318893045
643,-0.10427539719464685,-10.519124837354477,4.635299205780029,0.0,2.7663815021514893,0.0,11.257695198059082,0.0,18.6593759059906,0.0,3443.5445593203767,172.09425318893045
644,-0.1381921669990902,-10.657317004353567,2.9036242961883545,0.0,1.499071717262268,0.0,2.645315408706665,0.0,7.048011422157288,0.0,3450.592570742534,172.09425318893045
645,-0.1398669579430467,-10.797183962296614,5.16074275970459,0.0,0.9516524076461792,0.0,1.8900573253631592,0.0,8.002452492713928,0.0,3458.595023235248,172.09425318893045
646,-0.13891371966039978,-10.936097681957014,1.449342966079712,0.0,1.0061415433883667,0.0,1.4095577001571655,0.0,3.865042209625244,0.0,3462.460065444873,172.09425318893045
647,-0.13892010165610547,-11.07501778361312,1.3839101791381836,0.0,0.7992473244667053,0.0,1.2265639305114746,0.0,3.4097214341163635,0.0,3465.8697868789895,172.09425318893045
648,-0.14012214783016813,-11.215139931443288,2.40902042388916,0.0,1.4261373281478882,0.0,1.8415746688842773,0.0,5.676732420921326,0.0,3471.546519299911,172.09425318893045
649,-0.13848988568610832,-11.353629817129395,2.4083752632141113,0.0,1.3130059242248535,0.0,1.818706750869751,0.0,5.540087938308716,0.0,3477.0866072382196,172.09425318893045
650,-0.13989193554335255,-11.493521752672748,2.406698226928711,0.0,1.3113291263580322,0.0,1.8113408088684082,0.0,5.529368162155151,0.0,3482.6159754003747,172.09425318893045
651,-0.13997203662601043,-11.63349378929876,4.460125923156738,0.0,2.440303325653076,0.0,3.2021379470825195,0.0,10.102567195892334,0.0,3492.718542596267,172.09425318893045
652,-0.1399766997668035,-11.773470489065563,4.458652973175049,0.0,2.4551868438720703,0.0,3.2184524536132812,0.0,10.1322922706604,0.0,3502.8508348669275,172.09425318893045
653,-0.13997685093848844,-11.913447340004051,3.422971248626709,0.0,1.3575637340545654,0.0,1.8942497968673706,0.0,6.674784779548645,0.0,3509.525619646476,172.09425318893045
654,-0.13997694356216966,-12.05342428356622,4.760858535766602,0.0,1.3730796575546265,0.0,2.198406934738159,0.0,8.332345128059387,0.0,3517.8579647745355,172.09425318893045
655,-0.13997691059558548,-12.193401194161806,1.1492382287979126,0.0,0.21877148747444153,0.0,1.2276936769485474,0.0,2.5957033932209015,0.0,3520.4536681677564,172.09425318893045
656,-0.04399868862331624,-12.237399882785123,0.0,0.3658403754234314,0.5009523034095764,0.0,4.684950351715088,0.0,4.820062279701233,0.0,3525.2737304474576,172.09425318893045
657,-0.08502038047861504,-12.322420263263739,0.0,0.7498005032539368,0.1468910425901413,0.0,6.367029190063477,0.0,5.764119729399681,0.0,3531.0378501768573,172.09425318893045
658,-0.02669756948017965,-12.349117832743918,0.0,0.9721096754074097,0.007028787862509489,0.0,0.8980468511581421,0.0,0.0,0.06703403638675809,3531.0378501768573,172.1612872253172
659,-0.10085393611542844,-12.449971768859346,0.0,0.2443086951971054,0.0,0.09381552785634995,0.0,0.3513234853744507,0.0,0.689447708427906,3531.0378501768573,172.85073493374512
660,0.15704760791100897,-12.292924160948337,0.0,0.9004762172698975,0.0,0.4979187548160553,0.0,0.7113916277885437,0.0,2.1097865998744965,3531.0378501768573,174.9605215336196
661,0.47908613677244344,-11.813838024175894,0.0,1.1207208633422852,1.3396881818771362,0.0,1.3789249658584595,0.0,1.5978922843933105,0.0,3532.6357424612506,174.9605215336196
662,0.2380958933309547,-11.575742130844938,4.84733772277832,0.0,0.0,1.351550817489624,0.0,1.1781907081604004,2.317596197128296,0.0,3534.953338658379,174.9605215336196
663,1.7985684307742025,-9.777173700070737,0.0,1.7791694402694702,0.0,2.0795881748199463,0.0,1.769376277923584,0.0,5.6281338930130005,3534.953338658379,180.5886554266326
664,0.5701954870580742,-9.206978213012663,0.0,2.0896477699279785,0.0,0.20237646996974945,0.0,1.1564104557037354,0.0,3.4484346956014633,3534.953338658379,184.03709012223408
665,1.119242013854226,-8.087736199158437,3.082444429397583,0.0,3.1571857929229736,0.0,1.6511324644088745,0.0,7.890762686729431,0.0,3542.8441013451084,184.03709012223408
666,0.22450401918324614,-7.86323217997519,4.67031192779541,0.0,2.671372413635254,0.0,4.494766712188721,0.0,11.836451053619385,0.0,3554.6805523987277,184.03709012223408
667,-0.12576500670266721,-7.9889971866778575,6.249599456787109,0.0,2.618839740753174,0.0,4.475368499755859,0.0,13.343807697296143,0.0,3568.024360096024,184.03709012223408
668,-0.1391634907403021,-8.12816067741816,4.813641548156738,0.0,2.6181092262268066,0.0,3.875706195831299,0.0,11.307456970214844,0.0,3579.3318170662387,184.03709012223408
669,-0.13993291770660443,-8.268093595124764,8.055375099182129,0.0,0.9512051939964294,0.0,9.72675609588623,0.0,18.73333638906479,0.0,3598.0651534553035,184.03709012223408
670,-0.1389209578385704,-8.407014552963334,1.4493430852890015,0.0,1.0057141780853271,0.0,2.357180118560791,0.0,4.81223738193512,0.0,3602.8773908372386,184.03709012223408
671,-0.1389235197988019,-8.545938072762135,1.4028167724609375,0.0,1.2647454738616943,0.0,1.2265639305114746,0.0,3.8941261768341064,0.0,3606.7715170140727,184.03709012223408
672,-0.1389236779203884,-8.684861750682524,1.3846704959869385,0.0,0.7626279592514038,0.0,1.1220952272415161,0.0,3.2693936824798584,0.0,3610.0409106965526,184.03709012223408
673,-0.13998017526638723,-8.824841925948911,4.4551239013671875,0.0,3.0031042098999023,0.0,3.2022929191589355,0.0,10.660521030426025,0.0,3620.7014317269786,184.03709012223408
674,-0.13998014229980305,-8.964822068248715,3.7564055919647217,0.0,1.4234589338302612,0.0,1.8110432624816895,0.0,6.990907788276672,0.0,3627.6923395152553,184.03709012223408
675,-0.13998014229980305,-9.104802210548518,4.460124492645264,0.0,2.4403018951416016,0.0,3.2021210193634033,0.0,10.102547407150269,0.0,3637.7948869224056,184.03709012223408
676,-0.13998014229980305,-9.244782352848322,2.4038429260253906,0.0,1.3289250135421753,0.0,1.8296005725860596,0.0,5.5623685121536255,0.0,3643.357255434559,184.03709012223408
677,-0.13998014229980305,-9.384762495148125,2.40401291847229,0.0,1.3575637340545654,0.0,1.8942497968673706,0.0,5.655826449394226,0.0,3649.0130818839534,184.03709012223408
678,-0.13998014229980305,-9.524742637447929,5.126992225646973,0.0,3.3155341148376465,0.0,3.2549641132354736,0.0,11.697490453720093,0.0,3660.7105723376735,184.03709012223408
679,-0.14111556907998224,-9.665858206527911,2.2716236114501953,0.0,2.4908225536346436,0.0,1.9716780185699463,0.0,6.734124183654785,0.0,3667.4446965213283,184.03709012223408
680,-0.08842847926485334,-9.754286685792765,0.0,0.19115014374256134,0.2209302932024002,0.0,0.2310422658920288,0.0,0.2608224153518677,0.0,3667.70551893668,184.03709012223408
681,-0.28165799561718163,-10.035944681409948,0.4026567041873932,0.0,0.2538061738014221,0.0,0.10813973844051361,0.0,0.7646026164293289,0.0,3668.4701215531095,184.03709012223408
682,-0.02446899551594449,-10.060413676925892,0.0,0.894122838973999,0.3824863135814667,0.0,0.0,0.08648940175771713,0.0,0.5981259271502495,3668.4701215531095,184.63521604938433
683,-0.21859110891503164,-10.279004785840923,0.0,0.21092425286769867,0.0,0.029768086969852448,1.6265764236450195,0.0,1.3858840838074684,0.0,3669.856005636917,184.63521604938433
684,0.2448054597451383,-10.034199326095786,0.0,1.1891871690750122,0.4335688650608063,0.0,0.0,0.2818286418914795,0.0,1.0374469459056854,3669.856005636917,185.67266299529
685,0.17820599324039432,-9.855993332855391,0.0,1.1782113313674927,0.31683510541915894,0.0,0.0,0.02988257072865963,0.0,0.8912587966769934,3669.856005636917,186.563921791967
686,0.1430701007348711,-9.71292323212052,0.0,1.0789623260498047,0.3289247155189514,0.0,0.26652398705482483,0.0,0.0,0.48351362347602844,3669.856005636917,187.04743541544303
687,0.8476749904966492,-8.86524824162387,0.0,0.9249014854431152,0.0,1.1435104608535767,0.0,0.5879437923431396,0.0,2.6563557386398315,3669.856005636917,189.70379115408286
688,1.0722669393118958,-7.792981302311975,0.0,0.4732370376586914,0.0,2.2396111488342285,0.0,1.5602933168411255,0.0,4.273141503334045,3669.856005636917,193.9769326574169
689,0.0562460428738738,-7.736735259438101,2.312835216522217,0.0,0.0,0.05767703801393509,1.6672500371932983,0.0,3.92240821570158,0.0,3673.7784138526185,193.9769326574169
690,0.5789397443563247,-7.1577955150817765,5.596198081970215,0.0,3.9053313732147217,0.0,11.006032943725586,0.0,20.507562398910522,0.0,3694.285976251529,193.9769326574169
691,-0.1053500197549897,-7.263145534836767,5.209837436676025,0.0,3.0050814151763916,0.0,3.7153921127319336,0.0,11.93031096458435,0.0,3706.2162872161134,193.9769326574169
692,-0.13826372487856187,-7.4014092597153285,2.5023651123046875,0.0,1.499070644378662,0.0,2.1555111408233643,0.0,6.156946897506714,0.0,3712.37323411362,193.9769326574169
693,-0.13987614244657776,-7.541285402161906,1.4820600748062134,0.0,0.9516525268554688,0.0,1.5165702104568481,0.0,3.9502828121185303,0.0,3716.3235169257387,193.9769326574169
694,-0.13891900453945194,-7.680204406701358,1.6011244058609009,0.0,0.7568442821502686,0.0,1.8178082704544067,0.0,4.175776958465576,0.0,3720.4992938842042,193.9769326574169
695,-0.13892506339453536,-7.819129470095893,1.3839101791381836,0.0,0.7525714039802551,0.0,1.8085874319076538,0.0,3.9450690150260925,0.0,3724.4443628992303,193.9769326574169
696,-0.13892542544745456,-7.958054895543348,1.3820419311523438,0.0,0.75089031457901,0.0,1.1220952272415161,0.0,3.25502747297287,0.0,3727.699390372203,193.9769326574169
697,-0.13892551799409653,-8.096980413537445,4.462784767150879,0.0,2.4388678073883057,0.0,3.2022929191589355,0.0,10.10394549369812,0.0,3737.8033358659013,193.9769326574169
698,-0.13892548505209934,-8.235905898589543,2.4066734313964844,0.0,1.3113042116165161,0.0,1.8110432624816895,0.0,5.52902090549469,0.0,3743.332356771396,193.9769326574169
699,-0.13892548505209934,-8.374831383641641,4.460124492645264,0.0,2.4403016567230225,0.0,3.2021210193634033,0.0,10.10254716873169,0.0,3753.4349039401277,193.9769326574169
700,-0.13892548505209934,-8.51375686869374,2.4038431644439697,0.0,1.3289248943328857,0.0,1.82960045337677,0.0,5.5623685121536255,0.0,3758.9972724522813,193.9769326574169
701,-0.14012716227579353,-8.653884030969534,2.4035866260528564,0.0,1.3571373224258423,0.0,1.8886604309082031,0.0,5.649384379386902,0.0,3764.646656831668,193.9769326574169
702,-0.14033341726328696,-8.794217448232821,2.365662097930908,0.0,1.3693668842315674,0.0,1.847488284111023,0.0,5.5825172662734985,0.0,3770.2291740979417,193.9769326574169
703,-0.13595340178766202,-8.930170850020483,1.3079406023025513,0.0,0.20155730843544006,0.0,0.3300343155860901,0.0,1.8395322263240814,0.0,3772.068706324266,193.9769326574169
704,-0.13875586860486422,-9.068926718625347,0.7596970200538635,0.0,0.26480337977409363,0.0,0.305118590593338,0.0,1.3296189904212952,0.0,3773.398325314687,193.9769326574169
705,-0.13891576428312824,-9.207842482908475,1.9059195518493652,0.0,0.2476624995470047,0.0,0.8458998799324036,0.0,2.9994819313287735,0.0,3776.397807246016,193.9769326574169
706,-0.09230925045777333,-9.30015173336625,1.2213910818099976,0.0,0.09472417086362839,0.0,0.0,0.1790362298488617,1.1370790228247643,0.0,3777.5348862688406,193.9769326574169
707,0.4006795843305963,-8.899472149035653,0.0,1.9765161275863647,0.0,0.9307342171669006,0.0,0.7674311399459839,0.0,3.6746814846992493,3777.5348862688406,197.65161414211616
708,0.3889515730064561,-8.510520576029197,3.909203290939331,0.0,3.3122520446777344,0.0,3.1702523231506348,0.0,10.3917076587677,0.0,3787.9265939276083,197.65161414211616
709,-0.11911516500527375,-8.629635741034472,3.2132420539855957,0.0,2.1330978870391846,0.0,2.54020619392395,0.0,7.8865461349487305,0.0,3795.813140062557,197.65161414211616
710,0.1518928961658214,-8.47774284486865,0.0,0.5056313276290894,0.0,0.13752496242523193,0.0,0.47904282808303833,0.0,1.1221991181373596,3795.813140062557,198.77381326025352
711,0.0730108428767474,-8.404732001991903,0.0,0.6964879035949707,0.0,0.025233205407857895,0.0,0.09830903261899948,0.0,0.8200301416218281,3795.813140062557,199.59384340187535
712,-0.13477068128579717,-8.5395026832777,4.078142166137695,0.0,0.46899914741516113,0.0,2.8983068466186523,0.0,7.445448160171509,0.0,3803.2585882227286,199.59384340187535
713,-0.1386838978985372,-8.678186581176238,4.316476345062256,0.0,0.5896892547607422,0.0,3.441455364227295,0.0,8.347620964050293,0.0,3811.606209186779,199.59384340187535
714,-0.13891204289093162,-8.81709862406717,4.470981597900391,0.0,2.753384590148926,0.0,4.026310443878174,0.0,11.25067663192749,0.0,3822.8568858187064,199.59384340187535
715,-0.13892543247123967,-8.956024056538409,4.97119665145874,0.0,2.72119140625,0.0,3.7590975761413574,0.0,11.451485633850098,0.0,3834.3083714525565,199.59384340187535
716,-0.13892616347452735,-9.094950220012937,5.312548637390137,0.0,2.6176328659057617,0.0,3.853851556777954,0.0,11.784033060073853,0.0,3846.0924045126303,199.59384340187535
717,-0.13892621618172285,-9.23387643619466,3.6189687252044678,0.0,1.5143067836761475,0.0,2.4374866485595703,0.0,7.5707621574401855,0.0,3853.6631666700705,199.59384340187535
718,-0.13892621618172285,-9.372802652376382,1.4493412971496582,0.0,0.7568147778511047,0.0,3.3653130531311035,0.0,5.5714691281318665,0.0,3859.2346357982024,199.59384340187535
