time_step,reward,all_rewards,grid_import_Building_1_kwh,export_Building_1_kwh,grid_import_Building_2_kwh,export_Building_2_kwh,grid_import_Building_3_kwh,export_Building_3_kwh,grid_import_kwh,export_kwh,cumulative_grid_import_kwh,cumulative_export_kwh
0,-7.3058061599731445,-7.3058061599731445,2.033644199371338,0.0,0.5619984865188599,0.0,1.689454197883606,0.0,4.285096883773804,0.0,4.285096883773804,0.0
1,-0.9746680855751038,-8.280474245548248,0.8462807536125183,0.0,0.18591776490211487,0.0,0.47319296002388,0.0,1.5053914785385132,0.0,5.790488362312317,0.0
2,-0.758175253868103,-9.038649499416351,0.7249863147735596,0.0,0.18461598455905914,0.0,0.4455188810825348,0.0,1.3551211804151535,0.0,7.14560954272747,0.0
3,-0.6234115958213806,-9.662061095237732,0.6327978372573853,0.0,0.1873515099287033,0.0,0.433448851108551,0.0,1.2535981982946396,0.0,8.39920774102211,0.0
4,-0.5989021062850952,-10.260963201522827,0.6071555614471436,0.0,0.20223666727542877,0.0,0.4351603388786316,0.0,1.244552567601204,0.0,9.643760308623314,0.0
5,-1.3043712377548218,-11.565334439277649,1.00062894821167,0.0,0.23087537288665771,0.0,0.49980950355529785,0.0,1.7313138246536255,0.0,11.37507413327694,0.0
6,-3.7133877277374268,-15.278722167015076,1.607621669769287,0.0,0.24817126989364624,0.0,1.033126950263977,0.0,2.8889198899269104,0.0,14.26399402320385,0.0
7,-1.1861310005187988,-16.464853167533875,0.5342340469360352,0.0,0.3452141582965851,0.0,0.8840543627738953,0.0,1.7635025680065155,0.0,16.027496591210365,0.0
8,-35.04396057128906,-51.50881373882294,4.653266429901123,0.0,2.933849573135376,0.0,2.187143325805664,0.0,9.774259328842163,0.0,25.80175592005253,0.0
9,-5.229269981384277,-56.738083720207214,0.48263463377952576,0.0,0.6722479462623596,0.0,2.1317636966705322,0.0,3.2866462767124176,0.0,29.088402196764946,0.0
10,-2.051212966442108,-58.78929668664932,0.0,0.3569531738758087,0.6334824562072754,0.0,1.284489393234253,0.0,1.5610186755657196,0.0,30.649420872330666,0.0
11,-4.689141750335693,-63.478438436985016,1.8172708749771118,0.0,0.6685148477554321,0.0,0.969410240650177,0.0,3.455195963382721,0.0,34.10461683571339,0.0
12,-1.5465377569198608,-65.02497619390488,0.26597872376441956,0.0,0.9704316258430481,0.0,0.7307910919189453,0.0,1.967201441526413,0.0,36.0718182772398,0.0
13,-0.652912825345993,-65.67788901925087,0.0,0.26564109325408936,0.28255409002304077,0.0,0.7570178508758545,0.0,0.7739308476448059,0.0,36.845749124884605,0.0
14,0.0,-65.67788901925087,0.0,0.95054030418396,0.0,0.163893923163414,0.0,0.7738050222396851,0.0,1.888239249587059,36.845749124884605,1.888239249587059
15,-1.2330862283706665,-66.91097524762154,0.16432055830955505,0.0,1.0962364673614502,0.0,0.06595885753631592,0.0,1.3265158832073212,0.0,38.17226500809193,1.888239249587059
16,-8.567992269992828,-75.47896751761436,2.9125845432281494,0.0,0.2912794053554535,0.0,0.0,0.2320985496044159,2.971765398979187,0.0,41.144030407071114,1.888239249587059
17,-0.14878913760185242,-75.62775665521622,0.1799376904964447,0.0,0.3064201772212982,0.0,0.15006080269813538,0.0,0.6364186704158783,0.0,41.78044907748699,1.888239249587059
18,-7.782196044921875,-83.40995270013809,1.4899202585220337,0.0,1.850576639175415,0.0,1.4620875120162964,0.0,4.802584409713745,0.0,46.58303348720074,1.888239249587059
19,-8.146309852600098,-91.55626255273819,2.104313373565674,0.0,0.9543315172195435,0.0,1.6755375862121582,0.0,4.7341824769973755,0.0,51.31721596419811,1.888239249587059
20,-7.343443870544434,-98.89970642328262,1.556269645690918,0.0,1.3439842462539673,0.0,1.7649859189987183,0.0,4.6652398109436035,0.0,55.982455775141716,1.888239249587059
21,-4.879800796508789,-103.77950721979141,0.9365671873092651,0.0,0.3876185119152069,0.0,1.962751865386963,0.0,3.286937564611435,0.0,59.26939333975315,1.888239249587059
22,-10.033327102661133,-113.81283432245255,0.4215100109577179,0.0,2.4457812309265137,0.0,1.9681999683380127,0.0,4.835491210222244,0.0,64.1048845499754,1.888239249587059
23,-10.23708724975586,-124.0499215722084,0.3560788035392761,0.0,2.4415361881256104,0.0,2.0369577407836914,0.0,4.834572732448578,0.0,68.93945728242397,1.888239249587059
24,-6.2565178871154785,-130.30643945932388,0.35421058535575867,0.0,2.439856767654419,0.0,0.42208048701286316,0.0,3.2161478400230408,0.0,72.15560512244701,1.888239249587059
25,-0.3321029543876648,-130.63854241371155,0.3527388870716095,0.0,0.17920845746994019,0.0,0.41900184750556946,0.0,0.9509491920471191,0.0,73.10655431449413,1.888239249587059
26,-0.32552003860473633,-130.96406245231628,0.3514370918273926,0.0,0.16868312656879425,0.0,0.4166029393672943,0.0,0.9367231577634811,0.0,74.04327747225761,1.888239249587059
27,-1.5679309368133545,-132.53199338912964,0.35007867217063904,0.0,0.1873515099287033,0.0,1.1875500679016113,0.0,1.7249802500009537,0.0,75.76825772225857,1.888239249587059
28,-2.0654609203338623,-134.5974543094635,1.3546943664550781,0.0,0.20223666727542877,0.0,0.4351603388786316,0.0,1.9920913726091385,0.0,77.7603490948677,1.888239249587059
29,-2.168666362762451,-136.76612067222595,1.3658525943756104,0.0,0.23087537288665771,0.0,0.49980950355529785,0.0,2.096537470817566,0.0,79.85688656568527,1.888239249587059
30,-7.53865909576416,-144.3047797679901,2.357550621032715,0.0,0.8064035773277283,0.0,1.1533982753753662,0.0,4.317352473735809,0.0,84.17423903942108,1.888239249587059
31,-0.2850518822669983,-144.5898316502571,0.07796920090913773,0.0,0.19240280985832214,0.0,0.49188804626464844,0.0,0.7622600570321083,0.0,84.93649909645319,1.888239249587059
32,-1.958384782075882,-146.548216432333,0.0,0.36149874329566956,1.310782790184021,0.0,0.49013590812683105,0.0,1.4394199550151825,0.0,86.37591905146837,1.888239249587059
33,-0.08103198371827602,-146.62924841605127,0.0,0.4318349361419678,0.13957519829273224,0.0,0.24809423089027405,0.0,0.0,0.04416550695896149,86.37591905146837,1.9324047565460205
34,-0.1497071268968284,-146.7789555429481,0.06265433132648468,0.0,0.38181352615356445,0.0,0.0,0.018229525536298752,0.4262383319437504,0.0,86.80215738341212,1.9324047565460205
35,-0.15388761460781097,-146.9328431575559,0.3224653899669647,0.0,0.2233913242816925,0.0,0.0,0.21491865813732147,0.33093805611133575,0.0,87.13309543952346,1.9324047565460205
36,-34.2566032409668,-181.1894463985227,5.824774742126465,0.0,0.5173225402832031,0.0,0.24694044888019562,0.0,6.589037731289864,0.0,93.72213317081332,1.9324047565460205
37,-3.069977283477783,-184.2594236820005,1.7521350383758545,0.0,0.0,0.17027628421783447,0.0,0.596929669380188,0.984929084777832,0.0,94.70706225559115,1.9324047565460205
38,0.0,-184.2594236820005,0.0,0.5143934488296509,0.0,0.05979296937584877,0.0,0.06400222331285477,0.0,0.6381886415183544,94.70706225559115,2.570593398064375
39,-0.5961254835128784,-184.85554916551337,0.0,0.6550762057304382,0.7720916271209717,0.0,0.0,0.24682287871837616,0.0,0.1298074573278427,94.70706225559115,2.7004008553922176
40,-0.47601327300071716,-185.33156243851408,0.447745680809021,0.0,0.19314506649971008,0.0,0.4880902171134949,0.0,1.128980964422226,0.0,95.83604322001338,2.7004008553922176
41,-0.13440026342868805,-185.46596270194277,0.0,0.14580199122428894,0.0,0.00994577631354332,0.3666064143180847,0.0,0.21085864678025246,0.0,96.04690186679363,2.7004008553922176
42,-8.423918724060059,-193.88988142600283,2.136512279510498,0.0,0.8542097806930542,0.0,1.7690560817718506,0.0,4.759778141975403,0.0,100.80668000876904,2.7004008553922176
43,-5.819547653198242,-199.70942907920107,1.7857505083084106,0.0,0.7822729349136353,0.0,1.420806884765625,0.0,3.988830327987671,0.0,104.7955103367567,2.7004008553922176
44,-12.907116889953613,-212.61654596915469,3.3182435035705566,0.0,0.7648220062255859,0.0,1.145174503326416,0.0,5.228240013122559,0.0,110.02375034987926,2.7004008553922176
45,-5.283756256103516,-217.9003022252582,1.6627345085144043,0.0,0.7593696117401123,0.0,1.3937101364135742,0.0,3.815814256668091,0.0,113.83956460654736,2.7004008553922176
46,-0.8119560480117798,-218.71225827326998,0.5435421466827393,0.0,0.19325745105743408,0.0,0.6922207474708557,0.0,1.429020345211029,0.0,115.26858495175838,2.7004008553922176
47,-0.35845106840133667,-219.07070934167132,0.37498530745506287,0.0,0.18901224434375763,0.0,0.4267451763153076,0.0,0.9907427281141281,0.0,116.25932767987251,2.7004008553922176
48,-3.7186429500579834,-222.7893522917293,1.3816155195236206,0.0,0.7504638433456421,0.0,1.1165059804916382,0.0,3.248585343360901,0.0,119.50791302323341,2.7004008553922176
49,-3.7055912017822266,-226.49494349351153,1.3801437616348267,0.0,0.7490487098693848,0.0,1.1134272813796997,0.0,3.242619752883911,0.0,122.75053277611732,2.7004008553922176
50,-3.6947150230407715,-230.1896585165523,1.3788419961929321,0.0,0.7477469444274902,0.0,1.1110284328460693,0.0,3.2376173734664917,0.0,125.98815014958382,2.7004008553922176
51,-0.3226475417613983,-230.5123060583137,0.3348560631275177,0.0,0.1873515099287033,0.0,0.4188297688961029,0.0,0.9410373419523239,0.0,126.92918749153614,2.7004008553922176
52,-0.35179102420806885,-230.86409708252177,0.34860697388648987,0.0,0.20223666727542877,0.0,0.4351603388786316,0.0,0.9860039800405502,0.0,127.91519147157669,2.7004008553922176
53,-11.186088562011719,-242.05018564453349,2.4035866260528564,0.0,1.3571373224258423,0.0,1.8886604309082031,0.0,5.649384379386902,0.0,133.5645758509636,2.7004008553922176
54,-10.803890228271484,-252.85407587280497,2.357393264770508,0.0,1.3652323484420776,0.0,1.839219331741333,0.0,5.5618449449539185,0.0,139.1264207959175,2.7004008553922176
55,-11.546074867248535,-264.4001507400535,2.5745387077331543,0.0,1.424926996231079,0.0,1.699237585067749,0.0,5.698703289031982,0.0,144.8251240849495,2.7004008553922176
56,-28.981821060180664,-293.38197180023417,2.84958553314209,0.0,3.972079038619995,0.0,2.254833221435547,0.0,9.076497793197632,0.0,153.90162187814713,2.7004008553922176
57,-6.482525825500488,-299.86449762573466,1.5144482851028442,0.0,0.946940541267395,0.0,1.8144630193710327,0.0,4.275851845741272,0.0,158.1774737238884,2.7004008553922176
58,-25.245464324951172,-325.10996195068583,3.26505708694458,0.0,1.3458608388900757,0.0,3.574007034301758,0.0,8.184924960136414,0.0,166.3623986840248,2.7004008553922176
59,-7.9229655265808105,-333.03292747726664,1.010774850845337,0.0,2.400846481323242,0.0,1.0664126873016357,0.0,4.478034019470215,0.0,170.84043270349503,2.7004008553922176
60,-0.13378196954727173,-333.1667094468139,0.0,1.0866937637329102,0.3657621741294861,0.0,0.0,0.11811089515686035,0.0,0.8390424847602844,170.84043270349503,3.539443340152502
61,-59.46781921386719,-392.6345286606811,0.262943834066391,0.0,0.3803829550743103,0.0,7.697661399841309,0.0,8.34098818898201,0.0,179.18142089247704,3.539443340152502
62,-0.6766980886459351,-393.31122674932703,0.34445884823799133,0.0,0.39420679211616516,0.0,0.634544849395752,0.0,1.3732104897499084,0.0,180.55463138222694,3.539443340152502
63,-8.490903854370117,-401.80213060369715,2.5887746810913086,0.0,0.5495566129684448,0.0,1.219482183456421,0.0,4.357813477516174,0.0,184.91244485974312,3.539443340152502
64,-7.719658374786377,-409.5217889784835,1.9281368255615234,0.0,0.574409544467926,0.0,1.9162464141845703,0.0,4.41879278421402,0.0,189.33123764395714,3.539443340152502
65,-3.8785457611083984,-413.4003347395919,1.1713616847991943,0.0,0.781000018119812,0.0,1.3771334886550903,0.0,3.3294951915740967,0.0,192.66073283553123,3.539443340152502
66,-11.902610778808594,-425.3029455184005,2.014141082763672,0.0,0.8766312599182129,0.0,2.6603317260742188,0.0,5.5511040687561035,0.0,198.21183690428734,3.539443340152502
67,-8.378161430358887,-433.6811069487594,1.8605670928955078,0.0,0.9222455024719238,0.0,2.016411304473877,0.0,4.799223899841309,0.0,203.01106080412865,3.539443340152502
68,-6.997127532958984,-440.6782344817184,1.63816237449646,0.0,0.9278134703636169,0.0,1.8581479787826538,0.0,4.424123823642731,0.0,207.43518462777138,3.539443340152502
69,-7.337851524353027,-448.0160860060714,1.6627345085144043,0.0,1.0109573602676392,0.0,1.8844444751739502,0.0,4.558136343955994,0.0,211.99332097172737,3.539443340152502
70,-4.129833698272705,-452.1459197043441,1.509930968284607,0.0,0.7563884258270264,0.0,1.1304064989089966,0.0,3.39672589302063,0.0,215.390046864748,3.539443340152502
71,-5.427603721618652,-457.5735234259628,1.8986469507217407,0.0,0.7521432042121887,0.0,1.1211706399917603,0.0,3.7719607949256897,0.0,219.1620076596737,3.539443340152502
72,-3.733198404312134,-461.3067218302749,1.3868730068206787,0.0,0.7504638433456421,0.0,1.1165059804916382,0.0,3.253842830657959,0.0,222.41585049033165,3.539443340152502
73,-3.7055912017822266,-465.01231303205714,1.3801437616348267,0.0,0.7490487098693848,0.0,1.1134272813796997,0.0,3.242619752883911,0.0,225.65847024321556,3.539443340152502
74,-3.6947150230407715,-468.7070280550979,1.3788419961929321,0.0,0.7477469444274902,0.0,1.1110284328460693,0.0,3.2376173734664917,0.0,228.89608761668205,3.539443340152502
75,-0.3226475417613983,-469.0296755968593,0.3348560631275177,0.0,0.1873515099287033,0.0,0.4188297688961029,0.0,0.9410373419523239,0.0,229.83712495863438,3.539443340152502
76,-0.35179102420806885,-469.3814666210674,0.34860697388648987,0.0,0.20223666727542877,0.0,0.4351603388786316,0.0,0.9860039800405502,0.0,230.82312893867493,3.539443340152502
77,-2.2025249004364014,-471.5839915215038,1.3677350282669067,0.0,0.23087537288665771,0.0,0.5277521014213562,0.0,2.1263625025749207,0.0,232.94949144124985,3.539443340152502
78,-3.854254722595215,-475.438246244099,0.3598918616771698,0.0,0.25422030687332153,0.0,1.9131399393081665,0.0,2.527252107858658,0.0,235.4767435491085,3.539443340152502
79,-0.6463708281517029,-476.0846170722507,0.500566840171814,0.0,0.0,1.672768235206604,0.6291292905807495,0.0,0.0,0.5430721044540405,235.4767435491085,4.082515444606543
80,-31.23573112487793,-507.3203481971286,2.2003979682922363,0.0,4.087973117828369,0.0,3.111664295196533,0.0,9.400035381317139,0.0,244.87677893042564,4.082515444606543
81,-1.1656610667705536,-508.4860092638992,0.0,0.19974814355373383,0.938708484172821,0.0,0.5333736538887024,0.0,1.2723339945077896,0.0,246.14911292493343,4.082515444606543
82,-1.6463240385055542,-510.13233330240473,0.10277063399553299,0.0,0.8699364066123962,0.0,0.9375355243682861,0.0,1.9102425649762154,0.0,248.05935548990965,4.082515444606543
83,-6.326972961425781,-516.4593062638305,1.704445481300354,0.0,0.4466046690940857,0.0,1.7950996160507202,0.0,3.94614976644516,0.0,252.0055052563548,4.082515444606543
84,-0.7021515183150768,-517.1614577821456,0.0,0.48728668689727783,0.19740678369998932,0.0,0.8143599033355713,0.0,0.5244800001382828,0.0,252.5299852564931,4.082515444606543
85,-8.07025146484375,-525.2317092469893,0.9239619970321655,0.0,1.7762633562088013,0.0,2.0153000354766846,0.0,4.715525388717651,0.0,257.24551064521074,4.082515444606543
86,-4.164766311645508,-529.3964755586348,0.45262202620506287,0.0,0.6480094194412231,0.0,1.8814843893051147,0.0,2.9821158349514008,0.0,260.22762648016214,4.082515444606543
87,0.0,-529.3964755586348,0.0,0.6318455934524536,0.0,0.9264140725135803,0.0,1.475414752960205,0.0,3.033674418926239,260.22762648016214,7.116189863532782
88,0.0,-529.3964755586348,0.0,0.3609931766986847,0.0,1.8407145738601685,0.0,0.07587092369794846,0.0,2.2775786742568016,260.22762648016214,9.393768537789583
89,-2.565011501312256,-531.9614870599471,0.9598867297172546,0.0,1.2570421695709229,0.0,0.25194022059440613,0.0,2.4688691198825836,0.0,262.6964956000447,9.393768537789583
90,-5.088569641113281,-537.0500567010604,1.4261267185211182,0.0,0.8588923811912537,0.0,1.5221812725067139,0.0,3.8072003722190857,0.0,266.5036959722638,9.393768537789583
91,-5.7465105056762695,-542.7965672067367,1.62196946144104,0.0,1.047393560409546,0.0,1.420806884765625,0.0,4.090169906616211,0.0,270.59386587888,9.393768537789583
92,-1.5885236263275146,-544.3850908330642,0.9364479184150696,0.0,0.36468249559402466,0.0,0.7606547474861145,0.0,2.0617851614952087,0.0,272.65565104037523,9.393768537789583
93,-1.1137515306472778,-545.4988423637114,0.5447744131088257,0.0,0.3876185119152069,0.0,0.8165318369865417,0.0,1.7489247620105743,0.0,274.4045758023858,9.393768537789583
94,-1.470524549484253,-546.9693669131957,0.6589604616165161,0.0,0.3296126127243042,0.0,0.963146448135376,0.0,1.9517195224761963,0.0,276.356295324862,9.393768537789583
95,-0.5027426481246948,-547.4721095613204,0.3560788035392761,0.0,0.3141602873802185,0.0,0.5265489816665649,0.0,1.1967880725860596,0.0,277.55308339744806,9.393768537789583
96,-3.788008689880371,-551.2601182512008,1.3816155195236206,0.0,0.7504638433456421,0.0,1.1471492052078247,0.0,3.2792285680770874,0.0,280.83231196552515,9.393768537789583
97,-0.33287477493286133,-551.5929930261336,0.3527388870716095,0.0,0.18591776490211487,0.0,0.41699478030204773,0.0,0.9556514322757721,0.0,281.7879633978009,9.393768537789583
98,-0.3311491012573242,-551.924142127391,0.3514370918273926,0.0,0.18461598455905914,0.0,0.4166029393672943,0.0,0.952656015753746,0.0,282.74061941355467,9.393768537789583
99,-0.33307403326034546,-552.2572161606513,0.35007867217063904,0.0,0.1873515099287033,0.0,0.4188297688961029,0.0,0.9562599509954453,0.0,283.6968793645501,9.393768537789583
100,-1.8041696548461914,-554.0613858154975,1.2545539140701294,0.0,0.20223666727542877,0.0,0.4351603388786316,0.0,1.8919509202241898,0.0,285.5888302847743,9.393768537789583
101,-0.4521614909172058,-554.5135473064147,0.3468944728374481,0.0,0.23087537288665771,0.0,0.5277521014213562,0.0,1.105521947145462,0.0,286.69435223191977,9.393768537789583
102,-1.4276145696640015,-555.9411618760787,1.0784878730773926,0.0,0.2409534454345703,0.0,0.45433443784713745,0.0,1.7737757563591003,0.0,288.46812798827887,9.393768537789583
103,-3.3201873302459717,-559.2613492063247,1.406815528869629,0.0,1.11617112159729,0.0,0.3085762858390808,0.0,2.8315629363059998,0.0,291.29969092458487,9.393768537789583
104,-0.13042476773262024,-559.3917739740573,0.26671406626701355,0.0,0.23807062208652496,0.0,0.05109556391835213,0.0,0.5558802522718906,0.0,291.85557117685676,9.393768537789583
105,-0.3609432652592659,-559.7527172393166,0.0,0.4958544075489044,0.23039452731609344,0.0,0.5548527836799622,0.0,0.2893929034471512,0.0,292.1449640803039,9.393768537789583
106,-0.3899788558483124,-560.1426960951649,0.0,1.0164076089859009,0.547797679901123,0.0,0.29982754588127136,0.0,0.0,0.16878238320350647,292.1449640803039,9.56255092099309
107,-1.1652923375368118,-561.3079884327017,0.0,0.9263487458229065,1.0723649263381958,0.0,0.12379765510559082,0.0,0.2698138356208801,0.0,292.4147779159248,9.56255092099309
108,-0.6669186118524522,-561.9749070445541,0.06056636571884155,0.0,0.0,0.012424386106431484,0.8144018054008484,0.0,0.8625437850132585,0.0,293.27732170093805,9.56255092099309
109,0.0,-561.9749070445541,0.0,0.7738717198371887,0.0,0.1327192634344101,0.0,0.4543624222278595,0.0,1.3609534054994583,293.27732170093805,10.923504326492548
110,0.0,-561.9749070445541,0.0,0.8958898782730103,0.0,0.26121532917022705,0.0,0.5466712713241577,0.0,1.703776478767395,293.27732170093805,12.627280805259943
111,-0.9364218711853027,-562.9113289157394,0.0,0.5852379202842712,0.9676889181137085,0.0,0.0,0.34786614775657654,0.03458485007286072,0.0,293.3119065510109,12.627280805259943
112,0.0,-562.9113289157394,0.0,0.48445454239845276,0.0,0.14671702682971954,0.0,0.1763022094964981,0.0,0.8074737787246704,293.3119065510109,13.434754583984613
113,-2.6758875846862793,-565.5872165004257,0.8948801755905151,0.0,0.08385171741247177,0.0,1.366764783859253,0.0,2.34549667686224,0.0,295.65740322787315,13.434754583984613
114,-10.419150352478027,-576.0063668529037,1.3984438180923462,0.0,1.842430591583252,0.0,2.251433849334717,0.0,5.492308259010315,0.0,301.14971148688346,13.434754583984613
115,-19.90362548828125,-595.909992341185,1.782073974609375,0.0,1.9085348844528198,0.0,3.6173653602600098,0.0,7.307974219322205,0.0,308.45768570620567,13.434754583984613
116,-2.813990592956543,-598.7239829341415,0.4469718635082245,0.0,0.36468249559402466,0.0,1.5751867294311523,0.0,2.3868410885334015,0.0,310.84452679473907,13.434754583984613
117,-0.4787881374359131,-599.2027710715774,0.3636639416217804,0.0,0.3876185119152069,0.0,0.4430446922779083,0.0,1.1943271458148956,0.0,312.03885394055396,13.434754583984613
118,-0.9681859016418457,-600.1709569732193,0.5967347025871277,0.0,0.3296126127243042,0.0,0.7095414996147156,0.0,1.6358888149261475,0.0,313.6747427554801,13.434754583984613
119,-0.5686774253845215,-600.7396343986038,0.5923177599906921,0.0,0.18901224434375763,0.0,0.4267451763153076,0.0,1.2080751806497574,0.0,314.88281793612987,13.434754583984613
120,-3.7186429500579834,-604.4582773486618,1.3816155195236206,0.0,0.7504638433456421,0.0,1.1165059804916382,0.0,3.248585343360901,0.0,318.13140327949077,13.434754583984613
121,-0.33455270528793335,-604.7928300539497,0.3527388870716095,0.0,0.18591776490211487,0.0,0.41900184750556946,0.0,0.9576584994792938,0.0,319.08906177897006,13.434754583984613
122,-0.3311491012573242,-605.123979155207,0.3514370918273926,0.0,0.18461598455905914,0.0,0.4166029393672943,0.0,0.952656015753746,0.0,320.0417177947238,13.434754583984613
123,-0.31538790464401245,-605.4393670598511,0.35007867217063904,0.0,0.1873515099287033,0.0,0.39715519547462463,0.0,0.934585377573967,0.0,320.9763031722978,13.434754583984613
124,-0.35179102420806885,-605.7911580840591,0.34860697388648987,0.0,0.20223666727542877,0.0,0.4351603388786316,0.0,0.9860039800405502,0.0,321.9623071523383,13.434754583984613
125,-1.2101956605911255,-607.0013537446503,0.9524089097976685,0.0,0.23087537288665771,0.0,0.49980950355529785,0.0,1.683093786239624,0.0,323.64540093857795,13.434754583984613
126,-88.20618438720703,-695.2075381318573,5.020469665527344,0.0,0.29751452803611755,0.0,7.931743621826172,0.0,13.249727815389633,0.0,336.8951287539676,13.434754583984613
127,-0.48430758714675903,-695.691845719004,0.10226792097091675,0.0,0.28070199489593506,0.0,0.628534197807312,0.0,1.0115041136741638,0.0,337.90663286764175,13.434754583984613
128,-0.2857106849551201,-695.9775564039592,0.0,0.21943727135658264,0.26006796956062317,0.0,0.4669853746891022,0.0,0.5076160728931427,0.0,338.4142489405349,13.434754583984613
129,-18.057785034179688,-714.0353414381389,4.173412322998047,0.0,0.694703221321106,0.0,0.39724376797676086,0.0,5.265359312295914,0.0,343.6796082528308,13.434754583984613
130,-0.4632345922291279,-714.498576030368,0.0,0.837080717086792,0.672214150428772,0.0,0.10659606009721756,0.0,0.0,0.05827050656080246,343.6796082528308,13.493025090545416
131,-0.34469587355852127,-714.8432719039265,0.0,1.1622930765151978,0.5738435387611389,0.0,0.12409457564353943,0.0,0.0,0.4643549621105194,343.6796082528308,13.957380052655935
132,-1.218300223350525,-716.061572127277,0.8643440008163452,0.0,0.6802657246589661,0.0,0.09191408008337021,0.0,1.6365238055586815,0.0,345.3161320583895,13.957380052655935
133,0.0,-716.061572127277,0.0,1.2007795572280884,0.0,0.25800636410713196,0.0,0.7577298879623413,0.0,2.2165158092975616,345.3161320583895,16.173895861953497
134,0.0,-716.061572127277,0.0,0.6445506811141968,0.0,0.2746831774711609,0.0,0.7411631345748901,0.0,1.6603969931602478,345.3161320583895,17.834292855113745
135,-0.86611407995224,-716.9276862072293,0.0,0.895548939704895,0.9306524991989136,0.0,0.0,0.42193904519081116,0.0,0.3868354856967926,345.3161320583895,18.221128340810537
136,-0.15429207682609558,-717.0819782840554,0.0,0.5875452160835266,0.39280030131340027,0.0,0.0,0.22352951765060425,0.0,0.4182744324207306,345.3161320583895,18.639402773231268
137,-3.5139100551605225,-720.5958883392159,1.7877622842788696,0.0,0.5443580746650696,0.0,0.14659564197063446,0.0,2.4787160009145737,0.0,347.79484805930406,18.639402773231268
138,-6.744668006896973,-727.3405563461129,1.9461783170700073,0.0,0.8462786674499512,0.0,1.4969538450241089,0.0,4.289410829544067,0.0,352.0842588888481,18.639402773231268
139,-9.734771728515625,-737.0753280746285,2.6654365062713623,0.0,0.7822145223617554,0.0,1.4206901788711548,0.0,4.8683412075042725,0.0,356.9526000963524,18.639402773231268
140,-85.80934143066406,-822.8846695052925,8.721421241760254,0.0,0.7648220062255859,0.0,3.026747703552246,0.0,12.512990951538086,0.0,369.4655910478905,18.639402773231268
141,-1.3133561611175537,-824.1980256664101,0.7798219323158264,0.0,0.19623863697052002,0.0,0.8165318369865417,0.0,1.7925924062728882,0.0,371.2581834541634,18.639402773231268
142,-0.40509864687919617,-824.6031243132893,0.4215100109577179,0.0,0.19325745105743408,0.0,0.4359810948371887,0.0,1.0507485568523407,0.0,372.3089320110157,18.639402773231268
143,-0.344629168510437,-824.9477534817997,0.3560788035392761,0.0,0.18901224434375763,0.0,0.4267451763153076,0.0,0.9718362241983414,0.0,373.28076823521405,18.639402773231268
144,-3.7186429500579834,-828.6663964318577,1.3816155195236206,0.0,0.7504638433456421,0.0,1.1165059804916382,0.0,3.248585343360901,0.0,376.52935357857496,18.639402773231268
145,-4.9420166015625,-833.6084130334202,1.614013910293579,0.0,0.7490487098693848,0.0,1.332629680633545,0.0,3.695692300796509,0.0,380.22504587937146,18.639402773231268
146,-0.5530959367752075,-834.1615089701954,0.33876895904541016,0.0,0.18461598455905914,0.0,0.6358053684234619,0.0,1.1591903120279312,0.0,381.3842361913994,18.639402773231268
147,-0.527125895023346,-834.6886348652188,0.3348560631275177,0.0,0.1873515099287033,0.0,0.6163576245307922,0.0,1.1385651975870132,0.0,382.5228013889864,18.639402773231268
148,-0.3918682634830475,-835.0805031287018,0.34860697388648987,0.0,0.20223666727542877,0.0,0.4790008068084717,0.0,1.0298444479703903,0.0,383.5526458369568,18.639402773231268
149,-0.4221463203430176,-835.5026494490448,0.3450120687484741,0.0,0.23087537288665771,0.0,0.49980950355529785,0.0,1.0756969451904297,0.0,384.62834278214723,18.639402773231268
150,-11.195352554321289,-846.6980020033661,2.2849538326263428,0.0,1.378410816192627,0.0,2.0184950828552246,0.0,5.681859731674194,0.0,390.3102025138214,18.639402773231268
151,-0.7375587224960327,-847.4355607258622,0.3870762586593628,0.0,0.20606835186481476,0.0,0.738421618938446,0.0,1.3315662294626236,0.0,391.64176874328405,18.639402773231268
152,-2.343463659286499,-849.7790243851487,1.4906659126281738,0.0,0.16592095792293549,0.0,0.30634817481040955,0.0,1.9629350453615189,0.0,393.60470378864557,18.639402773231268
153,-1.0164814293384552,-850.7955058144871,0.0,0.5706719756126404,0.7532466053962708,0.0,0.6701499819755554,0.0,0.8527246117591858,0.0,394.45742840040475,18.639402773231268
154,-0.9099385142326355,-851.7054443287198,0.0,0.7727327942848206,0.8554455637931824,0.0,0.4220798909664154,0.0,0.5047926604747772,0.0,394.96222106087953,18.639402773231268
155,-21.567358136177063,-873.2728024648968,4.530760765075684,0.0,1.0195902585983276,0.0,0.0,0.3817722201347351,5.168578803539276,0.0,400.1307998644188,18.639402773231268
156,-7.088366508483887,-880.3611689733807,2.0221452713012695,0.0,0.42088937759399414,0.0,1.679924726486206,0.0,4.12295937538147,0.0,404.2537592398003,18.639402773231268
157,-3.7748594284057617,-884.1360284017865,1.5634938478469849,0.0,0.3178994357585907,0.0,1.108731746673584,0.0,2.9901250302791595,0.0,407.24388427007943,18.639402773231268
158,0.0,-884.1360284017865,0.0,0.7494138479232788,0.0,0.2924632430076599,0.0,0.6091670989990234,0.0,1.6510441899299622,407.24388427007943,20.29044696316123
159,-4.360944986343384,-888.4969733881298,0.0,0.59209144115448,1.4846761226654053,0.0,1.468564510345459,0.0,2.3611491918563843,0.0,409.6050334619358,20.29044696316123
160,-0.16004584729671478,-888.6570192354266,0.03444037213921547,0.0,0.39850902557373047,0.0,0.007090319879353046,0.0,0.440039717592299,0.0,410.0450731795281,20.29044696316123
161,-2.795045852661133,-891.4520650880877,1.4606693983078003,0.0,0.556734025478363,0.0,0.5929064154624939,0.0,2.6103098392486572,0.0,412.6553830187768,20.29044696316123
162,-13.958962440490723,-905.4110275285784,2.1057417392730713,0.0,1.8471285104751587,0.0,2.4724340438842773,0.0,6.425304293632507,0.0,419.0806873124093,20.29044696316123
163,-10.21223258972168,-915.6232601183001,1.7269680500030518,0.0,1.9082951545715332,0.0,1.8942605257034302,0.0,5.529523730278015,0.0,424.6102110426873,20.29044696316123
164,-10.021517753601074,-925.6447778719012,2.4587607383728027,0.0,0.9278134703636169,0.0,1.7649859189987183,0.0,5.151560127735138,0.0,429.76177117042243,20.29044696316123
165,-1.7514339685440063,-927.3962118404452,0.5447744131088257,0.0,0.19623863697052002,0.0,1.1900190114974976,0.0,1.9310320615768433,0.0,431.6928032319993,20.29044696316123
166,-0.3573838472366333,-927.7535956876818,0.3604939579963684,0.0,0.19325745105743408,0.0,0.4359810948371887,0.0,0.9897325038909912,0.0,432.68253573589027,20.29044696316123
167,-0.344629168510437,-928.0982248561922,0.3560788035392761,0.0,0.18901224434375763,0.0,0.4267451763153076,0.0,0.9718362241983414,0.0,433.6543719600886,20.29044696316123
168,-0.3387106657028198,-928.4369355218951,0.35421058535575867,0.0,0.18733283877372742,0.0,0.42208048701286316,0.0,0.9636239111423492,0.0,434.61799587123096,20.29044696316123
169,-0.33455270528793335,-928.771488227183,0.3527388870716095,0.0,0.18591776490211487,0.0,0.41900184750556946,0.0,0.9576584994792938,0.0,435.57565437071025,20.29044696316123
170,-0.3311491012573242,-929.1026373284403,0.3514370918273926,0.0,0.18461598455905914,0.0,0.4166029393672943,0.0,0.952656015753746,0.0,436.528310386464,20.29044696316123
171,-0.33307403326034546,-929.4357113617007,0.35007867217063904,0.0,0.1873515099287033,0.0,0.4188297688961029,0.0,0.9562599509954453,0.0,437.48457033745944,20.29044696316123
172,-0.35179102420806885,-929.7875023859087,0.34860697388648987,0.0,0.20223666727542877,0.0,0.4351603388786316,0.0,0.9860039800405502,0.0,438.4705743175,20.29044696316123
173,-8.809310913085938,-938.5968132989947,2.916538715362549,0.0,0.23087537288665771,0.0,0.49980950355529785,0.0,3.6472235918045044,0.0,442.1177979093045,20.29044696316123
174,-5.978518962860107,-944.5753322618548,1.411741852760315,0.0,0.8027651309967041,0.0,1.8278599977493286,0.0,4.042366981506348,0.0,446.16016489081085,20.29044696316123
175,-0.8300753831863403,-945.4054076450411,0.1516353189945221,0.0,0.7369452714920044,0.0,0.513803243637085,0.0,1.4023838341236115,0.0,447.56254872493446,20.29044696316123
176,-1.4497473239898682,-946.855154969031,1.1688817739486694,0.0,0.20974469184875488,0.0,0.19867007434368134,0.0,1.5772965401411057,0.0,449.13984526507556,20.29044696316123
177,-1.001718670129776,-947.8568736391608,0.0,0.6238800287246704,0.7497058510780334,0.0,0.6630684733390808,0.0,0.7888942956924438,0.0,449.928739560768,20.29044696316123
178,-0.5298455208539963,-948.3867191600148,0.0,0.9074476957321167,0.6022776365280151,0.0,0.40878745913505554,0.0,0.10361739993095398,0.0,450.03235696069896,20.29044696316123
179,-0.6302877627313137,-949.0170069227461,0.0,1.0420626401901245,0.7553761005401611,0.0,0.24432499706745148,0.0,0.0,0.0423615425825119,450.03235696069896,20.332808505743742
180,-1.0604796409606934,-950.0774865637068,0.9123975038528442,0.0,0.4565299153327942,0.0,0.13996754586696625,0.0,1.5088949650526047,0.0,451.54125192575157,20.332808505743742
181,0.0,-950.0774865637068,0.0,0.8901332020759583,0.0,0.21903814375400543,0.0,0.5087555646896362,0.0,1.6179269105196,451.54125192575157,21.950735416263342
182,0.0,-950.0774865637068,0.0,0.9799602627754211,0.0,0.23004119098186493,0.0,0.48432299494743347,0.0,1.6943244487047195,451.54125192575157,23.64505986496806
183,-2.319969892501831,-952.3974564562086,0.0,0.8368264436721802,1.5231447219848633,0.0,0.0,0.3632165491580963,0.3231017291545868,0.0,451.86435365490615,23.64505986496806
184,-0.16663041710853577,-952.5640868733171,0.0,0.556738018989563,0.4082038998603821,0.0,0.0,0.19272230565547943,0.0,0.34125642478466034,451.86435365490615,23.986316289752722
185,-0.43279360234737396,-952.9968804756645,0.0,0.008356096222996712,0.5537015199661255,0.0,0.3552579879760742,0.0,0.900603411719203,0.0,452.76495706662536,23.986316289752722
186,-7.940088748931885,-960.9369692245964,1.708894968032837,0.0,1.8437089920043945,0.0,1.272990107536316,0.0,4.825594067573547,0.0,457.5905511341989,23.986316289752722
187,-3.4291810989379883,-964.3661503235344,1.0584359169006348,0.0,0.35834044218063354,0.0,1.476647138595581,0.0,2.8934234976768494,0.0,460.48397463187575,23.986316289752722
188,-4.1429443359375,-968.5090946594719,0.8434675931930542,0.0,0.36468249559402466,0.0,1.816180944442749,0.0,3.024331033229828,0.0,463.5083056651056,23.986316289752722
189,-2.1726033687591553,-970.681698028231,0.5447744131088257,0.0,0.3876185119152069,0.0,1.3136118650436401,0.0,2.2460047900676727,0.0,465.75431045517325,23.986316289752722
190,-1.634734034538269,-972.3164320627693,0.3604939579963684,0.0,0.3296126127243042,0.0,1.1815810203552246,0.0,1.8716875910758972,0.0,467.62599804624915,23.986316289752722
191,-0.6185284852981567,-972.9349605480675,0.3560788035392761,0.0,0.18901224434375763,0.0,0.6752856969833374,0.0,1.2203767448663712,0.0,468.8463747911155,23.986316289752722
192,-0.6631633639335632,-973.598123912001,0.6707591414451599,0.0,0.18733283877372742,0.0,0.42208048701286316,0.0,1.2801724672317505,0.0,470.1265472583473,23.986316289752722
193,-0.38948366045951843,-973.9876075724605,0.34507817029953003,0.0,0.307964563369751,0.0,0.41900184750556946,0.0,1.0720445811748505,0.0,471.1985918395221,23.986316289752722
194,-0.3311491012573242,-974.3187566737179,0.3514370918273926,0.0,0.18461598455905914,0.0,0.4166029393672943,0.0,0.952656015753746,0.0,472.15124785527587,23.986316289752722
195,-0.33307403326034546,-974.6518307069782,0.35007867217063904,0.0,0.1873515099287033,0.0,0.4188297688961029,0.0,0.9562599509954453,0.0,473.1075078062713,23.986316289752722
196,-0.35179102420806885,-975.0036217311863,0.34860697388648987,0.0,0.20223666727542877,0.0,0.4351603388786316,0.0,0.9860039800405502,0.0,474.09351178631186,23.986316289752722
197,-3.950519561767578,-978.9541412929539,1.3761818408966064,0.0,0.79400634765625,0.0,1.1942349672317505,0.0,3.364423155784607,0.0,477.4579349420965,23.986316289752722
198,-6.825777053833008,-985.7799183467869,2.2045345306396484,0.0,0.8040204644203186,0.0,1.1486319303512573,0.0,4.157186925411224,0.0,481.6151218675077,23.986316289752722
199,-3.4707937240600586,-989.2507120708469,1.125339388847351,0.0,0.8656190633773804,0.0,1.2062788009643555,0.0,3.197237253189087,0.0,484.8123591206968,23.986316289752722
200,-2.078981399536133,-991.3296934703831,1.3969422578811646,0.0,0.24484512209892273,0.0,0.25997012853622437,0.0,1.9017575085163116,0.0,486.7141166292131,23.986316289752722
201,-0.058512934716418386,-991.3882064050995,0.0,0.6303125619888306,0.23515954613685608,0.0,0.05668264627456665,0.0,0.0,0.33847036957740784,486.7141166292131,24.32478665933013
202,-0.010527164340601303,-991.3987335694401,0.0,0.9267101287841797,0.10197068750858307,0.0,0.011364126577973366,0.0,0.0,0.8133753146976233,486.7141166292131,25.138161974027753
203,-6.259973526000977,-997.6587070954411,1.5109035968780518,0.0,1.2835761308670044,0.0,1.5262948274612427,0.0,4.320774555206299,0.0,491.0348911844194,25.138161974027753
204,-6.541422771988437e-05,-997.6587725096688,0.0,0.35866621136665344,0.008087906055152416,0.0,0.0,0.16686540842056274,0.0,0.5174437137320638,491.0348911844194,25.655605687759817
205,-24.694511118286755,-1022.3532836279555,0.0,0.08942629396915436,0.025905432179570198,0.0,4.969289779663086,0.0,4.905768917873502,0.0,495.9406601022929,25.655605687759817
206,-4.930322647094727,-1027.2836062750503,1.515046238899231,0.0,0.4621182680130005,0.0,1.5560863018035889,0.0,3.5332508087158203,0.0,499.4739109110087,25.655605687759817
207,-2.603564739227295,-1029.8871710142776,1.2231979370117188,0.0,0.6228576302528381,0.0,0.8481744527816772,0.0,2.694230020046234,0.0,502.16814093105495,25.655605687759817
208,-1.7545037269592285,-1031.6416747412368,0.7791277170181274,0.0,0.6089850068092346,0.0,0.8812496066093445,0.0,2.2693623304367065,0.0,504.43750326149166,25.655605687759817
209,-4.055575847625732,-1035.6972505888625,1.2235195636749268,0.0,0.7281518578529358,0.0,1.4242087602615356,0.0,3.375880181789398,0.0,507.81338344328105,25.655605687759817
210,-9.10286808013916,-1044.8001186690017,1.4265245199203491,0.0,0.8590912818908691,0.0,2.515920877456665,0.0,4.801536679267883,0.0,512.6149201225489,25.655605687759817
211,-3.2551283836364746,-1048.0552470526382,0.9786856770515442,0.0,0.3576768636703491,0.0,1.472878098487854,0.0,2.8092406392097473,0.0,515.4241607617587,25.655605687759817
212,-1.6521177291870117,-1049.7073647818252,0.6107575297355652,0.0,0.36468249559402466,0.0,1.0705604553222656,0.0,2.0460004806518555,0.0,517.4701612424105,25.655605687759817
213,-1.9700371026992798,-1051.6774018845244,0.6353296637535095,0.0,0.3876185119152069,0.0,1.1900190114974976,0.0,2.212967187166214,0.0,519.6831284295768,25.655605687759817
214,-2.0440235137939453,-1053.7214253983184,0.48252609372138977,0.0,0.9190770387649536,0.0,0.9831019043922424,0.0,2.384705036878586,0.0,522.0678334664553,25.655605687759817
215,-0.3729878067970276,-1054.0944132051154,0.3938917815685272,0.0,0.18901224434375763,0.0,0.4267451763153076,0.0,1.0096492022275925,0.0,523.0774826686829,25.655605687759817
216,-3.7259135246276855,-1057.820326729743,1.3842442035675049,0.0,0.7504638433456421,0.0,1.1165059804916382,0.0,3.251214027404785,0.0,526.3286966960877,25.655605687759817
217,-3.6845040321350098,-1061.504830761878,1.3724830150604248,0.0,0.7490487098693848,0.0,1.1134272813796997,0.0,3.2349590063095093,0.0,529.5636557023972,25.655605687759817
218,-0.5316398739814758,-1062.0364706358596,0.5692089200019836,0.0,0.18461598455905914,0.0,0.4166029393672943,0.0,1.170427843928337,0.0,530.7340835463256,25.655605687759817
219,-0.33307403326034546,-1062.36954466912,0.35007867217063904,0.0,0.1873515099287033,0.0,0.4188297688961029,0.0,0.9562599509954453,0.0,531.690343497321,25.655605687759817
220,-0.35179102420806885,-1062.721335693328,0.34860697388648987,0.0,0.20223666727542877,0.0,0.4351603388786316,0.0,0.9860039800405502,0.0,532.6763474773616,25.655605687759817
221,-3.300854444503784,-1066.0221901378318,1.7313987016677856,0.0,0.23087537288665771,0.0,0.49980950355529785,0.0,2.462083578109741,0.0,535.1384310554713,25.655605687759817
222,-3.715315818786621,-1069.7375059566184,1.328688383102417,0.0,0.8014514446258545,0.0,1.1434940099716187,0.0,3.27363383769989,0.0,538.4120648931712,25.655605687759817
223,-0.15176191926002502,-1069.8892678758784,0.057517584413290024,0.0,0.20612981915473938,0.0,0.3255213499069214,0.0,0.5891687534749508,0.0,539.0012336466461,25.655605687759817
224,-0.025939663406461477,-1069.915207539285,0.0,0.39134976267814636,0.1452266275882721,0.0,0.06963396817445755,0.0,0.0,0.17648916691541672,539.0012336466461,25.832094854675233
225,-0.05998190864920616,-1069.975189447934,0.0,0.7491872310638428,0.2449120432138443,0.0,0.0,0.11053763329982758,0.0,0.614812821149826,539.0012336466461,26.44690767582506
226,-0.011218172498047352,-1069.9864076204321,0.0,0.9638462066650391,0.10591587424278259,0.0,0.0,0.16139096021652222,0.0,1.0193212926387787,539.0012336466461,27.466228968463838
227,-0.29774048272520304,-1070.2841481031573,0.0,0.1521635353565216,0.5350982546806335,0.0,0.10681923478841782,0.0,0.48975395411252975,0.0,539.4909876007587,27.466228968463838
228,-0.5342117547988892,-1070.8183598579562,0.03376428410410881,0.0,0.6010804772377014,0.0,0.414456307888031,0.0,1.0493010692298412,0.0,540.5402886699885,27.466228968463838
229,-87.73627471923828,-1158.5546345771945,1.050824761390686,0.0,9.307232856750488,0.0,0.08636482805013657,0.0,10.44442244619131,0.0,550.9847111161798,27.466228968463838
230,0.0,-1158.5546345771945,0.0,1.0160142183303833,0.0,0.1581920087337494,0.0,0.5203769207000732,0.0,1.694583147764206,550.9847111161798,29.160812116228044
231,0.0,-1158.5546345771945,0.0,0.6432213187217712,0.0,0.04518565908074379,0.0,0.31277215480804443,0.0,1.0011791326105595,550.9847111161798,30.161991248838603
232,-19.53321385383606,-1178.0878484310306,4.113112926483154,0.0,0.0,0.008898989297449589,1.617255687713623,0.0,5.721469624899328,0.0,556.7061807410792,30.161991248838603
233,-2.9661598205566406,-1181.0540082515872,1.1071789264678955,0.0,0.7037938833236694,0.0,1.1157907247543335,0.0,2.9267635345458984,0.0,559.632944275625,30.161991248838603
234,-8.371417045593262,-1189.4254252971805,2.348127603530884,0.0,1.096186876296997,0.0,1.2868908643722534,0.0,4.731205344200134,0.0,564.3641496198252,30.161991248838603
235,-8.490776062011719,-1197.9162013591922,1.8830899000167847,0.0,0.9209363460540771,0.0,2.0240120887756348,0.0,4.828038334846497,0.0,569.1921879546717,30.161991248838603
236,-6.990438938140869,-1204.906640297333,2.1950345039367676,0.0,0.9278134703636169,0.0,1.145174503326416,0.0,4.2680224776268005,0.0,573.4602104322985,30.161991248838603
237,-2.1205084323883057,-1207.0271487297214,0.6075669527053833,0.0,0.19623863697052002,0.0,1.3087632656097412,0.0,2.1125688552856445,0.0,575.5727792875841,30.161991248838603
238,-1.2848563194274902,-1208.3120050491489,1.028313398361206,0.0,0.19325745105743408,0.0,0.4359810948371887,0.0,1.6575519442558289,0.0,577.23033123184,30.161991248838603
239,-0.344629168510437,-1208.6566342176593,0.3560788035392761,0.0,0.18901224434375763,0.0,0.4267451763153076,0.0,0.9718362241983414,0.0,578.2021674560383,30.161991248838603
240,-3.7186429500579834,-1212.3752771677173,1.3816155195236206,0.0,0.7504638433456421,0.0,1.1165059804916382,0.0,3.248585343360901,0.0,581.4507527993992,30.161991248838603
241,-3.7055912017822266,-1216.0808683694995,1.3801437616348267,0.0,0.7490487098693848,0.0,1.1134272813796997,0.0,3.242619752883911,0.0,584.6933725522831,30.161991248838603
242,-0.3311491012573242,-1216.4120174707568,0.3514370918273926,0.0,0.18461598455905914,0.0,0.4166029393672943,0.0,0.952656015753746,0.0,585.6460285680369,30.161991248838603
243,-0.33307403326034546,-1216.7450915040172,0.35007867217063904,0.0,0.1873515099287033,0.0,0.4188297688961029,0.0,0.9562599509954453,0.0,586.6022885190323,30.161991248838603
244,-0.3429830074310303,-1217.0880745114482,0.3357362449169159,0.0,0.20223666727542877,0.0,0.4351603388786316,0.0,0.9731332510709763,0.0,587.5754217701033,30.161991248838603
245,-0.4521614909172058,-1217.5402360023654,0.3468944728374481,0.0,0.23087537288665771,0.0,0.5277521014213562,0.0,1.105521947145462,0.0,588.6809437172487,30.161991248838603
246,-23.32406997680664,-1240.864305979172,1.3636397123336792,0.0,0.8055227398872375,0.0,4.5624213218688965,0.0,6.731583774089813,0.0,595.4125274913386,30.161991248838603
247,-6.7758989334106445,-1247.6402049125827,2.1625139713287354,0.0,0.7746247053146362,0.0,1.2244954109191895,0.0,4.161634087562561,0.0,599.5741615789011,30.161991248838603
248,-1.9401599168777466,-1249.5803648294604,0.7994797825813293,0.0,1.0725849866867065,0.0,0.38801226019859314,0.0,2.260077029466629,0.0,601.8342386083677,30.161991248838603
249,-2.0458326414227486,-1251.6261974708832,0.0,0.16169406473636627,0.2862636148929596,0.0,1.401387095451355,0.0,1.5259566456079483,0.0,603.3601952539757,30.161991248838603
250,-0.605865091085434,-1252.2320625619686,0.0,0.5522568821907043,0.5505393147468567,0.0,0.5502468347549438,0.0,0.5485292673110962,0.0,603.9087245212868,30.161991248838603
251,-0.28775056079030037,-1252.519813122759,0.0,0.8463038802146912,0.4932899475097656,0.0,0.2107500433921814,0.0,0.0,0.14226388931274414,603.9087245212868,30.304255138151348
252,0.0,-1252.519813122759,0.0,0.07288040965795517,0.0,0.08553756773471832,0.0,0.5123308897018433,0.0,0.6707488670945168,603.9087245212868,30.975004005245864
253,-0.02192443236708641,-1252.541737555126,0.0,1.0048272609710693,0.14806900918483734,0.0,0.0,0.6707950830459595,0.0,1.5275533348321915,603.9087245212868,32.502557340078056
254,-27.07463264465332,-1279.6163701997793,5.203329086303711,0.0,0.0,0.2397156059741974,0.0,0.6712279915809631,4.29238548874855,0.0,608.2011100100353,32.502557340078056
255,-2.34234619140625,-1281.9587163911856,0.0,0.8221708536148071,1.5304725170135498,0.0,0.0,0.3485609292984009,0.3597407341003418,0.0,608.5608507441357,32.502557340078056
256,-0.23018033429980278,-1282.1888967254854,0.19316093623638153,0.0,0.4391687512397766,0.0,0.0,0.13079260289669037,0.5015370845794678,0.0,609.0623878287151,32.502557340078056
257,-0.6961727142333984,-1282.8850694397188,0.5760786533355713,0.0,0.5701292753219604,0.0,0.1981380730867386,0.0,1.3443460017442703,0.0,610.4067338304594,32.502557340078056
258,-9.136192321777344,-1292.0212617614961,1.8640313148498535,0.0,1.8458917140960693,0.0,1.5014206171035767,0.0,5.2113436460494995,0.0,615.6180774765089,32.502557340078056
259,-8.837461471557617,-1300.8587232330538,1.5455849170684814,0.0,1.9084110260009766,0.0,1.6752897500991821,0.0,5.12928569316864,0.0,620.7473631696776,32.502557340078056
260,-6.798524856567383,-1307.6572480896211,1.4743767976760864,0.0,0.7648220062255859,0.0,2.0099217891693115,0.0,4.249120593070984,0.0,624.9964837627485,32.502557340078056
261,-65.03553771972656,-1372.6927858093477,0.3636639416217804,0.0,0.19623863697052002,0.0,8.05386734008789,0.0,8.613769918680191,0.0,633.6102536814287,32.502557340078056
262,-0.6707534790039062,-1373.3635392883516,0.3604939579963684,0.0,0.19325745105743408,0.0,0.7095414996147156,0.0,1.263292908668518,0.0,634.8735465900972,32.502557340078056
263,-1.5397059917449951,-1374.9032452800966,0.8147399425506592,0.0,0.18901224434375763,0.0,0.9166128635406494,0.0,1.9203650504350662,0.0,636.7939116405323,32.502557340078056
264,-3.7186429500579834,-1378.6218882301546,1.3816155195236206,0.0,0.7504638433456421,0.0,1.1165059804916382,0.0,3.248585343360901,0.0,640.0424969838932,32.502557340078056
265,-0.33455270528793335,-1378.9564409354425,0.3527388870716095,0.0,0.18591776490211487,0.0,0.41900184750556946,0.0,0.9576584994792938,0.0,641.0001554833725,32.502557340078056
266,-0.3311491012573242,-1379.2875900366998,0.3514370918273926,0.0,0.18461598455905914,0.0,0.4166029393672943,0.0,0.952656015753746,0.0,641.9528114991263,32.502557340078056
267,-0.33307403326034546,-1379.6206640699602,0.35007867217063904,0.0,0.1873515099287033,0.0,0.4188297688961029,0.0,0.9562599509954453,0.0,642.9090714501217,32.502557340078056
268,-0.35179102420806885,-1379.9724550941683,0.34860697388648987,0.0,0.20223666727542877,0.0,0.4351603388786316,0.0,0.9860039800405502,0.0,643.8950754301623,32.502557340078056
269,-0.4521614909172058,-1380.4246165850855,0.3468944728374481,0.0,0.23087537288665771,0.0,0.5277521014213562,0.0,1.105521947145462,0.0,645.0005973773077,32.502557340078056
270,-3.8275146484375,-1384.252131233523,1.3624169826507568,0.0,0.8049114346504211,0.0,1.1504138708114624,0.0,3.3177422881126404,0.0,648.3183396654204,32.502557340078056
271,-2.940544605255127,-1387.192675838778,1.1377812623977661,0.0,0.7717373967170715,0.0,1.024899959564209,0.0,2.9344186186790466,0.0,651.2527582840994,32.502557340078056
272,-0.10906918160617352,-1387.3017450203843,0.0,0.30443722009658813,0.29079610109329224,0.0,0.15654651820659637,0.0,0.14290539920330048,0.0,651.3956636833027,32.502557340078056
273,-0.582731369882822,-1387.884476390267,0.0,0.48703962564468384,0.7553882002830505,0.0,0.11009092628955841,0.0,0.3784395009279251,0.0,651.7741031842306,32.502557340078056
274,-0.40763214230537415,-1388.2921085325725,0.017429426312446594,0.0,0.5552371144294739,0.0,0.314706414937973,0.0,0.8873729556798935,0.0,652.6614761399105,32.502557340078056
275,-0.35227152705192566,-1388.6443800596244,0.008054452948272228,0.0,0.5256569385528564,0.0,0.27548399567604065,0.0,0.8091953871771693,0.0,653.4706715270877,32.502557340078056
276,-0.0392790362238884,-1388.6836590958483,0.0,0.11086805909872055,0.13605967164039612,0.0,0.1441069096326828,0.0,0.16929852217435837,0.0,653.639970049262,32.502557340078056
277,0.0,-1388.6836590958483,0.0,1.0237867832183838,0.0,0.04921433702111244,0.0,0.09319671243429184,0.0,1.166197832673788,653.639970049262,33.668755172751844
278,0.0,-1388.6836590958483,0.0,1.038109540939331,0.0,0.23666104674339294,0.0,0.6651188731193542,0.0,1.9398894608020782,653.639970049262,35.60864463355392
279,-6.307858943939209,-1394.9915180397875,1.1855446100234985,0.0,1.543911337852478,0.0,1.5870351791381836,0.0,4.31649112701416,0.0,657.9564611762762,35.60864463355392
280,-29.521005392074585,-1424.512523431862,5.212719917297363,0.0,1.5325000286102295,0.0,0.0,0.19665394723415375,6.548565998673439,0.0,664.5050271749496,35.60864463355392
281,-1.3224215507507324,-1425.8349449826128,0.9082015156745911,0.0,0.266985148191452,0.0,0.6529245972633362,0.0,1.8281112611293793,0.0,666.333138436079,35.60864463355392
282,-8.753520965576172,-1434.588465948189,2.3321585655212402,0.0,0.8400214314460754,0.0,1.615215539932251,0.0,4.787395536899567,0.0,671.1205339729786,35.60864463355392
283,-25.972179412841797,-1460.5606453610308,2.3590664863586426,0.0,0.9212791919708252,0.0,4.422468662261963,0.0,7.702814340591431,0.0,678.82334831357,35.60864463355392
284,-11.87684440612793,-1472.4374897671587,1.1457839012145996,0.0,0.36468249559402466,0.0,3.229710578918457,0.0,4.740176975727081,0.0,683.5635252892971,35.60864463355392
285,-17.639305114746094,-1490.0767948819048,0.6824634075164795,0.0,0.507914125919342,0.0,4.112854480743408,0.0,5.30323201417923,0.0,688.8667573034763,35.60864463355392
286,-67.62422943115234,-1557.7010243130571,0.588736891746521,0.0,0.3296126127243042,0.0,8.19566822052002,0.0,9.114017724990845,0.0,697.9807750284672,35.60864463355392
287,-1.503528118133545,-1559.2045524311907,0.3560788035392761,0.0,0.18901224434375763,0.0,1.15802001953125,0.0,1.7031110674142838,0.0,699.6838860958815,35.60864463355392
288,-0.6023942232131958,-1559.8069466544039,0.35421058535575867,0.0,0.18733283877372742,0.0,0.6647070646286011,0.0,1.2062504887580872,0.0,700.8901365846395,35.60864463355392
289,-0.33455270528793335,-1560.1414993596918,0.3527388870716095,0.0,0.18591776490211487,0.0,0.41900184750556946,0.0,0.9576584994792938,0.0,701.8477950841188,35.60864463355392
290,-0.47690504789352417,-1560.6184044075853,0.3514370918273926,0.0,0.42407429218292236,0.0,0.4166029393672943,0.0,1.1921143233776093,0.0,703.0399094074965,35.60864463355392
291,-0.33307403326034546,-1560.9514784408457,0.35007867217063904,0.0,0.1873515099287033,0.0,0.4188297688961029,0.0,0.9562599509954453,0.0,703.9961693584919,35.60864463355392
292,-0.35179102420806885,-1561.3032694650537,0.34860697388648987,0.0,0.20223666727542877,0.0,0.4351603388786316,0.0,0.9860039800405502,0.0,704.9821733385324,35.60864463355392
293,-0.42475831508636475,-1561.72802778014,0.3487769067287445,0.0,0.23087537288665771,0.0,0.49980950355529785,0.0,1.0794617831707,0.0,706.0616351217031,35.60864463355392
294,-2.1475186347961426,-1563.8755464149363,0.3086540102958679,0.0,0.24200575053691864,0.0,1.4119789600372314,0.0,1.962638720870018,0.0,708.0242738425732,35.60864463355392
295,-2.018686056137085,-1565.8942324710733,1.079450011253357,0.0,0.8666271567344666,0.0,0.32004883885383606,0.0,2.2661260068416595,0.0,710.2903998494148,35.60864463355392
296,-0.03922815062105656,-1565.9334606216944,0.0,0.30276864767074585,0.1651078164577484,0.0,0.10939634591341019,0.0,0.0,0.02826448529958725,710.2903998494148,35.63690911885351
297,-0.8758121728897095,-1566.809272794584,0.0,0.6869267225265503,0.7181824445724487,0.0,0.6000217795372009,0.0,0.6312775015830994,0.0,710.9216773509979,35.63690911885351
298,-1.0675011277198792,-1567.876773922304,0.0,0.9478568434715271,0.5820730328559875,0.0,0.8536346554756165,0.0,0.4878508448600769,0.0,711.409528195858,35.63690911885351
299,-0.7076097056269646,-1568.584383627931,0.0,0.976818859577179,0.7821616530418396,0.0,0.309568852186203,0.0,0.11491164565086365,0.0,711.5244398415089,35.63690911885351
300,0.0,-1568.584383627931,0.0,0.052428409457206726,0.0,0.0753115639090538,0.0,0.4918789267539978,0.0,0.6196189001202583,711.5244398415089,36.25652801897377
301,0.0,-1568.584383627931,0.0,1.1599277257919312,0.0,0.23758043348789215,0.0,0.7168779969215393,0.0,2.1143861562013626,711.5244398415089,38.37091417517513
302,-1.155437707901001,-1569.739821335832,1.022587776184082,0.0,0.32941368222236633,0.0,0.03519409894943237,0.0,1.3871955573558807,0.0,712.9116353988647,38.37091417517513
303,-2.3335320465266705,-1572.0733533823586,0.21156826615333557,0.0,1.5128684043884277,0.0,0.0,0.3837691843509674,1.340667486190796,0.0,714.2523028850555,38.37091417517513
304,-2.658068150281906,-1574.7314215326405,0.5642350912094116,0.0,1.52961003780365,0.0,0.0,0.01962175779044628,2.0742233712226152,0.0,716.3265262562782,38.37091417517513
305,-0.3101792838424444,-1575.041600816483,0.0,0.03628847002983093,0.5397353172302246,0.0,0.1373501718044281,0.0,0.6407970190048218,0.0,716.967323275283,38.37091417517513
306,-4.429342269897461,-1579.4709430863804,1.4624757766723633,0.0,0.8394747376441956,0.0,1.259281039237976,0.0,3.561231553554535,0.0,720.5285548288375,38.37091417517513
307,-4.847296237945557,-1584.318239324326,1.6135226488113403,0.0,0.35911455750465393,0.0,1.4542618989944458,0.0,3.42689910531044,0.0,723.955453934148,38.37091417517513
308,-2.522563934326172,-1586.8408032586522,1.2238845825195312,0.0,0.6678882837295532,0.0,0.7606547474861145,0.0,2.652427613735199,0.0,726.6078815478832,38.37091417517513
309,-2.4120912551879883,-1589.2528945138401,0.45421919226646423,0.0,0.3876185119152069,0.0,1.433711290359497,0.0,2.275548994541168,0.0,728.8834305424243,38.37091417517513
310,-4.757401466369629,-1594.0102959802098,0.4215100109577179,0.0,1.2874383926391602,0.0,1.70945405960083,0.0,3.418402463197708,0.0,732.301833005622,38.37091417517513
311,-1.5552318096160889,-1595.5655277898259,0.8293225765228271,0.0,0.18901224434375763,0.0,0.9119924306869507,0.0,1.9303272515535355,0.0,734.2321602571756,38.37091417517513
312,-3.7186429500579834,-1599.2841707398838,1.3816155195236206,0.0,0.7504638433456421,0.0,1.1165059804916382,0.0,3.248585343360901,0.0,737.4807456005365,38.37091417517513
313,-0.393069863319397,-1599.6772406032032,0.3527388870716095,0.0,0.3050944209098816,0.0,0.41900184750556946,0.0,1.0768351554870605,0.0,738.5575807560235,38.37091417517513
314,-0.3311491012573242,-1600.0083897044606,0.3514370918273926,0.0,0.18461598455905914,0.0,0.4166029393672943,0.0,0.952656015753746,0.0,739.5102367717773,38.37091417517513
315,-0.33307403326034546,-1600.341463737721,0.35007867217063904,0.0,0.1873515099287033,0.0,0.4188297688961029,0.0,0.9562599509954453,0.0,740.4664967227727,38.37091417517513
316,-0.35179102420806885,-1600.693254761929,0.34860697388648987,0.0,0.20223666727542877,0.0,0.4351603388786316,0.0,0.9860039800405502,0.0,741.4525007028133,38.37091417517513
317,-0.42344874143600464,-1601.116703503365,0.3468944728374481,0.0,0.23087537288665771,0.0,0.49980950355529785,0.0,1.0775793492794037,0.0,742.5300800520927,38.37091417517513
318,-0.905533492565155,-1602.0222369959301,0.773635745048523,0.0,0.30857521295547485,0.0,0.4602200984954834,0.0,1.5424310564994812,0.0,744.0725111085922,38.37091417517513
319,-15.277140617370605,-1617.2993776133007,3.6099977493286133,0.0,0.8835747838020325,0.0,1.2101043462753296,0.0,5.703676879405975,0.0,749.7761879879981,38.37091417517513
320,-1.136601295787841,-1618.4359789090886,0.0,0.337597131729126,1.0635040998458862,0.0,0.07456785440444946,0.0,0.8004748225212097,0.0,750.5766628105193,38.37091417517513
321,-0.8148938119411469,-1619.2508727210297,0.0,0.7193703055381775,0.7019606828689575,0.0,0.5675781965255737,0.0,0.5501685738563538,0.0,751.1268313843757,38.37091417517513
322,-0.9315597638487816,-1620.1824324848785,0.0,1.0019334554672241,0.9125646352767944,0.0,0.31430166959762573,0.0,0.22493284940719604,0.0,751.3517642337829,38.37091417517513
323,-0.2912343218922615,-1620.4736668067708,0.0,1.07184898853302,0.4951842725276947,0.0,0.21453872323036194,0.0,0.0,0.3621259927749634,751.3517642337829,38.733040167950094
324,-10.992694854736328,-1631.466361661507,3.2685534954071045,0.0,0.549249529838562,0.0,0.08705343306064606,0.0,3.9048564583063126,0.0,755.2566206920892,38.733040167950094
325,-1.148078203201294,-1632.6144398647084,1.071484088897705,0.0,0.0,0.2063649743795395,0.0,0.6544471383094788,0.21067197620868683,0.0,755.4672926682979,38.733040167950094
326,0.0,-1632.6144398647084,0.0,1.0266070365905762,0.0,0.25336459279060364,0.0,0.6985259652137756,0.0,1.9784975945949554,755.4672926682979,40.71153776254505
327,-2.291761636734009,-1634.9062015014424,0.0,0.755424439907074,1.5138565301895142,0.0,0.0,0.3817931115627289,0.3766389787197113,0.0,755.8439316470176,40.71153776254505
328,-2.308300733566284,-1637.2145022350087,0.0,0.4753243625164032,1.5193092823028564,0.0,0.0,0.22303542494773865,0.8209494948387146,0.0,756.6648811418563,40.71153776254505
329,-1.5728429462760687,-1638.7873451812848,0.0,0.10436397790908813,1.2465720176696777,0.0,0.13748127222061157,0.0,1.2796893119812012,0.0,757.9445704538375,40.71153776254505
330,-7.639176368713379,-1646.4265215499981,1.4528728723526,0.0,1.8320529460906982,0.0,1.4737430810928345,0.0,4.758668899536133,0.0,762.7032393533736,40.71153776254505
331,-5.308249473571777,-1651.73477102357,0.7432829141616821,0.0,0.5349542498588562,0.0,2.1141438484191895,0.0,3.392381012439728,0.0,766.0956203658134,40.71153776254505
332,-6.205377578735352,-1657.9401486023053,0.6107575297355652,0.0,0.36468249559402466,0.0,2.3873331546783447,0.0,3.3627731800079346,0.0,769.4583935458213,40.71153776254505
333,-1.1137515306472778,-1659.0539001329525,0.5447744131088257,0.0,0.3876185119152069,0.0,0.8165318369865417,0.0,1.7489247620105743,0.0,771.2073183078319,40.71153776254505
334,-1.2972906827926636,-1660.3511908157452,0.5866143703460693,0.0,0.3296126127243042,0.0,0.9189830422401428,0.0,1.8352100253105164,0.0,773.0425283331424,40.71153776254505
335,-1.487830638885498,-1661.8390214546307,0.3560788035392761,0.0,0.18901224434375763,0.0,1.1512223482131958,0.0,1.6963133960962296,0.0,774.7388417292386,40.71153776254505
336,-3.7186429500579834,-1665.5576644046887,1.3816155195236206,0.0,0.7504638433456421,0.0,1.1165059804916382,0.0,3.248585343360901,0.0,777.9874270725995,40.71153776254505
337,-0.33455270528793335,-1665.8922171099766,0.3527388870716095,0.0,0.18591776490211487,0.0,0.41900184750556946,0.0,0.9576584994792938,0.0,778.9450855720788,40.71153776254505
338,-0.3311491012573242,-1666.223366211234,0.3514370918273926,0.0,0.18461598455905914,0.0,0.4166029393672943,0.0,0.952656015753746,0.0,779.8977415878326,40.71153776254505
339,-0.33307403326034546,-1666.5564402444943,0.35007867217063904,0.0,0.1873515099287033,0.0,0.4188297688961029,0.0,0.9562599509954453,0.0,780.854001538828,40.71153776254505
340,-2.2240779399871826,-1668.7805181844815,1.412024736404419,0.0,0.20223666727542877,0.0,0.4351603388786316,0.0,2.0494217425584793,0.0,782.9034232813865,40.71153776254505
341,-0.4221463203430176,-1669.2026645048245,0.3450120687484741,0.0,0.23087537288665771,0.0,0.49980950355529785,0.0,1.0756969451904297,0.0,783.9791202265769,40.71153776254505
342,-0.5574846267700195,-1669.7601491315945,0.3177548944950104,0.0,0.31123512983322144,0.0,0.5997075438499451,0.0,1.2286975681781769,0.0,785.2078177947551,40.71153776254505
343,-8.501734733581543,-1678.261883865176,1.1371679306030273,0.0,0.8715333342552185,0.0,2.5394906997680664,0.0,4.548191964626312,0.0,789.7560097593814,40.71153776254505
344,-41.9116325378418,-1720.1735164030179,1.6969701051712036,0.0,6.05824613571167,0.0,1.5262950658798218,0.0,9.281511306762695,0.0,799.0375210661441,40.71153776254505
345,-4.3176285326480865,-1724.491144935666,0.0,0.6684800982475281,2.043917655944824,0.0,0.3742046356201172,0.0,1.7496421933174133,0.0,800.7871632594615,40.71153776254505
346,-0.25466006994247437,-1724.7458050056084,0.0,0.8657894134521484,0.5046385526657104,0.0,0.0,0.06333417445421219,0.0,0.4244850352406502,800.7871632594615,41.1360227977857
347,-2.6197896003723145,-1727.3655946059807,0.0,1.0811127424240112,1.6185764074325562,0.0,0.0,0.3135860860347748,0.22387757897377014,0.0,801.0110408384353,41.1360227977857
348,0.0,-1727.3655946059807,0.0,0.04821130260825157,0.0,0.09675797820091248,0.0,0.534771740436554,0.0,0.679741021245718,801.0110408384353,41.81576381903142
349,0.0,-1727.3655946059807,0.0,1.0898463726043701,0.0,0.22610242664813995,0.0,0.6939219832420349,0.0,2.009870782494545,801.0110408384353,43.82563460152596
350,0.0,-1727.3655946059807,0.0,0.026807889342308044,0.0,0.053811050951480865,0.0,0.5366828441619873,0.0,0.6173017844557762,801.0110408384353,44.44293638598174
351,-5.070123195648193,-1732.435717801629,0.0,0.7100706696510315,1.561527967453003,0.0,1.6222680807113647,0.0,2.473725378513336,0.0,803.4847662169486,44.44293638598174
352,-0.175416499376297,-1732.6111343010052,0.0,0.4796273708343506,0.41882753372192383,0.0,0.0,0.17147503793239594,0.0,0.2322748750448227,803.4847662169486,44.67521126102656
353,-1.82571280002594,-1734.4368471010312,1.1732442378997803,0.0,0.5565818548202515,0.0,0.3733997941017151,0.0,2.103225886821747,0.0,805.5879921037704,44.67521126102656
354,-8.801220893859863,-1743.238067994891,1.615637183189392,0.0,1.838483214378357,0.0,1.6765789985656738,0.0,5.130699396133423,0.0,810.7186914999038,44.67521126102656
355,-9.061442375183105,-1752.2995103700741,1.619701623916626,0.0,1.9074008464813232,0.0,1.6732697486877441,0.0,5.200372219085693,0.0,815.9190637189895,44.67521126102656
356,-7.565992832183838,-1759.865503202258,1.63816237449646,0.0,0.9278134703636169,0.0,2.005387544631958,0.0,4.571363389492035,0.0,820.4904271084815,44.67521126102656
357,-6.269633769989014,-1766.135136972247,2.3350934982299805,0.0,0.3876185119152069,0.0,0.8165318369865417,0.0,3.539243847131729,0.0,824.0296709556133,44.67521126102656
358,-0.7184683084487915,-1766.8536052806958,0.4215100109577179,0.0,0.19325745105743408,0.0,0.7095414996147156,0.0,1.3243089616298676,0.0,825.3539799172431,44.67521126102656
359,-6.380279541015625,-1773.2338848217114,0.3560788035392761,0.0,0.18901224434375763,0.0,2.493544101715088,0.0,3.0386351495981216,0.0,828.3926150668412,44.67521126102656
360,-3.7186429500579834,-1776.9525277717694,1.3816155195236206,0.0,0.7504638433456421,0.0,1.1165059804916382,0.0,3.248585343360901,0.0,831.6412004102021,44.67521126102656
361,-0.39241278171539307,-1777.3449405534848,0.3527388870716095,0.0,0.3040156662464142,0.0,0.41900184750556946,0.0,1.0757564008235931,0.0,832.7169568110257,44.67521126102656
362,-0.3311491012573242,-1777.676089654742,0.3514370918273926,0.0,0.18461598455905914,0.0,0.4166029393672943,0.0,0.952656015753746,0.0,833.6696128267795,44.67521126102656
363,-0.33307403326034546,-1778.0091636880024,0.35007867217063904,0.0,0.1873515099287033,0.0,0.4188297688961029,0.0,0.9562599509954453,0.0,834.6258727777749,44.67521126102656
364,-0.33694392442703247,-1778.3461076124295,0.3357362449169159,0.0,0.18670983612537384,0.0,0.4351603388786316,0.0,0.9576064199209213,0.0,835.5834791976959,44.67521126102656
365,-0.42714324593544006,-1778.773250858365,0.3468944728374481,0.0,0.238742396235466,0.0,0.49980950355529785,0.0,1.085446372628212,0.0,836.6689255703241,44.67521126102656
366,-3.987778663635254,-1782.7610295220002,1.3712012767791748,0.0,0.8739824891090393,0.0,1.1591981649398804,0.0,3.4043819308280945,0.0,840.0733075011522,44.67521126102656
367,-10.290945053100586,-1793.0519745751008,2.897237777709961,0.0,0.8864492177963257,0.0,1.0541183948516846,0.0,4.837805390357971,0.0,844.9111128915101,44.67521126102656
368,-0.2875589057803154,-1793.339533480881,0.0,0.1338678002357483,0.3272620737552643,0.0,0.4248040020465851,0.0,0.6181982755661011,0.0,845.5293111670762,44.67521126102656
369,-0.3609049320220947,-1793.7004384129032,0.14676064252853394,0.0,0.42874759435653687,0.0,0.394387811422348,0.0,0.9698960483074188,0.0,846.4992072153836,44.67521126102656
370,-1.5753567218780518,-1795.2757951347812,0.5908964276313782,0.0,0.7289772629737854,0.0,0.8335407972335815,0.0,2.153414487838745,0.0,848.6526217032224,44.67521126102656
371,-0.007748457603156567,-1795.2835435923844,0.0,0.9015223383903503,0.08802532404661179,0.0,0.0,0.004361285828053951,0.0,0.8178583001717925,848.6526217032224,45.493069561198354
372,-6.5038018226623535,-1801.7873454150467,2.5415303707122803,0.0,0.09124017506837845,0.0,0.19000130891799927,0.0,2.822771854698658,0.0,851.475393557921,45.493069561198354
373,0.0,-1801.7873454150467,0.0,0.9138545989990234,0.0,0.043571170419454575,0.0,0.39401775598526,0.0,1.351443525403738,851.475393557921,46.84451308660209
374,-0.001395179657265544,-1801.788740594704,0.0,0.6446906328201294,0.03735210373997688,0.0,0.0,0.2543701231479645,0.0,0.861708652228117,851.475393557921,47.70622173883021
375,0.0,-1801.788740594704,0.0,0.6583986282348633,0.0,0.1270235776901245,0.0,0.11020905524492264,0.0,0.8956312611699104,851.475393557921,48.60185300000012
376,-14.75886344909668,-1816.5476040438007,3.609013557434082,0.0,0.5314317345619202,0.0,1.2047677040100098,0.0,5.345212996006012,0.0,856.8206065539271,48.60185300000012
377,-7.648771286010742,-1824.1963753298114,2.53240704536438,0.0,0.6804106831550598,0.0,0.8790488243103027,0.0,4.091866552829742,0.0,860.9124731067568,48.60185300000012
378,-6.335622787475586,-1830.531998117287,1.8449575901031494,0.0,0.8429769277572632,0.0,1.490350365638733,0.0,4.1782848834991455,0.0,865.090757990256,48.60185300000012
379,-9.576303482055664,-1840.1083015993427,2.0259132385253906,0.0,0.9204257726669312,0.0,2.150533676147461,0.0,5.096872687339783,0.0,870.1876306775957,48.60185300000012
380,-13.530141830444336,-1853.638443429787,2.5503647327423096,0.0,0.9278134703636169,0.0,2.4829304218292236,0.0,5.96110862493515,0.0,876.1487393025309,48.60185300000012
381,-9.150087356567383,-1862.7885307863544,2.0203280448913574,0.0,1.2317593097686768,0.0,1.8844444751739502,0.0,5.136531829833984,0.0,881.2852711323649,48.60185300000012
382,-4.823138236999512,-1867.611669023354,1.509930968284607,0.0,0.7563884258270264,0.0,1.4039669036865234,0.0,3.6702862977981567,0.0,884.955557430163,48.60185300000012
383,-0.344629168510437,-1867.9562981918643,0.3560788035392761,0.0,0.18901224434375763,0.0,0.4267451763153076,0.0,0.9718362241983414,0.0,885.9273936543614,48.60185300000012
384,-3.7186429500579834,-1871.6749411419223,1.3816155195236206,0.0,0.7504638433456421,0.0,1.1165059804916382,0.0,3.248585343360901,0.0,889.1759789977223,48.60185300000012
385,-3.7055912017822266,-1875.3805323437045,1.3801437616348267,0.0,0.7490487098693848,0.0,1.1134272813796997,0.0,3.242619752883911,0.0,892.4185987506062,48.60185300000012
386,-0.3311491012573242,-1875.7116814449619,0.3514370918273926,0.0,0.18461598455905914,0.0,0.4166029393672943,0.0,0.952656015753746,0.0,893.3712547663599,48.60185300000012
387,-0.33307403326034546,-1876.0447554782222,0.35007867217063904,0.0,0.1873515099287033,0.0,0.4188297688961029,0.0,0.9562599509954453,0.0,894.3275147173554,48.60185300000012
388,-0.4427929222583771,-1876.4875484004806,0.34860697388648987,0.0,0.36318257451057434,0.0,0.4351603388786316,0.0,1.1469498872756958,0.0,895.4744646046311,48.60185300000012
389,-0.45716553926467896,-1876.9447139397453,0.3487769067287445,0.0,0.238742396235466,0.0,0.5277521014213562,0.0,1.1152714043855667,0.0,896.5897360090166,48.60185300000012
390,-3.831223249435425,-1880.7759371891807,1.33143949508667,0.0,0.23969605565071106,0.0,1.4145804643630981,0.0,2.985716015100479,0.0,899.5754520241171,48.60185300000012
391,-6.941882133483887,-1887.7178193226646,1.1543771028518677,0.0,1.144735336303711,0.0,2.073373317718506,0.0,4.3724857568740845,0.0,903.9479377809912,48.60185300000012
392,-0.9856173396110535,-1888.7034366622756,0.25774627923965454,0.0,0.35324275493621826,0.0,0.8912932872772217,0.0,1.5022823214530945,0.0,905.4502201024443,48.60185300000012
393,-10.662660598754883,-1899.3660972610305,1.777637243270874,0.0,1.5610547065734863,0.0,2.250727653503418,0.0,5.589419603347778,0.0,911.0396397057921,48.60185300000012
394,-4.862501621246338,-1904.2285988822769,0.49159470200538635,0.0,0.8380383849143982,0.0,1.979527235031128,0.0,3.3091603219509125,0.0,914.348800027743,48.60185300000012
395,-8.321958541870117,-1912.550557424147,1.6983648538589478,0.0,1.3429096937179565,0.0,1.9063336849212646,0.0,4.947608232498169,0.0,919.2964082602412,48.60185300000012
396,-31.67352867126465,-1944.2240860954116,5.3932013511657715,0.0,0.17484444379806519,0.0,1.5988550186157227,0.0,7.166900813579559,0.0,926.4633090738207,48.60185300000012
397,-0.059169238433241844,-1944.2832553338449,0.0,0.06488997489213943,0.1906745284795761,0.0,0.15103794634342194,0.0,0.2768224999308586,0.0,926.7401315737516,48.60185300000012
398,-0.006431141402572393,-1944.2896864752474,0.0,0.3616254925727844,0.0801943987607956,0.0,0.0,0.04360410198569298,0.0,0.3250351957976818,926.7401315737516,48.9268881957978
399,-0.4374047499150038,-1944.7270912251624,0.6481359601020813,0.0,0.13162270188331604,0.0,0.0,0.13371360301971436,0.646045058965683,0.0,927.3861766327173,48.9268881957978
400,-5.121389865875244,-1949.8484810910377,1.9700052738189697,0.0,0.6949446797370911,0.0,0.8703566193580627,0.0,3.5353065729141235,0.0,930.9214832056314,48.9268881957978
401,-4.268800258636475,-1954.1172813496742,1.2283315658569336,0.0,1.06942880153656,0.0,1.2713472843170166,0.0,3.5691076517105103,0.0,934.4905908573419,48.9268881957978
402,-5.723442554473877,-1959.840723904148,1.5293898582458496,0.0,0.9905061721801758,0.0,1.5502601861953735,0.0,4.070156216621399,0.0,938.5607470739633,48.9268881957978
403,-7.522684097290039,-1967.363408001438,1.9114049673080444,0.0,1.0376038551330566,0.0,1.6711055040359497,0.0,4.620114326477051,0.0,943.1808614004403,48.9268881957978
404,-7.462062835693359,-1974.8254708371314,2.002427816390991,0.0,0.7648220062255859,0.0,1.6933377981185913,0.0,4.4605876207351685,0.0,947.6414490211755,48.9268881957978
405,-7.34654426574707,-1982.1720151028785,1.5721793174743652,0.0,1.3472355604171753,0.0,1.749214768409729,0.0,4.6686296463012695,0.0,952.3100786674768,48.9268881957978
406,-6.256583213806152,-1988.4285983166847,1.509930968284607,0.0,0.7563884258270264,0.0,1.8451471328735352,0.0,4.1114665269851685,0.0,956.4215451944619,48.9268881957978
407,-0.35845106840133667,-1988.787049385086,0.37498530745506287,0.0,0.18901224434375763,0.0,0.4267451763153076,0.0,0.9907427281141281,0.0,957.4122879225761,48.9268881957978
408,-5.010420799255371,-1993.7974701843414,1.3842442035675049,0.0,0.7504638433456421,0.0,1.5909409523010254,0.0,3.7256489992141724,0.0,961.1379369217902,48.9268881957978
409,-0.3292068839073181,-1994.1266770682487,0.34507817029953003,0.0,0.18591776490211487,0.0,0.41900184750556946,0.0,0.9499977827072144,0.0,962.0879347044975,48.9268881957978
410,-0.32240545749664307,-1994.4490825257453,0.33876895904541016,0.0,0.18461598455905914,0.0,0.4166029393672943,0.0,0.9399878829717636,0.0,963.0279225874692,48.9268881957978
411,-0.33307403326034546,-1994.7821565590057,0.35007867217063904,0.0,0.1873515099287033,0.0,0.4188297688961029,0.0,0.9562599509954453,0.0,963.9841825384647,48.9268881957978
412,-0.35179102420806885,-1995.1339475832137,0.34860697388648987,0.0,0.20223666727542877,0.0,0.4351603388786316,0.0,0.9860039800405502,0.0,964.9701865185052,48.9268881957978
413,-9.498525619506836,-2004.6324732027206,3.0323939323425293,0.0,0.23087537288665771,0.0,0.49980950355529785,0.0,3.763078808784485,0.0,968.7332653272897,48.9268881957978
414,-3.5633983612060547,-2008.1958715639266,0.967478334903717,0.0,1.4486463069915771,0.0,0.7271917462348938,0.0,3.143316388130188,0.0,971.8765817154199,48.9268881957978
415,-0.6259870529174805,-2008.821858616844,0.14348652958869934,0.0,0.3252641260623932,0.0,0.7068252563476562,0.0,1.1755759119987488,0.0,973.0521576274186,48.9268881957978
416,-0.23550401628017426,-2009.0573626331243,0.0,0.09780334681272507,0.36970365047454834,0.0,0.3143616318702698,0.0,0.586261935532093,0.0,973.6384195629507,48.9268881957978
417,-3.2637696266174316,-2012.3211322597417,0.0,0.31128448247909546,1.5204766988754272,0.0,0.9756640195846558,0.0,2.1848562359809875,0.0,975.8232757989317,48.9268881957978
418,-5.573904514312744,-2017.8950367740545,0.04975142702460289,0.0,0.39060747623443604,0.0,2.327843427658081,0.0,2.76820233091712,0.0,978.5914781298488,48.9268881957978
419,-0.050938528031110764,-2017.9459753020856,0.0,0.6721116900444031,0.2256956547498703,0.0,0.0,0.08014948666095734,0.0,0.5265655219554901,978.5914781298488,49.45345371775329
420,-0.6498359441757202,-2018.5958112462613,0.0,0.5201259255409241,0.8061240315437317,0.0,0.0,0.160894975066185,0.12510313093662262,0.0,978.7165812607855,49.45345371775329
421,-21.284019470214844,-2039.8798307164761,4.253028869628906,0.0,0.5805831551551819,0.0,1.690765619277954,0.0,6.524377644062042,0.0,985.2409589048475,49.45345371775329
422,-8.82583236694336,-2048.7056630834195,2.329958200454712,0.0,0.5817273259162903,0.0,1.74891996383667,0.0,4.660605490207672,0.0,989.9015643950552,49.45345371775329
423,-0.426410436630249,-2049.1320735200497,0.449786514043808,0.0,0.08419080823659897,0.0,0.46584805846214294,0.0,0.9998253807425499,0.0,990.9013897757977,49.45345371775329
424,-1.1799094676971436,-2050.311982987747,0.897704005241394,0.0,0.19494475424289703,0.0,0.5796839594841003,0.0,1.6723327189683914,0.0,992.5737224947661,49.45345371775329
425,-0.7155848145484924,-2051.0275678022954,0.4581303596496582,0.0,0.6330446600914001,0.0,0.32396888732910156,0.0,1.41514390707016,0.0,993.9888664018363,49.45345371775329
426,-7.512697219848633,-2058.540265022144,1.3657957315444946,0.0,1.980759859085083,0.0,1.3129695653915405,0.0,4.659525156021118,0.0,998.6483915578574,49.45345371775329
427,-14.690073013305664,-2073.2303380354497,3.439893960952759,0.0,0.920646071434021,0.0,1.4176080226898193,0.0,5.778148055076599,0.0,1004.426539612934,49.45345371775329
428,-6.890514373779297,-2080.120852409229,1.63816237449646,0.0,1.044874668121338,0.0,1.7649859189987183,0.0,4.448022961616516,0.0,1008.8745625745505,49.45345371775329
429,-20.657743453979492,-2100.7785958632085,4.179811954498291,0.0,0.9507495164871216,0.0,1.5109572410583496,0.0,6.641518712043762,0.0,1015.5160812865943,49.45345371775329
430,-4.317816734313965,-2105.0964125975224,1.5709470510482788,0.0,0.7563884258270264,0.0,1.1304064989089966,0.0,3.4577419757843018,0.0,1018.9738232623786,49.45345371775329
431,-4.377629280090332,-2109.4740418776128,1.4023902416229248,0.0,0.7521432042121887,0.0,1.358385682106018,0.0,3.5129191279411316,0.0,1022.4867423903197,49.45345371775329
432,-3.7186429500579834,-2113.1926848276707,1.3816155195236206,0.0,0.7504638433456421,0.0,1.1165059804916382,0.0,3.248585343360901,0.0,1025.7353277336806,49.45345371775329
433,-3.7055912017822266,-2116.898276029453,1.3801437616348267,0.0,0.7490487098693848,0.0,1.1134272813796997,0.0,3.242619752883911,0.0,1028.9779474865645,49.45345371775329
434,-3.6947150230407715,-2120.5929910524937,1.3788419961929321,0.0,0.7477469444274902,0.0,1.1110284328460693,0.0,3.2376173734664917,0.0,1032.215564860031,49.45345371775329
435,-6.917470455169678,-2127.5104615076634,2.2616164684295654,0.0,0.7504824995994568,0.0,1.113255262374878,0.0,4.1253542304039,0.0,1036.340919090435,49.45345371775329
436,-3.755160331726074,-2131.2656218393895,1.376011848449707,0.0,0.7653676271438599,0.0,1.1295857429504395,0.0,3.2709652185440063,0.0,1039.611884308979,49.45345371775329
437,-0.42475831508636475,-2131.690380154476,0.3487769067287445,0.0,0.23087537288665771,0.0,0.49980950355529785,0.0,1.0794617831707,0.0,1040.6913460921496,49.45345371775329
438,-3.387439727783203,-2135.077819882259,0.3447021245956421,0.0,0.26002979278564453,0.0,1.789135217666626,0.0,2.3938671350479126,0.0,1043.0852132271975,49.45345371775329
439,-42.574031829833984,-2177.651851712093,0.216424360871315,0.0,6.503270149230957,0.0,0.48442813754081726,0.0,7.204122647643089,0.0,1050.2893358748406,49.45345371775329
440,-2.6710634231567383,-2180.32291513525,0.3642098307609558,0.0,1.3781979084014893,0.0,0.7993655204772949,0.0,2.54177325963974,0.0,1052.8311091344804,49.45345371775329
441,-3.221647024154663,-2183.5445621594044,0.9722576141357422,0.0,1.4065701961517334,0.0,0.5458226203918457,0.0,2.9246504306793213,0.0,1055.7557595651597,49.45345371775329
442,-13.98617172241211,-2197.5307338818166,2.9118378162384033,0.0,1.5114307403564453,0.0,1.7952572107315063,0.0,6.218525767326355,0.0,1061.974285332486,49.45345371775329
443,-12.43929672241211,-2209.9700306042287,2.7616429328918457,0.0,1.433953881263733,0.0,1.6602412462234497,0.0,5.855838060379028,0.0,1067.830123392865,49.45345371775329
444,-11.174694061279297,-2221.144724665508,1.3454620838165283,0.0,1.193251371383667,0.0,2.8179030418395996,0.0,5.356616497039795,0.0,1073.1867398899049,49.45345371775329
445,-13.800496101379395,-2234.9452207668874,0.9745731949806213,0.0,2.5947117805480957,0.0,2.473494291305542,0.0,6.042779266834259,0.0,1079.2295191567391,49.45345371775329
446,-47.55854415893555,-2282.503764925823,1.5367783308029175,0.0,6.2313313484191895,0.0,2.523364305496216,0.0,10.291473984718323,0.0,1089.5209931414574,49.45345371775329
447,-1.3845428228378296,-2283.8883077486607,0.1317143589258194,0.0,0.3180221915245056,0.0,1.125191569328308,0.0,1.5749281197786331,0.0,1091.095921261236,49.45345371775329
448,-1.0017828941345215,-2284.8900906427953,0.18129943311214447,0.0,0.27478674054145813,0.0,0.9452013969421387,0.0,1.4012875705957413,0.0,1092.4972088318318,49.45345371775329
449,-1.9231109619140625,-2286.8132016047093,0.41424134373664856,0.0,0.7650002241134644,0.0,1.079948902130127,0.0,2.25919046998024,0.0,1094.756399301812,49.45345371775329
450,-9.499032974243164,-2296.3122345789525,1.8142595291137695,0.0,1.9021694660186768,0.0,1.6091136932373047,0.0,5.325542688369751,0.0,1100.0819419901818,49.45345371775329
451,-13.07021713256836,-2309.382451711521,2.7245943546295166,0.0,1.9070185422897339,0.0,1.4177742004394531,0.0,6.049387097358704,0.0,1106.1313290875405,49.45345371775329
452,-9.321382522583008,-2318.703834234104,2.0804643630981445,0.0,0.9278134703636169,0.0,2.0327844619750977,0.0,5.041062295436859,0.0,1111.1723913829774,49.45345371775329
453,-7.830812454223633,-2326.5346466883275,1.8838841915130615,0.0,0.9507495164871216,0.0,1.837897777557373,0.0,4.672531485557556,0.0,1115.844922868535,49.45345371775329
454,-5.228823661804199,-2331.7634703501317,1.6700613498687744,0.0,0.7563884258270264,0.0,1.3665997982025146,0.0,3.7930495738983154,0.0,1119.6379724424332,49.45345371775329
455,-4.9830169677734375,-2336.746487317905,1.6046377420425415,0.0,0.7521432042121887,0.0,1.3573634624481201,0.0,3.7141444087028503,0.0,1123.352116851136,49.45345371775329
456,-5.979846000671387,-2342.7263333185765,1.3816155195236206,0.0,0.8665308356285095,0.0,1.8221166133880615,0.0,4.070262968540192,0.0,1127.4223798196763,49.45345371775329
457,-8.53586483001709,-2351.2621981485936,2.481130838394165,0.0,0.7490487098693848,0.0,1.3486217260360718,0.0,4.578801274299622,0.0,1132.001181093976,49.45345371775329
458,-3.6947150230407715,-2354.9569131716344,1.3788419961929321,0.0,0.7477469444274902,0.0,1.1110284328460693,0.0,3.2376173734664917,0.0,1135.2387984674424,49.45345371775329
459,-3.7000222206115723,-2358.656935392246,1.377483606338501,0.0,0.7504824995994568,0.0,1.113255262374878,0.0,3.2412213683128357,0.0,1138.4800198357552,49.45345371775329
460,-6.442752838134766,-2365.0996882303807,2.1494710445404053,0.0,0.7653676271438599,0.0,1.1120878458023071,0.0,4.026926517486572,0.0,1142.5069463532418,49.45345371775329
461,-11.417180061340332,-2376.516868291721,2.5332248210906982,0.0,0.79400634765625,0.0,2.090336322784424,0.0,5.417567491531372,0.0,1147.9245138447732,49.45345371775329
462,-0.5914955735206604,-2377.1083638652417,0.4037284255027771,0.0,0.24932989478111267,0.0,0.6052549481391907,0.0,1.2583132684230804,0.0,1149.1828271131963,49.45345371775329
463,-3.9041943550109863,-2381.0125582202527,1.5849545001983643,0.0,0.27039510011672974,0.0,1.1484774351119995,0.0,3.0038270354270935,0.0,1152.1866541486233,49.45345371775329
464,-18.90077781677246,-2399.913336037025,2.9407570362091064,0.0,1.518841028213501,0.0,2.818837881088257,0.0,7.278435945510864,0.0,1159.4650900941342,49.45345371775329
465,-0.2111871838569641,-2400.124523220882,0.0,0.07792757451534271,0.459551066160202,0.0,0.0,0.6307876706123352,0.0,0.2491641789674759,1159.4650900941342,49.70261789672077
466,-14.382384300231934,-2414.506907521114,2.744748592376709,0.0,2.0135302543640137,0.0,1.671656608581543,0.0,6.429935455322266,0.0,1165.8950255494565,49.70261789672077
467,-27.033550262451172,-2441.540457783565,3.318277359008789,0.0,3.6362361907958984,0.0,1.6734315156936646,0.0,8.627945065498352,0.0,1174.5229706149548,49.70261789672077
468,-17.723690032958984,-2459.264147816524,0.573293924331665,0.0,3.5326199531555176,0.0,2.2171199321746826,0.0,6.323033809661865,0.0,1180.8460044246167,49.70261789672077
469,-4.1138505935668945,-2463.377998410091,0.5290369391441345,0.0,1.7825924158096313,0.0,0.8101450800895691,0.0,3.121774435043335,0.0,1183.96777885966,49.70261789672077
470,-3.918395519256592,-2467.2963939293477,0.5587925314903259,0.0,1.7374805212020874,0.0,0.7663599848747253,0.0,3.0626330375671387,0.0,1187.0304118972272,49.70261789672077
471,-1.081411212682724,-2468.3778051420304,0.0,0.30463698506355286,0.7790445685386658,0.0,0.6888401508331299,0.0,1.1632477343082428,0.0,1188.1936596315354,49.70261789672077
472,-1.290879726409912,-2469.6686848684403,0.9905862808227539,0.0,0.4438036382198334,0.0,0.3356439471244812,0.0,1.7700338661670685,0.0,1189.9636934977025,49.70261789672077
473,-4.055990695953369,-2473.7246755643937,1.3733482360839844,0.0,0.6931707262992859,0.0,1.2997767925262451,0.0,3.3662957549095154,0.0,1193.329989252612,49.70261789672077
474,-5.671422958374023,-2479.3960985227677,1.46157705783844,0.0,1.0530903339385986,0.0,1.5576316118240356,0.0,4.072299003601074,0.0,1197.402288256213,49.70261789672077
475,-1.7516770362854004,-2481.147775559053,0.8138371706008911,0.0,0.3586408793926239,0.0,0.9801647067070007,0.0,2.1526427567005157,0.0,1199.5549310129136,49.70261789672077
476,-3.9469523429870605,-2485.09472790204,0.7490856647491455,0.0,0.48074960708618164,0.0,1.7761483192443848,0.0,3.005983591079712,0.0,1202.5609146039933,49.70261789672077
477,-11.141657829284668,-2496.236385731325,1.5551320314407349,0.0,0.3876185119152069,0.0,2.927964210510254,0.0,4.870714753866196,0.0,1207.4316293578595,49.70261789672077
478,-4.877091407775879,-2501.1134771391007,0.8619459867477417,0.0,0.3296126127243042,0.0,2.006363868713379,0.0,3.197922468185425,0.0,1210.629551826045,49.70261789672077
479,-5.389021873474121,-2506.502499012575,2.2038090229034424,0.0,0.23568828403949738,0.0,0.6904333233833313,0.0,3.129930630326271,0.0,1213.7594824563712,49.70261789672077
480,-4.381161689758301,-2510.883660702333,1.6035523414611816,0.0,0.7504638433456421,0.0,1.1165059804916382,0.0,3.470522165298462,0.0,1217.2300046216697,49.70261789672077
481,-0.33455270528793335,-2511.218213407621,0.3527388870716095,0.0,0.18591776490211487,0.0,0.41900184750556946,0.0,0.9576584994792938,0.0,1218.187663121149,49.70261789672077
482,-0.3311491012573242,-2511.5493625088784,0.3514370918273926,0.0,0.18461598455905914,0.0,0.4166029393672943,0.0,0.952656015753746,0.0,1219.1403191369027,49.70261789672077
483,-2.285027503967285,-2513.8343900128457,0.35007867217063904,0.0,0.1873515099287033,0.0,1.458551287651062,0.0,1.9959814697504044,0.0,1221.136300606653,49.70261789672077
484,-0.7871651649475098,-2514.621555177793,0.7561901807785034,0.0,0.20223666727542877,0.0,0.4176623523235321,0.0,1.3760892003774643,0.0,1222.5123898070306,49.70261789672077
485,-0.4521614909172058,-2515.0737166687104,0.3468944728374481,0.0,0.23087537288665771,0.0,0.5277521014213562,0.0,1.105521947145462,0.0,1223.617911754176,49.70261789672077
486,-4.442026138305664,-2519.515742807016,1.3352035284042358,0.0,0.8047090768814087,0.0,1.418344497680664,0.0,3.5582571029663086,0.0,1227.1761688571423,49.70261789672077
487,-5.160676956176758,-2524.676419763193,0.06792356073856354,0.0,0.2113327980041504,0.0,2.260840892791748,0.0,2.540097251534462,0.0,1229.7162661086768,49.70261789672077
488,-0.1972719058394432,-2524.8736916690323,0.0,0.2953050136566162,0.19324900209903717,0.0,0.3999083936214447,0.0,0.29785238206386566,0.0,1230.0141184907407,49.70261789672077
489,-0.9498335123062134,-2525.8235251813385,0.0,0.6492627263069153,0.7370144724845886,0.0,0.6376857757568359,0.0,0.7254375219345093,0.0,1230.7395560126752,49.70261789672077
490,-17.50758934020996,-2543.3311145215484,3.2889204025268555,0.0,1.771913766860962,0.0,1.884386658668518,0.0,6.9452208280563354,0.0,1237.6847768407315,49.70261789672077
491,-44.51484298706055,-2587.845957508609,6.57425594329834,0.0,0.6279453635215759,0.0,0.9485191106796265,0.0,8.150720417499542,0.0,1245.835497258231,49.70261789672077
492,-2.131518602371216,-2589.97747611098,1.3027143478393555,0.0,0.5602028369903564,0.0,0.34731340408325195,0.0,2.210230588912964,0.0,1248.045727847144,49.70261789672077
493,0.0,-2589.97747611098,0.0,0.9417436718940735,0.0,0.12848839163780212,0.0,0.49869394302368164,0.0,1.5689260065555573,1248.045727847144,51.271543903276324
494,0.0,-2589.97747611098,0.0,0.3910040557384491,0.0,0.1323862075805664,0.0,0.45656919479370117,0.0,0.9799594581127167,1248.045727847144,52.25150336138904
495,-0.34812916815280914,-2590.325605279133,0.0,1.923746943473816,0.4859069883823395,0.0,0.33469921350479126,0.0,0.0,1.1031407415866852,1248.045727847144,53.354644102975726
496,-0.46909862756729126,-2590.7947039067003,0.0,1.8831888437271118,0.4886942505836487,0.0,0.47987139225006104,0.0,0.0,0.9146232008934021,1248.045727847144,54.26926730386913
497,-0.4336360692977905,-2591.228339975998,0.01301598735153675,0.0,0.6030995845794678,0.0,0.26407864689826965,0.0,0.8801942188292742,0.0,1248.9259220659733,54.26926730386913
498,-20.559951782226562,-2611.7882917582247,4.098226547241211,0.0,1.4542813301086426,0.0,1.284349799156189,0.0,6.8368576765060425,0.0,1255.7627797424793,54.26926730386913
499,-7.066340446472168,-2618.854632204697,2.054367780685425,0.0,0.9191418290138245,0.0,1.4145995378494263,0.0,4.3881091475486755,0.0,1260.150888890028,54.26926730386913
500,-1.4788768291473389,-2620.333509033844,0.4469718635082245,0.0,0.36468249559402466,0.0,1.0705604553222656,0.0,1.8822148144245148,0.0,1262.0331037044525,54.26926730386913
501,-3.0269856452941895,-2623.3604946791384,1.3314045667648315,0.0,0.3876185119152069,0.0,1.050761342048645,0.0,2.7697844207286835,0.0,1264.8028881251812,54.26926730386913
502,-0.8939981460571289,-2624.2544928251955,0.5798031091690063,0.0,0.3296126127243042,0.0,0.6702104210853577,0.0,1.5796261429786682,0.0,1266.3825142681599,54.26926730386913
503,-0.4016839861869812,-2624.6561768113825,0.3560788035392761,0.0,0.30459877848625183,0.0,0.4267451763153076,0.0,1.0874227583408356,0.0,1267.4699370265007,54.26926730386913
504,-3.7186429500579834,-2628.3748197614404,1.3816155195236206,0.0,0.7504638433456421,0.0,1.1165059804916382,0.0,3.248585343360901,0.0,1270.7185223698616,54.26926730386913
505,-0.3906092643737793,-2628.7654290258142,0.3527388870716095,0.0,0.3010348379611969,0.0,0.41900184750556946,0.0,1.0727755725383759,0.0,1271.7912979424,54.26926730386913
506,-0.3311491012573242,-2629.0965781270716,0.3514370918273926,0.0,0.18461598455905914,0.0,0.4166029393672943,0.0,0.952656015753746,0.0,1272.7439539581537,54.26926730386913
507,-0.33307403326034546,-2629.429652160332,0.35007867217063904,0.0,0.1873515099287033,0.0,0.4188297688961029,0.0,0.9562599509954453,0.0,1273.7002139091492,54.26926730386913
508,-0.3429830074310303,-2629.772635167763,0.3357362449169159,0.0,0.20223666727542877,0.0,0.4351603388786316,0.0,0.9731332510709763,0.0,1274.6733471602201,54.26926730386913
509,-4.159988880157471,-2633.9326240479204,1.9565691947937012,0.0,0.23087537288665771,0.0,0.5277521014213562,0.0,2.715196669101715,0.0,1277.3885438293219,54.26926730386913
510,-84.3248062133789,-2718.2574302612993,1.7726473808288574,0.0,0.8196393251419067,0.0,8.972776412963867,0.0,11.565063118934631,0.0,1288.9536069482565,54.26926730386913
511,-2.3330678939819336,-2720.5904981552812,0.15855766832828522,0.0,1.4071950912475586,0.0,0.5724765062332153,0.0,2.138229265809059,0.0,1291.0918362140656,54.26926730386913
512,-2.9264023303985596,-2723.51690048568,0.16519969701766968,0.0,0.1806737631559372,0.0,1.69306480884552,0.0,2.038938269019127,0.0,1293.1307744830847,54.26926730386913
513,-2.2386878728866577,-2725.7555883585665,0.0,0.6769324541091919,0.7231795787811279,0.0,1.3098469972610474,0.0,1.3560941219329834,0.0,1294.4868686050177,54.26926730386913
514,-0.4449803978204727,-2726.200568756387,0.0,0.4888811707496643,0.5706287622451782,0.0,0.3454897999763489,0.0,0.4272373914718628,0.0,1294.9141059964895,54.26926730386913
515,-0.9992373585700989,-2727.199806114957,0.7456040382385254,0.0,0.5636225938796997,0.0,0.3544594645500183,0.0,1.6636860966682434,0.0,1296.5777920931578,54.26926730386913
516,-6.315271377563477,-2733.5150774925205,1.3011267185211182,0.0,1.558756947517395,0.0,1.4807488918304443,0.0,4.3406325578689575,0.0,1300.9184246510267,54.26926730386913
517,-0.8613972067832947,-2734.376474699304,0.873140275478363,0.0,0.31467965245246887,0.0,0.0,0.04419435188174248,1.1436255760490894,0.0,1302.0620502270758,54.26926730386913
518,0.0,-2734.376474699304,0.0,1.0419042110443115,0.0,0.2610131800174713,0.0,0.5462669730186462,0.0,1.849184364080429,1302.0620502270758,56.11845166794956
519,-2.2057065963745117,-2736.5821812956783,0.0,0.42597800493240356,1.4851621389389038,0.0,0.0,0.2646235227584839,0.7945606112480164,0.0,1302.8566108383238,56.11845166794956
520,-0.13766774535179138,-2736.71984904103,0.0,0.5193469524383545,0.3710360527038574,0.0,0.0,0.26705801486968994,0.0,0.415368914604187,1302.8566108383238,56.533820582553744
521,-0.27807613369077444,-2736.997925174721,0.0,0.07843213528394699,0.5186635255813599,0.0,0.09520650655031204,0.0,0.5354378968477249,0.0,1303.3920487351716,56.533820582553744
522,-6.967094898223877,-2743.9650200729448,1.4443026781082153,0.0,1.8277679681777954,0.0,1.2411079406738281,0.0,4.513178586959839,0.0,1307.9052273221314,56.533820582553744
523,-12.998570442199707,-2756.9635905151445,1.6213401556015015,0.0,1.9082201719284058,0.0,2.5939395427703857,0.0,6.123499870300293,0.0,1314.0287271924317,56.533820582553744
524,-6.325060844421387,-2763.288651359566,1.2660026550292969,0.0,1.8910839557647705,0.0,1.0705604553222656,0.0,4.227647066116333,0.0,1318.256374258548,56.533820582553744
525,-2.5796666145324707,-2765.8683179740983,0.6353296637535095,0.0,0.3876185119152069,0.0,1.4232971668243408,0.0,2.4462453424930573,0.0,1320.702619601041,56.533820582553744
526,-0.7897642850875854,-2766.658082259186,0.4215100109577179,0.0,0.3296126127243042,0.0,0.7095414996147156,0.0,1.4606641232967377,0.0,1322.1632837243378,56.533820582553744
527,-0.3782743811607361,-2767.0363566403466,0.37498530745506287,0.0,0.23568828403949738,0.0,0.4267451763153076,0.0,1.0374187678098679,0.0,1323.2007024921477,56.533820582553744
528,-0.343246191740036,-2767.3796028320867,0.35421058535575867,0.0,0.19907063245773315,0.0,0.42208048701286316,0.0,0.975361704826355,0.0,1324.176064196974,56.533820582553744
529,-0.33455270528793335,-2767.7141555373746,0.3527388870716095,0.0,0.18591776490211487,0.0,0.41900184750556946,0.0,0.9576584994792938,0.0,1325.1337226964533,56.533820582553744
530,-0.3311491012573242,-2768.045304638632,0.3514370918273926,0.0,0.18461598455905914,0.0,0.4166029393672943,0.0,0.952656015753746,0.0,1326.086378712207,56.533820582553744
531,-0.4715851843357086,-2768.5168898229676,0.35007867217063904,0.0,0.4166674017906189,0.0,0.4188297688961029,0.0,1.1855758428573608,0.0,1327.2719545550644,56.533820582553744
532,-0.35179102420806885,-2768.8686808471757,0.34860697388648987,0.0,0.20223666727542877,0.0,0.4351603388786316,0.0,0.9860039800405502,0.0,1328.257958535105,56.533820582553744
533,-0.42475831508636475,-2769.293439162262,0.3487769067287445,0.0,0.23087537288665771,0.0,0.49980950355529785,0.0,1.0794617831707,0.0,1329.3374203182757,56.533820582553744
534,-0.7680282592773438,-2770.0614674215394,0.7116307616233826,0.0,0.2397024929523468,0.0,0.45183253288269043,0.0,1.4031657874584198,0.0,1330.740586105734,56.533820582553744
535,-2.9376323223114014,-2772.999099743851,0.10145055502653122,0.0,0.5448907613754272,0.0,1.6218613386154175,0.0,2.268202655017376,0.0,1333.0087887607515,56.533820582553744
536,-6.991151876747608,-2779.9902516205984,0.0,0.3353753387928009,2.6300389766693115,0.0,0.27211520075798035,0.0,2.566778838634491,0.0,1335.575567599386,56.533820582553744
537,-74.48493957519531,-2854.4751911957937,0.6008652448654175,0.0,8.606256484985352,0.0,0.23717337846755981,0.0,9.444295108318329,0.0,1345.0198627077043,56.533820582553744
538,-25.87382560968399,-2880.3490168054777,5.049230098724365,0.0,0.61571204662323,0.0,0.0,0.031604867428541183,5.633337277919054,0.0,1350.6531999856234,56.533820582553744
539,0.0,-2880.3490168054777,0.0,1.144559621810913,0.0,0.03349335119128227,0.0,0.015048542991280556,0.0,1.193101515993476,1350.6531999856234,57.72692209854722
540,-6.818158149719238,-2887.167174955197,1.6074612140655518,0.0,1.0697729587554932,0.0,1.7577862739562988,0.0,4.435020446777344,0.0,1355.0882204324007,57.72692209854722
541,0.0,-2887.167174955197,0.0,0.8032835125923157,0.0,0.20749174058437347,0.0,0.5003226399421692,0.0,1.5110978931188583,1355.0882204324007,59.23801999166608
542,-2.470113515853882,-2889.637288471051,1.5716594457626343,0.0,0.0,0.22840949892997742,0.0,0.2740533947944641,1.0691965520381927,0.0,1356.157416984439,59.23801999166608
543,-26.257234307006,-2915.894522778057,5.1226091384887695,0.0,0.0,0.14496320486068726,0.12692202627658844,0.0,5.104567959904671,0.0,1361.2619849443436,59.23801999166608
544,-2.568143606185913,-2918.4626663842428,0.8683360815048218,0.0,0.4539015293121338,0.0,1.2681125402450562,0.0,2.5903501510620117,0.0,1363.8523350954056,59.23801999166608
545,-2.9704742431640625,-2921.433140627407,1.1826863288879395,0.0,0.6582105755805969,0.0,1.0669986009597778,0.0,2.907895505428314,0.0,1366.760230600834,59.23801999166608
546,-9.029399871826172,-2930.462540499233,1.5662256479263306,0.0,1.3069753646850586,0.0,2.2063891887664795,0.0,5.079590201377869,0.0,1371.8398208022118,59.23801999166608
547,-8.046216011047363,-2938.5087565102804,2.275299310684204,0.0,0.9222455024719238,0.0,1.420806884765625,0.0,4.618351697921753,0.0,1376.4581725001335,59.23801999166608
548,-2.544121503829956,-2941.0528780141103,1.317481517791748,0.0,0.4793415367603302,0.0,0.7606547474861145,0.0,2.5574778020381927,0.0,1379.0156503021717,59.23801999166608
549,-2.0513181686401367,-2943.1041961827505,1.0641010999679565,0.0,0.5022775530815125,0.0,0.8165318369865417,0.0,2.3829104900360107,0.0,1381.3985607922077,59.23801999166608
550,-0.7184683084487915,-2943.8226644911992,0.4215100109577179,0.0,0.19325745105743408,0.0,0.7095414996147156,0.0,1.3243089616298676,0.0,1382.7228697538376,59.23801999166608
551,-0.40111976861953735,-2944.223784259819,0.3560788035392761,0.0,0.3036712408065796,0.0,0.4267451763153076,0.0,1.0864952206611633,0.0,1383.8093649744987,59.23801999166608
552,-3.7186429500579834,-2947.9424272098768,1.3816155195236206,0.0,0.7504638433456421,0.0,1.1165059804916382,0.0,3.248585343360901,0.0,1387.0579503178596,59.23801999166608
553,-0.47166627645492554,-2948.4140934863317,0.3527388870716095,0.0,0.41434162855148315,0.0,0.41900184750556946,0.0,1.186082363128662,0.0,1388.2440326809883,59.23801999166608
554,-0.32240545749664307,-2948.7364989438283,0.33876895904541016,0.0,0.18461598455905914,0.0,0.4166029393672943,0.0,0.9399878829717636,0.0,1389.18402056396,59.23801999166608
555,-0.33307403326034546,-2949.0695729770887,0.35007867217063904,0.0,0.1873515099287033,0.0,0.4188297688961029,0.0,0.9562599509954453,0.0,1390.1402805149555,59.23801999166608
556,-0.35179102420806885,-2949.4213640012968,0.34860697388648987,0.0,0.20223666727542877,0.0,0.4351603388786316,0.0,0.9860039800405502,0.0,1391.126284494996,59.23801999166608
557,-0.42475831508636475,-2949.846122316383,0.3487769067287445,0.0,0.23087537288665771,0.0,0.49980950355529785,0.0,1.0794617831707,0.0,1392.2057462781668,59.23801999166608
558,-0.37759196758270264,-2950.223714283966,0.33445003628730774,0.0,0.2414994090795517,0.0,0.4554263651371002,0.0,1.0313758105039597,0.0,1393.2371220886707,59.23801999166608
559,-0.9225609302520752,-2951.146275214218,0.053132280707359314,0.0,0.8090472221374512,0.0,0.5149567723274231,0.0,1.3771362751722336,0.0,1394.614258363843,59.23801999166608
560,-0.27632854878902435,-2951.422603763007,0.0,0.33972299098968506,0.24874383211135864,0.0,0.4630929231643677,0.0,0.37211376428604126,0.0,1394.986372128129,59.23801999166608
561,-0.10695193707942963,-2951.5295557000863,0.0,0.7332850098609924,0.22979986667633057,0.0,0.2326885461807251,0.0,0.0,0.27079659700393677,1394.986372128129,59.508816588670015
562,-0.8054260611534119,-2952.3349817612398,0.0,0.01716652140021324,0.8974553346633911,0.0,0.0,0.05302396044135094,0.8272648528218269,0.0,1395.8136369809508,59.508816588670015
563,-2.2825452089309692,-2954.6175269701707,1.0190635919570923,0.0,0.0,0.1403072625398636,1.1153719425201416,0.0,1.9941282719373703,0.0,1397.8077652528882,59.508816588670015
564,-26.724394783377647,-2981.3419217535484,5.169285297393799,0.0,0.05371079966425896,0.0,0.0,0.30404436588287354,4.918951731175184,0.0,1402.7267169840634,59.508816588670015
565,-3.7522010803222656,-2985.0941228338706,1.9370598793029785,0.0,0.0,0.13482186198234558,0.0,0.5260208249092102,1.2762171924114227,0.0,1404.0029341764748,59.508816588670015
566,0.0,-2985.0941228338706,0.0,1.0548300743103027,0.0,0.20560972392559052,0.0,0.6152123808860779,0.0,1.8756521791219711,1404.0029341764748,61.38446876779199
567,-0.45946231484413147,-2985.553585148715,0.2916604280471802,0.0,0.44814419746398926,0.0,0.4166092872619629,0.0,1.1564139127731323,0.0,1405.159348089248,61.38446876779199
568,-8.928033828735352,-2994.48161897745,0.7722449898719788,0.0,1.4879893064498901,0.0,2.47337007522583,0.0,4.733604371547699,0.0,1409.8929524607956,61.38446876779199
569,-5.357243061065674,-2999.838862038516,1.9563958644866943,0.0,0.6509895324707031,0.0,1.0516514778137207,0.0,3.659036874771118,0.0,1413.5519893355668,61.38446876779199
570,-8.269553184509277,-3008.108415223025,1.4465221166610718,0.0,1.5656150579452515,0.0,1.9302787780761719,0.0,4.942415952682495,0.0,1418.4944052882493,61.38446876779199
571,-6.250883102416992,-3014.359298325442,1.6169248819351196,0.0,0.9197232127189636,0.0,1.6704928874969482,0.0,4.2071409821510315,0.0,1422.7015462704003,61.38446876779199
572,-6.659588813781738,-3021.018887139224,1.63816237449646,0.0,0.9278134703636169,0.0,1.7649859189987183,0.0,4.330961763858795,0.0,1427.032508034259,61.38446876779199
573,-8.541465759277344,-3029.560352898501,1.7888811826705933,0.0,0.7593696117401123,0.0,2.1828255653381348,0.0,4.73107635974884,0.0,1431.763584394008,61.38446876779199
574,-5.165470600128174,-3034.7258234986293,2.038153886795044,0.0,0.19325745105743408,0.0,0.986940324306488,0.0,3.218351662158966,0.0,1434.981936056167,61.38446876779199
575,-0.4535934329032898,-3035.1794169315326,0.37498530745506287,0.0,0.18901224434375763,0.0,0.5265489816665649,0.0,1.0905465334653854,0.0,1436.0724825896323,61.38446876779199
576,-3.7952792644500732,-3038.9746961959827,1.3842442035675049,0.0,0.7504638433456421,0.0,1.1471492052078247,0.0,3.2818572521209717,0.0,1439.3543398417532,61.38446876779199
577,-3.7055912017822266,-3042.680287397765,1.3801437616348267,0.0,0.7490487098693848,0.0,1.1134272813796997,0.0,3.242619752883911,0.0,1442.5969595946372,61.38446876779199
578,-0.3311491012573242,-3043.0114364990222,0.3514370918273926,0.0,0.18461598455905914,0.0,0.4166029393672943,0.0,0.952656015753746,0.0,1443.549615610391,61.38446876779199
579,-0.33307403326034546,-3043.3445105322826,0.35007867217063904,0.0,0.1873515099287033,0.0,0.4188297688961029,0.0,0.9562599509954453,0.0,1444.5058755613863,61.38446876779199
580,-0.35179102420806885,-3043.6963015564907,0.34860697388648987,0.0,0.20223666727542877,0.0,0.4351603388786316,0.0,0.9860039800405502,0.0,1445.491879541427,61.38446876779199
581,-11.340363502502441,-3055.036665058993,3.3222358226776123,0.0,0.23087537288665771,0.0,0.49980950355529785,0.0,4.052920699119568,0.0,1449.5448002405465,61.38446876779199
582,-9.024590492248535,-3064.0612555512416,2.3590176105499268,0.0,1.1671322584152222,0.0,1.4482500553131104,0.0,4.974399924278259,0.0,1454.5192001648247,61.38446876779199
583,-16.717029571533203,-3080.778285122775,3.2350611686706543,0.0,1.4843822717666626,0.0,2.0119688510894775,0.0,6.731412291526794,0.0,1461.2506124563515,61.38446876779199
584,-9.845723152160645,-3090.6240082749355,1.9757635593414307,0.0,1.5053441524505615,0.0,1.917295217514038,0.0,5.39840292930603,0.0,1466.6490153856575,61.38446876779199
585,-0.1981825828552246,-3090.8221908577907,0.0,0.4998004138469696,0.3465421497821808,0.0,0.27944788336753845,0.0,0.12618961930274963,0.0,1466.7752050049603,61.38446876779199
586,-0.6017581224441528,-3091.423948980235,0.3174455463886261,0.0,0.35085994005203247,0.0,0.614722490310669,0.0,1.2830279767513275,0.0,1468.0582329817116,61.38446876779199
587,-44.5174560546875,-3135.9414050349224,5.479785919189453,0.0,2.3156628608703613,0.0,3.021110773086548,0.0,10.816559553146362,0.0,1478.874792534858,61.38446876779199
588,-0.052684932947158813,-3135.9940899678695,0.0,0.9252549409866333,0.22953198850154877,0.0,0.0,0.10673747211694717,0.0,0.8024604246020317,1478.874792534858,62.18692919239402
589,-0.0022331259679049253,-3135.9963230938374,0.0,0.8178094029426575,0.04725596308708191,0.0,0.0,0.37475964426994324,0.0,1.1453130841255188,1478.874792534858,63.33224227651954
590,-0.05796796013964922,-3136.054291053977,0.24066291749477386,0.0,0.007022707723081112,0.0,0.0,0.40530452132225037,0.0,0.1576188961043954,1478.874792534858,63.48986117262393
591,-3.124671860015951,-3139.178962913993,0.0,1.9926912784576416,0.04044690728187561,0.0,1.7672113180160522,0.0,0.0,0.18503305315971375,1478.874792534858,63.674894225783646
592,-0.2461673766374588,-3139.4251302906305,0.0,1.4605841636657715,0.4961525797843933,0.0,0.0,0.01682497002184391,0.0,0.9812565539032221,1478.874792534858,64.65615077968687
593,-0.55471371114254,-3139.979844001773,0.0,0.08403171598911285,0.5892310738563538,0.0,0.455544114112854,0.0,0.9607434719800949,0.0,1479.835536006838,64.65615077968687
594,-7.448723793029785,-3147.428567794803,1.3344883918762207,0.0,1.8480448722839355,0.0,1.5008646249771118,0.0,4.683397889137268,0.0,1484.5189338959754,64.65615077968687
595,-15.58397388458252,-3163.0125416793853,3.3422043323516846,0.0,0.91938316822052,0.0,1.8890151977539062,0.0,6.150602698326111,0.0,1490.6695365943015,64.65615077968687
596,-6.855239391326904,-3169.867781070712,1.63816237449646,0.0,0.9759423732757568,0.0,1.7942129373550415,0.0,4.408317685127258,0.0,1495.0778542794287,64.65615077968687
597,-3.1880786418914795,-3173.0558597126037,1.539839744567871,0.0,0.3876185119152069,0.0,0.8165318369865417,0.0,2.7439900934696198,0.0,1497.8218443728983,64.65615077968687
598,-2.793360471725464,-3175.849220184329,1.5008540153503418,0.0,0.19325745105743408,0.0,0.7095414996147156,0.0,2.4036529660224915,0.0,1500.2254973389208,64.65615077968687
599,-0.344629168510437,-3176.1938493528396,0.3560788035392761,0.0,0.18901224434375763,0.0,0.4267451763153076,0.0,0.9718362241983414,0.0,1501.1973335631192,64.65615077968687
600,-3.7186429500579834,-3179.9124923028976,1.3816155195236206,0.0,0.7504638433456421,0.0,1.1165059804916382,0.0,3.248585343360901,0.0,1504.44591890648,64.65615077968687
601,-0.33455270528793335,-3180.2470450081855,0.3527388870716095,0.0,0.18591776490211487,0.0,0.41900184750556946,0.0,0.9576584994792938,0.0,1505.4035774059594,64.65615077968687
602,-0.3311491012573242,-3180.578194109443,0.3514370918273926,0.0,0.18461598455905914,0.0,0.4166029393672943,0.0,0.952656015753746,0.0,1506.3562334217131,64.65615077968687
603,-0.784570574760437,-3181.3627646842033,0.7576619386672974,0.0,0.1873515099287033,0.0,0.4188297688961029,0.0,1.3638432174921036,0.0,1507.7200766392052,64.65615077968687
604,-2.0453717708587646,-3183.408136455062,1.347259283065796,0.0,0.20223666727542877,0.0,0.4351603388786316,0.0,1.9846562892198563,0.0,1509.704732928425,64.65615077968687
605,-1.2118080854415894,-3184.6199445405036,0.9380737543106079,0.0,0.23087537288665771,0.0,0.5277521014213562,0.0,1.6967012286186218,0.0,1511.4014341570437,64.65615077968687
606,-6.378215312957764,-3190.9981598534614,2.0884218215942383,0.0,0.8121740221977234,0.0,1.1649391651153564,0.0,4.065535008907318,0.0,1515.466969165951,64.65615077968687
607,-4.873981952667236,-3195.8721418061286,1.7868266105651855,0.0,0.7779470086097717,0.0,1.0373191833496094,0.0,3.6020928025245667,0.0,1519.0690619684756,64.65615077968687
608,-2.4443752765655518,-3198.316517082694,0.7191189527511597,0.0,0.7254801392555237,0.0,1.183605432510376,0.0,2.6282045245170593,0.0,1521.6972664929926,64.65615077968687
609,-1.6686456575989723,-3199.985162740293,0.0,0.43275222182273865,0.17460213601589203,0.0,1.279906153678894,0.0,1.0217560678720474,0.0,1522.7190225608647,64.65615077968687
610,-0.47915323078632355,-3200.4643159710795,0.0,0.5142026543617249,0.5838269591331482,0.0,0.37188613414764404,0.0,0.4415104389190674,0.0,1523.1605329997838,64.65615077968687
611,-1.9528765082359314,-3202.4171924793154,0.0,0.8544731736183167,1.0594666004180908,0.0,0.9112667441368103,0.0,1.1162601709365845,0.0,1524.2767931707203,64.65615077968687
612,-3.9695160388946533,-3206.38670851821,0.9956570267677307,0.0,0.4981596767902374,0.0,1.6522772312164307,0.0,3.146093934774399,0.0,1527.4228871054947,64.65615077968687
613,-0.00483198557049036,-3206.3915405037806,0.0,0.8234636783599854,0.0,0.17688243091106415,0.06951248645782471,0.0,0.0,0.9308336228132248,1527.4228871054947,65.5869844025001
614,0.0,-3206.3915405037806,0.0,1.0116024017333984,0.0,0.22340743243694305,0.0,0.21245795488357544,0.0,1.447467789053917,1527.4228871054947,67.03445219155401
615,-2.2950775623321533,-3208.6866180661127,0.0,0.8532128930091858,1.5149513483047485,0.0,0.0,0.3796030282974243,0.2821354269981384,0.0,1527.7050225324929,67.03445219155401
616,-0.2311752736568451,-3208.9177933397696,0.0,0.5380384922027588,0.3896219730377197,0.0,0.28172680735588074,0.0,0.13331028819084167,0.0,1527.8383328206837,67.03445219155401
617,-1.0185885429382324,-3209.936381882708,0.38442274928092957,0.0,0.5350186228752136,0.0,0.7645670771598816,0.0,1.6840084493160248,0.0,1529.5223412699997,67.03445219155401
618,-7.576473236083984,-3217.512855118792,1.3952813148498535,0.0,1.8408492803573608,0.0,1.4969760179519653,0.0,4.73310661315918,0.0,1534.255447883159,67.03445219155401
619,-1.1842803955078125,-3218.6971355142996,0.7303415536880493,0.0,0.35753491520881653,0.0,0.7232221961021423,0.0,1.8110986649990082,0.0,1536.066546548158,67.03445219155401
620,-3.2088046073913574,-3221.905940121691,1.3891406059265137,0.0,0.36468249559402466,0.0,1.0705604553222656,0.0,2.824383556842804,0.0,1538.8909301050007,67.03445219155401
621,-1.0232874155044556,-3222.9292275371954,0.45421919226646423,0.0,0.3876185119152069,0.0,0.8165318369865417,0.0,1.658369541168213,0.0,1540.549299646169,67.03445219155401
622,-18.90853500366211,-3241.8377625408575,0.4215100109577179,0.0,4.011590003967285,0.0,1.6241950988769531,0.0,6.057295113801956,0.0,1546.606594759971,67.03445219155401
623,-0.7901366949081421,-3242.6278992357657,0.3560788035392761,0.0,0.30236607789993286,0.0,0.7562534809112549,0.0,1.4146983623504639,0.0,1548.0212931223214,67.03445219155401
624,-2.7112221717834473,-3245.339121407549,0.35421058535575867,0.0,0.18733283877372742,0.0,1.5970796346664429,0.0,2.138623058795929,0.0,1550.1599161811173,67.03445219155401
625,-0.33287477493286133,-3245.671996182482,0.3527388870716095,0.0,0.18591776490211487,0.0,0.41699478030204773,0.0,0.9556514322757721,0.0,1551.115567613393,67.03445219155401
626,-0.31621062755584717,-3245.988206810038,0.3514370918273926,0.0,0.18461598455905914,0.0,0.39827069640159607,0.0,0.9343237727880478,0.0,1552.0498913861811,67.03445219155401
627,-0.31268447637557983,-3246.3008912864134,0.319633424282074,0.0,0.1873515099287033,0.0,0.4188297688961029,0.0,0.9258147031068802,0.0,1552.975706089288,67.03445219155401
628,-0.3368683457374573,-3246.637759632151,0.34860697388648987,0.0,0.20223666727542877,0.0,0.4176623523235321,0.0,0.9685059934854507,0.0,1553.9442120827734,67.03445219155401
629,-7.210513591766357,-3253.848273223917,0.3487769067287445,0.0,0.23087537288665771,0.0,2.652463912963867,0.0,3.2321161925792694,0.0,1557.1763282753527,67.03445219155401
630,-0.5706287026405334,-3254.4189019265577,0.34246259927749634,0.0,0.31018462777137756,0.0,0.5976065397262573,0.0,1.2502537667751312,0.0,1558.4265820421278,67.03445219155401
631,-0.516886830329895,-3254.9357887568876,0.3763113021850586,0.0,0.3105776011943817,0.0,0.5280323624610901,0.0,1.2149212658405304,0.0,1559.6415033079684,67.03445219155401
632,-1.8006116151809692,-3256.7364003720686,0.0,0.37374255061149597,0.8361832499504089,0.0,1.0494804382324219,0.0,1.5119211375713348,0.0,1561.1534244455397,67.03445219155401
633,-0.6149442344903946,-3257.351344606559,0.0,0.7184192538261414,0.2372327446937561,0.0,0.7474388480186462,0.0,0.266252338886261,0.0,1561.419676784426,67.03445219155401
634,-0.10823883209377527,-3257.4595834386528,0.0,0.9992810487747192,0.08819844573736191,0.0,0.3169540464878082,0.0,0.0,0.5941285565495491,1561.419676784426,67.62858074810356
635,-0.09493683651089668,-3257.5545202751637,0.0,1.164985179901123,0.2831929922103882,0.0,0.12140248715877533,0.0,0.0,0.7603897005319595,1561.419676784426,68.38897044863552
636,0.0,-3257.5545202751637,0.0,1.2253801822662354,0.0,0.14808499813079834,0.0,0.40855467319488525,0.0,1.782019853591919,1561.419676784426,70.17099030222744
637,0.0,-3257.5545202751637,0.0,1.243593454360962,0.0,0.27941328287124634,0.0,0.8005437254905701,0.0,2.3235504627227783,1561.419676784426,72.49454076495022
638,0.0,-3257.5545202751637,0.0,0.6936972141265869,0.0,0.30119627714157104,0.0,0.7941893339157104,0.0,1.7890828251838684,1561.419676784426,74.28362359013408
639,-4.151972532272339,-3261.706492807436,0.0,0.697390615940094,1.4607219696044922,0.0,1.4206560850143433,0.0,2.1839874386787415,0.0,1563.6036642231047,74.28362359013408
640,-4.928671360015869,-3266.635164167452,0.41181862354278564,0.0,1.4813333749771118,0.0,1.6014769077301025,0.0,3.49462890625,0.0,1567.0982931293547,74.28362359013408
641,-0.35953977704048157,-3266.9947039444924,0.31945550441741943,0.0,0.5033153891563416,0.0,0.0645102709531784,0.0,0.8872811645269394,0.0,1567.9855742938817,74.28362359013408
642,-7.464563369750977,-3274.4592673142433,1.572640299797058,0.0,1.6958982944488525,0.0,1.4544053077697754,0.0,4.722943902015686,0.0,1572.7085181958973,74.28362359013408
643,-87.16899871826172,-3361.628266032505,1.5448986291885376,0.0,0.9217785000801086,0.0,9.161474227905273,0.0,11.62815135717392,0.0,1584.3366695530713,74.28362359013408
644,-2.4155900478363037,-3364.0438560803414,0.8479077816009521,0.0,0.36468249559402466,0.0,1.2504595518112183,0.0,2.463049829006195,0.0,1586.7997193820775,74.28362359013408
645,-18.647104263305664,-3382.690960343647,4.1328816413879395,0.0,0.3876185119152069,0.0,1.1900190114974976,0.0,5.710519164800644,0.0,1592.510238546878,74.28362359013408
646,-0.8769746422767639,-3383.567934985924,0.4215100109577179,0.0,0.44255486130714417,0.0,0.7095414996147156,0.0,1.5736063718795776,0.0,1594.0838449187577,74.28362359013408
647,-0.4595949053764343,-3384.0275298913,0.3560788035392761,0.0,0.23568828403949738,0.0,0.5265489816665649,0.0,1.1183160692453384,0.0,1595.202160988003,74.28362359013408
648,-0.4203491806983948,-3384.4478790719986,0.35421058535575867,0.0,0.2998753786087036,0.0,0.45272377133369446,0.0,1.1068097352981567,0.0,1596.3089707233012,74.28362359013408
649,-0.33455270528793335,-3384.7824317772865,0.3527388870716095,0.0,0.18591776490211487,0.0,0.41900184750556946,0.0,0.9576584994792938,0.0,1597.2666292227805,74.28362359013408
650,-0.3311491012573242,-3385.113580878544,0.3514370918273926,0.0,0.18461598455905914,0.0,0.4166029393672943,0.0,0.952656015753746,0.0,1598.2192852385342,74.28362359013408
651,-0.33307403326034546,-3385.446654911804,0.35007867217063904,0.0,0.1873515099287033,0.0,0.4188297688961029,0.0,0.9562599509954453,0.0,1599.1755451895297,74.28362359013408
652,-0.35179102420806885,-3385.7984459360123,0.34860697388648987,0.0,0.20223666727542877,0.0,0.4351603388786316,0.0,0.9860039800405502,0.0,1600.1615491695702,74.28362359013408
653,-2.1738121509552,-3387.9722580869675,1.3677350282669067,0.0,0.23087537288665771,0.0,0.49980950355529785,0.0,2.0984199047088623,0.0,1602.259969074279,74.28362359013408
654,-8.02746295928955,-3395.999721046257,2.7056221961975098,0.0,0.24639129638671875,0.0,0.8039667010307312,0.0,3.7559801936149597,0.0,1606.015949267894,74.28362359013408
655,-2.8609824180603027,-3398.8607034643173,1.1488118171691895,0.0,0.21834512054920197,0.0,1.2221044301986694,0.0,2.589261367917061,0.0,1608.605210635811,74.28362359013408
656,-22.14694383740425,-3421.0076473017216,0.0,0.36626678705215454,0.500525951385498,0.0,4.679360866546631,0.0,4.813620030879974,0.0,1613.418830666691,74.28362359013408
657,-40.48937411606312,-3461.4970214177847,0.0,0.7502269148826599,0.14646469056606293,0.0,6.361440181732178,0.0,5.757677957415581,0.0,1619.1765086241066,74.28362359013408
658,-0.7965242477694119,-3462.293545665554,0.0,0.9725360870361328,0.006602431181818247,0.0,0.8924576640129089,0.0,0.0,0.07347599184140563,1619.1765086241066,74.35709958197549
659,0.0,-3462.293545665554,0.0,0.24473510682582855,0.0,0.09424187988042831,0.0,0.35691264271736145,0.0,0.6958896294236183,1619.1765086241066,75.05298921139911
660,-0.2047791499644518,-3462.4983248155186,0.12692871689796448,0.0,0.4343595802783966,0.0,0.0,0.29645630717277527,0.2648319900035858,0.0,1619.4413406141102,75.05298921139911
661,-0.0549997016787529,-3462.5533245171973,0.0,1.1207208633422852,0.0,0.21797701716423035,0.23452015221118927,0.0,0.0,1.1041777282953262,1619.4413406141102,76.15716693969443
662,-7.872401736676693,-3470.425726253874,2.791301965713501,0.0,0.2846667468547821,0.0,0.0,0.05429979786276817,3.021668914705515,0.0,1622.4630095288157,76.15716693969443
663,-4.5268213748931885,-3474.952547628767,0.0,0.8766398429870605,1.5032379627227783,0.0,1.505688190460205,0.0,2.132286310195923,0.0,1624.5952958390117,76.15716693969443
664,-2.3032880911050597,-3477.2558357198723,0.00890298467129469,0.0,1.5176326036453247,0.0,0.0,0.22638903558254242,1.300146552734077,0.0,1625.8954423917457,76.15716693969443
665,-0.009896949864923954,-3477.265732669737,0.0,0.07415522634983063,0.0,0.04232902079820633,0.0994834154844284,0.0,0.0,0.01700083166360855,1625.8954423917457,76.17416777135804
666,-4.271202087402344,-3481.5369347571395,1.437075138092041,0.0,0.8267744779586792,0.0,1.2338804006576538,0.0,3.497730016708374,0.0,1629.3931724084541,76.17416777135804
667,-16.31682586669922,-3497.8537606238388,3.1591992378234863,0.0,0.9213201403617859,0.0,2.342531442642212,0.0,6.423050820827484,0.0,1635.8162232292816,76.17416777135804
668,-7.03951358795166,-3504.8932742117904,1.7305203676223755,0.0,0.9278134703636169,0.0,1.784369707107544,0.0,4.442703545093536,0.0,1640.2589267743751,76.17416777135804
669,-131.0157470703125,-3635.909021282103,7.0275139808654785,0.0,0.3876185119152069,0.0,9.026601791381836,0.0,16.44173428416252,0.0,1656.7006610585377,76.17416777135804
670,-3.119342803955078,-3639.028364086058,0.4215100109577179,0.0,0.44215521216392517,0.0,1.65715754032135,0.0,2.520822763442993,0.0,1659.2214838219807,76.17416777135804
671,-0.9095325469970703,-3639.937896633055,0.37498530745506287,0.0,0.7011880874633789,0.0,0.5265489816665649,0.0,1.6027223765850067,0.0,1660.8242061985657,76.17416777135804
672,-0.3451153635978699,-3640.283011996653,0.3568393290042877,0.0,0.19907063245773315,0.0,0.42208048701286316,0.0,0.977990448474884,0.0,1661.8021966470405,76.17416777135804
673,-0.8573724627494812,-3641.1403844594024,0.34507817029953003,0.0,0.7501539587974548,0.0,0.41900184750556946,0.0,1.5142339766025543,0.0,1663.316430623643,76.17416777135804
674,-3.155608892440796,-3644.295993351843,1.7011696100234985,0.0,0.2967706322669983,0.0,0.4166029393672943,0.0,2.414543181657791,0.0,1665.730973805301,76.17416777135804
675,-0.33307403326034546,-3644.6290673851036,0.35007867217063904,0.0,0.1873515099287033,0.0,0.4188297688961029,0.0,0.9562599509954453,0.0,1666.6872337562963,76.17416777135804
676,-0.35179102420806885,-3644.9808584093116,0.34860697388648987,0.0,0.20223666727542877,0.0,0.4351603388786316,0.0,0.9860039800405502,0.0,1667.673237736337,76.17416777135804
677,-0.42475831508636475,-3645.405616724398,0.3487769067287445,0.0,0.23087537288665771,0.0,0.49980950355529785,0.0,1.0794617831707,0.0,1668.7526995195076,76.17416777135804
678,-2.38573956489563,-3647.7913562892936,1.0169463157653809,0.0,1.0625839233398438,0.0,0.47167298197746277,0.0,2.5512032210826874,0.0,1671.3039027405903,76.17416777135804
679,-3.2360377311706543,-3651.0273940204643,1.2442187070846558,0.0,0.23787231743335724,0.0,1.2772525548934937,0.0,2.7593435794115067,0.0,1674.0632463200018,76.17416777135804
680,-0.0971049852669239,-3651.124499005731,0.0,0.1919764280319214,0.22050392627716064,0.0,0.22018855810165405,0.0,0.2487160563468933,0.0,1674.3119623763487,76.17416777135804
681,-0.8389149308204651,-3651.9634139365517,0.4022056460380554,0.0,0.816510796546936,0.0,0.10225296765565872,0.0,1.3209694102406502,0.0,1675.6329317865893,76.17416777135804
682,-0.8933858275413513,-3652.856799764093,0.0,0.8945507407188416,0.9451909065246582,0.0,0.0,0.0920955017209053,0.0,0.041455335915088654,1675.6329317865893,76.21562310727313
683,-2.9116169810295105,-3655.7684167451225,0.0,0.21135073900222778,0.5329365134239197,0.0,1.620985984802246,0.0,1.942571759223938,0.0,1677.5755035458133,76.21562310727313
684,0.0,-3655.7684167451225,0.0,1.1891871690750122,0.0,0.12998846173286438,0.0,0.2818286418914795,0.0,1.601004272699356,1677.5755035458133,77.81662737997249
685,0.0,-3655.7684167451225,0.0,1.1782113313674927,0.0,0.24672222137451172,0.0,0.7351616024971008,0.0,2.1600951552391052,1677.5755035458133,79.9767225352116
686,0.0,-3655.7684167451225,0.0,1.0789623260498047,0.0,0.23463259637355804,0.0,0.43378812074661255,0.0,1.7473830431699753,1677.5755035458133,81.72410557838157
687,-0.3958859294652939,-3656.164302674588,0.0,0.9265273213386536,0.35203230381011963,0.0,0.5214970707893372,0.0,0.0,0.05299794673919678,1677.5755035458133,81.77710352512076
688,-5.294618129730225,-3661.458920804318,0.4294658899307251,0.0,1.5180888175964355,0.0,1.6749876737594604,0.0,3.622542381286621,0.0,1681.1980459270999,81.77710352512076
689,-2.1400177478790283,-3663.598938552197,1.3497508764266968,0.0,0.544581413269043,0.0,0.14704230427742004,0.0,2.04137459397316,0.0,1683.239420521073,81.77710352512076
690,-86.03770446777344,-3749.6366430199705,2.4718399047851562,0.0,1.8320574760437012,0.0,8.75050163269043,0.0,13.054399013519287,0.0,1696.2938195345923,81.77710352512076
691,-8.482560157775879,-3758.1192031777464,2.1246557235717773,0.0,1.1604821681976318,0.0,1.6191600561141968,0.0,4.904297947883606,0.0,1701.198117482476,81.77710352512076
692,-0.9113727807998657,-3759.0305759585463,0.4469718635082245,0.0,0.36468249559402466,0.0,0.7606547474861145,0.0,1.5723091065883636,0.0,1702.7704265890643,81.77710352512076
693,-1.0232874155044556,-3760.0538633740507,0.45421919226646423,0.0,0.3876185119152069,0.0,0.8165318369865417,0.0,1.658369541168213,0.0,1704.4287961302325,81.77710352512076
694,-1.6154720783233643,-3761.669335452374,0.57329261302948,0.0,0.19325745105743408,0.0,1.1177921295166016,0.0,1.8843421936035156,0.0,1706.313138323836,81.77710352512076
695,-1.3914507627487183,-3763.060786215123,0.3560788035392761,0.0,0.18901224434375763,0.0,1.1085724830627441,0.0,1.653663530945778,0.0,1707.9668018547818,81.77710352512076
696,-0.3387106657028198,-3763.3994968808256,0.35421058535575867,0.0,0.18733283877372742,0.0,0.42208048701286316,0.0,0.9636239111423492,0.0,1708.9304257659242,81.77710352512076
697,-0.33455270528793335,-3763.7340495861135,0.3527388870716095,0.0,0.18591776490211487,0.0,0.41900184750556946,0.0,0.9576584994792938,0.0,1709.8880842654034,81.77710352512076
698,-0.3311491012573242,-3764.065198687371,0.3514370918273926,0.0,0.18461598455905914,0.0,0.4166029393672943,0.0,0.952656015753746,0.0,1710.8407402811572,81.77710352512076
699,-0.33307403326034546,-3764.398272720631,0.35007867217063904,0.0,0.1873515099287033,0.0,0.4188297688961029,0.0,0.9562599509954453,0.0,1711.7970002321526,81.77710352512076
700,-0.35179102420806885,-3764.7500637448393,0.34860697388648987,0.0,0.20223666727542877,0.0,0.4351603388786316,0.0,0.9860039800405502,0.0,1712.7830042121932,81.77710352512076
701,-3.950519561767578,-3768.700583306607,1.3761818408966064,0.0,0.79400634765625,0.0,1.1942349672317505,0.0,3.364423155784607,0.0,1716.1474273679778,81.77710352512076
702,-3.7705025672912598,-3772.471085873898,1.3382571935653687,0.0,0.8062359094619751,0.0,1.1530628204345703,0.0,3.297555923461914,0.0,1719.4449832914397,81.77710352512076
703,-1.8461835384368896,-3774.317269412335,1.3067142963409424,0.0,0.20033147931098938,0.0,0.3139246702194214,0.0,1.8209704458713531,0.0,1721.265953737311,81.77710352512076
704,-0.7356480360031128,-3775.052917448338,0.7592211961746216,0.0,0.2643275260925293,0.0,0.2989349663257599,0.0,1.3224836885929108,0.0,1722.588437425904,81.77710352512076
705,-4.398082256317139,-3779.4509997046553,1.9054900407791138,0.0,0.24723315238952637,0.0,0.8402770757675171,0.0,2.9930002689361572,0.0,1725.5814376948401,81.77710352512076
706,-1.4996461812406778,-3780.950645885896,1.2209644317626953,0.0,0.09429768472909927,0.0,0.0,0.18462733924388885,1.1306347772479057,0.0,1726.712072472088,81.77710352512076
707,-3.308640956878662,-3784.2592868427746,0.9807974696159363,0.0,1.128042221069336,0.0,1.0364352464675903,0.0,3.1452749371528625,0.0,1729.857347409241,81.77710352512076
708,-3.986370325088501,-3788.245657167863,0.8915956616401672,0.0,1.191204309463501,0.0,1.331337571144104,0.0,3.414137542247772,0.0,1733.2714849514887,81.77710352512076
709,-3.465575695037842,-3791.711232862901,1.1163015365600586,0.0,0.9626345634460449,0.0,1.1370054483413696,0.0,3.215941548347473,0.0,1736.4874264998361,81.77710352512076
710,0.0,-3791.711232862901,0.0,0.5056313276290894,0.0,0.13752496242523193,0.0,0.47904282808303833,0.0,1.1221991181373596,1736.4874264998361,82.89930264325812
711,0.0,-3791.711232862901,0.0,0.6964879035949707,0.0,0.025233205407857895,0.0,0.09830903261899948,0.0,0.8200301416218281,1736.4874264998361,83.71933278487995
712,-4.15449333190918,-3795.86572619481,0.9921616315841675,0.0,1.5914216041564941,0.0,0.7984270453453064,0.0,3.382010281085968,0.0,1739.8694367809221,83.71933278487995
713,-6.291955947875977,-3802.157682142686,1.233628749847412,0.0,1.7153135538101196,0.0,1.351967215538025,0.0,4.300909519195557,0.0,1744.1703463001177,83.71933278487995
714,-6.812154769897461,-3808.9698369125836,1.3883280754089355,0.0,1.0635521411895752,0.0,1.9374098777770996,0.0,4.38929009437561,0.0,1748.5596363944933,83.71933278487995
715,-7.4200334548950195,-3816.3898703674786,1.8885546922683716,0.0,1.0313713550567627,0.0,1.6702299118041992,0.0,4.5901559591293335,0.0,1753.1497923536226,83.71933278487995
716,-8.94849967956543,-3825.338370047044,2.229907274246216,0.0,0.9278134703636169,0.0,1.7649859189987183,0.0,4.922706663608551,0.0,1758.0724990172312,83.71933278487995
717,-3.6834535598754883,-3829.0218236069195,1.5637325048446655,0.0,0.3876185119152069,0.0,1.0430465936660767,0.0,2.994397610425949,0.0,1761.0668966276571,83.71933278487995
718,-7.318835258483887,-3836.3406588654034,0.4215100109577179,0.0,0.19325745105743408,0.0,2.6652984619140625,0.0,3.2800659239292145,0.0,1764.3469625515863,83.71933278487995
