time_step,reward,all_rewards,grid_import_Building_1_kwh,export_Building_1_kwh,grid_import_Building_2_kwh,export_Building_2_kwh,grid_import_Building_3_kwh,export_Building_3_kwh,grid_import_kwh,export_kwh,cumulative_grid_import_kwh,cumulative_export_kwh
0,-14.094051361083984,-14.094051361083984,2.033644199371338,0.0,0.5619984865188599,0.0,1.689454197883606,0.0,4.285096883773804,0.0,4.285096883773804,0.0
1,-4.8242411613464355,-18.91829252243042,0.8462807536125183,0.0,0.18591776490211487,0.0,0.47319296002388,0.0,1.5053914785385132,0.0,5.790488362312317,0.0
2,-4.5262041091918945,-23.444496631622314,0.7249863147735596,0.0,0.18461598455905914,0.0,0.4455188810825348,0.0,1.3551211804151535,0.0,7.14560954272747,0.0
3,-4.52620792388916,-27.970704555511475,0.6327978372573853,0.0,0.1873515099287033,0.0,0.433448851108551,0.0,1.2535981982946396,0.0,8.39920774102211,0.0
4,-4.459650039672852,-32.430354595184326,0.6071555614471436,0.0,0.20223666727542877,0.0,0.4351603388786316,0.0,1.244552567601204,0.0,9.643760308623314,0.0
5,-6.376068115234375,-38.8064227104187,1.00062894821167,0.0,0.23087537288665771,0.0,0.49980950355529785,0.0,1.7313138246536255,0.0,11.37507413327694,0.0
6,-10.130254745483398,-48.9366774559021,1.607621669769287,0.0,0.24817126989364624,0.0,1.033126950263977,0.0,2.8889198899269104,0.0,14.26399402320385,0.0
7,-6.4550652503967285,-55.39174270629883,0.5342340469360352,0.0,0.3452141582965851,0.0,0.8840543627738953,0.0,1.7635025680065155,0.0,16.027496591210365,0.0
8,-35.9776611328125,-91.36940383911133,4.653266429901123,0.0,2.933849573135376,0.0,2.187143325805664,0.0,9.774259328842163,0.0,25.80175592005253,0.0
9,-12.280769348144531,-103.65017318725586,0.48263463377952576,0.0,0.6722479462623596,0.0,2.1317636966705322,0.0,3.2866462767124176,0.0,29.088402196764946,0.0
10,-7.254947662353516,-110.90512084960938,0.0,0.3569531738758087,0.6334824562072754,0.0,1.284489393234253,0.0,1.5610186755657196,0.0,30.649420872330666,0.0
11,-9.097376823425293,-120.00249767303467,1.8172708749771118,0.0,0.6685148477554321,0.0,0.969410240650177,0.0,3.455195963382721,0.0,34.10461683571339,0.0
12,-7.339865684509277,-127.34236335754395,0.26597872376441956,0.0,0.9704316258430481,0.0,0.7307910919189453,0.0,1.967201441526413,0.0,36.0718182772398,0.0
13,0.0,-127.34236335754395,0.0,1.293045997619629,0.0,0.2805768847465515,0.0,0.6318330764770508,0.0,2.205455958843231,36.0718182772398,2.205455958843231
14,0.0,-127.34236335754395,0.0,0.95054030418396,0.0,0.163893923163414,0.0,0.7738050222396851,0.0,1.888239249587059,36.0718182772398,4.09369520843029
15,-4.596314430236816,-131.93867778778076,0.16432055830955505,0.0,1.0962364673614502,0.0,0.06595885753631592,0.0,1.3265158832073212,0.0,37.39833416044712,4.09369520843029
16,-0.9815128445625305,-132.9201906323433,0.0,0.1696302890777588,0.2912794053554535,0.0,0.0,0.2320985496044159,0.0,0.11044943332672119,37.39833416044712,4.204144641757011
17,-2.0019307136535645,-134.92212134599686,0.1799376904964447,0.0,0.3064201772212982,0.0,0.15006080269813538,0.0,0.6364186704158783,0.0,38.034752830863,4.204144641757011
18,-3.8805410861968994,-138.80266243219376,0.4625154137611389,0.0,0.16118374466896057,0.0,0.7676620483398438,0.0,1.3913612067699432,0.0,39.42611403763294,4.204144641757011
19,-7.471748352050781,-146.27441078424454,1.0769085884094238,0.0,0.3912005126476288,0.0,0.9811120629310608,0.0,2.4492211639881134,0.0,41.875335201621056,4.204144641757011
20,-7.0450544357299805,-153.31946521997452,0.5288646817207336,0.0,0.780853271484375,0.0,1.0705604553222656,0.0,2.3802784085273743,0.0,44.25561361014843,4.204144641757011
21,-10.561378479003906,-163.88084369897842,0.9365671873092651,0.0,0.3876185119152069,0.0,1.962751865386963,0.0,3.286937564611435,0.0,47.542551174759865,4.204144641757011
22,-9.671575546264648,-173.55241924524307,0.4215100109577179,0.0,1.882650375366211,0.0,1.9681999683380127,0.0,4.2723603546619415,0.0,51.814911529421806,4.204144641757011
23,-9.979109764099121,-183.5315290093422,0.3560788035392761,0.0,1.878405213356018,0.0,2.0369577407836914,0.0,4.271441757678986,0.0,56.08635328710079,4.204144641757011
24,-4.978277683258057,-188.50980669260025,0.35421058535575867,0.0,1.8767257928848267,0.0,0.42208048701286316,0.0,2.6530168652534485,0.0,58.73937015235424,4.204144641757011
25,-3.285421371459961,-191.7952280640602,0.3527388870716095,0.0,0.17920845746994019,0.0,0.41900184750556946,0.0,0.9509491920471191,0.0,59.69031934440136,4.204144641757011
26,-3.210373878479004,-195.00560194253922,0.3514370918273926,0.0,0.16868312656879425,0.0,0.4166029393672943,0.0,0.9367231577634811,0.0,60.62704250216484,4.204144641757011
27,-6.200776100158691,-201.2063780426979,0.35007867217063904,0.0,0.1873515099287033,0.0,1.1875500679016113,0.0,1.7249802500009537,0.0,62.352022752165794,4.204144641757011
28,-7.072787284851074,-208.27916532754898,1.3546943664550781,0.0,0.20223666727542877,0.0,0.4351603388786316,0.0,1.9920913726091385,0.0,64.34411412477493,4.204144641757011
29,-7.9445695877075195,-216.2237349152565,1.3658525943756104,0.0,0.23087537288665771,0.0,0.49980950355529785,0.0,2.096537470817566,0.0,66.4406515955925,4.204144641757011
30,-7.51441764831543,-223.73815256357193,1.3301458358764648,0.0,0.24327263236045837,0.0,0.4589728116989136,0.0,2.032391279935837,0.0,68.47304287552834,4.204144641757011
31,-10.835352897644043,-234.57350546121597,1.1053740978240967,0.0,0.7555338144302368,0.0,1.186313509941101,0.0,3.0472214221954346,0.0,71.52026429772377,4.204144641757011
32,-8.840940475463867,-243.41444593667984,0.6659061908721924,0.0,1.310782790184021,0.0,1.1845614910125732,0.0,3.1612504720687866,0.0,74.68151476979256,4.204144641757011
33,-1.1462564170360565,-244.5607023537159,0.0,0.4318349361419678,0.13957519829273224,0.0,0.24809423089027405,0.0,0.0,0.04416550695896149,74.68151476979256,4.248310148715973
34,-1.5993257015943527,-246.16002805531025,0.06265433132648468,0.0,0.38181352615356445,0.0,0.0,0.018229525536298752,0.4262383319437504,0.0,75.10775310173631,4.248310148715973
35,-2.003319263458252,-248.1633473187685,0.3224653899669647,0.0,0.2233913242816925,0.0,0.0,0.21491865813732147,0.33093805611133575,0.0,75.43869115784764,4.248310148715973
36,-16.31215476989746,-264.47550208866596,4.797369956970215,0.0,0.0,0.04580845683813095,0.0,0.4474849998950958,4.304076500236988,0.0,79.74276765808463,4.248310148715973
37,-5.52745246887207,-270.00295455753803,1.7521350383758545,0.0,0.0,0.17027628421783447,0.0,0.596929669380188,0.984929084777832,0.0,80.72769674286246,4.248310148715973
38,0.0,-270.00295455753803,0.0,0.5143934488296509,0.0,0.05979296937584877,0.0,0.06400222331285477,0.0,0.6381886415183544,80.72769674286246,4.886498790234327
39,-2.449450969696045,-272.4524055272341,0.0,0.6550762057304382,0.7720916271209717,0.0,0.0,0.24682287871837616,0.0,0.1298074573278427,80.72769674286246,5.01630624756217
40,-3.3793015480041504,-275.8317070752382,0.447745680809021,0.0,0.19314506649971008,0.0,0.4880902171134949,0.0,1.128980964422226,0.0,81.85667770728469,5.01630624756217
41,-1.101184606552124,-276.93289168179035,0.0,0.14580199122428894,0.0,0.00994577631354332,0.3666064143180847,0.0,0.21085864678025246,0.0,82.06753635406494,5.01630624756217
42,-7.294329643249512,-284.22722132503986,1.109107494354248,0.0,0.2910788059234619,0.0,1.074630618095398,0.0,2.474816918373108,0.0,84.54235327243805,5.01630624756217
43,-4.84555721282959,-289.07277853786945,0.7583456039428711,0.0,0.21914196014404297,0.0,0.7263814806938171,0.0,1.7038690447807312,0.0,86.24622231721878,5.01630624756217
44,-8.508389472961426,-297.5811680108309,2.2908387184143066,0.0,0.20169100165367126,0.0,0.4507490396499634,0.0,2.9432787597179413,0.0,89.18950107693672,5.01630624756217
45,-4.206794261932373,-301.78796227276325,0.6353296637535095,0.0,0.19623863697052002,0.0,0.6992846727371216,0.0,1.5308529734611511,0.0,90.72035405039787,5.01630624756217
46,-4.197248458862305,-305.98521073162556,0.5435421466827393,0.0,0.19325745105743408,0.0,0.6922207474708557,0.0,1.429020345211029,0.0,92.1493743956089,5.01630624756217
47,-2.9074654579162598,-308.8926761895418,0.37498530745506287,0.0,0.18901224434375763,0.0,0.4267451763153076,0.0,0.9907427281141281,0.0,93.14011712372303,5.01630624756217
48,-2.8448591232299805,-311.7375353127718,0.35421058535575867,0.0,0.18733283877372742,0.0,0.42208048701286316,0.0,0.9636239111423492,0.0,94.10374103486538,5.01630624756217
49,-2.8450098037719727,-314.58254511654377,0.3527388870716095,0.0,0.18591776490211487,0.0,0.41900184750556946,0.0,0.9576584994792938,0.0,95.06139953434467,5.01630624756217
50,-2.8349528312683105,-317.4174979478121,0.3514370918273926,0.0,0.18461598455905914,0.0,0.4166029393672943,0.0,0.952656015753746,0.0,96.01405555009842,5.01630624756217
51,-2.9438998699188232,-320.3613978177309,0.3348560631275177,0.0,0.1873515099287033,0.0,0.4188297688961029,0.0,0.9410373419523239,0.0,96.95509289205074,5.01630624756217
52,-3.097740888595581,-323.4591387063265,0.34860697388648987,0.0,0.20223666727542877,0.0,0.4351603388786316,0.0,0.9860039800405502,0.0,97.9410968720913,5.01630624756217
53,-10.345212936401367,-333.80435164272785,1.3761818408966064,0.0,0.79400634765625,0.0,1.1942349672317505,0.0,3.364423155784607,0.0,101.3055200278759,5.01630624756217
54,-9.405196189880371,-343.2095478326082,1.3299883604049683,0.0,0.8021014332771301,0.0,1.1447938680648804,0.0,3.2768836617469788,0.0,104.58240368962288,5.01630624756217
55,-9.898974418640137,-353.10852225124836,1.5471336841583252,0.0,0.8617960810661316,0.0,1.0048121213912964,0.0,3.413741886615753,0.0,107.99614557623863,5.01630624756217
56,-12.71891975402832,-365.8274420052767,1.8221806287765503,0.0,1.8937938213348389,0.0,1.5604077577590942,0.0,5.276382207870483,0.0,113.27252778410912,5.01630624756217
57,-7.311257362365723,-373.1386993676424,0.4870434105396271,0.0,1.917726993560791,0.0,1.12003755569458,0.0,3.524807959794998,0.0,116.79733574390411,5.01630624756217
58,-4.478900671005249,-377.61760003864765,0.0,0.8445625305175781,1.737468957901001,0.0,0.7963051795959473,0.0,1.6892116069793701,0.0,118.48654735088348,5.01630624756217
59,-3.917755126953125,-381.5353551656008,0.0,1.0440349578857422,1.274584412574768,0.0,0.0,0.3224382996559143,0.0,0.09188884496688843,118.48654735088348,5.1081950925290585
60,-1.098743200302124,-382.6340983659029,0.0,1.0866937637329102,0.3657621741294861,0.0,0.0,0.11811089515686035,0.0,0.8390424847602844,118.48654735088348,5.947237577289343
61,-20.26118278503418,-402.8952811509371,0.0,0.7644610404968262,0.0,0.18274803459644318,7.003236293792725,0.0,6.056027218699455,0.0,124.54257456958294,5.947237577289343
62,0.0,-402.8952811509371,0.0,0.6829460859298706,0.0,0.16892418265342712,0.0,0.05988061800599098,0.0,0.9117508865892887,124.54257456958294,6.858988463878632
63,-6.041750907897949,-408.93703205883503,1.561369776725769,0.0,0.0,0.013574364595115185,0.5250566601753235,0.0,2.0728520723059773,0.0,126.61542664188892,6.858988463878632
64,-5.728785514831543,-414.6658175736666,0.9007319211959839,0.0,0.011278570629656315,0.0,1.2218209505081177,0.0,2.133831442333758,0.0,128.74925808422267,6.858988463878632
65,-2.922199249267578,-417.58801682293415,0.14395681023597717,0.0,0.21786905825138092,0.0,0.6827080249786377,0.0,1.0445338934659958,0.0,129.79379197768867,6.858988463878632
66,-8.41932201385498,-426.00733883678913,0.9867361783981323,0.0,0.313500314950943,0.0,1.9659061431884766,0.0,3.266142636537552,0.0,133.05993461422622,6.858988463878632
67,-6.801466941833496,-432.8088057786226,0.8331621885299683,0.0,0.35911455750465393,0.0,1.3219858407974243,0.0,2.5142625868320465,0.0,135.57419720105827,6.858988463878632
68,-5.74418306350708,-438.5529888421297,0.6107575297355652,0.0,0.36468249559402466,0.0,1.1637225151062012,0.0,2.139162540435791,0.0,137.71335974149406,6.858988463878632
69,-6.128868579864502,-444.6818574219942,0.6353296637535095,0.0,0.4478263854980469,0.0,1.1900190114974976,0.0,2.273175060749054,0.0,139.9865348022431,6.858988463878632
70,-3.1652672290802,-447.8471246510744,0.48252609372138977,0.0,0.19325745105743408,0.0,0.4359810948371887,0.0,1.1117646396160126,0.0,141.09829944185913,6.858988463878632
71,-3.890361785888672,-451.7374864369631,0.8712420463562012,0.0,0.18901224434375763,0.0,0.4267451763153076,0.0,1.4869994670152664,0.0,142.5852989088744,6.858988463878632
72,-2.6019937992095947,-454.3394802361727,0.3594680726528168,0.0,0.18733283877372742,0.0,0.42208048701286316,0.0,0.9688813984394073,0.0,143.5541803073138,6.858988463878632
73,-2.4809770584106445,-456.8204572945833,0.3527388870716095,0.0,0.18591776490211487,0.0,0.41900184750556946,0.0,0.9576584994792938,0.0,144.5118388067931,6.858988463878632
74,-2.6305437088012695,-459.4510010033846,0.3514370918273926,0.0,0.18461598455905914,0.0,0.4166029393672943,0.0,0.952656015753746,0.0,145.46449482254684,6.858988463878632
75,-2.7125625610351562,-462.16356356441975,0.3348560631275177,0.0,0.1873515099287033,0.0,0.4188297688961029,0.0,0.9410373419523239,0.0,146.40553216449916,6.858988463878632
76,-2.8165695667266846,-464.98013313114643,0.34860697388648987,0.0,0.20223666727542877,0.0,0.4351603388786316,0.0,0.9860039800405502,0.0,147.3915361445397,6.858988463878632
77,-6.338490009307861,-471.3186231404543,1.3677350282669067,0.0,0.23087537288665771,0.0,0.5277521014213562,0.0,2.1263625025749207,0.0,149.51789864711463,6.858988463878632
78,-7.452118396759033,-478.7707415372133,0.3598918616771698,0.0,0.25422030687332153,0.0,1.9131399393081665,0.0,2.527252107858658,0.0,152.0451507549733,6.858988463878632
79,-11.279712677001953,-490.0504542142153,1.5279717445373535,0.0,0.9242570400238037,0.0,1.3235547542572021,0.0,3.7757835388183594,0.0,155.82093429379165,6.858988463878632
80,-13.100781440734863,-503.15123565495014,1.1729929447174072,0.0,2.054269790649414,0.0,2.417238712310791,0.0,5.644501447677612,0.0,161.46543574146926,6.858988463878632
81,-2.043353408575058,-505.1945890635252,0.0,0.19974814355373383,0.37557753920555115,0.0,0.5333736538887024,0.0,0.7092030495405197,0.0,162.17463879100978,6.858988463878632
82,-3.6976966857910156,-508.8922857493162,0.10277063399553299,0.0,0.30680543184280396,0.0,0.9375355243682861,0.0,1.347111590206623,0.0,163.5217503812164,6.858988463878632
83,-5.38059663772583,-514.272882387042,0.0,0.3503643572330475,1.9821885824203491,0.0,2.3248744010925293,0.0,3.956698626279831,0.0,167.47844900749624,6.858988463878632
84,-1.3274382054805756,-515.6003205925226,0.0,0.48728668689727783,0.19740678369998932,0.0,0.8143599033355713,0.0,0.5244800001382828,0.0,168.00292900763452,6.858988463878632
85,-0.10812556743621826,-515.7084461599588,0.0,0.10344289988279343,0.08687037974596024,0.0,0.0,0.06797640770673752,0.0,0.08454892784357071,168.00292900763452,6.943537391722202
86,-0.2587864100933075,-515.9672325700521,0.0,0.5747829079627991,0.08487845957279205,0.0,0.0,0.2017921507358551,0.0,0.6916965991258621,168.00292900763452,7.635233990848064
87,-0.09989199042320251,-516.0671245604753,0.0,0.6318455934524536,0.03208257630467415,0.0,0.0,0.15823568403720856,0.0,0.757998701184988,168.00292900763452,8.393232692033052
88,-0.5823138952255249,-516.6494384557009,0.0,0.3609931766986847,0.19390042126178741,0.0,0.0,0.052840862423181534,0.0,0.2199336178600788,168.00292900763452,8.613166309893131
89,-7.528561115264893,-524.1779995709658,0.9598867297172546,0.0,1.2953776121139526,0.0,0.25194022059440613,0.0,2.5072045624256134,0.0,170.51013357006013,8.613166309893131
90,-4.548575401306152,-528.7265749722719,0.398721843957901,0.0,0.29576143622398376,0.0,0.827755868434906,0.0,1.5222391486167908,0.0,172.03237271867692,8.613166309893131
91,-4.87147331237793,-533.5980482846498,0.5945645570755005,0.0,0.4842626452445984,0.0,0.7263814806938171,0.0,1.805208683013916,0.0,173.83758140169084,8.613166309893131
92,-5.83062219619751,-539.4286704808474,0.9364479184150696,0.0,0.36468249559402466,0.0,0.7606547474861145,0.0,2.0617851614952087,0.0,175.89936656318605,8.613166309893131
93,-4.969735145568848,-544.3984056264162,0.5447744131088257,0.0,0.3876185119152069,0.0,0.8165318369865417,0.0,1.7489247620105743,0.0,177.64829132519662,8.613166309893131
94,-5.714350700378418,-550.1127563267946,0.6589604616165161,0.0,0.3296126127243042,0.0,0.963146448135376,0.0,1.9517195224761963,0.0,179.60001084767282,8.613166309893131
95,-3.4869208335876465,-553.5996771603823,0.3560788035392761,0.0,0.3141602873802185,0.0,0.5265489816665649,0.0,1.1967880725860596,0.0,180.79679892025888,8.613166309893131
96,-3.056802272796631,-556.6564794331789,0.35421058535575867,0.0,0.18733283877372742,0.0,0.45272377133369446,0.0,0.9942671954631805,0.0,181.79106611572206,8.613166309893131
97,-3.0095765590667725,-559.6660559922457,0.3527388870716095,0.0,0.18591776490211487,0.0,0.41699478030204773,0.0,0.9556514322757721,0.0,182.74671754799783,8.613166309893131
98,-2.9864330291748047,-562.6524890214205,0.3514370918273926,0.0,0.18461598455905914,0.0,0.4166029393672943,0.0,0.952656015753746,0.0,183.69937356375158,8.613166309893131
99,-3.1987762451171875,-565.8512652665377,0.35007867217063904,0.0,0.1873515099287033,0.0,0.4188297688961029,0.0,0.9562599509954453,0.0,184.65563351474702,8.613166309893131
100,-6.221839427947998,-572.0731046944857,1.2545539140701294,0.0,0.20223666727542877,0.0,0.4351603388786316,0.0,1.8919509202241898,0.0,186.5475844349712,8.613166309893131
101,-3.721717357635498,-575.7948220521212,0.3468944728374481,0.0,0.23087537288665771,0.0,0.5277521014213562,0.0,1.105521947145462,0.0,187.65310638211668,8.613166309893131
102,-6.184310436248779,-581.9791324883699,1.0784878730773926,0.0,0.2409534454345703,0.0,0.45433443784713745,0.0,1.7737757563591003,0.0,189.42688213847578,8.613166309893131
103,-9.225531578063965,-591.2046640664339,1.406815528869629,0.0,1.11617112159729,0.0,0.3085762858390808,0.0,2.8315629363059998,0.0,192.25844507478178,8.613166309893131
104,-1.8002464771270752,-593.004910543561,0.26671406626701355,0.0,0.23807062208652496,0.0,0.05109556391835213,0.0,0.5558802522718906,0.0,192.81432532705367,8.613166309893131
105,-0.7969579696655273,-593.8018685132265,0.0,0.4958544075489044,0.23039452731609344,0.0,0.0,0.13957266509532928,0.0,0.40503254532814026,192.81432532705367,9.018198855221272
106,0.0,-593.8018685132265,0.0,1.0164076089859009,0.0,0.015333311632275581,0.0,0.3945979177951813,0.0,1.4263388384133577,192.81432532705367,10.44453769363463
107,-0.7364419102668762,-594.5383104234934,0.0,0.9263487458229065,0.5092339515686035,0.0,0.0,0.5706278085708618,0.0,0.9877426028251648,192.81432532705367,11.432280296459794
108,-0.4268420934677124,-594.9651525169611,0.0,0.966838538646698,0.0,0.012424386106431484,0.11997632682323456,0.0,0.0,0.8592865979298949,192.81432532705367,12.291566894389689
109,0.0,-594.9651525169611,0.0,0.7738717198371887,0.0,0.1327192634344101,0.0,0.4543624222278595,0.0,1.3609534054994583,192.81432532705367,13.652520299889147
110,0.0,-594.9651525169611,0.0,0.8958898782730103,0.0,0.26121532917022705,0.0,0.5466712713241577,0.0,1.703776478767395,192.81432532705367,15.356296778656542
111,-4.6692328453063965,-599.6343853622675,0.0,0.5852379202842712,3.6134684085845947,0.0,0.0,0.34786614775657654,2.680364340543747,0.0,195.4946896675974,15.356296778656542
112,0.0,-599.6343853622675,0.0,0.48445454239845276,0.0,1.5761443376541138,0.0,0.1763022094964981,0.0,2.2369010895490646,195.4946896675974,17.593197868205607
113,-4.390995621681213,-604.0253809839487,0.8948801755905151,0.0,0.0,1.3793319463729858,1.366764783859253,0.0,0.8823130130767822,0.0,196.3770026806742,17.593197868205607
114,-6.096302032470703,-610.1216830164194,0.37103885412216187,0.0,0.15303760766983032,0.0,1.5570083856582642,0.0,2.0810848474502563,0.0,198.45808752812445,17.593197868205607
115,-10.774179458618164,-620.8958624750376,0.7546690702438354,0.0,0.21914196014404297,0.0,2.9229397773742676,0.0,3.896750807762146,0.0,202.3548383358866,17.593197868205607
116,-6.673425674438477,-627.569288149476,0.4469718635082245,0.0,0.35829436779022217,0.0,1.5751867294311523,0.0,2.380452960729599,0.0,204.7352912966162,17.593197868205607
117,-3.4861111640930176,-631.0553993135691,0.3636639416217804,0.0,0.3876030743122101,0.0,0.4430446922779083,0.0,1.1943117082118988,0.0,205.9296030048281,17.593197868205607
118,-4.724898338317871,-635.7802976518869,0.5967347025871277,0.0,0.3296126127243042,0.0,0.7095414996147156,0.0,1.6358888149261475,0.0,207.56549181975424,17.593197868205607
119,-3.530930519104004,-639.311228170991,0.5923177599906921,0.0,0.18901224434375763,0.0,0.4267451763153076,0.0,1.2080751806497574,0.0,208.773567000404,17.593197868205607
120,-3.0406880378723145,-642.3519162088633,0.35421058535575867,0.0,0.18733283877372742,0.0,0.42208048701286316,0.0,0.9636239111423492,0.0,209.73719091154635,17.593197868205607
121,-2.9963340759277344,-645.348250284791,0.3527388870716095,0.0,0.18591776490211487,0.0,0.41900184750556946,0.0,0.9576584994792938,0.0,210.69484941102564,17.593197868205607
122,-3.1791324615478516,-648.5273827463388,0.3514370918273926,0.0,0.18461598455905914,0.0,0.4166029393672943,0.0,0.952656015753746,0.0,211.6475054267794,17.593197868205607
123,-3.1992263793945312,-651.7266091257334,0.35007867217063904,0.0,0.1873515099287033,0.0,0.39715519547462463,0.0,0.934585377573967,0.0,212.58209080435336,17.593197868205607
124,-3.2403903007507324,-654.9669994264841,0.34860697388648987,0.0,0.20223666727542877,0.0,0.4351603388786316,0.0,0.9860039800405502,0.0,213.5680947843939,17.593197868205607
125,-5.673851490020752,-660.6408509165049,0.9524089097976685,0.0,0.23087537288665771,0.0,0.49980950355529785,0.0,1.683093786239624,0.0,215.25118857063353,17.593197868205607
126,-44.44927978515625,-705.0901307016611,5.020469665527344,0.0,0.29751452803611755,0.0,7.931743621826172,0.0,13.249727815389633,0.0,228.50091638602316,17.593197868205607
127,-3.332590103149414,-708.4227208048105,0.10226792097091675,0.0,0.28070199489593506,0.0,0.628534197807312,0.0,1.0115041136741638,0.0,229.51242049969733,17.593197868205607
128,-2.5654971599578857,-710.9882179647684,0.0,0.21943727135658264,0.26006796956062317,0.0,0.4669853746891022,0.0,0.5076160728931427,0.0,230.02003657259047,17.593197868205607
129,-16.22561264038086,-727.2138306051493,4.173412322998047,0.0,0.13157224655151367,0.0,0.39724376797676086,0.0,4.702228337526321,0.0,234.7222649101168,17.593197868205607
130,-0.5412030220031738,-727.7550336271524,0.0,0.837080717086792,0.10908318310976028,0.0,0.10659606009721756,0.0,0.0,0.6214014738798141,234.7222649101168,18.21459934208542
131,-0.015448495745658875,-727.7704821228981,0.0,1.1622930765151978,0.010712550953030586,0.0,0.0,0.5703308582305908,0.0,1.721911383792758,234.7222649101168,19.93651072587818
132,-0.1609974056482315,-727.9314795285463,0.0,1.1904658079147339,0.11713474243879318,0.0,0.0,0.6025114059448242,0.0,1.675842471420765,234.7222649101168,21.612353197298944
133,0.0,-727.9314795285463,0.0,1.2007795572280884,0.0,0.25800636410713196,0.0,0.7577298879623413,0.0,2.2165158092975616,234.7222649101168,23.828869006596506
134,0.0,-727.9314795285463,0.0,0.6445506811141968,0.0,0.2746831774711609,0.0,0.7411631345748901,0.0,1.6603969931602478,234.7222649101168,25.489265999756753
135,-4.471571445465088,-732.4030509740114,0.0,0.895548939704895,3.56900954246521,0.0,0.0,0.42193904519081116,2.251521557569504,0.0,236.9737864676863,25.489265999756753
136,-0.48849043250083923,-732.8915414065123,0.0,0.5875452160835266,0.39280030131340027,0.0,0.0,0.22352951765060425,0.0,0.4182744324207306,236.9737864676863,25.907540432177484
137,-6.444893836975098,-739.3364352434874,1.7877622842788696,0.0,0.5443580746650696,0.0,0.14659564197063446,0.0,2.4787160009145737,0.0,239.45250246860087,25.907540432177484
138,-5.079960107803345,-744.4163953512907,0.918773353099823,0.0,0.0,1.1475456953048706,0.8025283813476562,0.0,0.5737560391426086,0.0,240.02625850774348,25.907540432177484
139,-6.7227089405059814,-751.1391042917967,1.6380316019058228,0.0,0.0,1.2425669431686401,0.7262647151947021,0.0,1.1217293739318848,0.0,241.14798788167536,25.907540432177484
140,-29.935022354125977,-781.0741266459227,7.694016456604004,0.0,0.19510239362716675,0.0,2.332322120666504,0.0,10.221440970897675,0.0,251.36942885257304,25.907540432177484
141,-5.091653347015381,-786.165779992938,0.7798219323158264,0.0,0.19623863697052002,0.0,0.8165318369865417,0.0,1.7925924062728882,0.0,253.16202125884593,25.907540432177484
142,-3.0070369243621826,-789.1728169173002,0.4215100109577179,0.0,0.19325745105743408,0.0,0.4359810948371887,0.0,1.0507485568523407,0.0,254.21276981569827,25.907540432177484
143,-2.9000301361083984,-792.0728470534086,0.3560788035392761,0.0,0.18901224434375763,0.0,0.4267451763153076,0.0,0.9718362241983414,0.0,255.1846060398966,25.907540432177484
144,-2.8811721801757812,-794.9540192335844,0.35421058535575867,0.0,0.18733283877372742,0.0,0.42208048701286316,0.0,0.9636239111423492,0.0,256.14822995103896,25.907540432177484
145,-4.292893409729004,-799.2469126433134,0.5866090059280396,0.0,0.18591776490211487,0.0,0.6382042765617371,0.0,1.4107310473918915,0.0,257.55896099843085,25.907540432177484
146,-3.730933427810669,-802.9778460711241,0.33876895904541016,0.0,0.18461598455905914,0.0,0.6358053684234619,0.0,1.1591903120279312,0.0,258.7181513104588,25.907540432177484
147,-3.61868953704834,-806.5965356081724,0.3348560631275177,0.0,0.1873515099287033,0.0,0.6163576245307922,0.0,1.1385651975870132,0.0,259.8567165080458,25.907540432177484
148,-3.433516025543213,-810.0300516337156,0.34860697388648987,0.0,0.20223666727542877,0.0,0.4790008068084717,0.0,1.0298444479703903,0.0,260.8865609560162,25.907540432177484
149,-3.5405077934265137,-813.5705594271421,0.3450120687484741,0.0,0.23087537288665771,0.0,0.49980950355529785,0.0,1.0756969451904297,0.0,261.9622579012066,25.907540432177484
150,-11.320785522460938,-824.8913449496031,1.2575488090515137,0.0,0.8152798414230347,0.0,1.3240694999694824,0.0,3.3968981504440308,0.0,265.35915605165064,25.907540432177484
151,-4.02204704284668,-828.9133919924498,0.3870762586593628,0.0,0.20606835186481476,0.0,0.738421618938446,0.0,1.3315662294626236,0.0,266.69072228111327,25.907540432177484
152,-6.215183258056641,-835.1285752505064,1.4906659126281738,0.0,0.16592095792293549,0.0,0.30634817481040955,0.0,1.9629350453615189,0.0,268.6536573264748,25.907540432177484
153,-0.2707245647907257,-835.3992998152971,0.0,0.5706719756126404,0.19011560082435608,0.0,0.0,0.02427547238767147,0.0,0.4048318471759558,268.6536573264748,26.31237227935344
154,-0.4087340533733368,-835.8080338686705,0.0,0.7727327942848206,0.2923145890235901,0.0,0.0,0.27234557271003723,0.0,0.7527637779712677,268.6536573264748,27.065136057324708
155,-17.0973242521286,-852.9053581207991,4.530760765075684,0.0,1.0195902585983276,0.0,0.0,0.3817722201347351,5.168578803539276,0.0,273.82223613001406,27.065136057324708
156,-1.0074151754379272,-853.912773296237,0.0,0.03266453742980957,0.0,0.14224159717559814,0.291073739528656,0.0,0.11616760492324829,0.0,273.9384037349373,27.065136057324708
157,0.0,-853.912773296237,0.0,0.49131590127944946,0.0,0.2452315241098404,0.0,0.2801191210746765,0.0,1.0166665464639664,273.9384037349373,28.081802603788674
158,0.0,-853.912773296237,0.0,0.7494138479232788,0.0,0.2924632430076599,0.0,0.6091670989990234,0.0,1.6510441899299622,273.9384037349373,29.732846793718636
159,0.0,-853.912773296237,0.0,0.59209144115448,0.0,0.2047167718410492,0.0,0.6147118210792542,0.0,1.4115200340747833,273.9384037349373,31.14436682779342
160,-0.5999046564102173,-854.5126779526472,0.03444037213921547,0.0,0.39850902557373047,0.0,0.007090319879353046,0.0,0.440039717592299,0.0,274.3784434525296,31.14436682779342
161,-6.726761817932129,-861.2394397705793,1.4606693983078003,0.0,0.556734025478363,0.0,0.5929064154624939,0.0,2.6103098392486572,0.0,276.98875329177827,31.14436682779342
162,-8.835330963134766,-870.0747707337141,1.0783368349075317,0.0,0.1577356457710266,0.0,1.7780084609985352,0.0,3.0140809416770935,0.0,280.00283423345536,31.14436682779342
163,-5.706831932067871,-875.781602665782,0.6995631456375122,0.0,0.21890221536159515,0.0,1.1998350620269775,0.0,2.118300423026085,0.0,282.12113465648144,31.14436682779342
164,-8.185098648071289,-883.9667013138533,1.4313558340072632,0.0,0.36468249559402466,0.0,1.0705604553222656,0.0,2.8665987849235535,0.0,284.987733441405,31.14436682779342
165,-5.450970649719238,-889.4176719635725,0.5447744131088257,0.0,0.19623863697052002,0.0,1.1900190114974976,0.0,1.9310320615768433,0.0,286.91876550298184,31.14436682779342
166,-2.856675148010254,-892.2743471115828,0.3604939579963684,0.0,0.19325745105743408,0.0,0.4359810948371887,0.0,0.9897325038909912,0.0,287.90849800687283,31.14436682779342
167,-2.930568218231201,-895.204915329814,0.3560788035392761,0.0,0.18901224434375763,0.0,0.4267451763153076,0.0,0.9718362241983414,0.0,288.8803342310712,31.14436682779342
168,-2.926827907562256,-898.1317432373762,0.35421058535575867,0.0,0.18733283877372742,0.0,0.42208048701286316,0.0,0.9636239111423492,0.0,289.8439581422135,31.14436682779342
169,-2.8776822090148926,-901.0094254463911,0.3527388870716095,0.0,0.18591776490211487,0.0,0.41900184750556946,0.0,0.9576584994792938,0.0,290.8016166416928,31.14436682779342
170,-2.9760642051696777,-903.9854896515608,0.3514370918273926,0.0,0.18461598455905914,0.0,0.4166029393672943,0.0,0.952656015753746,0.0,291.75427265744656,31.14436682779342
171,-3.0790469646453857,-907.0645366162062,0.35007867217063904,0.0,0.1873515099287033,0.0,0.4188297688961029,0.0,0.9562599509954453,0.0,292.710532608442,31.14436682779342
172,-3.317687511444092,-910.3822241276503,0.34860697388648987,0.0,0.20223666727542877,0.0,0.4351603388786316,0.0,0.9860039800405502,0.0,293.69653658848256,31.14436682779342
173,-12.612346649169922,-922.9945707768202,2.916538715362549,0.0,0.23087537288665771,0.0,0.49980950355529785,0.0,3.6472235918045044,0.0,297.34376018028706,31.14436682779342
174,-5.9502363204956055,-928.9448070973158,0.384336918592453,0.0,0.23963414132595062,0.0,1.133434534072876,0.0,1.7574055939912796,0.0,299.10116577427834,31.14436682779342
175,-3.7931628227233887,-932.7379699200392,0.1516353189945221,0.0,0.7369452714920044,0.0,0.513803243637085,0.0,1.4023838341236115,0.0,300.50354960840195,31.14436682779342
176,-4.583415985107422,-937.3213859051466,1.1688817739486694,0.0,0.20974469184875488,0.0,0.19867007434368134,0.0,1.5772965401411057,0.0,302.08084614854306,31.14436682779342
177,-0.2581995725631714,-937.5795854777098,0.0,0.6238800287246704,0.18657486140727997,0.0,0.0,0.031356967985630035,0.0,0.4686621353030205,302.08084614854306,31.61302896309644
178,-0.05513386055827141,-937.634719338268,0.0,0.9074476957321167,0.03914664313197136,0.0,0.0,0.2856380045413971,0.0,1.1539390571415424,302.08084614854306,32.76696802023798
179,-0.2648375928401947,-937.8995569311082,0.0,1.0420626401901245,0.19224512577056885,0.0,0.0,0.45010045170783997,0.0,1.2999179661273956,302.08084614854306,34.06688598636538
180,0.0,-937.8995569311082,0.0,1.1424123048782349,0.0,0.10660106688737869,0.0,0.5544579029083252,0.0,1.8034712746739388,302.08084614854306,35.87035726103932
181,0.0,-937.8995569311082,0.0,0.8901332020759583,0.0,0.21903814375400543,0.0,0.5087555646896362,0.0,1.6179269105196,302.08084614854306,37.48828417155892
182,0.0,-937.8995569311082,0.0,0.9799602627754211,0.0,0.23004119098186493,0.0,0.48432299494743347,0.0,1.6943244487047195,302.08084614854306,39.182608620263636
183,0.0,-937.8995569311082,0.0,0.8368264436721802,0.0,0.16624821722507477,0.0,0.3632165491580963,0.0,1.3662912100553513,302.08084614854306,40.54889983031899
184,-0.4989585876464844,-938.3985155187547,0.0,0.556738018989563,0.4082038998603821,0.0,0.0,0.19272230565547943,0.0,0.34125642478466034,302.08084614854306,40.89015625510365
185,-1.7728219032287598,-940.1713374219835,0.0,0.008356096222996712,0.5537015199661255,0.0,0.3552579879760742,0.0,0.900603411719203,0.0,302.98144956026226,40.89015625510365
186,-3.81112003326416,-943.9824574552476,0.6814900636672974,0.0,0.1543160378932953,0.0,0.5785647034645081,0.0,1.4143708050251007,0.0,304.39582036528736,40.89015625510365
187,-8.47447395324707,-952.4569314084947,1.0584359169006348,0.0,0.35834044218063354,0.0,1.476647138595581,0.0,2.8934234976768494,0.0,307.2892438629642,40.89015625510365
188,-8.64612102508545,-961.1030524335802,0.8434675931930542,0.0,0.36468249559402466,0.0,1.816180944442749,0.0,3.024331033229828,0.0,310.31357489619404,40.89015625510365
189,-6.509124755859375,-967.6121771894395,0.5447744131088257,0.0,0.3876185119152069,0.0,1.3136118650436401,0.0,2.2460047900676727,0.0,312.5595796862617,40.89015625510365
190,-5.690385818481445,-973.302563007921,0.3604939579963684,0.0,0.3296126127243042,0.0,1.1815810203552246,0.0,1.8716875910758972,0.0,314.4312672773376,40.89015625510365
191,-3.622917413711548,-976.9254804216325,0.3560788035392761,0.0,0.18901224434375763,0.0,0.6752856969833374,0.0,1.2203767448663712,0.0,315.651644022204,40.89015625510365
192,-3.980301856994629,-980.9057822786272,0.6707591414451599,0.0,0.18733283877372742,0.0,0.42208048701286316,0.0,1.2801724672317505,0.0,316.93181648943573,40.89015625510365
193,-3.301362991333008,-984.2071452699602,0.34507817029953003,0.0,0.307964563369751,0.0,0.41900184750556946,0.0,1.0720445811748505,0.0,318.0038610706106,40.89015625510365
194,-3.040921211242676,-987.2480664812028,0.3514370918273926,0.0,0.18461598455905914,0.0,0.4166029393672943,0.0,0.952656015753746,0.0,318.95651708636433,40.89015625510365
195,-3.1816248893737793,-990.4296913705766,0.35007867217063904,0.0,0.1873515099287033,0.0,0.4188297688961029,0.0,0.9562599509954453,0.0,319.9127770373598,40.89015625510365
196,-3.3445138931274414,-993.7742052637041,0.34860697388648987,0.0,0.20223666727542877,0.0,0.4351603388786316,0.0,0.9860039800405502,0.0,320.8987810174003,40.89015625510365
197,-3.7306735515594482,-997.5048788152635,0.3487769067287445,0.0,0.23087537288665771,0.0,0.49980950355529785,0.0,1.0794617831707,0.0,321.978242800571,40.89015625510365
198,-6.436459541320801,-1003.9413383565843,1.1771295070648193,0.0,0.24088947474956512,0.0,0.4542064964771271,0.0,1.8722254782915115,0.0,323.85046827886254,40.89015625510365
199,-3.1476693153381348,-1007.0890076719224,0.09793445467948914,0.0,0.3024880588054657,0.0,0.5118532776832581,0.0,0.9122757911682129,0.0,324.76274407003075,40.89015625510365
200,-6.502347946166992,-1013.5913556180894,1.3969422578811646,0.0,0.24484512209892273,0.0,0.25997012853622437,0.0,1.9017575085163116,0.0,326.66450157854706,40.89015625510365
201,-0.9814017117023468,-1014.5727573297918,0.0,0.6303125619888306,0.23515954613685608,0.0,0.05668264627456665,0.0,0.0,0.33847036957740784,326.66450157854706,41.228626624681056
202,-0.39944927394390106,-1014.9722066037357,0.0,0.9267101287841797,0.10197068750858307,0.0,0.011364126577973366,0.0,0.0,0.8133753146976233,326.66450157854706,42.04200193937868
203,-1.0406112968921661,-1016.0128179006279,0.0,0.5439062714576721,0.1573142409324646,0.0,0.1374439299106598,0.0,0.0,0.24914810061454773,326.66450157854706,42.29115003999323
204,-0.027664026245474815,-1016.0404819268733,0.0,0.35866621136665344,0.008087906055152416,0.0,0.0,0.16686540842056274,0.0,0.5174437137320638,326.66450157854706,42.80859375372529
205,-16.521363250911236,-1032.5618451777846,0.0,0.08942629396915436,0.025905432179570198,0.0,4.969289779663086,0.0,4.905768917873502,0.0,331.57027049642056,42.80859375372529
206,-4.502368688583374,-1037.064213866368,0.487641304731369,0.0,0.0,0.1010127067565918,0.8616608381271362,0.0,1.2482894361019135,0.0,332.8185599325225,42.80859375372529
207,-1.2497272491455078,-1038.3139411155134,0.1957930475473404,0.0,0.05972663313150406,0.0,0.1537490040063858,0.0,0.40926868468523026,0.0,333.2278286172077,42.80859375372529
208,-0.7603310793638229,-1039.0742721948773,0.0,0.24827715754508972,0.04585401341319084,0.0,0.18682417273521423,0.0,0.0,0.015598971396684647,333.2278286172077,42.824192725121975
209,-3.350452423095703,-1042.424724617973,0.1961147040128708,0.0,0.1650208830833435,0.0,0.729783296585083,0.0,1.0909188836812973,0.0,334.318747500889,42.824192725121975
210,-7.601405143737793,-1050.0261297617108,0.3991195857524872,0.0,0.29596030712127686,0.0,1.8214954137802124,0.0,2.5165753066539764,0.0,336.835322807543,42.824192725121975
211,-8.440715789794922,-1058.4668455515057,0.9786856770515442,0.0,0.3576768636703491,0.0,1.472878098487854,0.0,2.8092406392097473,0.0,339.6445634467527,42.824192725121975
212,-5.714801788330078,-1064.1816473398358,0.6107575297355652,0.0,0.36468249559402466,0.0,1.0705604553222656,0.0,2.0460004806518555,0.0,341.6905639274046,42.824192725121975
213,-6.471818923950195,-1070.653466263786,0.6353296637535095,0.0,0.3876185119152069,0.0,1.1900190114974976,0.0,2.212967187166214,0.0,343.9035311145708,42.824192725121975
214,-7.230381965637207,-1077.8838482294232,0.48252609372138977,0.0,0.9190770387649536,0.0,0.9831019043922424,0.0,2.384705036878586,0.0,346.2882361514494,42.824192725121975
215,-3.1435232162475586,-1081.0273714456707,0.3938917815685272,0.0,0.18901224434375763,0.0,0.4267451763153076,0.0,1.0096492022275925,0.0,347.297885353677,42.824192725121975
216,-2.9857330322265625,-1084.0131044778973,0.3568393290042877,0.0,0.18733283877372742,0.0,0.42208048701286316,0.0,0.9662526547908783,0.0,348.26413800846785,42.824192725121975
217,-3.1368496417999268,-1087.1499541196972,0.34507817029953003,0.0,0.18591776490211487,0.0,0.41900184750556946,0.0,0.9499977827072144,0.0,349.21413579117507,42.824192725121975
218,-3.9335241317749023,-1091.0834782514721,0.5692089200019836,0.0,0.18461598455905914,0.0,0.4166029393672943,0.0,1.170427843928337,0.0,350.3845636351034,42.824192725121975
219,-3.260927200317383,-1094.3444054517895,0.35007867217063904,0.0,0.1873515099287033,0.0,0.4188297688961029,0.0,0.9562599509954453,0.0,351.34082358609885,42.824192725121975
220,-3.4626259803771973,-1097.8070314321667,0.34860697388648987,0.0,0.20223666727542877,0.0,0.4351603388786316,0.0,0.9860039800405502,0.0,352.3268275661394,42.824192725121975
221,-8.458208084106445,-1106.2652395162731,1.7313987016677856,0.0,0.23087537288665771,0.0,0.49980950355529785,0.0,2.462083578109741,0.0,354.78891114424914,42.824192725121975
222,-3.574042797088623,-1109.8392823133618,0.30128347873687744,0.0,0.2383204847574234,0.0,0.44906851649284363,0.0,0.9886724799871445,0.0,355.7775836242363,42.824192725121975
223,-2.084174633026123,-1111.923456946388,0.057517584413290024,0.0,0.20612981915473938,0.0,0.3255213499069214,0.0,0.5891687534749508,0.0,356.36675237771124,42.824192725121975
224,-0.7508517801761627,-1112.674308726564,0.0,0.39134976267814636,0.1452266275882721,0.0,0.06963396817445755,0.0,0.0,0.17648916691541672,356.36675237771124,43.00068189203739
225,-0.863484799861908,-1113.537793526426,0.0,0.7491872310638428,0.2449120432138443,0.0,0.0,0.11053763329982758,0.0,0.614812821149826,356.36675237771124,43.61549471318722
226,-0.3737604320049286,-1113.9115539584309,0.0,0.9638462066650391,0.10591587424278259,0.0,0.0,0.16139096021652222,0.0,1.0193212926387787,356.36675237771124,44.634816005825996
227,0.0,-1113.9115539584309,0.0,1.1795684099197388,0.0,0.028032707050442696,0.0,0.5876062512397766,0.0,1.795207368209958,356.36675237771124,46.430023374035954
228,-0.1307019740343094,-1114.0422559324652,0.0,0.9936406016349792,0.03794948011636734,0.0,0.0,0.27996915578842163,0.0,1.2356602773070335,356.36675237771124,47.66568365134299
229,-27.911609649658203,-1141.9538655821234,0.0,1.003985047340393,8.180971145629883,0.0,0.0,0.6080606579780579,6.568925440311432,0.0,362.93567781802267,47.66568365134299
230,0.0,-1141.9538655821234,0.0,1.0160142183303833,0.0,0.1581920087337494,0.0,0.5203769207000732,0.0,1.694583147764206,362.93567781802267,49.360266799107194
231,0.0,-1141.9538655821234,0.0,0.6432213187217712,0.0,0.04518565908074379,0.0,0.31277215480804443,0.0,1.0011791326105595,362.93567781802267,50.36144593171775
232,-18.107304096221924,-1160.0611696783453,4.113112926483154,0.0,0.0,0.008898989297449589,1.617255687713623,0.0,5.721469624899328,0.0,368.657147442922,50.36144593171775
233,-2.027161121368408,-1162.0883307997137,0.07977397739887238,0.0,0.14066290855407715,0.0,0.4213652014732361,0.0,0.6418020874261856,0.0,369.2989495303482,50.36144593171775
234,-7.408292770385742,-1169.4966235700995,1.3207228183746338,0.0,0.5330559015274048,0.0,0.592465341091156,0.0,2.4462440609931946,0.0,371.7451935913414,50.36144593171775
235,-7.580609321594238,-1177.0772328916937,0.8556849360466003,0.0,0.3578053414821625,0.0,1.3295866250991821,0.0,2.543076902627945,0.0,374.2882704939693,50.36144593171775
236,-5.960945129394531,-1183.0381780210882,1.1676297187805176,0.0,0.36468249559402466,0.0,0.4507490396499634,0.0,1.9830612540245056,0.0,376.2713317479938,50.36144593171775
237,-6.09676456451416,-1189.1349425856024,0.6075669527053833,0.0,0.19623863697052002,0.0,1.3087632656097412,0.0,2.1125688552856445,0.0,378.38390060327947,50.36144593171775
238,-4.960129261016846,-1194.0950718466192,1.028313398361206,0.0,0.19325745105743408,0.0,0.4359810948371887,0.0,1.6575519442558289,0.0,380.0414525475353,50.36144593171775
239,-3.029752254486084,-1197.1248241011053,0.3560788035392761,0.0,0.18901224434375763,0.0,0.4267451763153076,0.0,0.9718362241983414,0.0,381.01328877173364,50.36144593171775
240,-3.012854814529419,-1200.1376789156348,0.35421058535575867,0.0,0.18733283877372742,0.0,0.42208048701286316,0.0,0.9636239111423492,0.0,381.976912682876,50.36144593171775
241,-3.1285629272460938,-1203.2662418428808,0.3527388870716095,0.0,0.18591776490211487,0.0,0.41900184750556946,0.0,0.9576584994792938,0.0,382.9345711823553,50.36144593171775
242,-3.114104986190796,-1206.3803468290716,0.3514370918273926,0.0,0.18461598455905914,0.0,0.4166029393672943,0.0,0.952656015753746,0.0,383.88722719810903,50.36144593171775
243,-3.154968738555908,-1209.5353155676275,0.35007867217063904,0.0,0.1873515099287033,0.0,0.4188297688961029,0.0,0.9562599509954453,0.0,384.8434871491045,50.36144593171775
244,-3.4166107177734375,-1212.951926285401,0.3357362449169159,0.0,0.20223666727542877,0.0,0.4351603388786316,0.0,0.9731332510709763,0.0,385.81662040017545,50.36144593171775
245,-3.8787927627563477,-1216.8307190481573,0.3468944728374481,0.0,0.23087537288665771,0.0,0.5277521014213562,0.0,1.105521947145462,0.0,386.9221423473209,50.36144593171775
246,-15.997716903686523,-1232.8284359518439,0.3362347483634949,0.0,0.24239176511764526,0.0,3.8679957389831543,0.0,4.446622252464294,0.0,391.3687645997852,50.36144593171775
247,-6.588138580322266,-1239.4165745321661,1.1351090669631958,0.0,0.21149376034736633,0.0,0.5300699472427368,0.0,1.876672774553299,0.0,393.2454373743385,50.36144593171775
248,-8.074949264526367,-1247.4915237966925,0.7994797825813293,0.0,1.0725849866867065,0.0,0.38801226019859314,0.0,2.260077029466629,0.0,395.50551440380514,50.36144593171775
249,-1.9131535291671753,-1249.4046773258597,0.0,0.16169406473636627,0.2862636148929596,0.0,0.7069616317749023,0.0,0.8315311819314957,0.0,396.33704558573663,50.36144593171775
250,0.0,-1249.4046773258597,0.0,0.5522568821907043,0.0,0.01259163673967123,0.0,0.14417864382266998,0.0,0.7090271627530456,396.33704558573663,51.0704730944708
251,0.0,-1249.4046773258597,0.0,0.8463038802146912,0.0,0.06984102725982666,0.0,0.48367542028427124,0.0,1.399820327758789,396.33704558573663,52.47029342222959
252,0.0,-1249.4046773258597,0.0,1.100285291671753,0.0,0.08553756773471832,0.0,0.5123308897018433,0.0,1.6981537491083145,396.33704558573663,54.1684471713379
253,-0.19821509718894958,-1249.6028924230486,0.0,1.0048272609710693,0.14806900918483734,0.0,0.0,0.6707950830459595,0.0,1.5275533348321915,396.33704558573663,55.696000506170094
254,-16.90545082092285,-1266.5083432439715,5.203329086303711,0.0,0.0,0.2397156059741974,0.0,0.6712279915809631,4.29238548874855,0.0,400.6294310744852,55.696000506170094
255,0.0,-1266.5083432439715,0.0,0.8221708536148071,0.0,0.15892040729522705,0.0,0.3485609292984009,0.0,1.329652190208435,400.6294310744852,57.02565269637853
256,-1.153643786907196,-1267.6619870308787,0.19316093623638153,0.0,0.4391687512397766,0.0,0.0,0.13079260289669037,0.5015370845794678,0.0,401.13096815906465,57.02565269637853
257,-3.2903475761413574,-1270.95233460702,0.5760786533355713,0.0,0.5701292753219604,0.0,0.1981380730867386,0.0,1.3443460017442703,0.0,402.4753141608089,57.02565269637853
258,-5.299632549285889,-1276.251967156306,0.836626410484314,0.0,0.15649878978729248,0.0,0.8069952130317688,0.0,1.8001204133033752,0.0,404.2754345741123,57.02565269637853
259,-4.545622825622559,-1280.7975899819285,0.5181800127029419,0.0,0.2190180867910385,0.0,0.9808642864227295,0.0,1.71806238591671,0.0,405.993496960029,57.02565269637853
260,-5.709270477294922,-1286.5068604592234,0.4469718635082245,0.0,0.20169100165367126,0.0,1.3154963254928589,0.0,1.9641591906547546,0.0,407.95765615068376,57.02565269637853
261,-26.486358642578125,-1312.9932191018015,0.3636639416217804,0.0,0.19623863697052002,0.0,8.05386734008789,0.0,8.613769918680191,0.0,416.57142606936395,57.02565269637853
262,-3.772671937942505,-1316.765891039744,0.3604939579963684,0.0,0.19325745105743408,0.0,0.7095414996147156,0.0,1.263292908668518,0.0,417.83471897803247,57.02565269637853
263,-6.117433547973633,-1322.8833245877177,0.8147399425506592,0.0,0.18901224434375763,0.0,0.9166128635406494,0.0,1.9203650504350662,0.0,419.75508402846754,57.02565269637853
264,-3.091296434402466,-1325.9746210221201,0.35421058535575867,0.0,0.18733283877372742,0.0,0.42208048701286316,0.0,0.9636239111423492,0.0,420.7187079396099,57.02565269637853
265,-3.005922317504883,-1328.980543339625,0.3527388870716095,0.0,0.18591776490211487,0.0,0.41900184750556946,0.0,0.9576584994792938,0.0,421.6763664390892,57.02565269637853
266,-3.1911447048187256,-1332.1716880444437,0.3514370918273926,0.0,0.18461598455905914,0.0,0.4166029393672943,0.0,0.952656015753746,0.0,422.6290224548429,57.02565269637853
267,-3.2648203372955322,-1335.4365083817393,0.35007867217063904,0.0,0.1873515099287033,0.0,0.4188297688961029,0.0,0.9562599509954453,0.0,423.58528240583837,57.02565269637853
268,-3.423738479614258,-1338.8602468613535,0.34860697388648987,0.0,0.20223666727542877,0.0,0.4351603388786316,0.0,0.9860039800405502,0.0,424.5712863858789,57.02565269637853
269,-3.7590794563293457,-1342.6193263176829,0.3468944728374481,0.0,0.23087537288665771,0.0,0.5277521014213562,0.0,1.105521947145462,0.0,425.6768083330244,57.02565269637853
270,-3.5427770614624023,-1346.1621033791453,0.3350120782852173,0.0,0.24178043007850647,0.0,0.45598840713500977,0.0,1.0327809154987335,0.0,426.7095892485231,57.02565269637853
271,-2.2454586029052734,-1348.4075619820505,0.11037639528512955,0.0,0.20860640704631805,0.0,0.33047452569007874,0.0,0.6494573280215263,0.0,427.35904657654464,57.02565269637853
272,-1.5514440536499023,-1349.9590060357004,0.0,0.30443722009658813,0.29079610109329224,0.0,0.15654651820659637,0.0,0.14290539920330048,0.0,427.50195197574794,57.02565269637853
273,-2.9534135162830353,-1352.9124195519835,0.0,0.48703962564468384,0.7553882002830505,0.0,0.11009092628955841,0.0,0.3784395009279251,0.0,427.88039147667587,57.02565269637853
274,-0.059725672006607056,-1352.97214522399,0.017429426312446594,0.0,0.0,0.007893882691860199,0.0,0.3797190487384796,0.0,0.3701835051178932,427.88039147667587,57.39583620149642
275,-0.02818545512855053,-1353.0003306791186,0.008054452948272228,0.0,0.0,0.03747405856847763,0.0,0.418941468000412,0.0,0.4483610736206174,427.88039147667587,57.84419727511704
276,-0.19074682891368866,-1353.1910775080323,0.0,1.138273000717163,0.13605967164039612,0.0,0.0,0.5503185391426086,0.0,1.5525318682193756,427.88039147667587,59.396729143336415
277,0.0,-1353.1910775080323,0.0,1.0237867832183838,0.0,0.04921433702111244,0.0,0.09319671243429184,0.0,1.166197832673788,427.88039147667587,60.5629269760102
278,0.0,-1353.1910775080323,0.0,1.038109540939331,0.0,0.23666104674339294,0.0,0.6651188731193542,0.0,1.9398894608020782,427.88039147667587,62.50281643681228
279,-3.9513022899627686,-1357.142379797995,1.1855446100234985,0.0,0.0,0.1454814225435257,0.0,0.49624112248420715,0.5438220649957657,0.0,428.42421354167163,62.50281643681228
280,-16.74741554260254,-1373.8897953405976,5.212719917297363,0.0,0.0,0.15689289569854736,0.0,0.19665394723415375,4.859173074364662,0.0,433.2833866160363,62.50281643681228
281,-5.582386016845703,-1379.4721813574433,0.9082015156745911,0.0,0.266985148191452,0.0,0.6529245972633362,0.0,1.8281112611293793,0.0,435.1114978771657,62.50281643681228
282,-7.641823768615723,-1387.114005126059,1.3047536611557007,0.0,0.27689045667648315,0.0,0.9207901358604431,0.0,2.502434253692627,0.0,437.6139321308583,62.50281643681228
283,-16.08985137939453,-1403.2038565054536,1.331661581993103,0.0,0.3581482172012329,0.0,3.7280430793762207,0.0,5.417852878570557,0.0,443.03178500942886,62.50281643681228
284,-14.247953414916992,-1417.4518099203706,1.1457839012145996,0.0,0.36468249559402466,0.0,3.229710578918457,0.0,4.740176975727081,0.0,447.77196198515594,62.50281643681228
285,-16.074935913085938,-1433.5267458334565,0.6824634075164795,0.0,0.507914125919342,0.0,4.112854480743408,0.0,5.30323201417923,0.0,453.07519399933517,62.50281643681228
286,-28.04796600341797,-1461.5747118368745,0.588736891746521,0.0,0.3296126127243042,0.0,8.19566822052002,0.0,9.114017724990845,0.0,462.189211724326,62.50281643681228
287,-5.038647174835205,-1466.6133590117097,0.3560788035392761,0.0,0.18901224434375763,0.0,1.15802001953125,0.0,1.7031110674142838,0.0,463.8923227917403,62.50281643681228
288,-3.7823004722595215,-1470.3956594839692,0.35421058535575867,0.0,0.18733283877372742,0.0,0.6647070646286011,0.0,1.2062504887580872,0.0,465.0985732804984,62.50281643681228
289,-3.0410542488098145,-1473.436713732779,0.3527388870716095,0.0,0.18591776490211487,0.0,0.41900184750556946,0.0,0.9576584994792938,0.0,466.0562317799777,62.50281643681228
290,-3.793996572494507,-1477.2307103052735,0.3514370918273926,0.0,0.42407429218292236,0.0,0.4166029393672943,0.0,1.1921143233776093,0.0,467.2483461033553,62.50281643681228
291,-3.1344876289367676,-1480.3651979342103,0.35007867217063904,0.0,0.1873515099287033,0.0,0.4188297688961029,0.0,0.9562599509954453,0.0,468.20460605435073,62.50281643681228
292,-3.2946650981903076,-1483.6598630324006,0.34860697388648987,0.0,0.20223666727542877,0.0,0.4351603388786316,0.0,0.9860039800405502,0.0,469.1906100343913,62.50281643681228
293,-3.529623508453369,-1487.189486540854,0.3487769067287445,0.0,0.23087537288665771,0.0,0.49980950355529785,0.0,1.0794617831707,0.0,470.270071817562,62.50281643681228
294,-6.4859418869018555,-1493.6754284277558,0.3086540102958679,0.0,0.24200575053691864,0.0,1.4119789600372314,0.0,1.962638720870018,0.0,472.232710538432,62.50281643681228
295,-2.528437376022339,-1496.2038658037782,0.052045077085494995,0.0,0.30349618196487427,0.0,1.0144742727279663,0.0,1.3700155317783356,0.0,473.60272607021034,62.50281643681228
296,-0.3912261724472046,-1496.5950919762254,0.0,0.30276864767074585,0.1651078164577484,0.0,0.10939634591341019,0.0,0.0,0.02826448529958725,473.60272607021034,62.53108092211187
297,-0.22037240862846375,-1496.8154643848538,0.0,0.6869267225265503,0.15505149960517883,0.0,0.0,0.0944036915898323,0.0,0.6262789145112038,473.60272607021034,63.15735983662307
298,-0.2613922171294689,-1497.0768566019833,0.0,0.9478568434715271,0.018942054361104965,0.0,0.1592092216014862,0.0,0.0,0.7697055675089359,473.60272607021034,63.92706540413201
299,-0.3102356791496277,-1497.387092281133,0.0,0.976818859577179,0.2190306931734085,0.0,0.0,0.38485661149024963,0.0,1.14264477789402,473.60272607021034,65.06971018202603
300,0.0,-1497.387092281133,0.0,1.0798332691192627,0.0,0.0753115639090538,0.0,0.4918789267539978,0.0,1.6470237597823143,473.60272607021034,66.71673394180834
301,0.0,-1497.387092281133,0.0,1.1599277257919312,0.0,0.23758043348789215,0.0,0.7168779969215393,0.0,2.1143861562013626,473.60272607021034,68.8311200980097
302,0.0,-1497.387092281133,0.0,1.032222032546997,0.0,0.23371729254722595,0.0,0.6592313647270203,0.0,1.9251706898212433,473.60272607021034,70.75629078783095
303,-0.677355945110321,-1498.0644482262433,0.21156826615333557,0.0,0.0,0.17652453482151031,0.0,0.3837691843509674,0.0,0.34872545301914215,473.60272607021034,71.10501624085009
304,-1.73430335521698,-1499.7987515814602,0.5642350912094116,0.0,0.0,0.1597829908132553,0.0,0.01962175779044628,0.38483034260571003,0.0,473.98755641281605,71.10501624085009
305,-1.0319832265377045,-1500.830734807998,0.0,0.03628847002983093,0.5397353172302246,0.0,0.1373501718044281,0.0,0.6407970190048218,0.0,474.62835343182087,71.10501624085009
306,-3.776252269744873,-1504.6069870777428,0.43507087230682373,0.0,0.27634379267692566,0.0,0.5648555755615234,0.0,1.2762702405452728,0.0,475.90462367236614,71.10501624085009
307,-10.202484130859375,-1514.8094712086022,1.6135226488113403,0.0,0.35911455750465393,0.0,1.4542618989944458,0.0,3.42689910531044,0.0,479.3315227776766,71.10501624085009
308,-7.833512783050537,-1522.6429839916527,1.2238845825195312,0.0,0.6678882837295532,0.0,0.7606547474861145,0.0,2.652427613735199,0.0,481.9839503914118,71.10501624085009
309,-6.800357818603516,-1529.4433418102562,0.45421919226646423,0.0,0.3876185119152069,0.0,1.433711290359497,0.0,2.275548994541168,0.0,484.25949938595295,71.10501624085009
310,-10.304730415344238,-1539.7480722256005,0.4215100109577179,0.0,1.2874383926391602,0.0,1.70945405960083,0.0,3.418402463197708,0.0,487.67790184915066,71.10501624085009
311,-5.823364734649658,-1545.5714369602501,0.8293225765228271,0.0,0.18901224434375763,0.0,0.9119924306869507,0.0,1.9303272515535355,0.0,489.6082291007042,71.10501624085009
312,-2.9804487228393555,-1548.5518856830895,0.35421058535575867,0.0,0.18733283877372742,0.0,0.42208048701286316,0.0,0.9636239111423492,0.0,490.57185301184654,71.10501624085009
313,-3.3751220703125,-1551.927007753402,0.3527388870716095,0.0,0.3050944209098816,0.0,0.41900184750556946,0.0,1.0768351554870605,0.0,491.6486881673336,71.10501624085009
314,-2.978337287902832,-1554.9053450413048,0.3514370918273926,0.0,0.18461598455905914,0.0,0.4166029393672943,0.0,0.952656015753746,0.0,492.60134418308735,71.10501624085009
315,-3.0648298263549805,-1557.9701748676598,0.35007867217063904,0.0,0.1873515099287033,0.0,0.4188297688961029,0.0,0.9562599509954453,0.0,493.5576041340828,71.10501624085009
316,-3.3672070503234863,-1561.3373819179833,0.34860697388648987,0.0,0.20223666727542877,0.0,0.4351603388786316,0.0,0.9860039800405502,0.0,494.54360811412334,71.10501624085009
317,-3.4284825325012207,-1564.7658644504845,0.3468944728374481,0.0,0.23087537288665771,0.0,0.49980950355529785,0.0,1.0775793492794037,0.0,495.62118746340275,71.10501624085009
318,-5.2076029777526855,-1569.9734674282372,0.773635745048523,0.0,0.30857521295547485,0.0,0.4602200984954834,0.0,1.5424310564994812,0.0,497.16361851990223,71.10501624085009
319,-11.99425220489502,-1581.9677196331322,2.5825929641723633,0.0,0.3204438388347626,0.0,0.515678882598877,0.0,3.418715685606003,0.0,500.58233420550823,71.10501624085009
320,-8.14276123046875,-1590.110480863601,0.6898077726364136,0.0,1.6266350746154785,0.0,0.07456785440444946,0.0,2.3910107016563416,0.0,502.9733449071646,71.10501624085009
321,-0.18792110681533813,-1590.2984019704163,0.0,0.7193703055381775,0.13882970809936523,0.0,0.0,0.1268472671508789,0.0,0.7073878645896912,502.9733449071646,71.81240410543978
322,-0.4985199570655823,-1590.796921927482,0.0,1.0019334554672241,0.34943366050720215,0.0,0.0,0.3801237940788269,0.0,1.0326235890388489,502.9733449071646,72.84502769447863
323,0.0,-1590.796921927482,0.0,1.07184898853302,0.0,0.06794668734073639,0.0,0.4798867404460907,0.0,1.619682416319847,502.9733449071646,74.46471011079848
324,-4.16347074508667,-1594.9603926725686,1.2137436866760254,0.0,0.0,0.013881473802030087,0.0,0.6073720455169678,0.5924901673570275,0.0,503.5658350745216,74.46471011079848
325,-3.6235382556915283,-1598.58393092826,1.071484088897705,0.0,0.0,0.2063649743795395,0.0,0.6544471383094788,0.21067197620868683,0.0,503.7765070507303,74.46471011079848
326,0.0,-1598.58393092826,0.0,1.0266070365905762,0.0,0.25336459279060364,0.0,0.6985259652137756,0.0,1.9784975945949554,503.7765070507303,76.44320770539343
327,0.0,-1598.58393092826,0.0,0.755424439907074,0.0,0.17553649842739105,0.0,0.3817931115627289,0.0,1.312754049897194,503.7765070507303,77.75596175529063
328,0.0,-1598.58393092826,0.0,0.4753243625164032,0.0,0.17008362710475922,0.0,0.22303542494773865,0.0,0.8684434145689011,503.7765070507303,78.62440516985953
329,-1.8993954062461853,-1600.4833263345063,0.0,0.10436397790908813,1.2465720176696777,0.0,0.13748127222061157,0.0,1.2796893119812012,0.0,505.0561963627115,78.62440516985953
330,-3.682241439819336,-1604.1655677743256,0.42546793818473816,0.0,0.1426600068807602,0.0,0.7793176174163818,0.0,1.3474455624818802,0.0,506.40364192519337,78.62440516985953
331,-10.091887474060059,-1614.2574552483857,0.7432829141616821,0.0,0.5349542498588562,0.0,2.1141438484191895,0.0,3.392381012439728,0.0,509.7960229376331,78.62440516985953
332,-10.223772048950195,-1624.4812272973359,0.6107575297355652,0.0,0.36468249559402466,0.0,2.3873331546783447,0.0,3.3627731800079346,0.0,513.158796117641,78.62440516985953
333,-5.169641017913818,-1629.6508683152497,0.5447744131088257,0.0,0.3876185119152069,0.0,0.8165318369865417,0.0,1.7489247620105743,0.0,514.9077208796516,78.62440516985953
334,-5.394763946533203,-1635.0456322617829,0.5866143703460693,0.0,0.3296126127243042,0.0,0.9189830422401428,0.0,1.8352100253105164,0.0,516.7429309049621,78.62440516985953
335,-5.324015140533447,-1640.3696474023163,0.3560788035392761,0.0,0.18901224434375763,0.0,1.1512223482131958,0.0,1.6963133960962296,0.0,518.4392443010584,78.62440516985953
336,-2.9707999229431152,-1643.3404473252594,0.35421058535575867,0.0,0.18733283877372742,0.0,0.42208048701286316,0.0,0.9636239111423492,0.0,519.4028682122007,78.62440516985953
337,-3.1528732776641846,-1646.4933206029236,0.3527388870716095,0.0,0.18591776490211487,0.0,0.41900184750556946,0.0,0.9576584994792938,0.0,520.36052671168,78.62440516985953
338,-3.1305181980133057,-1649.623838800937,0.3514370918273926,0.0,0.18461598455905914,0.0,0.4166029393672943,0.0,0.952656015753746,0.0,521.3131827274337,78.62440516985953
339,-3.322999954223633,-1652.9468387551606,0.35007867217063904,0.0,0.1873515099287033,0.0,0.4188297688961029,0.0,0.9562599509954453,0.0,522.2694426784292,78.62440516985953
340,-6.851736068725586,-1659.7985748238862,1.412024736404419,0.0,0.20223666727542877,0.0,0.4351603388786316,0.0,2.0494217425584793,0.0,524.3188644209877,78.62440516985953
341,-3.6974740028381348,-1663.4960488267243,0.3450120687484741,0.0,0.23087537288665771,0.0,0.49980950355529785,0.0,1.0756969451904297,0.0,525.3945613661781,78.62440516985953
342,-4.30167293548584,-1667.7977217622101,0.3177548944950104,0.0,0.31123512983322144,0.0,0.5997075438499451,0.0,1.2286975681781769,0.0,526.6232589343563,78.62440516985953
343,-7.804655075073242,-1675.6023768372834,0.10976297408342361,0.0,0.30840232968330383,0.0,1.8450653553009033,0.0,2.2632306590676308,0.0,528.8864895934239,78.62440516985953
344,-24.325782775878906,-1699.9281596131623,0.6695652604103088,0.0,5.495115280151367,0.0,0.8318696022033691,0.0,6.996550142765045,0.0,535.883039736189,78.62440516985953
345,-8.665383100509644,-1708.593542713672,0.0,0.6684800982475281,2.043917655944824,0.0,0.3742046356201172,0.0,1.7496421933174133,0.0,537.6326819295064,78.62440516985953
346,-1.7508465051651,-1710.344389218837,0.0,0.8657894134521484,0.5046385526657104,0.0,0.0,0.06333417445421219,0.0,0.4244850352406502,537.6326819295064,79.04889020510018
347,-1.4612977504730225,-1711.80568696931,0.0,1.0811127424240112,1.0554454326629639,0.0,0.0,0.3135860860347748,0.0,0.33925339579582214,537.6326819295064,79.388143600896
348,0.0,-1711.80568696931,0.0,1.0756162405014038,0.0,0.09675797820091248,0.0,0.534771740436554,0.0,1.7071459591388702,537.6326819295064,81.09528956003487
349,0.0,-1711.80568696931,0.0,1.0898463726043701,0.0,0.22610242664813995,0.0,0.6939219832420349,0.0,2.009870782494545,537.6326819295064,83.10516034252942
350,0.0,-1711.80568696931,0.0,0.026807889342308044,0.0,0.053811050951480865,0.0,0.5366828441619873,0.0,0.6173017844557762,537.6326819295064,83.72246212698519
351,0.0,-1711.80568696931,0.0,0.7100706696510315,0.0,0.12786495685577393,0.0,0.4610081911087036,0.0,1.298943817615509,537.6326819295064,85.0214059446007
352,-0.5222365260124207,-1712.3279234953225,0.0,0.4796273708343506,0.41882753372192383,0.0,0.0,0.17147503793239594,0.0,0.2322748750448227,537.6326819295064,85.25368081964552
353,-5.496652126312256,-1717.8245756216347,1.1732442378997803,0.0,0.5565818548202515,0.0,0.3733997941017151,0.0,2.103225886821747,0.0,539.7359078163281,85.25368081964552
354,-4.938626289367676,-1722.7632019110024,0.5882323384284973,0.0,0.1490902453660965,0.0,0.982153594493866,0.0,1.7194761782884598,0.0,541.4553839946166,85.25368081964552
355,-4.755009174346924,-1727.5182110853493,0.5922967791557312,0.0,0.21800805628299713,0.0,0.9788442850112915,0.0,1.7891491204500198,0.0,543.2445331150666,85.25368081964552
356,-6.680014133453369,-1734.1982252188027,0.6107575297355652,0.0,0.36468249559402466,0.0,1.3109619617462158,0.0,2.2864019870758057,0.0,545.5309351021424,85.25368081964552
357,-10.2410249710083,-1744.439250189811,2.3350934982299805,0.0,0.3876185119152069,0.0,0.8165318369865417,0.0,3.539243847131729,0.0,549.0701789492741,85.25368081964552
358,-4.141181945800781,-1748.5804321356118,0.4215100109577179,0.0,0.19325745105743408,0.0,0.7095414996147156,0.0,1.3243089616298676,0.0,550.394487910904,85.25368081964552
359,-9.572129249572754,-1758.1525613851845,0.3560788035392761,0.0,0.18901224434375763,0.0,2.493544101715088,0.0,3.0386351495981216,0.0,553.4331230605021,85.25368081964552
360,-3.0216264724731445,-1761.1741878576577,0.35421058535575867,0.0,0.18733283877372742,0.0,0.42208048701286316,0.0,0.9636239111423492,0.0,554.3967469716445,85.25368081964552
361,-3.4333252906799316,-1764.6075131483376,0.3527388870716095,0.0,0.3040156662464142,0.0,0.41900184750556946,0.0,1.0757564008235931,0.0,555.472503372468,85.25368081964552
362,-3.064283847808838,-1767.6717969961464,0.3514370918273926,0.0,0.18461598455905914,0.0,0.4166029393672943,0.0,0.952656015753746,0.0,556.4251593882218,85.25368081964552
363,-3.1618824005126953,-1770.8336793966591,0.35007867217063904,0.0,0.1873515099287033,0.0,0.4188297688961029,0.0,0.9562599509954453,0.0,557.3814193392172,85.25368081964552
364,-3.1814723014831543,-1774.0151516981423,0.3357362449169159,0.0,0.18670983612537384,0.0,0.4351603388786316,0.0,0.9576064199209213,0.0,558.3390257591382,85.25368081964552
365,-3.695115566253662,-1777.710267264396,0.3468944728374481,0.0,0.238742396235466,0.0,0.49980950355529785,0.0,1.085446372628212,0.0,559.4244721317664,85.25368081964552
366,-3.8203091621398926,-1781.5305764265358,0.34379640221595764,0.0,0.310851514339447,0.0,0.4647727310657501,0.0,1.1194206476211548,0.0,560.5438927793875,85.25368081964552
367,-8.917898178100586,-1790.4484746046364,1.8698327541351318,0.0,0.3233182430267334,0.0,0.35969290137290955,0.0,2.552843898534775,0.0,563.0967366779223,85.25368081964552
368,-2.621978521347046,-1793.0704531259835,0.0,0.1338678002357483,0.3272620737552643,0.0,0.4248040020465851,0.0,0.6181982755661011,0.0,563.7149349534884,85.25368081964552
369,-3.381405830383301,-1796.4518589563668,0.14676064252853394,0.0,0.42874759435653687,0.0,0.394387811422348,0.0,0.9698960483074188,0.0,564.6848310017958,85.25368081964552
370,-1.1090445518493652,-1797.5609035082161,0.0,0.43650850653648376,0.16584628820419312,0.0,0.1391153484582901,0.0,0.0,0.13154686987400055,564.6848310017958,85.38522768951952
371,-0.3057977855205536,-1797.8667012937367,0.0,0.9015223383903503,0.08802532404661179,0.0,0.0,0.004361285828053951,0.0,0.8178583001717925,564.6848310017958,86.20308598969132
372,-10.075749397277832,-1807.9424506910145,2.5415303707122803,0.0,0.09124017506837845,0.0,0.19000130891799927,0.0,2.822771854698658,0.0,567.5076028564945,86.20308598969132
373,0.0,-1807.9424506910145,0.0,0.9138545989990234,0.0,0.043571170419454575,0.0,0.39401775598526,0.0,1.351443525403738,567.5076028564945,87.55452951509506
374,-0.1256941258907318,-1808.0681448169053,0.0,0.6446906328201294,0.03735210373997688,0.0,0.0,0.2543701231479645,0.0,0.861708652228117,567.5076028564945,88.41623816732317
375,0.0,-1808.0681448169053,0.0,0.6583986282348633,0.0,0.1270235776901245,0.0,0.11020905524492264,0.0,0.8956312611699104,567.5076028564945,89.31186942849308
376,-9.408621311187744,-1817.476766128093,2.581608533859253,0.0,0.0,0.03169924393296242,0.5103422403335571,0.0,3.0602515302598476,0.0,570.5678543867543,89.31186942849308
377,-5.478372573852539,-1822.9551387019455,1.5050020217895508,0.0,0.11727970838546753,0.0,0.1846233606338501,0.0,1.8069050908088684,0.0,572.3747594775632,89.31186942849308
378,-5.547776699066162,-1828.5029154010117,0.8175526261329651,0.0,0.2798459529876709,0.0,0.7959249019622803,0.0,1.8933234810829163,0.0,574.2680829586461,89.31186942849308
379,-8.47005844116211,-1836.9729738421738,0.9985082149505615,0.0,0.3572947680950165,0.0,1.4561080932617188,0.0,2.8119110763072968,0.0,577.0799940349534,89.31186942849308
380,-11.404390335083008,-1848.3773641772568,1.52295982837677,0.0,0.36468249559402466,0.0,1.7885050773620605,0.0,3.6761474013328552,0.0,580.7561414362863,89.31186942849308
381,-8.530603408813477,-1856.9079675860703,0.9929230809211731,0.0,0.6686283349990845,0.0,1.1900190114974976,0.0,2.851570427417755,0.0,583.607711863704,89.31186942849308
382,-4.121204853057861,-1861.0291724391282,0.48252609372138977,0.0,0.19325745105743408,0.0,0.7095414996147156,0.0,1.3853250443935394,0.0,584.9930369080976,89.31186942849308
383,-3.0710315704345703,-1864.1002040095627,0.3560788035392761,0.0,0.18901224434375763,0.0,0.4267451763153076,0.0,0.9718362241983414,0.0,585.9648731322959,89.31186942849308
384,-3.0714755058288574,-1867.1716795153916,0.35421058535575867,0.0,0.18733283877372742,0.0,0.42208048701286316,0.0,0.9636239111423492,0.0,586.9284970434383,89.31186942849308
385,-3.1014657020568848,-1870.2731452174485,0.3527388870716095,0.0,0.18591776490211487,0.0,0.41900184750556946,0.0,0.9576584994792938,0.0,587.8861555429175,89.31186942849308
386,-3.2253355979919434,-1873.4984808154404,0.3514370918273926,0.0,0.18461598455905914,0.0,0.4166029393672943,0.0,0.952656015753746,0.0,588.8388115586713,89.31186942849308
387,-3.079587936401367,-1876.5780687518418,0.35007867217063904,0.0,0.1873515099287033,0.0,0.4188297688961029,0.0,0.9562599509954453,0.0,589.7950715096667,89.31186942849308
388,-3.8634114265441895,-1880.441480178386,0.34860697388648987,0.0,0.36318257451057434,0.0,0.4351603388786316,0.0,1.1469498872756958,0.0,590.9420213969424,89.31186942849308
389,-3.697108507156372,-1884.1385886855423,0.3487769067287445,0.0,0.238742396235466,0.0,0.5277521014213562,0.0,1.1152714043855667,0.0,592.057292801328,89.31186942849308
390,-4.554312229156494,-1888.6929009146988,0.30403462052345276,0.0,0.8028270602226257,0.0,0.7201549410820007,0.0,1.8270166218280792,0.0,593.8843094231561,89.31186942849308
391,-7.408987998962402,-1896.1018889136612,0.12697218358516693,0.0,0.5816044211387634,0.0,1.3789477348327637,0.0,2.087524339556694,0.0,595.9718337627128,89.31186942849308
392,-5.302106857299805,-1901.403995770961,0.25774627923965454,0.0,0.35324275493621826,0.0,0.8912932872772217,0.0,1.5022823214530945,0.0,597.4741160841659,89.31186942849308
393,-4.489291787147522,-1905.8932875581086,0.0,0.27717259526252747,0.43479281663894653,0.0,0.8618768453598022,0.0,1.0194970667362213,0.0,598.4936131509021,89.31186942849308
394,-5.568443179130554,-1911.4617307372391,0.0,0.5358102321624756,0.2749073803424835,0.0,1.2851017713546753,0.0,1.0241989195346832,0.0,599.5178120704368,89.31186942849308
395,-2.4414281249046326,-1913.9031588621438,0.0,0.35644495487213135,0.2166476845741272,0.0,0.5174827575683594,0.0,0.3776854872703552,0.0,599.8954975577071,89.31186942849308
396,-23.521697998046875,-1937.4248568601906,5.3932013511657715,0.0,0.17484444379806519,0.0,1.5988550186157227,0.0,7.166900813579559,0.0,607.0623983712867,89.31186942849308
397,-1.1181968450546265,-1938.5430537052453,0.0,0.06488997489213943,0.1906745284795761,0.0,0.15103794634342194,0.0,0.2768224999308586,0.0,607.3392208712175,89.31186942849308
398,-0.2610858678817749,-1938.804139573127,0.0,0.3616254925727844,0.0801943987607956,0.0,0.0,0.04360410198569298,0.0,0.3250351957976818,607.3392208712175,89.63690462429076
399,-2.4415770769119263,-1941.245716650039,0.6481359601020813,0.0,0.13162270188331604,0.0,0.0,0.13371360301971436,0.646045058965683,0.0,607.9852659301832,89.63690462429076
400,-3.7422850131988525,-1944.9880016632378,0.9426003694534302,0.0,0.13181371986865997,0.0,0.1759311854839325,0.0,1.2503452748060226,0.0,609.2356112049893,89.63690462429076
401,-3.735386371612549,-1948.7233880348504,0.20092672109603882,0.0,0.5062978267669678,0.0,0.5769218802452087,0.0,1.2841464281082153,0.0,610.5197576330975,89.63690462429076
402,-5.027982711791992,-1953.7513707466424,0.5019849538803101,0.0,0.4273751974105835,0.0,0.8558346629142761,0.0,1.7851948142051697,0.0,612.3049524473026,89.63690462429076
403,-6.449023246765137,-1960.2003939934075,0.8840000033378601,0.0,0.47447291016578674,0.0,0.9766800999641418,0.0,2.3351530134677887,0.0,614.6401054607704,89.63690462429076
404,-6.3017988204956055,-1966.502192813903,0.9750229120254517,0.0,0.20169100165367126,0.0,0.9989123344421387,0.0,2.1756262481212616,0.0,616.8157317088917,89.63690462429076
405,-6.8764424324035645,-1973.3786352463067,0.5447744131088257,0.0,0.784104585647583,0.0,1.0547893047332764,0.0,2.383668303489685,0.0,619.1994000123814,89.63690462429076
406,-5.338319778442383,-1978.716955024749,0.48252609372138977,0.0,0.19325745105743408,0.0,1.150721549987793,0.0,1.8265050947666168,0.0,621.025905107148,89.63690462429076
407,-2.928452491760254,-1981.6454075165093,0.37498530745506287,0.0,0.18901224434375763,0.0,0.4267451763153076,0.0,0.9907427281141281,0.0,622.0166478352621,89.63690462429076
408,-4.317501068115234,-1985.9629085846245,0.3568393290042877,0.0,0.18733283877372742,0.0,0.8965155482292175,0.0,1.4406877160072327,0.0,623.4573355512694,89.63690462429076
409,-2.9040133953094482,-1988.866921979934,0.34507817029953003,0.0,0.18591776490211487,0.0,0.41900184750556946,0.0,0.9499977827072144,0.0,624.4073333339766,89.63690462429076
410,-2.9199464321136475,-1991.7868684120476,0.33876895904541016,0.0,0.18461598455905914,0.0,0.4166029393672943,0.0,0.9399878829717636,0.0,625.3473212169483,89.63690462429076
411,-3.038985252380371,-1994.825853664428,0.35007867217063904,0.0,0.1873515099287033,0.0,0.4188297688961029,0.0,0.9562599509954453,0.0,626.3035811679438,89.63690462429076
412,-3.2309842109680176,-1998.056837875396,0.34860697388648987,0.0,0.20223666727542877,0.0,0.4351603388786316,0.0,0.9860039800405502,0.0,627.2895851479843,89.63690462429076
413,-11.805599212646484,-2009.8624370880425,3.0323939323425293,0.0,0.23087537288665771,0.0,0.49980950355529785,0.0,3.763078808784485,0.0,631.0526639567688,89.63690462429076
414,-9.563036918640137,-2019.4254740066826,0.967478334903717,0.0,1.4486463069915771,0.0,0.7271917462348938,0.0,3.143316388130188,0.0,634.195980344899,89.63690462429076
415,-3.7657060623168945,-2023.1911800689995,0.14348652958869934,0.0,0.3252641260623932,0.0,0.7068252563476562,0.0,1.1755759119987488,0.0,635.3715562568977,89.63690462429076
416,-1.558840960264206,-2024.7500210292637,0.0,0.09780334681272507,0.36970365047454834,0.0,0.3143616318702698,0.0,0.586261935532093,0.0,635.9578181924298,89.63690462429076
417,-5.0083131194114685,-2029.7583341486752,0.0,0.31128448247909546,1.5204766988754272,0.0,0.2812385559082031,0.0,1.490430772304535,0.0,637.4482489647344,89.63690462429076
418,-4.215291976928711,-2033.973626125604,0.04975142702460289,0.0,0.39060747623443604,0.0,2.327843427658081,0.0,2.76820233091712,0.0,640.2164512956515,89.63690462429076
419,-1.4103107452392578,-2035.3839368708432,0.0,0.6721116900444031,0.2256956547498703,0.0,0.6142759919166565,0.0,0.16785995662212372,0.0,640.3843112522736,89.63690462429076
420,-2.3622944355010986,-2037.7462313063443,0.0,0.5201259255409241,0.8061240315437317,0.0,0.0,0.160894975066185,0.12510313093662262,0.0,640.5094143832102,89.63690462429076
421,-9.217269789427519,-2046.9635010957718,3.225623846054077,0.0,0.017452159896492958,0.0,0.0,0.39251062273979187,2.8505653832107782,0.0,643.359979766421,89.63690462429076
422,-0.05333767458796501,-2047.0168387703598,0.0,0.7522566914558411,0.018596366047859192,0.0,0.0,0.3343563377857208,0.0,1.0680166631937027,643.359979766421,90.70492128748447
423,-1.2547051906585693,-2048.2715439610183,0.449786514043808,0.0,0.08419080823659897,0.0,0.46584805846214294,0.0,0.9998253807425499,0.0,644.3598051471636,90.70492128748447
424,-2.1607987880706787,-2050.432342749089,0.897704005241394,0.0,0.19494475424289703,0.0,0.5796839594841003,0.0,1.6723327189683914,0.0,646.032137866132,90.70492128748447
425,-2.719886541366577,-2053.1522292904556,0.4581303596496582,0.0,0.6330446600914001,0.0,0.32396888732910156,0.0,1.41514390707016,0.0,647.4472817732021,90.70492128748447
426,-2.774482250213623,-2055.926711540669,0.3383907973766327,0.0,0.29136690497398376,0.0,0.6185441017150879,0.0,1.2483018040657043,0.0,648.6955835772678,90.70492128748447
427,-8.873380661010742,-2064.80009220168,2.412489175796509,0.0,0.3575150668621063,0.0,0.7231824994087219,0.0,3.493186742067337,0.0,652.1887703193352,90.70492128748447
428,-5.507228851318359,-2070.3073210529983,0.6107575297355652,0.0,0.48174363374710083,0.0,1.0705604553222656,0.0,2.1630616188049316,0.0,654.3518319381401,90.70492128748447
429,-11.514644622802734,-2081.821965675801,3.152406930923462,0.0,0.3876185119152069,0.0,0.8165318369865417,0.0,4.356557279825211,0.0,658.7083892179653,90.70492128748447
430,-3.051288604736328,-2084.8732542805374,0.5435421466827393,0.0,0.19325745105743408,0.0,0.4359810948371887,0.0,1.172780692577362,0.0,659.8811699105427,90.70492128748447
431,-3.3648576736450195,-2088.2381119541824,0.37498530745506287,0.0,0.18901224434375763,0.0,0.6639602184295654,0.0,1.227957770228386,0.0,661.109127680771,90.70492128748447
432,-2.4830915927886963,-2090.721203546971,0.35421058535575867,0.0,0.18733283877372742,0.0,0.42208048701286316,0.0,0.9636239111423492,0.0,662.0727515919134,90.70492128748447
433,-2.6168947219848633,-2093.338098268956,0.3527388870716095,0.0,0.18591776490211487,0.0,0.41900184750556946,0.0,0.9576584994792938,0.0,663.0304100913927,90.70492128748447
434,-2.671241283416748,-2096.0093395523727,0.3514370918273926,0.0,0.18461598455905914,0.0,0.4166029393672943,0.0,0.952656015753746,0.0,663.9830661071464,90.70492128748447
435,-5.221912860870361,-2101.231252413243,1.2342115640640259,0.0,0.1873515099287033,0.0,0.4188297688961029,0.0,1.840392842888832,0.0,665.8234589500353,90.70492128748447
436,-2.6854982376098633,-2103.916750650853,0.34860697388648987,0.0,0.20223666727542877,0.0,0.4351603388786316,0.0,0.9860039800405502,0.0,666.8094629300758,90.70492128748447
437,-3.082813262939453,-2106.9995639137924,0.3487769067287445,0.0,0.23087537288665771,0.0,0.49980950355529785,0.0,1.0794617831707,0.0,667.8889247132465,90.70492128748447
438,-6.630056381225586,-2113.629620295018,0.3447021245956421,0.0,0.26002979278564453,0.0,1.789135217666626,0.0,2.3938671350479126,0.0,670.2827918482944,90.70492128748447
439,-19.64615821838379,-2133.2757785134017,0.216424360871315,0.0,6.503270149230957,0.0,0.48442813754081726,0.0,7.204122647643089,0.0,677.4869144959375,90.70492128748447
440,-7.146848678588867,-2140.4226271919906,0.3642098307609558,0.0,1.3781979084014893,0.0,0.7993655204772949,0.0,2.54177325963974,0.0,680.0286877555773,90.70492128748447
441,-8.213135719299316,-2148.63576291129,0.9722576141357422,0.0,1.4065701961517334,0.0,1.2402480840682983,0.0,3.619075894355774,0.0,683.647763649933,90.70492128748447
442,-5.215937376022339,-2153.8517002873123,0.0,0.17037689685821533,2.074561834335327,0.0,2.489682674407959,0.0,4.393867611885071,0.0,688.0416312618181,90.70492128748447
443,-4.663158416748047,-2158.5148587040603,0.0,0.32057175040245056,1.9970848560333252,0.0,2.3546667098999023,0.0,4.031179815530777,0.0,692.0728110773489,90.70492128748447
444,-3.3722925186157227,-2161.887151222676,0.31805720925331116,0.0,0.6301204562187195,0.0,0.7346265316009521,0.0,1.6828041970729828,0.0,693.7556152744219,90.70492128748447
445,-6.00067725777626,-2167.8878284804523,0.0,0.05283172428607941,2.031580924987793,0.0,0.39021798968315125,0.0,2.368967190384865,0.0,696.1245824648067,90.70492128748447
446,-16.20482635498047,-2184.0926548354328,0.5093734264373779,0.0,5.668200492858887,0.0,0.4400879144668579,0.0,6.617661833763123,0.0,702.7422442985699,90.70492128748447
447,-2.4942526817321777,-2186.586907517165,0.1317143589258194,0.0,0.3180221915245056,0.0,1.125191569328308,0.0,1.5749281197786331,0.0,704.3171724183485,90.70492128748447
448,-2.165067195892334,-2188.7519747130573,0.18129943311214447,0.0,0.27478674054145813,0.0,0.9452013969421387,0.0,1.4012875705957413,0.0,705.7184599889442,90.70492128748447
449,-2.977077007293701,-2191.729051720351,0.41424134373664856,0.0,0.7650002241134644,0.0,1.079948902130127,0.0,2.25919046998024,0.0,707.9776504589245,90.70492128748447
450,-4.645294189453125,-2196.374345909804,0.7868546843528748,0.0,0.21277660131454468,0.0,0.914688229560852,0.0,1.9143195152282715,0.0,709.8919699741527,90.70492128748447
451,-6.618402481079102,-2202.992748390883,1.6971893310546875,0.0,0.21762558817863464,0.0,0.7233487367630005,0.0,2.6381636559963226,0.0,712.5301336301491,90.70492128748447
452,-7.003149032592773,-2209.995897423476,1.0530593395233154,0.0,0.36468249559402466,0.0,1.3383591175079346,0.0,2.7561009526252747,0.0,715.2862345827743,90.70492128748447
453,-6.049810409545898,-2216.045707833022,0.856479287147522,0.0,0.3876185119152069,0.0,1.1434723138809204,0.0,2.3875701129436493,0.0,717.673804695718,90.70492128748447
454,-4.117875099182129,-2220.163582932204,0.6426564455032349,0.0,0.19325745105743408,0.0,0.672174334526062,0.0,1.508088231086731,0.0,719.1818929268047,90.70492128748447
455,-3.6157331466674805,-2223.7793160788715,0.577232837677002,0.0,0.18901224434375763,0.0,0.6629379987716675,0.0,1.429183080792427,0.0,720.6110760075971,90.70492128748447
456,-4.816171646118164,-2228.5954877249897,0.35421058535575867,0.0,0.30339986085891724,0.0,1.1276911497116089,0.0,1.7853015959262848,0.0,722.3963776035234,90.70492128748447
457,-6.308177471160889,-2234.9036651961505,1.4537259340286255,0.0,0.18591776490211487,0.0,0.6541962623596191,0.0,2.2938399612903595,0.0,724.6902175648138,90.70492128748447
458,-2.516111135482788,-2237.4197763316333,0.3514370918273926,0.0,0.18461598455905914,0.0,0.4166029393672943,0.0,0.952656015753746,0.0,725.6428735805675,90.70492128748447
459,-2.530486583709717,-2239.950262915343,0.35007867217063904,0.0,0.1873515099287033,0.0,0.4188297688961029,0.0,0.9562599509954453,0.0,726.599133531563,90.70492128748447
460,-4.705204963684082,-2244.655467879027,1.1220662593841553,0.0,0.20223666727542877,0.0,0.4176623523235321,0.0,1.7419652789831161,0.0,728.3410988105461,90.70492128748447
461,-8.8607177734375,-2253.5161856524646,1.5058200359344482,0.0,0.23087537288665771,0.0,1.3959107398986816,0.0,3.1326061487197876,0.0,731.4737049592659,90.70492128748447
462,-3.657681941986084,-2257.1738675944507,0.4037284255027771,0.0,0.24932989478111267,0.0,0.6052549481391907,0.0,1.2583132684230804,0.0,732.732018227689,90.70492128748447
463,-12.893180847167969,-2270.0670484416187,2.6123592853546143,0.0,0.833526074886322,0.0,2.5373284816741943,0.0,5.983213841915131,0.0,738.7152320696041,90.70492128748447
464,-11.074066162109375,-2281.141114603728,1.913352131843567,0.0,0.9557100534439087,0.0,2.647615432739258,0.0,5.516677618026733,0.0,744.2319096876308,90.70492128748447
465,-2.7324020862579346,-2283.873516689986,0.0,0.07792757451534271,0.459551066160202,0.0,1.209020972251892,0.0,1.5906444638967514,0.0,745.8225541515276,90.70492128748447
466,-3.7892813682556152,-2287.6627980582416,0.0,0.3374662697315216,0.3241373300552368,0.0,2.3676199913024902,0.0,2.3542910516262054,0.0,748.1768452031538,90.70492128748447
467,-9.519546508789062,-2297.1823445670307,0.23606261610984802,0.0,1.9468432664871216,0.0,2.367856740951538,0.0,4.550762623548508,0.0,752.7276078267023,90.70492128748447
468,-2.401078000664711,-2299.5834225676954,0.0,0.4541109502315521,1.8432271480560303,0.0,0.13384345173835754,0.0,1.5229596495628357,0.0,754.2505674762651,90.70492128748447
469,-0.4686713293194771,-2300.052093897015,0.0,0.4983679950237274,0.09319945424795151,0.0,0.11571960151195526,0.0,0.0,0.28944893926382065,754.2505674762651,90.99437022674829
470,-0.27644503489136696,-2300.328538931906,0.0,0.468612402677536,0.048087555915117264,0.0,0.07193449884653091,0.0,0.0,0.34859034791588783,754.2505674762651,91.34296057466418
471,-1.7305426597595215,-2302.0590815916657,0.0,0.30463698506355286,0.7790445685386658,0.0,0.6888401508331299,0.0,1.1632477343082428,0.0,755.4138152105734,91.34296057466418
472,-5.175398349761963,-2307.2344799414277,0.9905862808227539,0.0,0.4438036382198334,0.0,0.3356439471244812,0.0,1.7700338661670685,0.0,757.1838490767404,91.34296057466418
473,-8.719913482666016,-2315.9543934240937,1.3733482360839844,0.0,0.6931707262992859,0.0,1.2997767925262451,0.0,3.3662957549095154,0.0,760.55014483165,91.34296057466418
474,-5.112484455108643,-2321.0668778792024,0.434172123670578,0.0,0.4899592995643616,0.0,0.8632060885429382,0.0,1.7873375117778778,0.0,762.3374823434278,91.34296057466418
475,-6.134060859680176,-2327.2009387388825,0.8138371706008911,0.0,0.3586408793926239,0.0,0.9801647067070007,0.0,2.1526427567005157,0.0,764.4901251001284,91.34296057466418
476,-8.508516311645508,-2335.709455050528,0.7490856647491455,0.0,0.48074960708618164,0.0,1.7761483192443848,0.0,3.005983591079712,0.0,767.4961086912081,91.34296057466418
477,-14.23093032836914,-2349.940385378897,1.5551320314407349,0.0,0.3876185119152069,0.0,2.927964210510254,0.0,4.870714753866196,0.0,772.3668234450743,91.34296057466418
478,-9.301079750061035,-2359.241465128958,0.8619459867477417,0.0,0.3296126127243042,0.0,2.006363868713379,0.0,3.197922468185425,0.0,775.5647459132597,91.34296057466418
479,-9.090972900390625,-2368.332438029349,2.2038090229034424,0.0,0.23568828403949738,0.0,0.6904333233833313,0.0,3.129930630326271,0.0,778.694676543586,91.34296057466418
480,-3.630509376525879,-2371.9629474058747,0.5761474967002869,0.0,0.18733283877372742,0.0,0.42208048701286316,0.0,1.1855608224868774,0.0,779.8802373660728,91.34296057466418
481,-2.9120724201202393,-2374.875019825995,0.3527388870716095,0.0,0.18591776490211487,0.0,0.41900184750556946,0.0,0.9576584994792938,0.0,780.8378958655521,91.34296057466418
482,-2.9692764282226562,-2377.8442962542176,0.3514370918273926,0.0,0.18461598455905914,0.0,0.4166029393672943,0.0,0.952656015753746,0.0,781.7905518813059,91.34296057466418
483,-6.32596492767334,-2384.170261181891,0.35007867217063904,0.0,0.1873515099287033,0.0,1.458551287651062,0.0,1.9959814697504044,0.0,783.7865333510563,91.34296057466418
484,-4.650415897369385,-2388.8206770792603,0.7561901807785034,0.0,0.20223666727542877,0.0,0.4176623523235321,0.0,1.3760892003774643,0.0,785.1626225514337,91.34296057466418
485,-3.6439247131347656,-2392.464601792395,0.3468944728374481,0.0,0.23087537288665771,0.0,0.5277521014213562,0.0,1.105521947145462,0.0,786.2681444985792,91.34296057466418
486,-4.178210258483887,-2396.642812050879,0.3077986538410187,0.0,0.24157807230949402,0.0,0.7239189743995667,0.0,1.2732957005500793,0.0,787.5414401991293,91.34296057466418
487,-4.029653549194336,-2400.6724656000733,0.06792356073856354,0.0,0.2113327980041504,0.0,2.260840892791748,0.0,2.540097251534462,0.0,790.0815374506637,91.34296057466418
488,-0.8292160332202911,-2401.5016816332936,0.0,0.2953050136566162,0.19324900209903717,0.0,0.3999083936214447,0.0,0.29785238206386566,0.0,790.3793898327276,91.34296057466418
489,-0.2434735894203186,-2401.745155222714,0.0,0.6492627263069153,0.17388348281383514,0.0,0.0,0.05673970654606819,0.0,0.5321189500391483,790.3793898327276,91.87507952470332
490,-0.11556129902601242,-2401.86071652174,0.0,0.8206992745399475,0.08252085000276566,0.0,0.0,0.1988895982503891,0.0,0.937068022787571,790.3793898327276,92.8121475474909
491,-18.241165161132812,-2420.1018816828728,4.368180751800537,0.0,0.6279453635215759,0.0,0.9485191106796265,0.0,5.9446452260017395,0.0,796.3240350587294,92.8121475474909
492,0.0,-2420.1018816828728,0.0,0.7520954608917236,0.0,0.0029281415045261383,0.0,0.3471120595932007,0.0,1.1021356619894505,796.3240350587294,93.91428320948035
493,0.0,-2420.1018816828728,0.0,0.9417436718940735,0.0,0.12848839163780212,0.0,0.49869394302368164,0.0,1.5689260065555573,796.3240350587294,95.4832092160359
494,0.0,-2420.1018816828728,0.0,0.3910040557384491,0.0,0.1323862075805664,0.0,0.45656919479370117,0.0,0.9799594581127167,796.3240350587294,96.46316867414862
495,-1.0516257286071777,-2421.15350741148,0.0,0.526594340801239,0.4859069883823395,0.0,0.33469921350479126,0.0,0.2940118610858917,0.0,796.6180469198152,96.46316867414862
496,-1.2532363533973694,-2422.4067437648773,0.0,0.3957573473453522,0.4886942505836487,0.0,0.47987139225006104,0.0,0.5728082954883575,0.0,797.1908552153036,96.46316867414862
497,-1.663833737373352,-2424.0705775022507,0.02223338931798935,0.0,0.6030995845794678,0.0,0.26407864689826965,0.0,0.8894116207957268,0.0,798.0802668360993,96.46316867414862
498,-13.575332641601562,-2437.6459101438522,3.070821762084961,0.0,0.8911504149436951,0.0,0.5899243950843811,0.0,4.551896572113037,0.0,802.6321634082124,96.46316867414862
499,-6.199305057525635,-2443.845215201378,1.0269628763198853,0.0,0.35601088404655457,0.0,0.7201741337776184,0.0,2.1031478941440582,0.0,804.7353113023564,96.46316867414862
500,-5.876099586486816,-2449.7213147878647,0.4469718635082245,0.0,0.36468249559402466,0.0,1.0705604553222656,0.0,1.8822148144245148,0.0,806.6175261167809,96.46316867414862
501,-8.443599700927734,-2458.1649144887924,1.3314045667648315,0.0,0.3876185119152069,0.0,1.050761342048645,0.0,2.7697844207286835,0.0,809.3873105375096,96.46316867414862
502,-4.688862323760986,-2462.8537768125534,0.5798031091690063,0.0,0.3296126127243042,0.0,0.6702104210853577,0.0,1.5796261429786682,0.0,810.9669366804883,96.46316867414862
503,-3.403655529022217,-2466.2574323415756,0.3560788035392761,0.0,0.30459877848625183,0.0,0.4267451763153076,0.0,1.0874227583408356,0.0,812.0543594388291,96.46316867414862
504,-3.027536392211914,-2469.2849687337875,0.35421058535575867,0.0,0.18733283877372742,0.0,0.42208048701286316,0.0,0.9636239111423492,0.0,813.0179833499715,96.46316867414862
505,-3.5341179370880127,-2472.8190866708755,0.3527388870716095,0.0,0.3010348379611969,0.0,0.41900184750556946,0.0,1.0727755725383759,0.0,814.0907589225098,96.46316867414862
506,-3.2408761978149414,-2476.0599628686905,0.3514370918273926,0.0,0.18461598455905914,0.0,0.4166029393672943,0.0,0.952656015753746,0.0,815.0434149382636,96.46316867414862
507,-3.3388705253601074,-2479.3988333940506,0.35007867217063904,0.0,0.1873515099287033,0.0,0.4188297688961029,0.0,0.9562599509954453,0.0,815.999674889259,96.46316867414862
508,-3.440108060836792,-2482.8389414548874,0.3357362449169159,0.0,0.20223666727542877,0.0,0.4351603388786316,0.0,0.9731332510709763,0.0,816.97280814033,96.46316867414862
509,-9.548559188842773,-2492.38750064373,1.9565691947937012,0.0,0.23087537288665771,0.0,0.5277521014213562,0.0,2.715196669101715,0.0,819.6880048094317,96.46316867414862
510,-32.21330642700195,-2524.600807070732,0.7452424764633179,0.0,0.25650835037231445,0.0,8.278350830078125,0.0,9.280101656913757,0.0,828.9681064663455,96.46316867414862
511,-7.742068767547607,-2532.3428758382797,0.15855766832828522,0.0,1.4071950912475586,0.0,0.5724765062332153,0.0,2.138229265809059,0.0,831.1063357321545,96.46316867414862
512,-7.04733419418335,-2539.390210032463,0.16519969701766968,0.0,0.1806737631559372,0.0,1.69306480884552,0.0,2.038938269019127,0.0,833.1452740011737,96.46316867414862
513,-1.1395848542451859,-2540.5297948867083,0.0,0.6769324541091919,0.16004861891269684,0.0,0.6154215931892395,0.0,0.09853775799274445,0.0,833.2438117591664,96.46316867414862
514,-0.010668417438864708,-2540.540463304147,0.0,0.4888811707496643,0.007497816812247038,0.0,0.0,0.34893566370010376,0.0,0.830319017637521,833.2438117591664,97.29348769178614
515,-2.5916030646767467,-2543.132066368824,0.7456040382385254,0.0,0.0004916157922707498,0.0,0.0,0.3399659991264343,0.4061296549043618,0.0,833.6499414140708,97.29348769178614
516,-5.913051605224609,-2549.0451179740485,0.0,0.7536830306053162,2.1218879222869873,0.0,2.1751742362976074,0.0,3.5433791279792786,0.0,837.1933205420501,97.29348769178614
517,0.0,-2549.0451179740485,0.0,1.1816695928573608,0.0,0.2484513223171234,0.0,0.7386198043823242,0.0,2.1687407195568085,837.1933205420501,99.46222841134295
518,0.0,-2549.0451179740485,0.0,1.0419042110443115,0.0,0.2610131800174713,0.0,0.5462669730186462,0.0,1.849184364080429,837.1933205420501,101.31141277542338
519,0.0,-2549.0451179740485,0.0,0.42597800493240356,0.0,0.20423081517219543,0.0,0.2646235227584839,0.0,0.8948323428630829,837.1933205420501,102.20624511828646
520,-0.4834631383419037,-2549.5285811123904,0.0,0.5193469524383545,0.3710360527038574,0.0,0.0,0.26705801486968994,0.0,0.415368914604187,837.1933205420501,102.62161403289065
521,-0.9038416147232056,-2550.4324227271136,0.0,0.07843213528394699,0.5186635255813599,0.0,0.09520650655031204,0.0,0.5354378968477249,0.0,837.7287584388978,102.62161403289065
522,-2.9786081314086914,-2553.4110308585223,0.4168977439403534,0.0,0.1383749097585678,0.0,0.5466824173927307,0.0,1.101955071091652,0.0,838.8307135099894,102.62161403289065
523,-7.574846267700195,-2560.9858771262225,0.5939352512359619,0.0,0.2188272923231125,0.0,1.8995139598846436,0.0,2.712276503443718,0.0,841.5429900134332,102.62161403289065
524,-8.607120513916016,-2569.5929976401385,1.2660026550292969,0.0,1.3279529809951782,0.0,1.0705604553222656,0.0,3.6645160913467407,0.0,845.2075061047799,102.62161403289065
525,-7.463424205780029,-2577.0564218459185,0.6353296637535095,0.0,0.3876185119152069,0.0,1.4232971668243408,0.0,2.4462453424930573,0.0,847.653751447273,102.62161403289065
526,-4.4972357749938965,-2581.5536576209124,0.4215100109577179,0.0,0.3296126127243042,0.0,0.7095414996147156,0.0,1.4606641232967377,0.0,849.1144155705697,102.62161403289065
527,-3.166860580444336,-2584.7205182013568,0.37498530745506287,0.0,0.23568828403949738,0.0,0.4267451763153076,0.0,1.0374187678098679,0.0,850.1518343383796,102.62161403289065
528,-3.0315780639648438,-2587.7520962653216,0.35421058535575867,0.0,0.19907063245773315,0.0,0.42208048701286316,0.0,0.975361704826355,0.0,851.1271960432059,102.62161403289065
529,-3.010803699493408,-2590.762899964815,0.3527388870716095,0.0,0.18591776490211487,0.0,0.41900184750556946,0.0,0.9576584994792938,0.0,852.0848545426852,102.62161403289065
530,-3.17236590385437,-2593.9352658686694,0.3514370918273926,0.0,0.18461598455905914,0.0,0.4166029393672943,0.0,0.952656015753746,0.0,853.037510558439,102.62161403289065
531,-4.039074897766113,-2597.9743407664355,0.35007867217063904,0.0,0.4166674017906189,0.0,0.4188297688961029,0.0,1.1855758428573608,0.0,854.2230864012963,102.62161403289065
532,-3.4370193481445312,-2601.41136011458,0.34860697388648987,0.0,0.20223666727542877,0.0,0.4351603388786316,0.0,0.9860039800405502,0.0,855.2090903813369,102.62161403289065
533,-3.6281561851501465,-2605.03951629973,0.3487769067287445,0.0,0.23087537288665771,0.0,0.49980950355529785,0.0,1.0794617831707,0.0,856.2885521645076,102.62161403289065
534,-4.983469486236572,-2610.0229857859667,0.7116307616233826,0.0,0.2397024929523468,0.0,0.45183253288269043,0.0,1.4031657874584198,0.0,857.691717951966,102.62161403289065
535,-7.854953765869141,-2617.877939551836,0.10145055502653122,0.0,0.5448907613754272,0.0,1.6218613386154175,0.0,2.268202655017376,0.0,859.9599206069834,102.62161403289065
536,-10.07096403837204,-2627.948903590208,0.0,0.3353753387928009,2.6300389766693115,0.0,0.27211520075798035,0.0,2.566778838634491,0.0,862.5266994456179,102.62161403289065
537,-41.621307373046875,-2669.570210963255,1.628270149230957,0.0,9.169386863708496,0.0,0.9315988421440125,0.0,11.729255855083466,0.0,874.2559553007013,102.62161403289065
538,-19.84848141670227,-2689.418692379957,5.049230098724365,0.0,0.61571204662323,0.0,0.0,0.031604867428541183,5.633337277919054,0.0,879.8892925786204,102.62161403289065
539,0.0,-2689.418692379957,0.0,1.144559621810913,0.0,0.03349335119128227,0.0,0.015048542991280556,0.0,1.193101515993476,879.8892925786204,103.81471554888412
540,-1.264830470085144,-2690.683522850042,0.0,0.4473486542701721,0.0,0.056489020586013794,0.3689352869987488,0.0,0.0,0.13490238785743713,879.8892925786204,103.94961793674156
541,0.0,-2690.683522850042,0.0,0.8032835125923157,0.0,0.20749174058437347,0.0,0.5003226399421692,0.0,1.5110978931188583,879.8892925786204,105.46071582986042
542,-5.338143825531006,-2696.021666675573,1.5716594457626343,0.0,0.0,0.22840949892997742,0.0,0.2740533947944641,1.0691965520381927,0.0,880.9584891306586,105.46071582986042
543,-16.872598886489868,-2712.894265562063,5.1226091384887695,0.0,0.0,0.14496320486068726,0.12692202627658844,0.0,5.104567959904671,0.0,886.0630570905632,105.46071582986042
544,-1.7854937314987183,-2714.679759293562,0.0,0.15906882286071777,0.0,0.1092294305562973,0.5736870169639587,0.0,0.30538876354694366,0.0,886.3684458541102,105.46071582986042
545,-1.883678913116455,-2716.5634382066783,0.15528148412704468,0.0,0.09507961571216583,0.0,0.3725731670856476,0.0,0.6229342669248581,0.0,886.991380121035,105.46071582986042
546,-8.212600708007812,-2724.776038914686,0.538820743560791,0.0,0.7438444495201111,0.0,1.5119638442993164,0.0,2.7946290373802185,0.0,889.7860091584153,105.46071582986042
547,-6.992184162139893,-2731.768223076826,1.247894525527954,0.0,0.35911455750465393,0.0,0.7263814806938171,0.0,2.333390563726425,0.0,892.1193997221417,105.46071582986042
548,-7.513158798217773,-2739.2813818750437,1.317481517791748,0.0,0.4793415367603302,0.0,0.7606547474861145,0.0,2.5574778020381927,0.0,894.6768775241799,105.46071582986042
549,-7.080749034881592,-2746.3621309099253,1.0641010999679565,0.0,0.5022775530815125,0.0,0.8165318369865417,0.0,2.3829104900360107,0.0,897.0597880142159,105.46071582986042
550,-3.957559585571289,-2750.3196904954966,0.4215100109577179,0.0,0.19325745105743408,0.0,0.7095414996147156,0.0,1.3243089616298676,0.0,898.3840969758458,105.46071582986042
551,-3.3274478912353516,-2753.647138386732,0.3560788035392761,0.0,0.3036712408065796,0.0,0.4267451763153076,0.0,1.0864952206611633,0.0,899.4705921965069,105.46071582986042
552,-3.0177011489868164,-2756.664839535719,0.35421058535575867,0.0,0.18733283877372742,0.0,0.42208048701286316,0.0,0.9636239111423492,0.0,900.4342161076493,105.46071582986042
553,-3.7786641120910645,-2760.44350364781,0.3527388870716095,0.0,0.41434162855148315,0.0,0.41900184750556946,0.0,1.186082363128662,0.0,901.6202984707779,105.46071582986042
554,-3.0452327728271484,-2763.488736420637,0.33876895904541016,0.0,0.18461598455905914,0.0,0.4166029393672943,0.0,0.9399878829717636,0.0,902.5602863537497,105.46071582986042
555,-3.2914156913757324,-2766.7801521120127,0.35007867217063904,0.0,0.1873515099287033,0.0,0.4188297688961029,0.0,0.9562599509954453,0.0,903.5165463047451,105.46071582986042
556,-3.211811065673828,-2769.9919631776866,0.34860697388648987,0.0,0.20223666727542877,0.0,0.4351603388786316,0.0,0.9860039800405502,0.0,904.5025502847857,105.46071582986042
557,-3.6145896911621094,-2773.6065528688487,0.3487769067287445,0.0,0.23087537288665771,0.0,0.49980950355529785,0.0,1.0794617831707,0.0,905.5820120679564,105.46071582986042
558,-3.5293123722076416,-2777.1358652410563,0.33445003628730774,0.0,0.2414994090795517,0.0,0.4554263651371002,0.0,1.0313758105039597,0.0,906.6133878784603,105.46071582986042
559,-4.689155101776123,-2781.8250203428324,0.053132280707359314,0.0,0.8090472221374512,0.0,0.5149567723274231,0.0,1.3771362751722336,0.0,907.9905241536326,105.46071582986042
560,-8.914066314697266,-2790.7390866575297,0.6876819133758545,0.0,0.8118748068809509,0.0,1.1575183868408203,0.0,2.6570751070976257,0.0,910.6475992607302,105.46071582986042
561,-1.5341717600822449,-2792.273258417612,0.0,0.7332850098609924,0.22979986667633057,0.0,0.2326885461807251,0.0,0.0,0.27079659700393677,910.6475992607302,105.73151242686436
562,-3.014711380004883,-2795.287969797617,0.0,0.01716652140021324,0.8974553346633911,0.0,0.0,0.05302396044135094,0.8272648528218269,0.0,911.474864113552,105.73151242686436
563,-7.113643169403076,-2802.40161296702,0.0,1.0357462167739868,5.3453898429870605,0.0,0.0,0.27347901463508606,4.036164611577988,0.0,915.51102872513,105.73151242686436
564,-17.34560203552246,-2819.7472150025424,5.169285297393799,0.0,0.0,1.3801918029785156,0.0,0.30404436588287354,3.4850491285324097,0.0,918.9960778536624,105.73151242686436
565,-6.363062381744385,-2826.1102773842867,1.9370598793029785,0.0,0.0,1.5925859212875366,0.0,0.5260208249092102,0.0,0.1815468668937683,918.9960778536624,105.91305929375812
566,0.0,-2826.1102773842867,0.0,1.0548300743103027,0.0,0.21203064918518066,0.0,0.6152123808860779,0.0,1.8820731043815613,918.9960778536624,107.79513239813969
567,0.0,-2826.1102773842867,0.0,0.7357444763183594,0.0,0.11498678475618362,0.0,0.27781617641448975,0.0,1.1285474374890327,918.9960778536624,108.92367983562872
568,-8.090995788574219,-2834.201273172861,0.0,0.2551598846912384,0.9248583912849426,0.0,1.778944730758667,0.0,2.448643237352371,0.0,921.4447210910148,108.92367983562872
569,-3.912466049194336,-2838.1137392220553,0.9289909601211548,0.0,0.08785857260227203,0.0,0.35722601413726807,0.0,1.3740755468606949,0.0,922.8187966378755,108.92367983562872
570,-7.933496475219727,-2846.047235697275,0.41911715269088745,0.0,1.0024840831756592,0.0,1.2358533143997192,0.0,2.657454550266266,0.0,925.4762511881418,108.92367983562872
571,-5.585624694824219,-2851.6328603920992,0.5895199179649353,0.0,0.35659223794937134,0.0,0.9760674238204956,0.0,1.9221795797348022,0.0,927.3984307678766,108.92367983562872
572,-5.713256359100342,-2857.3461167511996,0.6107575297355652,0.0,0.36468249559402466,0.0,1.0705604553222656,0.0,2.0460004806518555,0.0,929.4444312485284,108.92367983562872
573,-7.050195693969727,-2864.3963124451693,0.7614763379096985,0.0,0.19623863697052002,0.0,1.4884002208709717,0.0,2.44611519575119,0.0,931.8905464442796,108.92367983562872
574,-9.195013999938965,-2873.5913264451083,2.038153886795044,0.0,0.19325745105743408,0.0,0.986940324306488,0.0,3.218351662158966,0.0,935.1088981064386,108.92367983562872
575,-3.2784056663513184,-2876.8697321114596,0.37498530745506287,0.0,0.18901224434375763,0.0,0.5265489816665649,0.0,1.0905465334653854,0.0,936.199444639904,108.92367983562872
576,-3.0710980892181396,-2879.9408302006777,0.3568393290042877,0.0,0.18733283877372742,0.0,0.45272377133369446,0.0,0.9968959391117096,0.0,937.1963405790157,108.92367983562872
577,-2.8893539905548096,-2882.8301841912325,0.3527388870716095,0.0,0.18591776490211487,0.0,0.41900184750556946,0.0,0.9576584994792938,0.0,938.153999078495,108.92367983562872
578,-2.970083713531494,-2885.800267904764,0.3514370918273926,0.0,0.18461598455905914,0.0,0.4166029393672943,0.0,0.952656015753746,0.0,939.1066550942487,108.92367983562872
579,-2.986459732055664,-2888.7867276368197,0.35007867217063904,0.0,0.1873515099287033,0.0,0.4188297688961029,0.0,0.9562599509954453,0.0,940.0629150452442,108.92367983562872
580,-3.0563719272613525,-2891.843099564081,0.34860697388648987,0.0,0.20223666727542877,0.0,0.4351603388786316,0.0,0.9860039800405502,0.0,941.0489190252847,108.92367983562872
581,-12.58060073852539,-2904.4237003026064,3.3222358226776123,0.0,0.23087537288665771,0.0,0.49980950355529785,0.0,4.052920699119568,0.0,945.1018397244043,108.92367983562872
582,-8.765130996704102,-2913.1888312993106,1.3316127061843872,0.0,0.6040012836456299,0.0,0.7538245916366577,0.0,2.689438581466675,0.0,947.791278305871,108.92367983562872
583,-13.84091567993164,-2927.029746979242,2.2076563835144043,0.0,0.9212512969970703,0.0,1.3175432682037354,0.0,4.44645094871521,0.0,952.2377292545862,108.92367983562872
584,-2.873152256011963,-2929.902899235254,0.0,0.07904624193906784,0.37908220291137695,0.0,0.5284442901611328,0.0,0.8284802511334419,0.0,953.0662095057196,108.92367983562872
585,-2.108355760574341,-2932.0112549958285,0.0,0.4998004138469696,0.3465421497821808,0.0,0.27944788336753845,0.0,0.12618961930274963,0.0,953.1923991250223,108.92367983562872
586,-2.253193497657776,-2934.2644484934863,0.3174455463886261,0.0,0.35085994005203247,0.0,0.0,0.0797029510140419,0.5886025354266167,0.0,953.781001660449,108.92367983562872
587,-6.1298370361328125,-2940.394285529619,0.21772730350494385,0.0,1.7525320053100586,0.0,2.3266851902008057,0.0,4.296944499015808,0.0,958.0779461594648,108.92367983562872
588,-0.2938631474971771,-2940.6881486771163,0.0,0.9252549409866333,0.22953198850154877,0.0,0.0,0.10673747211694717,0.0,0.8024604246020317,958.0779461594648,109.72614026023075
589,-0.06186412274837494,-2940.7500127998646,0.0,0.8178094029426575,0.04725596308708191,0.0,0.0,0.37475964426994324,0.0,1.1453130841255188,958.0779461594648,110.87145334435627
590,-0.8096498847007751,-2941.5596626845654,0.24066291749477386,0.0,0.007022707723081112,0.0,0.0,0.40530452132225037,0.0,0.1576188961043954,958.0779461594648,111.02907224046066
591,-0.13092221319675446,-2941.690584897762,0.0,0.6151168942451477,0.04044690728187561,0.0,0.0,0.3160651922225952,0.0,0.8907351791858673,958.0779461594648,111.91980741964653
592,-0.7690501064062119,-2942.4596350041684,0.05079980567097664,0.0,0.4961525797843933,0.0,0.0,0.01682497002184391,0.530127415433526,0.0,958.6080735748983,111.91980741964653
593,-2.0257327556610107,-2944.4853677598294,0.0,0.07371017336845398,0.5892310738563538,0.0,0.455544114112854,0.0,0.9710650146007538,0.0,959.579138589499,111.91980741964653
594,-3.54805326461792,-2948.0334210244473,0.30708345770835876,0.0,0.15865206718444824,0.0,0.8064391613006592,0.0,1.2721746861934662,0.0,960.8513132756925,111.91980741964653
595,-11.320409774780273,-2959.3538307992276,2.3147993087768555,0.0,0.35625216364860535,0.0,1.1945897340774536,0.0,3.8656412065029144,0.0,964.7169544821954,111.91980741964653
596,-6.418179035186768,-2965.7720098344143,0.6107575297355652,0.0,0.41281142830848694,0.0,1.0997874736785889,0.0,2.123356431722641,0.0,966.8403109139181,111.91980741964653
597,-8.244836807250977,-2974.0168466416653,1.539839744567871,0.0,0.3876185119152069,0.0,0.8165318369865417,0.0,2.7439900934696198,0.0,969.5843010073877,111.91980741964653
598,-7.279555320739746,-2981.296401962405,1.5008540153503418,0.0,0.19325745105743408,0.0,0.7095414996147156,0.0,2.4036529660224915,0.0,971.9879539734102,111.91980741964653
599,-2.9869725704193115,-2984.2833745328244,0.3560788035392761,0.0,0.18901224434375763,0.0,0.4267451763153076,0.0,0.9718362241983414,0.0,972.9597901976085,111.91980741964653
600,-3.037155866622925,-2987.3205303994473,0.35421058535575867,0.0,0.18733283877372742,0.0,0.42208048701286316,0.0,0.9636239111423492,0.0,973.9234141087509,111.91980741964653
601,-2.999762535095215,-2990.3202929345425,0.3527388870716095,0.0,0.18591776490211487,0.0,0.41900184750556946,0.0,0.9576584994792938,0.0,974.8810726082302,111.91980741964653
602,-30.917667388916016,-3021.2379603234585,4.461056709289551,0.0,2.4371399879455566,0.0,3.1943047046661377,0.0,10.092501401901245,0.0,984.9735740101314,111.91980741964653
603,-4.477987289428711,-3025.7159476128872,0.7576619386672974,0.0,0.1873515099287033,0.0,0.4188297688961029,0.0,1.3638432174921036,0.0,986.3374172276235,111.91980741964653
604,-6.381599426269531,-3032.097547039157,1.347259283065796,0.0,0.20223666727542877,0.0,0.4351603388786316,0.0,1.9846562892198563,0.0,988.3220735168434,111.91980741964653
605,-5.724384307861328,-3037.821931347018,0.9380737543106079,0.0,0.23087537288665771,0.0,0.5277521014213562,0.0,1.6967012286186218,0.0,990.018774745462,111.91980741964653
606,-6.0635271072387695,-3043.885458454257,1.0610169172286987,0.0,0.2490430623292923,0.0,0.4705136716365814,0.0,1.7805736511945724,0.0,991.7993483966566,111.91980741964653
607,-4.462637901306152,-3048.348096355563,0.759421706199646,0.0,0.21481603384017944,0.0,0.3428937792778015,0.0,1.317131519317627,0.0,993.1164799159742,111.91980741964653
608,-2.2157235741615295,-3050.5638199297246,0.0,0.30828598141670227,0.1623491495847702,0.0,0.48917993903160095,0.0,0.3432431071996689,0.0,993.4597230231739,111.91980741964653
609,-5.187915802001953,-3055.7517357317265,0.0,0.43275222182273865,0.17460213601589203,0.0,1.279906153678894,0.0,1.0217560678720474,0.0,994.4814790910459,111.91980741964653
610,-0.028712354600429535,-3055.780448086327,0.0,0.5142026543617249,0.020695986226201057,0.0,0.0,0.3225393295288086,0.0,0.8160459976643324,994.4814790910459,112.73585341731086
611,-2.757655382156372,-3058.5381034684833,0.0,0.8544731736183167,1.0594666004180908,0.0,0.9112667441368103,0.0,1.1162601709365845,0.0,995.5977392619825,112.73585341731086
612,-0.8986537456512451,-3059.4367572141346,0.0,1.0591528415679932,0.0,0.06497130542993546,0.263426274061203,0.0,0.0,0.8606978729367256,995.5977392619825,113.59655129024759
613,-0.2286895513534546,-3059.665446765488,0.0,0.8234636783599854,0.0,0.17688243091106415,0.06951248645782471,0.0,0.0,0.9308336228132248,995.5977392619825,114.52738491306081
614,0.0,-3059.665446765488,0.0,1.0116024017333984,0.0,0.22340743243694305,0.0,0.21245795488357544,0.0,1.447467789053917,995.5977392619825,115.97485270211473
615,0.0,-3059.665446765488,0.0,0.8532128930091858,0.0,0.17444145679473877,0.0,0.3796030282974243,0.0,1.4072573781013489,995.5977392619825,117.38211008021608
616,-0.8796823620796204,-3060.5451291275676,0.0,0.5380384922027588,0.3896219730377197,0.0,0.28172680735588074,0.0,0.13331028819084167,0.0,995.7310495501733,117.38211008021608
617,-4.475231647491455,-3065.020360775059,0.38442274928092957,0.0,0.5350186228752136,0.0,0.7645670771598816,0.0,1.6840084493160248,0.0,997.4150579994894,117.38211008021608
618,-3.769080400466919,-3068.789441175526,0.36787644028663635,0.0,0.15145640075206757,0.0,0.8025505542755127,0.0,1.3218833953142166,0.0,998.7369413948036,117.38211008021608
619,-5.405625343322754,-3074.1950665188488,0.7303415536880493,0.0,0.35753491520881653,0.0,0.7232221961021423,0.0,1.8110986649990082,0.0,1000.5480400598026,117.38211008021608
620,-8.648481369018555,-3082.8435478878673,1.3891406059265137,0.0,0.36468249559402466,0.0,1.0705604553222656,0.0,2.824383556842804,0.0,1003.3724236166454,117.38211008021608
621,-4.957419395446777,-3087.800967283314,0.45421919226646423,0.0,0.3876185119152069,0.0,0.8165318369865417,0.0,1.658369541168213,0.0,1005.0307931578136,117.38211008021608
622,-18.66904640197754,-3106.4700136852916,0.4215100109577179,0.0,4.011590003967285,0.0,1.6241950988769531,0.0,6.057295113801956,0.0,1011.0880882716156,117.38211008021608
623,-4.27787971496582,-3110.7478934002575,0.3560788035392761,0.0,0.30236607789993286,0.0,0.7562534809112549,0.0,1.4146983623504639,0.0,1012.502786633966,117.38211008021608
624,-6.988184452056885,-3117.7360778523143,0.35421058535575867,0.0,0.18733283877372742,0.0,1.5970796346664429,0.0,2.138623058795929,0.0,1014.641409692762,117.38211008021608
625,-3.0061984062194824,-3120.742276258534,0.3527388870716095,0.0,0.18591776490211487,0.0,0.41699478030204773,0.0,0.9556514322757721,0.0,1015.5970611250377,117.38211008021608
626,-3.1331357955932617,-3123.875412054127,0.3514370918273926,0.0,0.18461598455905914,0.0,0.39827069640159607,0.0,0.9343237727880478,0.0,1016.5313848978258,117.38211008021608
627,-3.2936110496520996,-3127.169023103779,0.319633424282074,0.0,0.1873515099287033,0.0,0.4188297688961029,0.0,0.9258147031068802,0.0,1017.4571996009327,117.38211008021608
628,-3.430182695388794,-3130.599205799168,0.34860697388648987,0.0,0.20223666727542877,0.0,0.4176623523235321,0.0,0.9685059934854507,0.0,1018.4257055944181,117.38211008021608
629,-11.032867431640625,-3141.6320732308086,0.3487769067287445,0.0,0.23087537288665771,0.0,2.652463912963867,0.0,3.2321161925792694,0.0,1021.6578217869974,117.38211008021608
630,-4.487890243530273,-3146.119963474339,0.34246259927749634,0.0,0.31018462777137756,0.0,0.5976065397262573,0.0,1.2502537667751312,0.0,1022.9080755537725,117.38211008021608
631,-4.39417028427124,-3150.51413375861,0.3763113021850586,0.0,0.3105776011943817,0.0,0.5280323624610901,0.0,1.2149212658405304,0.0,1024.122996819613,117.38211008021608
632,-6.85447359085083,-3157.368607349461,0.0,0.37374255061149597,0.8361832499504089,0.0,1.0494804382324219,0.0,1.5119211375713348,0.0,1025.6349179571844,117.38211008021608
633,-3.579456388950348,-3160.9480637384113,0.0,0.7184192538261414,0.2372327446937561,0.0,0.7474388480186462,0.0,0.266252338886261,0.0,1025.9011702960706,117.38211008021608
634,-0.32049551606178284,-3161.268559254473,0.0,0.9992810487747192,0.08819844573736191,0.0,0.0,0.3774714171886444,0.0,1.2885540202260017,1025.9011702960706,118.67066410044208
635,-1.0480046272277832,-3162.316563881701,0.0,1.164985179901123,0.2831929922103882,0.0,0.0,0.5730229616165161,0.0,1.454815149307251,1025.9011702960706,120.12547924974933
636,0.0,-3162.316563881701,0.0,1.2253801822662354,0.0,0.14808499813079834,0.0,0.40855467319488525,0.0,1.782019853591919,1025.9011702960706,121.90749910334125
637,0.0,-3162.316563881701,0.0,1.243593454360962,0.0,0.27941328287124634,0.0,0.8005437254905701,0.0,2.3235504627227783,1025.9011702960706,124.23104956606403
638,0.0,-3162.316563881701,0.0,0.6936972141265869,0.0,0.30119627714157104,0.0,0.7941893339157104,0.0,1.7890828251838684,1025.9011702960706,126.0201323912479
639,0.0,-3162.316563881701,0.0,0.697390615940094,0.0,0.22867107391357422,0.0,0.6626204252243042,0.0,1.5886821150779724,1025.9011702960706,127.60881450632587
640,-1.3398116827011108,-3163.656375564402,0.41181862354278564,0.0,0.0,0.20805951952934265,0.0,0.4817996621131897,0.0,0.2780405580997467,1025.9011702960706,127.88685506442562
641,-1.9109193086624146,-3165.5672948730644,0.31945550441741943,0.0,0.5033153891563416,0.0,0.0645102709531784,0.0,0.8872811645269394,0.0,1026.7884514605976,127.88685506442562
642,-7.272603988647461,-3172.839898861712,0.5452353954315186,0.0,1.1327673196792603,0.0,0.7599798440933228,0.0,2.4379825592041016,0.0,1029.2264340198017,127.88685506442562
643,-28.07032585144043,-3200.9102247131523,0.517493724822998,0.0,0.35864752531051636,0.0,8.467048645019531,0.0,9.343189895153046,0.0,1038.5696239149547,127.88685506442562
644,-7.461922645568848,-3208.372147358721,0.8479077816009521,0.0,0.36468249559402466,0.0,1.2504595518112183,0.0,2.463049829006195,0.0,1041.032673743961,127.88685506442562
645,-16.93364906311035,-3225.3057964218315,4.1328816413879395,0.0,0.3876185119152069,0.0,1.1900190114974976,0.0,5.710519164800644,0.0,1046.7431929087616,127.88685506442562
646,-5.033195495605469,-3230.338991917437,0.4215100109577179,0.0,0.44255486130714417,0.0,0.7095414996147156,0.0,1.5736063718795776,0.0,1048.3167992806411,127.88685506442562
647,-3.5701546669006348,-3233.9091465843376,0.3560788035392761,0.0,0.23568828403949738,0.0,0.5265489816665649,0.0,1.1183160692453384,0.0,1049.4351153498865,127.88685506442562
648,-3.5039925575256348,-3237.413139141863,0.35421058535575867,0.0,0.2998753786087036,0.0,0.45272377133369446,0.0,1.1068097352981567,0.0,1050.5419250851846,127.88685506442562
649,-3.2447195053100586,-3240.6578586471733,0.3527388870716095,0.0,0.18591776490211487,0.0,0.41900184750556946,0.0,0.9576584994792938,0.0,1051.499583584664,127.88685506442562
650,-3.305520534515381,-3243.9633791816887,0.3514370918273926,0.0,0.18461598455905914,0.0,0.4166029393672943,0.0,0.952656015753746,0.0,1052.4522396004177,127.88685506442562
651,-3.3376669883728027,-3247.3010461700615,0.35007867217063904,0.0,0.1873515099287033,0.0,0.4188297688961029,0.0,0.9562599509954453,0.0,1053.4084995514131,127.88685506442562
652,-3.467745304107666,-3250.768791474169,0.34860697388648987,0.0,0.20223666727542877,0.0,0.4351603388786316,0.0,0.9860039800405502,0.0,1054.3945035314537,127.88685506442562
653,-7.494994163513184,-3258.2637856376823,1.3677350282669067,0.0,0.23087537288665771,0.0,0.49980950355529785,0.0,2.0984199047088623,0.0,1056.4929234361625,127.88685506442562
654,-13.662506103515625,-3271.926291741198,2.7056221961975098,0.0,0.24639129638671875,0.0,0.8039667010307312,0.0,3.7559801936149597,0.0,1060.2489036297775,127.88685506442562
655,-9.575239181518555,-3281.5015309227165,1.1488118171691895,0.0,0.21834512054920197,0.0,1.2221044301986694,0.0,2.589261367917061,0.0,1062.8381649976945,127.88685506442562
656,-18.92468011379242,-3300.426211036509,0.0,0.36626678705215454,0.500525951385498,0.0,4.679360866546631,0.0,4.813620030879974,0.0,1067.6517850285745,127.88685506442562
657,-24.544565796852112,-3324.970776833361,0.0,0.7502269148826599,0.14646469056606293,0.0,6.361440181732178,0.0,5.757677957415581,0.0,1073.40946298599,127.88685506442562
658,-3.3576631117612123,-3328.328439945122,0.0,0.9725360870361328,0.006602431181818247,0.0,0.8924576640129089,0.0,0.0,0.07347599184140563,1073.40946298599,127.96033105626702
659,0.0,-3328.328439945122,0.0,0.24473510682582855,0.0,0.09424187988042831,0.0,0.35691264271736145,0.0,0.6958896294236183,1073.40946298599,128.65622068569064
660,-0.6288139224052429,-3328.9572538675275,0.0,0.9004762172698975,0.4343595802783966,0.0,0.0,0.29645630717277527,0.0,0.7625729441642761,1073.40946298599,129.41879362985492
661,-0.32846006751060486,-3329.285713935038,0.0,1.1207208633422852,0.0,0.21797701716423035,0.23452015221118927,0.0,0.0,1.1041777282953262,1073.40946298599,130.52297135815024
662,-2.515684127807617,-3331.8013980628457,0.7364920973777771,0.0,0.0,0.2784642279148102,0.0,0.7487252354621887,0.0,0.2906973659992218,1073.40946298599,130.81366872414947
663,0.0,-3331.8013980628457,0.0,0.8766398429870605,0.0,0.18615493178367615,0.0,0.5775881409645081,0.0,1.6403829157352448,1073.40946298599,132.4540516398847
664,-0.029011361300945282,-3331.8304094241466,0.00890298467129469,0.0,0.0,0.1717604249715805,0.0,0.22638903558254242,0.0,0.38924647588282824,1073.40946298599,132.84329811576754
665,-0.3111107349395752,-3332.141520159086,0.0,0.07415522634983063,0.0,0.04232902079820633,0.0994834154844284,0.0,0.0,0.01700083166360855,1073.40946298599,132.86029894743115
666,-3.7312984466552734,-3335.8728186057415,0.40967029333114624,0.0,0.2636435031890869,0.0,0.539454996585846,0.0,1.212768793106079,0.0,1074.6222317790962,132.86029894743115
667,-12.757303237915039,-3348.6301218436565,2.1317942142486572,0.0,0.3581891655921936,0.0,1.6481059789657593,0.0,4.13808935880661,0.0,1078.7603211379028,132.86029894743115
668,-6.906085014343262,-3355.536206858,0.7031154632568359,0.0,0.36468249559402466,0.0,1.0899442434310913,0.0,2.157742202281952,0.0,1080.9180633401847,132.86029894743115
669,-50.27398681640625,-3405.810193674406,7.0275139808654785,0.0,0.3876185119152069,0.0,9.026601791381836,0.0,16.44173428416252,0.0,1097.3597976243473,132.86029894743115
670,-7.969670295715332,-3413.7798639701214,0.4215100109577179,0.0,0.44215521216392517,0.0,1.65715754032135,0.0,2.520822763442993,0.0,1099.8806203877903,132.86029894743115
671,-5.058012962341309,-3418.8378769324627,0.37498530745506287,0.0,0.7011880874633789,0.0,0.5265489816665649,0.0,1.6027223765850067,0.0,1101.4833427643753,132.86029894743115
672,-3.071749210357666,-3421.9096261428203,0.3568393290042877,0.0,0.19907063245773315,0.0,0.42208048701286316,0.0,0.977990448474884,0.0,1102.4613332128501,132.86029894743115
673,-4.961021900177002,-3426.8706480429973,0.34507817029953003,0.0,0.7501539587974548,0.0,0.41900184750556946,0.0,1.5142339766025543,0.0,1103.9755671894527,132.86029894743115
674,-8.177632331848145,-3435.0482803748455,1.7011696100234985,0.0,0.2967706322669983,0.0,0.4166029393672943,0.0,2.414543181657791,0.0,1106.3901103711105,132.86029894743115
675,-3.4119913578033447,-3438.460271732649,0.35007867217063904,0.0,0.1873515099287033,0.0,0.4188297688961029,0.0,0.9562599509954453,0.0,1107.346370322106,132.86029894743115
676,-3.564344882965088,-3442.024616615614,0.34860697388648987,0.0,0.20223666727542877,0.0,0.4351603388786316,0.0,0.9860039800405502,0.0,1108.3323743021465,132.86029894743115
677,-3.8729958534240723,-3445.897612469038,0.3487769067287445,0.0,0.23087537288665771,0.0,0.49980950355529785,0.0,1.0794617831707,0.0,1109.4118360853172,132.86029894743115
678,-9.411626815795898,-3455.309239284834,1.0169463157653809,0.0,1.0625839233398438,0.0,0.47167298197746277,0.0,2.5512032210826874,0.0,1111.9630393063999,132.86029894743115
679,-3.898110866546631,-3459.2073501513805,0.21681378781795502,0.0,0.8010032773017883,0.0,0.5828270316123962,0.0,1.6006440967321396,0.0,1113.563683403132,132.86029894743115
680,-1.103261560201645,-3460.310611711582,0.0,0.1919764280319214,0.22050392627716064,0.0,0.22018855810165405,0.0,0.2487160563468933,0.0,1113.812399459479,132.86029894743115
681,-2.1884124279022217,-3462.4990241394844,0.4022056460380554,0.0,0.25337982177734375,0.0,0.10225296765565872,0.0,0.7578384354710579,0.0,1114.57023789495,132.86029894743115
682,-0.5602529048919678,-3463.0592770443764,0.0,0.8945507407188416,0.3820599615573883,0.0,0.0,0.0920955017209053,0.0,0.6045862808823586,1114.57023789495,133.4648852283135
683,-5.789599895477295,-3468.8488769398537,0.0,0.21135073900222778,0.0,0.030194442719221115,1.620985984802246,0.0,1.3794408030807972,0.0,1115.9496786980308,133.4648852283135
684,0.0,-3468.8488769398537,0.0,1.1891871690750122,0.0,0.12998846173286438,0.0,0.2818286418914795,0.0,1.601004272699356,1115.9496786980308,135.06588950101286
685,0.0,-3468.8488769398537,0.0,1.1782113313674927,0.0,0.24672222137451172,0.0,0.7351616024971008,0.0,2.1600951552391052,1115.9496786980308,137.22598465625197
686,0.0,-3468.8488769398537,0.0,1.0789623260498047,0.0,0.23463259637355804,0.0,0.43378812074661255,0.0,1.7473830431699753,1115.9496786980308,138.97336769942194
687,-1.167838215827942,-3470.0167151556816,0.0,0.9265273213386536,0.35203230381011963,0.0,0.5214970707893372,0.0,0.0,0.05299794673919678,1115.9496786980308,139.02636564616114
688,-1.4117906093597412,-3471.4285057650413,0.4294658899307251,0.0,0.0,0.1713041365146637,0.0,0.4082888960838318,0.0,0.15012714266777039,1115.9496786980308,139.1764927888289
689,-5.403724193572998,-3476.8322299586143,1.3497508764266968,0.0,0.544581413269043,0.0,0.14704230427742004,0.0,2.04137459397316,0.0,1117.991053292004,139.1764927888289
690,-29.727916717529297,-3506.5601466761436,1.4444351196289062,0.0,0.14266453683376312,0.0,8.056076049804688,0.0,9.643175706267357,0.0,1127.6342289982713,139.1764927888289
691,-7.99420690536499,-3514.5543535815086,1.0972508192062378,0.0,0.5973512530326843,0.0,0.9247347116470337,0.0,2.619336783885956,0.0,1130.2535657821572,139.1764927888289
692,-4.941646099090576,-3519.495999680599,0.4469718635082245,0.0,0.36468249559402466,0.0,0.7606547474861145,0.0,1.5723091065883636,0.0,1131.8258748887456,139.1764927888289
693,-5.172909736633301,-3524.6689094172325,0.45421919226646423,0.0,0.3876185119152069,0.0,0.8165318369865417,0.0,1.658369541168213,0.0,1133.4842444299138,139.1764927888289
694,-5.907617568969727,-3530.576526986202,0.57329261302948,0.0,0.19325745105743408,0.0,1.1177921295166016,0.0,1.8843421936035156,0.0,1135.3685866235173,139.1764927888289
695,-5.094179153442383,-3535.6707061396446,0.3560788035392761,0.0,0.18901224434375763,0.0,1.1085724830627441,0.0,1.653663530945778,0.0,1137.022250154463,139.1764927888289
696,-3.122891426086426,-3538.793597565731,0.35421058535575867,0.0,0.18733283877372742,0.0,0.42208048701286316,0.0,0.9636239111423492,0.0,1137.9858740656055,139.1764927888289
697,-3.1272006034851074,-3541.920798169216,0.3527388870716095,0.0,0.18591776490211487,0.0,0.41900184750556946,0.0,0.9576584994792938,0.0,1138.9435325650848,139.1764927888289
698,-3.148533821105957,-3545.069331990322,0.3514370918273926,0.0,0.18461598455905914,0.0,0.4166029393672943,0.0,0.952656015753746,0.0,1139.8961885808385,139.1764927888289
699,-3.297630786895752,-3548.366962777218,0.35007867217063904,0.0,0.1873515099287033,0.0,0.4188297688961029,0.0,0.9562599509954453,0.0,1140.852448531834,139.1764927888289
700,-3.5538547039031982,-3551.920817481121,0.34860697388648987,0.0,0.20223666727542877,0.0,0.4351603388786316,0.0,0.9860039800405502,0.0,1141.8384525118745,139.1764927888289
701,-3.8108677864074707,-3555.7316852675285,0.3487769067287445,0.0,0.23087537288665771,0.0,0.49980950355529785,0.0,1.0794617831707,0.0,1142.9179142950452,139.1764927888289
702,-3.5162572860717773,-3559.2479425536003,0.3108523190021515,0.0,0.24310490489006042,0.0,0.4586373567581177,0.0,1.0125945806503296,0.0,1143.9305088756955,139.1764927888289
703,-6.342865943908691,-3565.590808497509,1.3067142963409424,0.0,0.20033147931098938,0.0,0.3139246702194214,0.0,1.8209704458713531,0.0,1145.7514793215669,139.1764927888289
704,-4.901924133300781,-3570.4927326308098,0.7592211961746216,0.0,0.2643275260925293,0.0,0.2989349663257599,0.0,1.3224836885929108,0.0,1147.0739630101598,139.1764927888289
705,-9.068284034729004,-3579.561016665539,1.9054900407791138,0.0,0.24723315238952637,0.0,0.8402770757675171,0.0,2.9930002689361572,0.0,1150.066963279096,139.1764927888289
706,-4.707959920167923,-3584.2689765857067,1.2209644317626953,0.0,0.09429768472909927,0.0,0.0,0.18462733924388885,1.1306347772479057,0.0,1151.1975980563438,139.1764927888289
707,-0.006514467764645815,-3584.2754910534713,0.0,1.0740123987197876,0.0017803049413487315,0.0,0.0,0.3524157404899597,0.0,1.4246478342683986,1151.1975980563438,140.6011406230973
708,-0.22146353125572205,-3584.496954584727,0.0,1.1632142066955566,0.06494231522083282,0.0,0.0,0.057513393461704254,0.0,1.155785284936428,1151.1975980563438,141.75692590803374
709,0.0,-3584.496954584727,0.0,0.9385082721710205,0.0,0.16362735629081726,0.0,0.25184541940689087,0.0,1.3539810478687286,1151.1975980563438,143.11090695590246
710,0.0,-3584.496954584727,0.0,0.5056313276290894,0.0,0.13752496242523193,0.0,0.47904282808303833,0.0,1.1221991181373596,1151.1975980563438,144.23310607403982
711,0.0,-3584.496954584727,0.0,0.6964879035949707,0.0,0.025233205407857895,0.0,0.09830903261899948,0.0,0.8200301416218281,1151.1975980563438,145.05313621566165
712,-0.3350776135921478,-3584.832032198319,0.0,0.03524324670433998,0.0,0.09797130525112152,0.10400160402059555,0.0,0.0,0.02921294793486595,1151.1975980563438,145.08234916359652
713,-2.800969123840332,-3587.6330013221595,0.20622381567955017,0.0,0.025920702144503593,0.0,0.6575417518615723,0.0,0.889686269685626,0.0,1152.0872843260295,145.08234916359652
714,-6.457418918609619,-3594.090420240769,0.3609231412410736,0.0,0.5004211664199829,0.0,1.242984414100647,0.0,2.1043287217617035,0.0,1154.1916130477912,145.08234916359652
715,-6.905878067016602,-3600.9962983077858,0.861149787902832,0.0,0.46824032068252563,0.0,0.9758043885231018,0.0,2.3051944971084595,0.0,1156.4968075448996,145.08234916359652
716,-7.947148323059082,-3608.943446630845,1.2025023698806763,0.0,0.36468249559402466,0.0,1.0705604553222656,0.0,2.6377453207969666,0.0,1159.1345528656966,145.08234916359652
717,-9.017457008361816,-3617.9609036392067,1.5637325048446655,0.0,0.3876185119152069,0.0,1.0430465936660767,0.0,2.994397610425949,0.0,1162.1289504761226,145.08234916359652
718,-10.258955001831055,-3628.2198586410377,0.4215100109577179,0.0,0.19325745105743408,0.0,2.6652984619140625,0.0,3.2800659239292145,0.0,1165.4090164000518,145.08234916359652
