time_step,reward,all_rewards,grid_import_Building_1_kwh,export_Building_1_kwh,grid_import_Building_2_kwh,export_Building_2_kwh,grid_import_Building_3_kwh,export_Building_3_kwh,grid_import_kwh,export_kwh,cumulative_grid_import_kwh,cumulative_export_kwh
0,-4.285096645355225,-4.285096645355225,2.033644199371338,0.0,0.5619984865188599,0.0,1.689454197883606,0.0,4.285096883773804,0.0,4.285096883773804,0.0
1,-1.5053914785385132,-5.790488123893738,0.8462807536125183,0.0,0.18591776490211487,0.0,0.47319296002388,0.0,1.5053914785385132,0.0,5.790488362312317,0.0
2,-1.35512113571167,-7.145609259605408,0.7249863147735596,0.0,0.18461598455905914,0.0,0.4455188810825348,0.0,1.3551211804151535,0.0,7.14560954272747,0.0
3,-1.2535982131958008,-8.399207472801208,0.6327978372573853,0.0,0.1873515099287033,0.0,0.433448851108551,0.0,1.2535981982946396,0.0,8.39920774102211,0.0
4,-1.2445526123046875,-9.643760085105896,0.6071555614471436,0.0,0.20223666727542877,0.0,0.4351603388786316,0.0,1.244552567601204,0.0,9.643760308623314,0.0
5,-1.7313138246536255,-11.375073909759521,1.00062894821167,0.0,0.23087537288665771,0.0,0.49980950355529785,0.0,1.7313138246536255,0.0,11.37507413327694,0.0
6,-2.8889198303222656,-14.263993740081787,1.607621669769287,0.0,0.24817126989364624,0.0,1.033126950263977,0.0,2.8889198899269104,0.0,14.26399402320385,0.0
7,-1.763502597808838,-16.027496337890625,0.5342340469360352,0.0,0.3452141582965851,0.0,0.8840543627738953,0.0,1.7635025680065155,0.0,16.027496591210365,0.0
8,-9.774259567260742,-25.801755905151367,4.653266429901123,0.0,2.933849573135376,0.0,2.187143325805664,0.0,9.774259328842163,0.0,25.80175592005253,0.0
9,-3.2866463661193848,-29.088402271270752,0.48263463377952576,0.0,0.6722479462623596,0.0,2.1317636966705322,0.0,3.2866462767124176,0.0,29.088402196764946,0.0
10,-1.9179718494415283,-31.00637412071228,0.0,0.3569531738758087,0.6334824562072754,0.0,1.284489393234253,0.0,1.5610186755657196,0.0,30.649420872330666,0.0
11,-3.455195903778076,-34.461570024490356,1.8172708749771118,0.0,0.6685148477554321,0.0,0.969410240650177,0.0,3.455195963382721,0.0,34.10461683571339,0.0
12,-1.9672014713287354,-36.42877149581909,0.26597872376441956,0.0,0.9704316258430481,0.0,0.7307910919189453,0.0,1.967201441526413,0.0,36.0718182772398,0.0
13,0.0,-36.42877149581909,0.0,1.293045997619629,0.0,0.2805768847465515,0.0,0.6318330764770508,0.0,2.205455958843231,36.0718182772398,2.205455958843231
14,0.0,-36.42877149581909,0.0,0.95054030418396,0.0,0.163893923163414,0.0,0.7738050222396851,0.0,1.888239249587059,36.0718182772398,4.09369520843029
15,-1.3265159130096436,-37.755287408828735,0.16432055830955505,0.0,1.0962364673614502,0.0,0.06595885753631592,0.0,1.3265158832073212,0.0,37.39833416044712,4.09369520843029
16,-0.2912794053554535,-38.04656681418419,0.0,0.1696302890777588,0.2912794053554535,0.0,0.0,0.2320985496044159,0.0,0.11044943332672119,37.39833416044712,4.204144641757011
17,-0.6364187002182007,-38.68298551440239,0.1799376904964447,0.0,0.3064201772212982,0.0,0.15006080269813538,0.0,0.6364186704158783,0.0,38.034752830863,4.204144641757011
18,-1.3913612365722656,-40.074346750974655,0.4625154137611389,0.0,0.16118374466896057,0.0,0.7676620483398438,0.0,1.3913612067699432,0.0,39.42611403763294,4.204144641757011
19,-2.449221134185791,-42.523567885160446,1.0769085884094238,0.0,0.3912005126476288,0.0,0.9811120629310608,0.0,2.4492211639881134,0.0,41.875335201621056,4.204144641757011
20,-2.3802783489227295,-44.903846234083176,0.5288646817207336,0.0,0.780853271484375,0.0,1.0705604553222656,0.0,2.3802784085273743,0.0,44.25561361014843,4.204144641757011
21,-3.286937713623047,-48.19078394770622,0.9365671873092651,0.0,0.3876185119152069,0.0,1.962751865386963,0.0,3.286937564611435,0.0,47.542551174759865,4.204144641757011
22,-3.7092294692993164,-51.90001341700554,0.4215100109577179,0.0,1.3195194005966187,0.0,1.9681999683380127,0.0,3.7092293798923492,0.0,51.251780554652214,4.204144641757011
23,-3.708310842514038,-55.60832425951958,0.3560788035392761,0.0,1.3152742385864258,0.0,2.0369577407836914,0.0,3.7083107829093933,0.0,54.96009133756161,4.204144641757011
24,-2.089885950088501,-57.69821020960808,0.35421058535575867,0.0,1.3135948181152344,0.0,0.42208048701286316,0.0,2.089885890483856,0.0,57.049977228045464,4.204144641757011
25,-0.9509491920471191,-58.6491594016552,0.3527388870716095,0.0,0.17920845746994019,0.0,0.41900184750556946,0.0,0.9509491920471191,0.0,58.00092642009258,4.204144641757011
26,-0.9367231130599976,-59.585882514715195,0.3514370918273926,0.0,0.16868312656879425,0.0,0.4166029393672943,0.0,0.9367231577634811,0.0,58.937649577856064,4.204144641757011
27,-1.7249802350997925,-61.31086274981499,0.35007867217063904,0.0,0.1873515099287033,0.0,1.1875500679016113,0.0,1.7249802500009537,0.0,60.66262982785702,4.204144641757011
28,-1.992091417312622,-63.30295416712761,1.3546943664550781,0.0,0.20223666727542877,0.0,0.4351603388786316,0.0,1.9920913726091385,0.0,62.654721200466156,4.204144641757011
29,-2.0965375900268555,-65.39949175715446,1.3658525943756104,0.0,0.23087537288665771,0.0,0.49980950355529785,0.0,2.096537470817566,0.0,64.75125867128372,4.204144641757011
30,-2.032391309738159,-67.43188306689262,1.3301458358764648,0.0,0.24327263236045837,0.0,0.4589728116989136,0.0,2.032391279935837,0.0,66.78364995121956,4.204144641757011
31,-0.7622600793838501,-68.19414314627647,0.07796920090913773,0.0,0.19240280985832214,0.0,0.49188804626464844,0.0,0.7622600570321083,0.0,67.54591000825167,4.204144641757011
32,-1.800918698310852,-69.99506184458733,0.0,0.36149874329566956,1.310782790184021,0.0,0.49013590812683105,0.0,1.4394199550151825,0.0,68.98532996326685,4.204144641757011
33,-0.3876694291830063,-70.38273127377033,0.0,0.4318349361419678,0.13957519829273224,0.0,0.24809423089027405,0.0,0.0,0.04416550695896149,68.98532996326685,4.248310148715973
34,-0.44446785748004913,-70.82719913125038,0.06265433132648468,0.0,0.38181352615356445,0.0,0.0,0.018229525536298752,0.4262383319437504,0.0,69.4115682952106,4.248310148715973
35,-0.5458567142486572,-71.37305584549904,0.3224653899669647,0.0,0.2233913242816925,0.0,0.0,0.21491865813732147,0.33093805611133575,0.0,69.74250635132194,4.248310148715973
36,-4.797369956970215,-76.17042580246925,4.797369956970215,0.0,0.0,0.04580845683813095,0.0,0.4474849998950958,4.304076500236988,0.0,74.04658285155892,4.248310148715973
37,-1.7521350383758545,-77.92256084084511,1.7521350383758545,0.0,0.0,0.17027628421783447,0.0,0.596929669380188,0.984929084777832,0.0,75.03151193633676,4.248310148715973
38,0.0,-77.92256084084511,0.0,0.5143934488296509,0.0,0.05979296937584877,0.0,0.06400222331285477,0.0,0.6381886415183544,75.03151193633676,4.886498790234327
39,-0.7720916271209717,-78.69465246796608,0.0,0.6550762057304382,0.7720916271209717,0.0,0.0,0.24682287871837616,0.0,0.1298074573278427,75.03151193633676,5.01630624756217
40,-1.1289808750152588,-79.82363334298134,0.447745680809021,0.0,0.19314506649971008,0.0,0.4880902171134949,0.0,1.128980964422226,0.0,76.16049290075898,5.01630624756217
41,-0.3666064143180847,-80.19023975729942,0.0,0.14580199122428894,0.0,0.00994577631354332,0.3666064143180847,0.0,0.21085864678025246,0.0,76.37135154753923,5.01630624756217
42,-2.4748167991638184,-82.66505655646324,1.109107494354248,0.0,0.2910788059234619,0.0,1.074630618095398,0.0,2.474816918373108,0.0,78.84616846591234,5.01630624756217
43,-1.703869104385376,-84.36892566084862,0.7583456039428711,0.0,0.21914196014404297,0.0,0.7263814806938171,0.0,1.7038690447807312,0.0,80.55003751069307,5.01630624756217
44,-2.9432787895202637,-87.31220445036888,2.2908387184143066,0.0,0.20169100165367126,0.0,0.4507490396499634,0.0,2.9432787597179413,0.0,83.49331627041101,5.01630624756217
45,-1.530853033065796,-88.84305748343468,0.6353296637535095,0.0,0.19623863697052002,0.0,0.6992846727371216,0.0,1.5308529734611511,0.0,85.02416924387217,5.01630624756217
46,-1.4290204048156738,-90.27207788825035,0.5435421466827393,0.0,0.19325745105743408,0.0,0.6922207474708557,0.0,1.429020345211029,0.0,86.4531895890832,5.01630624756217
47,-0.9907427430152893,-91.26282063126564,0.37498530745506287,0.0,0.18901224434375763,0.0,0.4267451763153076,0.0,0.9907427281141281,0.0,87.44393231719732,5.01630624756217
48,-0.9636238813400269,-92.22644451260567,0.35421058535575867,0.0,0.18733283877372742,0.0,0.42208048701286316,0.0,0.9636239111423492,0.0,88.40755622833967,5.01630624756217
49,-0.9576585292816162,-93.18410304188728,0.3527388870716095,0.0,0.18591776490211487,0.0,0.41900184750556946,0.0,0.9576584994792938,0.0,89.36521472781897,5.01630624756217
50,-0.9526560306549072,-94.13675907254219,0.3514370918273926,0.0,0.18461598455905914,0.0,0.4166029393672943,0.0,0.952656015753746,0.0,90.31787074357271,5.01630624756217
51,-0.9410372972488403,-95.07779636979103,0.3348560631275177,0.0,0.1873515099287033,0.0,0.4188297688961029,0.0,0.9410373419523239,0.0,91.25890808552504,5.01630624756217
52,-0.9860039949417114,-96.06380036473274,0.34860697388648987,0.0,0.20223666727542877,0.0,0.4351603388786316,0.0,0.9860039800405502,0.0,92.24491206556559,5.01630624756217
53,-1.0794618129730225,-97.14326217770576,0.3487769067287445,0.0,0.23087537288665771,0.0,0.49980950355529785,0.0,1.0794617831707,0.0,93.32437384873629,5.01630624756217
54,-0.9919222593307495,-98.13518443703651,0.30258339643478394,0.0,0.23897044360637665,0.0,0.4503684341907501,0.0,0.9919222742319107,0.0,94.3162961229682,5.01630624756217
55,-1.1287806034088135,-99.26396504044533,0.5197288393974304,0.0,0.2986651062965393,0.0,0.31038662791252136,0.0,1.128780573606491,0.0,95.44507669657469,5.01630624756217
56,-2.9914207458496094,-102.25538578629494,0.794775664806366,0.0,1.3306628465652466,0.0,0.8659823536872864,0.0,2.991420865058899,0.0,98.43649756163359,5.01630624756217
57,-1.7802080810070038,-104.03559386730194,0.0,0.5403615236282349,1.3545960187911987,0.0,0.42561206221580505,0.0,1.239846557378769,0.0,99.67634411901236,5.01630624756217
58,-1.721648931503296,-105.75724279880524,0.18284235894680023,0.0,0.04807596653699875,0.0,1.4907306432724,0.0,1.7216489687561989,0.0,101.39799308776855,5.01630624756217
59,-1.274584412574768,-107.03182721138,0.0,1.0440349578857422,1.274584412574768,0.0,0.0,0.3224382996559143,0.0,0.09188884496688843,101.39799308776855,5.1081950925290585
60,-0.3657621741294861,-107.39758938550949,0.0,1.0866937637329102,0.3657621741294861,0.0,0.0,0.11811089515686035,0.0,0.8390424847602844,101.39799308776855,5.947237577289343
61,-7.003236293792725,-114.40082567930222,0.0,0.7644610404968262,0.0,0.18274803459644318,7.003236293792725,0.0,6.056027218699455,0.0,107.45402030646801,5.947237577289343
62,0.0,-114.40082567930222,0.0,0.6829460859298706,0.0,0.16892418265342712,0.0,0.05988061800599098,0.0,0.9117508865892887,107.45402030646801,6.858988463878632
63,-2.0864264369010925,-116.48725211620331,1.561369776725769,0.0,0.0,0.013574364595115185,0.5250566601753235,0.0,2.0728520723059773,0.0,109.52687237877399,6.858988463878632
64,-2.13383150100708,-118.62108361721039,0.9007319211959839,0.0,0.011278570629656315,0.0,1.2218209505081177,0.0,2.133831442333758,0.0,111.66070382110775,6.858988463878632
65,-1.0445339679718018,-119.66561758518219,0.14395681023597717,0.0,0.21786905825138092,0.0,0.6827080249786377,0.0,1.0445338934659958,0.0,112.70523771457374,6.858988463878632
66,-3.2661426067352295,-122.93176019191742,0.9867361783981323,0.0,0.313500314950943,0.0,1.9659061431884766,0.0,3.266142636537552,0.0,115.97138035111129,6.858988463878632
67,-2.5142626762390137,-125.44602286815643,0.8331621885299683,0.0,0.35911455750465393,0.0,1.3219858407974243,0.0,2.5142625868320465,0.0,118.48564293794334,6.858988463878632
68,-2.139162540435791,-127.58518540859222,0.6107575297355652,0.0,0.36468249559402466,0.0,1.1637225151062012,0.0,2.139162540435791,0.0,120.62480547837913,6.858988463878632
69,-2.2731752395629883,-129.8583606481552,0.6353296637535095,0.0,0.4478263854980469,0.0,1.1900190114974976,0.0,2.273175060749054,0.0,122.89798053912818,6.858988463878632
70,-1.111764669418335,-130.97012531757355,0.48252609372138977,0.0,0.19325745105743408,0.0,0.4359810948371887,0.0,1.1117646396160126,0.0,124.0097451787442,6.858988463878632
71,-1.48699951171875,-132.4571248292923,0.8712420463562012,0.0,0.18901224434375763,0.0,0.4267451763153076,0.0,1.4869994670152664,0.0,125.49674464575946,6.858988463878632
72,-0.968881368637085,-133.42600619792938,0.3594680726528168,0.0,0.18733283877372742,0.0,0.42208048701286316,0.0,0.9688813984394073,0.0,126.46562604419887,6.858988463878632
73,-0.9576585292816162,-134.383664727211,0.3527388870716095,0.0,0.18591776490211487,0.0,0.41900184750556946,0.0,0.9576584994792938,0.0,127.42328454367816,6.858988463878632
74,-0.9526560306549072,-135.3363207578659,0.3514370918273926,0.0,0.18461598455905914,0.0,0.4166029393672943,0.0,0.952656015753746,0.0,128.3759405594319,6.858988463878632
75,-0.9410372972488403,-136.27735805511475,0.3348560631275177,0.0,0.1873515099287033,0.0,0.4188297688961029,0.0,0.9410373419523239,0.0,129.31697790138423,6.858988463878632
76,-0.9860039949417114,-137.26336205005646,0.34860697388648987,0.0,0.20223666727542877,0.0,0.4351603388786316,0.0,0.9860039800405502,0.0,130.30298188142478,6.858988463878632
77,-2.1263625621795654,-139.38972461223602,1.3677350282669067,0.0,0.23087537288665771,0.0,0.5277521014213562,0.0,2.1263625025749207,0.0,132.4293443839997,6.858988463878632
78,-2.527252197265625,-141.91697680950165,0.3598918616771698,0.0,0.25422030687332153,0.0,1.9131399393081665,0.0,2.527252107858658,0.0,134.95659649185836,6.858988463878632
79,-1.490822196006775,-143.40779900550842,0.500566840171814,0.0,0.3611260652542114,0.0,0.6291292905807495,0.0,1.490822196006775,0.0,136.44741868786514,6.858988463878632
80,-3.3595399856567383,-146.76733899116516,0.14558805525302887,0.0,1.4911385774612427,0.0,1.722813367843628,0.0,3.3595400005578995,0.0,139.80695868842304,6.858988463878632
81,-5.804877579212189,-152.57221657037735,0.0,0.19974814355373383,5.271503925323486,0.0,0.5333736538887024,0.0,5.605129435658455,0.0,145.4120881240815,6.858988463878632
82,-3.1920888423919678,-155.76430541276932,0.10277063399553299,0.0,2.151782751083374,0.0,0.9375355243682861,0.0,3.192088909447193,0.0,148.60417703352869,6.858988463878632
83,-1.7919499278068542,-157.55625534057617,0.0,0.3503643572330475,0.8559265732765198,0.0,0.9360233545303345,0.0,1.4415855705738068,0.0,150.0457626041025,6.858988463878632
84,-0.8143599033355713,-158.37061524391174,0.0,0.48728668689727783,0.0,0.758628249168396,0.8143599033355713,0.0,0.0,0.43155503273010254,150.0457626041025,7.290543496608734
85,-0.08687037974596024,-158.4574856236577,0.0,0.10344289988279343,0.08687037974596024,0.0,0.0,0.06797640770673752,0.0,0.08454892784357071,150.0457626041025,7.375092424452305
86,0.0,-158.4574856236577,0.0,0.5747829079627991,0.0,1.9526371955871582,0.0,0.2017921507358551,0.0,2.7292122542858124,150.0457626041025,10.104304678738117
87,0.0,-158.4574856236577,0.0,0.6318455934524536,0.0,0.006320870015770197,0.0,0.15823568403720856,0.0,0.7964021475054324,150.0457626041025,10.90070682624355
88,-0.19390042126178741,-158.6513860449195,0.0,0.3609931766986847,0.19390042126178741,0.0,0.0,0.052840862423181534,0.0,0.2199336178600788,150.0457626041025,11.120640444103628
89,-2.507204532623291,-161.15859057754278,0.9598867297172546,0.0,1.2953776121139526,0.0,0.25194022059440613,0.0,2.5072045624256134,0.0,152.5529671665281,11.120640444103628
90,-1.5222392082214355,-162.68082978576422,0.398721843957901,0.0,0.29576143622398376,0.0,0.827755868434906,0.0,1.5222391486167908,0.0,154.0752063151449,11.120640444103628
91,-1.805208683013916,-164.48603846877813,0.5945645570755005,0.0,0.4842626452445984,0.0,0.7263814806938171,0.0,1.805208683013916,0.0,155.8804149981588,11.120640444103628
92,-2.0617852210998535,-166.547823689878,0.9364479184150696,0.0,0.36468249559402466,0.0,0.7606547474861145,0.0,2.0617851614952087,0.0,157.94220015965402,11.120640444103628
93,-1.748924732208252,-168.29674842208624,0.5447744131088257,0.0,0.3876185119152069,0.0,0.8165318369865417,0.0,1.7489247620105743,0.0,159.6911249216646,11.120640444103628
94,-1.9517195224761963,-170.24846794456244,0.6589604616165161,0.0,0.3296126127243042,0.0,0.963146448135376,0.0,1.9517195224761963,0.0,161.6428444441408,11.120640444103628
95,-1.1967880725860596,-171.4452560171485,0.3560788035392761,0.0,0.3141602873802185,0.0,0.5265489816665649,0.0,1.1967880725860596,0.0,162.83963251672685,11.120640444103628
96,-0.9942672252655029,-172.439523242414,0.35421058535575867,0.0,0.18733283877372742,0.0,0.45272377133369446,0.0,0.9942671954631805,0.0,163.83389971219003,11.120640444103628
97,-0.9556514024734497,-173.39517464488745,0.3527388870716095,0.0,0.18591776490211487,0.0,0.41699478030204773,0.0,0.9556514322757721,0.0,164.7895511444658,11.120640444103628
98,-0.9526560306549072,-174.34783067554235,0.3514370918273926,0.0,0.18461598455905914,0.0,0.4166029393672943,0.0,0.952656015753746,0.0,165.74220716021955,11.120640444103628
99,-0.9562599658966064,-175.30409064143896,0.35007867217063904,0.0,0.1873515099287033,0.0,0.4188297688961029,0.0,0.9562599509954453,0.0,166.698467111215,11.120640444103628
100,-1.8919508457183838,-177.19604148715734,1.2545539140701294,0.0,0.20223666727542877,0.0,0.4351603388786316,0.0,1.8919509202241898,0.0,168.59041803143919,11.120640444103628
101,-1.1055219173431396,-178.30156340450048,0.3468944728374481,0.0,0.23087537288665771,0.0,0.5277521014213562,0.0,1.105521947145462,0.0,169.69593997858465,11.120640444103628
102,-1.7737758159637451,-180.07533922046423,1.0784878730773926,0.0,0.2409534454345703,0.0,0.45433443784713745,0.0,1.7737757563591003,0.0,171.46971573494375,11.120640444103628
103,-2.8315629959106445,-182.90690221637487,1.406815528869629,0.0,1.11617112159729,0.0,0.3085762858390808,0.0,2.8315629363059998,0.0,174.30127867124975,11.120640444103628
104,-0.5558802485466003,-183.46278246492147,0.26671406626701355,0.0,0.23807062208652496,0.0,0.05109556391835213,0.0,0.5558802522718906,0.0,174.85715892352164,11.120640444103628
105,-0.23039452731609344,-183.69317699223757,0.0,0.4958544075489044,0.23039452731609344,0.0,0.0,0.13957266509532928,0.0,0.40503254532814026,174.85715892352164,11.525672989431769
106,0.0,-183.69317699223757,0.0,1.0164076089859009,0.0,0.015333311632275581,0.0,0.3945979177951813,0.0,1.4263388384133577,174.85715892352164,12.952011827845126
107,-0.5092339515686035,-184.20241094380617,0.0,0.9263487458229065,0.5092339515686035,0.0,0.0,0.5706278085708618,0.0,0.9877426028251648,174.85715892352164,13.939754430670291
108,-0.11997632682323456,-184.3223872706294,0.0,0.966838538646698,0.0,0.012424386106431484,0.11997632682323456,0.0,0.0,0.8592865979298949,174.85715892352164,14.799041028600186
109,0.0,-184.3223872706294,0.0,0.7738717198371887,0.0,0.1327192634344101,0.0,0.4543624222278595,0.0,1.3609534054994583,174.85715892352164,16.159994434099644
110,0.0,-184.3223872706294,0.0,0.8958898782730103,0.0,0.26121532917022705,0.0,0.5466712713241577,0.0,1.703776478767395,174.85715892352164,17.86377091286704
111,0.0,-184.3223872706294,0.0,0.5852379202842712,0.0,0.15857301652431488,0.0,0.34786614775657654,0.0,1.0916770845651627,174.85715892352164,18.955447997432202
112,0.0,-184.3223872706294,0.0,0.48445454239845276,0.0,0.14671702682971954,0.0,0.1763022094964981,0.0,0.8074737787246704,174.85715892352164,19.762921776156873
113,-1.6510711908340454,-185.97345846146345,0.8948801755905151,0.0,0.08385171741247177,0.0,0.6723393201828003,0.0,1.6510712131857872,0.0,176.50823013670743,19.762921776156873
114,-2.081084728240967,-188.05454318970442,0.37103885412216187,0.0,0.15303760766983032,0.0,1.5570083856582642,0.0,2.0810848474502563,0.0,178.58931498415768,19.762921776156873
115,-3.8967509269714355,-191.95129411667585,0.7546690702438354,0.0,0.21914196014404297,0.0,2.9229397773742676,0.0,3.896750807762146,0.0,182.48606579191983,19.762921776156873
116,-2.386841058731079,-194.33813517540693,0.4469718635082245,0.0,0.36468249559402466,0.0,1.5751867294311523,0.0,2.3868410885334015,0.0,184.87290688045323,19.762921776156873
117,-1.1943271160125732,-195.5324622914195,0.3636639416217804,0.0,0.3876185119152069,0.0,0.4430446922779083,0.0,1.1943271458148956,0.0,186.06723402626812,19.762921776156873
118,-1.6358888149261475,-197.16835110634565,0.5967347025871277,0.0,0.3296126127243042,0.0,0.7095414996147156,0.0,1.6358888149261475,0.0,187.70312284119427,19.762921776156873
119,-1.2080751657485962,-198.37642627209425,0.5923177599906921,0.0,0.18901224434375763,0.0,0.4267451763153076,0.0,1.2080751806497574,0.0,188.91119802184403,19.762921776156873
120,-0.9636238813400269,-199.34005015343428,0.35421058535575867,0.0,0.18733283877372742,0.0,0.42208048701286316,0.0,0.9636239111423492,0.0,189.87482193298638,19.762921776156873
121,-0.9576585292816162,-200.2977086827159,0.3527388870716095,0.0,0.18591776490211487,0.0,0.41900184750556946,0.0,0.9576584994792938,0.0,190.83248043246567,19.762921776156873
122,-0.9526560306549072,-201.2503647133708,0.3514370918273926,0.0,0.18461598455905914,0.0,0.4166029393672943,0.0,0.952656015753746,0.0,191.78513644821942,19.762921776156873
123,-0.9345853328704834,-202.18495004624128,0.35007867217063904,0.0,0.1873515099287033,0.0,0.39715519547462463,0.0,0.934585377573967,0.0,192.71972182579339,19.762921776156873
124,-0.9860039949417114,-203.170954041183,0.34860697388648987,0.0,0.20223666727542877,0.0,0.4351603388786316,0.0,0.9860039800405502,0.0,193.70572580583394,19.762921776156873
125,-1.683093786239624,-204.85404782742262,0.9524089097976685,0.0,0.23087537288665771,0.0,0.49980950355529785,0.0,1.683093786239624,0.0,195.38881959207356,19.762921776156873
126,-13.249727249145508,-218.10377507656813,5.020469665527344,0.0,0.29751452803611755,0.0,7.931743621826172,0.0,13.249727815389633,0.0,208.6385474074632,19.762921776156873
127,-1.0115041732788086,-219.11527924984694,0.10226792097091675,0.0,0.28070199489593506,0.0,0.628534197807312,0.0,1.0115041136741638,0.0,209.65005152113736,19.762921776156873
128,-0.7270533442497253,-219.84233259409666,0.0,0.21943727135658264,0.26006796956062317,0.0,0.4669853746891022,0.0,0.5076160728931427,0.0,210.1576675940305,19.762921776156873
129,-4.702228546142578,-224.54456114023924,4.173412322998047,0.0,0.13157224655151367,0.0,0.39724376797676086,0.0,4.702228337526321,0.0,214.85989593155682,19.762921776156873
130,-0.21567924320697784,-224.76024038344622,0.0,0.837080717086792,0.10908318310976028,0.0,0.10659606009721756,0.0,0.0,0.6214014738798141,214.85989593155682,20.384323250036687
131,-0.010712550953030586,-224.77095293439925,0.0,1.1622930765151978,0.010712550953030586,0.0,0.0,0.5703308582305908,0.0,1.721911383792758,214.85989593155682,22.106234633829445
132,-0.11713474243879318,-224.88808767683804,0.0,1.1904658079147339,0.11713474243879318,0.0,0.0,0.6025114059448242,0.0,1.675842471420765,214.85989593155682,23.78207710525021
133,0.0,-224.88808767683804,0.0,1.2007795572280884,0.0,0.25800636410713196,0.0,0.7577298879623413,0.0,2.2165158092975616,214.85989593155682,25.99859291454777
134,0.0,-224.88808767683804,0.0,0.6445506811141968,0.0,0.2746831774711609,0.0,0.7411631345748901,0.0,1.6603969931602478,214.85989593155682,27.65898990770802
135,0.0,-224.88808767683804,0.0,0.895548939704895,0.0,0.1956094652414322,0.0,0.42193904519081116,0.0,1.5130974501371384,214.85989593155682,29.172087357845157
136,0.0,-224.88808767683804,0.0,0.5875452160835266,0.0,0.17033067345619202,0.0,0.22352951765060425,0.0,0.9814054071903229,214.85989593155682,30.15349276503548
137,-1.934357926249504,-226.82244560308754,1.7877622842788696,0.0,0.0,0.018772907555103302,0.14659564197063446,0.0,1.9155850186944008,0.0,216.77548095025122,30.15349276503548
138,-2.0044493675231934,-228.82689497061074,0.918773353099823,0.0,0.2831476926803589,0.0,0.8025283813476562,0.0,2.004449427127838,0.0,218.77993037737906,30.15349276503548
139,-2.5833797454833984,-231.41027471609414,1.6380316019058228,0.0,0.21908357739448547,0.0,0.7262647151947021,0.0,2.5833798944950104,0.0,221.36331027187407,30.15349276503548
140,-10.228029251098633,-241.63830396719277,7.694016456604004,0.0,0.20169100165367126,0.0,2.332322120666504,0.0,10.228029578924179,0.0,231.59133985079825,30.15349276503548
141,-1.7925924062728882,-243.43089637346566,0.7798219323158264,0.0,0.19623863697052002,0.0,0.8165318369865417,0.0,1.7925924062728882,0.0,233.38393225707114,30.15349276503548
142,-1.050748586654663,-244.48164496012032,0.4215100109577179,0.0,0.19325745105743408,0.0,0.4359810948371887,0.0,1.0507485568523407,0.0,234.43468081392348,30.15349276503548
143,-0.9718362092971802,-245.4534811694175,0.3560788035392761,0.0,0.18901224434375763,0.0,0.4267451763153076,0.0,0.9718362241983414,0.0,235.40651703812182,30.15349276503548
144,-0.9636238813400269,-246.41710505075753,0.35421058535575867,0.0,0.18733283877372742,0.0,0.42208048701286316,0.0,0.9636239111423492,0.0,236.37014094926417,30.15349276503548
145,-1.4107310771942139,-247.82783612795174,0.5866090059280396,0.0,0.18591776490211487,0.0,0.6382042765617371,0.0,1.4107310473918915,0.0,237.78087199665606,30.15349276503548
146,-1.15919029712677,-248.9870264250785,0.33876895904541016,0.0,0.18461598455905914,0.0,0.6358053684234619,0.0,1.1591903120279312,0.0,238.940062308684,30.15349276503548
147,-1.138565182685852,-250.12559160776436,0.3348560631275177,0.0,0.1873515099287033,0.0,0.6163576245307922,0.0,1.1385651975870132,0.0,240.078627506271,30.15349276503548
148,-1.0298445224761963,-251.15543613024056,0.34860697388648987,0.0,0.20223666727542877,0.0,0.4790008068084717,0.0,1.0298444479703903,0.0,241.1084719542414,30.15349276503548
149,-1.0756969451904297,-252.231133075431,0.3450120687484741,0.0,0.23087537288665771,0.0,0.49980950355529785,0.0,1.0756969451904297,0.0,242.18416889943182,30.15349276503548
150,-3.3968982696533203,-255.6280313450843,1.2575488090515137,0.0,0.8152798414230347,0.0,1.3240694999694824,0.0,3.3968981504440308,0.0,245.58106704987586,30.15349276503548
151,-1.3315662145614624,-256.9595975596458,0.3870762586593628,0.0,0.20606835186481476,0.0,0.738421618938446,0.0,1.3315662294626236,0.0,246.91263327933848,30.15349276503548
152,-1.9629350900650024,-258.9225326497108,1.4906659126281738,0.0,0.16592095792293549,0.0,0.30634817481040955,0.0,1.9629350453615189,0.0,248.8755683247,30.15349276503548
153,-0.19011560082435608,-259.11264825053513,0.0,0.5706719756126404,0.19011560082435608,0.0,0.0,0.02427547238767147,0.0,0.4048318471759558,248.8755683247,30.558324612211436
154,-0.2923145890235901,-259.4049628395587,0.0,0.7727327942848206,0.2923145890235901,0.0,0.0,0.27234557271003723,0.0,0.7527637779712677,248.8755683247,31.311088390182704
155,-5.870818793773651,-265.2757816333324,5.558165550231934,0.0,0.0,0.10667166113853455,0.31265324354171753,0.0,5.764147132635117,0.0,254.63971545733511,31.311088390182704
156,-0.291073739528656,-265.566855372861,0.0,0.03266453742980957,0.0,0.14224159717559814,0.291073739528656,0.0,0.11616760492324829,0.0,254.75588306225836,31.311088390182704
157,0.0,-265.566855372861,0.0,0.49131590127944946,0.0,0.2452315241098404,0.0,0.2801191210746765,0.0,1.0166665464639664,254.75588306225836,32.32775493664667
158,0.0,-265.566855372861,0.0,0.7494138479232788,0.0,0.2924632430076599,0.0,0.6091670989990234,0.0,1.6510441899299622,254.75588306225836,33.97879912657663
159,0.0,-265.566855372861,0.0,0.59209144115448,0.0,0.2047167718410492,0.0,0.6147118210792542,0.0,1.4115200340747833,254.75588306225836,35.390319160651416
160,-0.041530692018568516,-265.6083860648796,0.03444037213921547,0.0,0.0,0.16462194919586182,0.007090319879353046,0.0,0.0,0.1230912571772933,254.75588306225836,35.51341041782871
161,-2.053575813770294,-267.6619618786499,1.4606693983078003,0.0,0.0,0.006396973039954901,0.5929064154624939,0.0,2.0471788407303393,0.0,256.8030619029887,35.51341041782871
162,-3.0140810012817383,-270.67604287993163,1.0783368349075317,0.0,0.1577356457710266,0.0,1.7780084609985352,0.0,3.0140809416770935,0.0,259.8171428446658,35.51341041782871
163,-2.118300437927246,-272.7943433178589,0.6995631456375122,0.0,0.21890221536159515,0.0,1.1998350620269775,0.0,2.118300423026085,0.0,261.9354432676919,35.51341041782871
164,-2.8665988445281982,-275.6609421623871,1.4313558340072632,0.0,0.36468249559402466,0.0,1.0705604553222656,0.0,2.8665987849235535,0.0,264.80204205261543,35.51341041782871
165,-1.9310320615768433,-277.5919742239639,0.5447744131088257,0.0,0.19623863697052002,0.0,1.1900190114974976,0.0,1.9310320615768433,0.0,266.7330741141923,35.51341041782871
166,-0.9897325038909912,-278.5817067278549,0.3604939579963684,0.0,0.19325745105743408,0.0,0.4359810948371887,0.0,0.9897325038909912,0.0,267.72280661808327,35.51341041782871
167,-0.9718362092971802,-279.5535429371521,0.3560788035392761,0.0,0.18901224434375763,0.0,0.4267451763153076,0.0,0.9718362241983414,0.0,268.6946428422816,35.51341041782871
168,-0.9636238813400269,-280.5171668184921,0.35421058535575867,0.0,0.18733283877372742,0.0,0.42208048701286316,0.0,0.9636239111423492,0.0,269.65826675342396,35.51341041782871
169,-0.9576585292816162,-281.47482534777373,0.3527388870716095,0.0,0.18591776490211487,0.0,0.41900184750556946,0.0,0.9576584994792938,0.0,270.61592525290325,35.51341041782871
170,-0.9526560306549072,-282.42748137842864,0.3514370918273926,0.0,0.18461598455905914,0.0,0.4166029393672943,0.0,0.952656015753746,0.0,271.568581268657,35.51341041782871
171,-0.9562599658966064,-283.38374134432524,0.35007867217063904,0.0,0.1873515099287033,0.0,0.4188297688961029,0.0,0.9562599509954453,0.0,272.52484121965244,35.51341041782871
172,-0.9860039949417114,-284.36974533926696,0.34860697388648987,0.0,0.20223666727542877,0.0,0.4351603388786316,0.0,0.9860039800405502,0.0,273.510845199693,35.51341041782871
173,-3.647223711013794,-288.01696905028075,2.916538715362549,0.0,0.23087537288665771,0.0,0.49980950355529785,0.0,3.6472235918045044,0.0,277.1580687914975,35.51341041782871
174,-1.7574055194854736,-289.7743745697662,0.384336918592453,0.0,0.23963414132595062,0.0,1.133434534072876,0.0,1.7574055939912796,0.0,278.9154743854888,35.51341041782871
175,-1.402383804321289,-291.1767583740875,0.1516353189945221,0.0,0.7369452714920044,0.0,0.513803243637085,0.0,1.4023838341236115,0.0,280.3178582196124,35.51341041782871
176,-1.577296495437622,-292.75405486952513,1.1688817739486694,0.0,0.20974469184875488,0.0,0.19867007434368134,0.0,1.5772965401411057,0.0,281.8951547597535,35.51341041782871
177,-0.18657486140727997,-292.9406297309324,0.0,0.6238800287246704,0.18657486140727997,0.0,0.0,0.031356967985630035,0.0,0.4686621353030205,281.8951547597535,35.98207255313173
178,-0.03914664313197136,-292.9797763740644,0.0,0.9074476957321167,0.03914664313197136,0.0,0.0,0.2856380045413971,0.0,1.1539390571415424,281.8951547597535,37.13601161027327
179,-0.19224512577056885,-293.17202149983495,0.0,1.0420626401901245,0.19224512577056885,0.0,0.0,0.45010045170783997,0.0,1.2999179661273956,281.8951547597535,38.43592957640067
180,0.0,-293.17202149983495,0.0,1.1424123048782349,0.0,0.10660106688737869,0.0,0.5544579029083252,0.0,1.8034712746739388,281.8951547597535,40.239400851074606
181,0.0,-293.17202149983495,0.0,0.8901332020759583,0.0,0.21903814375400543,0.0,0.5087555646896362,0.0,1.6179269105196,281.8951547597535,41.857327761594206
182,0.0,-293.17202149983495,0.0,0.9799602627754211,0.0,0.23004119098186493,0.0,0.48432299494743347,0.0,1.6943244487047195,281.8951547597535,43.551652210298926
183,0.0,-293.17202149983495,0.0,0.8368264436721802,0.0,0.16624821722507477,0.0,0.3632165491580963,0.0,1.3662912100553513,281.8951547597535,44.91794342035428
184,0.0,-293.17202149983495,0.0,0.556738018989563,0.0,0.1549270749092102,0.0,0.19272230565547943,0.0,0.9043873995542526,281.8951547597535,45.82233081990853
185,-0.3552579879760742,-293.52727948781103,0.0,0.008356096222996712,0.0,0.009429455734789371,0.3552579879760742,0.0,0.33747243601828814,0.0,282.2326271957718,45.82233081990853
186,-1.4143707752227783,-294.9416502630338,0.6814900636672974,0.0,0.1543160378932953,0.0,0.5785647034645081,0.0,1.4143708050251007,0.0,283.6469980007969,45.82233081990853
187,-2.893423557281494,-297.8350738203153,1.0584359169006348,0.0,0.35834044218063354,0.0,1.476647138595581,0.0,2.8934234976768494,0.0,286.54042149847373,45.82233081990853
188,-3.0243310928344727,-300.8594049131498,0.8434675931930542,0.0,0.36468249559402466,0.0,1.816180944442749,0.0,3.024331033229828,0.0,289.56475253170356,45.82233081990853
189,-2.246004819869995,-303.10540973301977,0.5447744131088257,0.0,0.3876185119152069,0.0,1.3136118650436401,0.0,2.2460047900676727,0.0,291.81075732177123,45.82233081990853
190,-1.871687650680542,-304.9770973837003,0.3604939579963684,0.0,0.3296126127243042,0.0,1.1815810203552246,0.0,1.8716875910758972,0.0,293.68244491284713,45.82233081990853
191,-1.22037672996521,-306.1974741136655,0.3560788035392761,0.0,0.18901224434375763,0.0,0.6752856969833374,0.0,1.2203767448663712,0.0,294.9028216577135,45.82233081990853
192,-1.2801724672317505,-307.4776465808973,0.6707591414451599,0.0,0.18733283877372742,0.0,0.42208048701286316,0.0,1.2801724672317505,0.0,296.18299412494525,45.82233081990853
193,-1.0720446109771729,-308.54969119187444,0.34507817029953003,0.0,0.307964563369751,0.0,0.41900184750556946,0.0,1.0720445811748505,0.0,297.2550387061201,45.82233081990853
194,-0.9526560306549072,-309.50234722252935,0.3514370918273926,0.0,0.18461598455905914,0.0,0.4166029393672943,0.0,0.952656015753746,0.0,298.20769472187385,45.82233081990853
195,-0.9562599658966064,-310.45860718842596,0.35007867217063904,0.0,0.1873515099287033,0.0,0.4188297688961029,0.0,0.9562599509954453,0.0,299.1639546728693,45.82233081990853
196,-0.9860039949417114,-311.44461118336767,0.34860697388648987,0.0,0.20223666727542877,0.0,0.4351603388786316,0.0,0.9860039800405502,0.0,300.14995865290985,45.82233081990853
197,-1.0794618129730225,-312.5240729963407,0.3487769067287445,0.0,0.23087537288665771,0.0,0.49980950355529785,0.0,1.0794617831707,0.0,301.22942043608055,45.82233081990853
198,-1.8722254037857056,-314.3962984001264,1.1771295070648193,0.0,0.24088947474956512,0.0,0.4542064964771271,0.0,1.8722254782915115,0.0,303.10164591437206,45.82233081990853
199,-0.9122757911682129,-315.3085741912946,0.09793445467948914,0.0,0.3024880588054657,0.0,0.5118532776832581,0.0,0.9122757911682129,0.0,304.01392170554027,45.82233081990853
200,-1.9017574787139893,-317.2103316700086,1.3969422578811646,0.0,0.24484512209892273,0.0,0.25997012853622437,0.0,1.9017575085163116,0.0,305.9156792140566,45.82233081990853
201,-0.29184219241142273,-317.50217386242,0.0,0.6303125619888306,0.23515954613685608,0.0,0.05668264627456665,0.0,0.0,0.33847036957740784,305.9156792140566,46.16080118948594
202,-0.11333481408655643,-317.6155086765066,0.0,0.9267101287841797,0.10197068750858307,0.0,0.011364126577973366,0.0,0.0,0.8133753146976233,305.9156792140566,46.97417650418356
203,-0.2947581708431244,-317.9102668473497,0.0,0.5439062714576721,0.1573142409324646,0.0,0.1374439299106598,0.0,0.0,0.24914810061454773,305.9156792140566,47.22332460479811
204,-0.008087906055152416,-317.91835475340486,0.0,0.35866621136665344,0.008087906055152416,0.0,0.0,0.16686540842056274,0.0,0.5174437137320638,305.9156792140566,47.74076831853017
205,-4.995195211842656,-322.9135499652475,0.0,0.08942629396915436,0.025905432179570198,0.0,4.969289779663086,0.0,4.905768917873502,0.0,310.8214481319301,47.74076831853017
206,-1.3493021428585052,-324.262852108106,0.487641304731369,0.0,0.0,0.1010127067565918,0.8616608381271362,0.0,1.2482894361019135,0.0,312.069737568032,47.74076831853017
207,-0.40926867723464966,-324.67212078534067,0.1957930475473404,0.0,0.05972663313150406,0.0,0.1537490040063858,0.0,0.40926868468523026,0.0,312.4790062527172,47.74076831853017
208,-0.23267818614840508,-324.9047989714891,0.0,0.24827715754508972,0.04585401341319084,0.0,0.18682417273521423,0.0,0.0,0.015598971396684647,312.4790062527172,47.75636728992686
209,-1.0909188985824585,-325.99571787007153,0.1961147040128708,0.0,0.1650208830833435,0.0,0.729783296585083,0.0,1.0909188836812973,0.0,313.5699251363985,47.75636728992686
210,-2.516575336456299,-328.51229320652783,0.3991195857524872,0.0,0.29596030712127686,0.0,1.8214954137802124,0.0,2.5165753066539764,0.0,316.0865004430525,47.75636728992686
211,-2.8092408180236816,-331.3215340245515,0.9786856770515442,0.0,0.3576768636703491,0.0,1.472878098487854,0.0,2.8092406392097473,0.0,318.89574108226225,47.75636728992686
212,-2.0460004806518555,-333.36753450520337,0.6107575297355652,0.0,0.36468249559402466,0.0,1.0705604553222656,0.0,2.0460004806518555,0.0,320.9417415629141,47.75636728992686
213,-2.2129671573638916,-335.58050166256726,0.6353296637535095,0.0,0.3876185119152069,0.0,1.1900190114974976,0.0,2.212967187166214,0.0,323.1547087500803,47.75636728992686
214,-2.384705066680908,-337.96520672924817,0.48252609372138977,0.0,0.9190770387649536,0.0,0.9831019043922424,0.0,2.384705036878586,0.0,325.5394137869589,47.75636728992686
215,-1.0096492767333984,-338.97485600598156,0.3938917815685272,0.0,0.18901224434375763,0.0,0.4267451763153076,0.0,1.0096492022275925,0.0,326.5490629891865,47.75636728992686
216,-0.9662526845932007,-339.94110869057477,0.3568393290042877,0.0,0.18733283877372742,0.0,0.42208048701286316,0.0,0.9662526547908783,0.0,327.5153156439774,47.75636728992686
217,-0.9499977827072144,-340.891106473282,0.34507817029953003,0.0,0.18591776490211487,0.0,0.41900184750556946,0.0,0.9499977827072144,0.0,328.4653134266846,47.75636728992686
218,-1.1704277992248535,-342.06153427250683,0.5692089200019836,0.0,0.18461598455905914,0.0,0.4166029393672943,0.0,1.170427843928337,0.0,329.6357412706129,47.75636728992686
219,-0.9562599658966064,-343.01779423840344,0.35007867217063904,0.0,0.1873515099287033,0.0,0.4188297688961029,0.0,0.9562599509954453,0.0,330.59200122160837,47.75636728992686
220,-0.9860039949417114,-344.00379823334515,0.34860697388648987,0.0,0.20223666727542877,0.0,0.4351603388786316,0.0,0.9860039800405502,0.0,331.5780052016489,47.75636728992686
221,-2.462083578109741,-346.4658818114549,1.7313987016677856,0.0,0.23087537288665771,0.0,0.49980950355529785,0.0,2.462083578109741,0.0,334.04008877975866,47.75636728992686
222,-0.9886724948883057,-347.4545543063432,0.30128347873687744,0.0,0.2383204847574234,0.0,0.44906851649284363,0.0,0.9886724799871445,0.0,335.0287612597458,47.75636728992686
223,-0.5891687870025635,-348.04372309334576,0.057517584413290024,0.0,0.20612981915473938,0.0,0.3255213499069214,0.0,0.5891687534749508,0.0,335.61793001322076,47.75636728992686
224,-0.21486059576272964,-348.2585836891085,0.0,0.39134976267814636,0.1452266275882721,0.0,0.06963396817445755,0.0,0.0,0.17648916691541672,335.61793001322076,47.93285645684227
225,-0.2449120432138443,-348.50349573232234,0.0,0.7491872310638428,0.2449120432138443,0.0,0.0,0.11053763329982758,0.0,0.614812821149826,335.61793001322076,48.5476692779921
226,-0.10591587424278259,-348.6094116065651,0.0,0.9638462066650391,0.10591587424278259,0.0,0.0,0.16139096021652222,0.0,1.0193212926387787,335.61793001322076,49.56699057063088
227,0.0,-348.6094116065651,0.0,1.1795684099197388,0.0,0.028032707050442696,0.0,0.5876062512397766,0.0,1.795207368209958,335.61793001322076,51.362197938840836
228,-0.03794948011636734,-348.6473610866815,0.0,0.9936406016349792,0.03794948011636734,0.0,0.0,0.27996915578842163,0.0,1.2356602773070335,335.61793001322076,52.59785821614787
229,-8.180971145629883,-356.82833223231137,0.0,1.003985047340393,8.180971145629883,0.0,0.0,0.6080606579780579,6.568925440311432,0.0,342.1868554535322,52.59785821614787
230,0.0,-356.82833223231137,0.0,1.0160142183303833,0.0,0.1581920087337494,0.0,0.5203769207000732,0.0,1.694583147764206,342.1868554535322,54.292441363912076
231,0.0,-356.82833223231137,0.0,0.6432213187217712,0.0,0.04518565908074379,0.0,0.31277215480804443,0.0,1.0011791326105595,342.1868554535322,55.293620496522635
232,-5.730368614196777,-362.55870084650815,4.113112926483154,0.0,0.0,0.008898989297449589,1.617255687713623,0.0,5.721469624899328,0.0,347.9083250784315,55.293620496522635
233,-0.6418020725250244,-363.20050291903317,0.07977397739887238,0.0,0.14066290855407715,0.0,0.4213652014732361,0.0,0.6418020874261856,0.0,348.5501271658577,55.293620496522635
234,-2.44624400138855,-365.6467469204217,1.3207228183746338,0.0,0.5330559015274048,0.0,0.592465341091156,0.0,2.4462440609931946,0.0,350.9963712268509,55.293620496522635
235,-2.543076992034912,-368.18982391245663,0.8556849360466003,0.0,0.3578053414821625,0.0,1.3295866250991821,0.0,2.543076902627945,0.0,353.53944812947884,55.293620496522635
236,-1.9830611944198608,-370.1728851068765,1.1676297187805176,0.0,0.36468249559402466,0.0,0.4507490396499634,0.0,1.9830612540245056,0.0,355.52250938350335,55.293620496522635
237,-2.1125688552856445,-372.28545396216214,0.6075669527053833,0.0,0.19623863697052002,0.0,1.3087632656097412,0.0,2.1125688552856445,0.0,357.635078238789,55.293620496522635
238,-1.6575520038604736,-373.9430059660226,1.028313398361206,0.0,0.19325745105743408,0.0,0.4359810948371887,0.0,1.6575519442558289,0.0,359.2926301830448,55.293620496522635
239,-0.9718362092971802,-374.9148421753198,0.3560788035392761,0.0,0.18901224434375763,0.0,0.4267451763153076,0.0,0.9718362241983414,0.0,360.26446640724316,55.293620496522635
240,-0.9636238813400269,-375.8784660566598,0.35421058535575867,0.0,0.18733283877372742,0.0,0.42208048701286316,0.0,0.9636239111423492,0.0,361.2280903183855,55.293620496522635
241,-0.9576585292816162,-376.83612458594143,0.3527388870716095,0.0,0.18591776490211487,0.0,0.41900184750556946,0.0,0.9576584994792938,0.0,362.1857488178648,55.293620496522635
242,-0.9526560306549072,-377.78878061659634,0.3514370918273926,0.0,0.18461598455905914,0.0,0.4166029393672943,0.0,0.952656015753746,0.0,363.13840483361855,55.293620496522635
243,-0.9562599658966064,-378.74504058249295,0.35007867217063904,0.0,0.1873515099287033,0.0,0.4188297688961029,0.0,0.9562599509954453,0.0,364.094664784614,55.293620496522635
244,-0.9731332659721375,-379.7181738484651,0.3357362449169159,0.0,0.20223666727542877,0.0,0.4351603388786316,0.0,0.9731332510709763,0.0,365.067798035685,55.293620496522635
245,-1.1055219173431396,-380.8236957658082,0.3468944728374481,0.0,0.23087537288665771,0.0,0.5277521014213562,0.0,1.105521947145462,0.0,366.17331998283044,55.293620496522635
246,-4.446622371673584,-385.2703181374818,0.3362347483634949,0.0,0.24239176511764526,0.0,3.8679957389831543,0.0,4.446622252464294,0.0,370.61994223529473,55.293620496522635
247,-1.8766727447509766,-387.1469908822328,1.1351090669631958,0.0,0.21149376034736633,0.0,0.5300699472427368,0.0,1.876672774553299,0.0,372.496615009848,55.293620496522635
248,-2.2600769996643066,-389.4070678818971,0.7994797825813293,0.0,1.0725849866867065,0.0,0.38801226019859314,0.0,2.260077029466629,0.0,374.75669203931466,55.293620496522635
249,-0.9932252466678619,-390.40029312856495,0.0,0.16169406473636627,0.2862636148929596,0.0,0.7069616317749023,0.0,0.8315311819314957,0.0,375.58822322124615,55.293620496522635
250,0.0,-390.40029312856495,0.0,0.5522568821907043,0.0,0.01259163673967123,0.0,0.14417864382266998,0.0,0.7090271627530456,375.58822322124615,56.00264765927568
251,0.0,-390.40029312856495,0.0,0.8463038802146912,0.0,0.06984102725982666,0.0,0.48367542028427124,0.0,1.399820327758789,375.58822322124615,57.40246798703447
252,0.0,-390.40029312856495,0.0,1.100285291671753,0.0,0.08553756773471832,0.0,0.5123308897018433,0.0,1.6981537491083145,375.58822322124615,59.100621736142784
253,-0.14806900918483734,-390.5483621377498,0.0,1.0048272609710693,0.14806900918483734,0.0,0.0,0.6707950830459595,0.0,1.5275533348321915,375.58822322124615,60.628175070974976
254,-5.203329086303711,-395.7516912240535,5.203329086303711,0.0,0.0,0.2397156059741974,0.0,0.6712279915809631,4.29238548874855,0.0,379.8806087099947,60.628175070974976
255,0.0,-395.7516912240535,0.0,0.8221708536148071,0.0,0.15892040729522705,0.0,0.3485609292984009,0.0,1.329652190208435,379.8806087099947,61.95782726118341
256,-0.19316093623638153,-395.9448521602899,0.19316093623638153,0.0,0.0,0.12396221607923508,0.0,0.13079260289669037,0.0,0.061593882739543915,379.8806087099947,62.019421143922955
257,-0.7812150120735168,-396.7260671723634,0.5760786533355713,0.0,0.006998308934271336,0.0,0.1981380730867386,0.0,0.7812150353565812,0.0,380.6618237453513,62.019421143922955
258,-1.8001203536987305,-398.52618752606213,0.836626410484314,0.0,0.15649878978729248,0.0,0.8069952130317688,0.0,1.8001204133033752,0.0,382.46194415865466,62.019421143922955
259,-1.718062400817871,-400.24424992688,0.5181800127029419,0.0,0.2190180867910385,0.0,0.9808642864227295,0.0,1.71806238591671,0.0,384.18000654457137,62.019421143922955
260,-1.9641592502593994,-402.2084091771394,0.4469718635082245,0.0,0.20169100165367126,0.0,1.3154963254928589,0.0,1.9641591906547546,0.0,386.1441657352261,62.019421143922955
261,-8.61376953125,-410.8221787083894,0.3636639416217804,0.0,0.19623863697052002,0.0,8.05386734008789,0.0,8.613769918680191,0.0,394.7579356539063,62.019421143922955
262,-1.263292908668518,-412.0854716170579,0.3604939579963684,0.0,0.19325745105743408,0.0,0.7095414996147156,0.0,1.263292908668518,0.0,396.02122856257483,62.019421143922955
263,-1.9203650951385498,-414.00583671219647,0.8147399425506592,0.0,0.18901224434375763,0.0,0.9166128635406494,0.0,1.9203650504350662,0.0,397.9415936130099,62.019421143922955
264,-0.9636238813400269,-414.9694605935365,0.35421058535575867,0.0,0.18733283877372742,0.0,0.42208048701286316,0.0,0.9636239111423492,0.0,398.90521752415225,62.019421143922955
265,-0.9576585292816162,-415.9271191228181,0.3527388870716095,0.0,0.18591776490211487,0.0,0.41900184750556946,0.0,0.9576584994792938,0.0,399.86287602363154,62.019421143922955
266,-0.9526560306549072,-416.879775153473,0.3514370918273926,0.0,0.18461598455905914,0.0,0.4166029393672943,0.0,0.952656015753746,0.0,400.8155320393853,62.019421143922955
267,-0.9562599658966064,-417.8360351193696,0.35007867217063904,0.0,0.1873515099287033,0.0,0.4188297688961029,0.0,0.9562599509954453,0.0,401.77179199038073,62.019421143922955
268,-0.9860039949417114,-418.82203911431134,0.34860697388648987,0.0,0.20223666727542877,0.0,0.4351603388786316,0.0,0.9860039800405502,0.0,402.7577959704213,62.019421143922955
269,-1.1055219173431396,-419.9275610316545,0.3468944728374481,0.0,0.23087537288665771,0.0,0.5277521014213562,0.0,1.105521947145462,0.0,403.86331791756675,62.019421143922955
270,-1.0327808856964111,-420.9603419173509,0.3350120782852173,0.0,0.24178043007850647,0.0,0.45598840713500977,0.0,1.0327809154987335,0.0,404.8960988330655,62.019421143922955
271,-0.6494573354721069,-421.609799252823,0.11037639528512955,0.0,0.20860640704631805,0.0,0.33047452569007874,0.0,0.6494573280215263,0.0,405.545556161087,62.019421143922955
272,-0.4473426192998886,-422.0571418721229,0.0,0.30443722009658813,0.29079610109329224,0.0,0.15654651820659637,0.0,0.14290539920330048,0.0,405.6884615602903,62.019421143922955
273,-0.865479126572609,-422.9226209986955,0.0,0.48703962564468384,0.7553882002830505,0.0,0.11009092628955841,0.0,0.3784395009279251,0.0,406.06690106121823,62.019421143922955
274,-0.017429426312446594,-422.94005042500794,0.017429426312446594,0.0,0.0,0.007893882691860199,0.0,0.3797190487384796,0.0,0.3701835051178932,406.06690106121823,62.38960464904085
275,-0.008054452948272228,-422.9481048779562,0.008054452948272228,0.0,0.0,0.03747405856847763,0.0,0.418941468000412,0.0,0.4483610736206174,406.06690106121823,62.837965722661465
276,-0.13605967164039612,-423.0841645495966,0.0,1.138273000717163,0.13605967164039612,0.0,0.0,0.5503185391426086,0.0,1.5525318682193756,406.06690106121823,64.39049759088084
277,0.0,-423.0841645495966,0.0,1.0237867832183838,0.0,0.04921433702111244,0.0,0.09319671243429184,0.0,1.166197832673788,406.06690106121823,65.55669542355463
278,0.0,-423.0841645495966,0.0,1.038109540939331,0.0,0.23666104674339294,0.0,0.6651188731193542,0.0,1.9398894608020782,406.06690106121823,67.49658488435671
279,-1.1855446100234985,-424.2697091596201,1.1855446100234985,0.0,0.0,0.1454814225435257,0.0,0.49624112248420715,0.5438220649957657,0.0,406.610723126214,67.49658488435671
280,-5.212719917297363,-429.48242907691747,5.212719917297363,0.0,0.0,0.15689289569854736,0.0,0.19665394723415375,4.859173074364662,0.0,411.46989620057866,67.49658488435671
281,-1.828111171722412,-431.3105402486399,0.9082015156745911,0.0,0.266985148191452,0.0,0.6529245972633362,0.0,1.8281112611293793,0.0,413.29800746170804,67.49658488435671
282,-2.502434253692627,-433.8129745023325,1.3047536611557007,0.0,0.27689045667648315,0.0,0.9207901358604431,0.0,2.502434253692627,0.0,415.80044171540067,67.49658488435671
283,-5.417852878570557,-439.23082738090307,1.331661581993103,0.0,0.3581482172012329,0.0,3.7280430793762207,0.0,5.417852878570557,0.0,421.2182945939712,67.49658488435671
284,-4.740177154541016,-443.9710045354441,1.1457839012145996,0.0,0.36468249559402466,0.0,3.229710578918457,0.0,4.740176975727081,0.0,425.9584715696983,67.49658488435671
285,-5.303232192993164,-449.27423672843724,0.6824634075164795,0.0,0.507914125919342,0.0,4.112854480743408,0.0,5.30323201417923,0.0,431.26170358387753,67.49658488435671
286,-9.114017486572266,-458.3882542150095,0.588736891746521,0.0,0.3296126127243042,0.0,8.19566822052002,0.0,9.114017724990845,0.0,440.3757213088684,67.49658488435671
287,-1.7031110525131226,-460.09136526752263,0.3560788035392761,0.0,0.18901224434375763,0.0,1.15802001953125,0.0,1.7031110674142838,0.0,442.07883237628266,67.49658488435671
288,-1.2062504291534424,-461.2976156966761,0.35421058535575867,0.0,0.18733283877372742,0.0,0.6647070646286011,0.0,1.2062504887580872,0.0,443.28508286504075,67.49658488435671
289,-0.9576585292816162,-462.2552742259577,0.3527388870716095,0.0,0.18591776490211487,0.0,0.41900184750556946,0.0,0.9576584994792938,0.0,444.24274136452004,67.49658488435671
290,-1.1921143531799316,-463.4473885791376,0.3514370918273926,0.0,0.42407429218292236,0.0,0.4166029393672943,0.0,1.1921143233776093,0.0,445.43485568789765,67.49658488435671
291,-0.9562599658966064,-464.40364854503423,0.35007867217063904,0.0,0.1873515099287033,0.0,0.4188297688961029,0.0,0.9562599509954453,0.0,446.3911156388931,67.49658488435671
292,-0.9860039949417114,-465.38965253997594,0.34860697388648987,0.0,0.20223666727542877,0.0,0.4351603388786316,0.0,0.9860039800405502,0.0,447.37711961893365,67.49658488435671
293,-1.0794618129730225,-466.46911435294896,0.3487769067287445,0.0,0.23087537288665771,0.0,0.49980950355529785,0.0,1.0794617831707,0.0,448.45658140210435,67.49658488435671
294,-1.9626387357711792,-468.43175308872014,0.3086540102958679,0.0,0.24200575053691864,0.0,1.4119789600372314,0.0,1.962638720870018,0.0,450.41922012297437,67.49658488435671
295,-2.064440965652466,-470.4961940543726,0.052045077085494995,0.0,0.30349618196487427,0.0,1.708899736404419,0.0,2.064440995454788,0.0,452.48366111842915,67.49658488435671
296,-0.2745041623711586,-470.77069821674377,0.0,0.30276864767074585,0.1651078164577484,0.0,0.10939634591341019,0.0,0.0,0.02826448529958725,452.48366111842915,67.5248493696563
297,-0.15505149960517883,-470.92574971634895,0.0,0.6869267225265503,0.15505149960517883,0.0,0.0,0.0944036915898323,0.0,0.6262789145112038,452.48366111842915,68.1511282841675
298,-0.17815127596259117,-471.10390099231154,0.0,0.9478568434715271,0.018942054361104965,0.0,0.1592092216014862,0.0,0.0,0.7697055675089359,452.48366111842915,68.92083385167643
299,-0.2190306931734085,-471.32293168548495,0.0,0.976818859577179,0.2190306931734085,0.0,0.0,0.38485661149024963,0.0,1.14264477789402,452.48366111842915,70.06347862957045
300,0.0,-471.32293168548495,0.0,1.0798332691192627,0.0,0.0753115639090538,0.0,0.4918789267539978,0.0,1.6470237597823143,452.48366111842915,71.71050238935277
301,0.0,-471.32293168548495,0.0,1.1599277257919312,0.0,0.23758043348789215,0.0,0.7168779969215393,0.0,2.1143861562013626,452.48366111842915,73.82488854555413
302,0.0,-471.32293168548495,0.0,1.032222032546997,0.0,0.23371729254722595,0.0,0.6592313647270203,0.0,1.9251706898212433,452.48366111842915,75.75005923537537
303,-0.21156826615333557,-471.5344999516383,0.21156826615333557,0.0,0.0,0.17652453482151031,0.0,0.3837691843509674,0.0,0.34872545301914215,452.48366111842915,76.09878468839452
304,-0.5642350912094116,-472.0987350428477,0.5642350912094116,0.0,0.0,0.1597829908132553,0.0,0.01962175779044628,0.38483034260571003,0.0,452.86849146103486,76.09878468839452
305,-0.1373501718044281,-472.2360852146521,0.0,0.03628847002983093,0.0,0.023395642638206482,0.1373501718044281,0.0,0.07766605913639069,0.0,452.94615752017125,76.09878468839452
306,-1.2762702703475952,-473.5123554849997,0.43507087230682373,0.0,0.27634379267692566,0.0,0.5648555755615234,0.0,1.2762702405452728,0.0,454.2224277607165,76.09878468839452
307,-3.426898956298828,-476.93925444129854,1.6135226488113403,0.0,0.35911455750465393,0.0,1.4542618989944458,0.0,3.42689910531044,0.0,457.64932686602697,76.09878468839452
308,-2.6524276733398438,-479.5916821146384,1.2238845825195312,0.0,0.6678882837295532,0.0,0.7606547474861145,0.0,2.652427613735199,0.0,460.30175447976217,76.09878468839452
309,-2.2755489349365234,-481.8672310495749,0.45421919226646423,0.0,0.3876185119152069,0.0,1.433711290359497,0.0,2.275548994541168,0.0,462.57730347430333,76.09878468839452
310,-3.4184024333953857,-485.2856334829703,0.4215100109577179,0.0,1.2874383926391602,0.0,1.70945405960083,0.0,3.418402463197708,0.0,465.99570593750104,76.09878468839452
311,-1.930327296257019,-487.2159607792273,0.8293225765228271,0.0,0.18901224434375763,0.0,0.9119924306869507,0.0,1.9303272515535355,0.0,467.9260331890546,76.09878468839452
312,-0.9636238813400269,-488.17958466056734,0.35421058535575867,0.0,0.18733283877372742,0.0,0.42208048701286316,0.0,0.9636239111423492,0.0,468.8896571001969,76.09878468839452
313,-1.0768351554870605,-489.2564198160544,0.3527388870716095,0.0,0.3050944209098816,0.0,0.41900184750556946,0.0,1.0768351554870605,0.0,469.966492255684,76.09878468839452
314,-0.9526560306549072,-490.2090758467093,0.3514370918273926,0.0,0.18461598455905914,0.0,0.4166029393672943,0.0,0.952656015753746,0.0,470.91914827143773,76.09878468839452
315,-0.9562599658966064,-491.1653358126059,0.35007867217063904,0.0,0.1873515099287033,0.0,0.4188297688961029,0.0,0.9562599509954453,0.0,471.8754082224332,76.09878468839452
316,-0.9860039949417114,-492.15133980754763,0.34860697388648987,0.0,0.20223666727542877,0.0,0.4351603388786316,0.0,0.9860039800405502,0.0,472.86141220247373,76.09878468839452
317,-1.077579379081726,-493.22891918662935,0.3468944728374481,0.0,0.23087537288665771,0.0,0.49980950355529785,0.0,1.0775793492794037,0.0,473.93899155175313,76.09878468839452
318,-1.542431116104126,-494.7713503027335,0.773635745048523,0.0,0.30857521295547485,0.0,0.4602200984954834,0.0,1.5424310564994812,0.0,475.4814226082526,76.09878468839452
319,-3.418715715408325,-498.1900660181418,2.5825929641723633,0.0,0.3204438388347626,0.0,0.515678882598877,0.0,3.418715685606003,0.0,478.9001382938586,76.09878468839452
320,-1.1380719542503357,-499.32813797239214,0.0,0.337597131729126,1.0635040998458862,0.0,0.07456785440444946,0.0,0.8004748225212097,0.0,479.7006131163798,76.09878468839452
321,-0.13882970809936523,-499.4669676804915,0.0,0.7193703055381775,0.13882970809936523,0.0,0.0,0.1268472671508789,0.0,0.7073878645896912,479.7006131163798,76.80617255298421
322,-0.34943366050720215,-499.8164013409987,0.0,1.0019334554672241,0.34943366050720215,0.0,0.0,0.3801237940788269,0.0,1.0326235890388489,479.7006131163798,77.83879614202306
323,-8.00281834602356,-507.81921968702227,0.0,1.07184898853302,4.840329647064209,0.0,3.1624886989593506,0.0,6.9309693574905396,0.0,486.63158247387037,77.83879614202306
324,-1.2137436866760254,-509.0329633736983,1.2137436866760254,0.0,0.0,1.4451699256896973,0.0,1.78274667263031,0.0,2.014172911643982,486.63158247387037,79.85296905366704
325,-1.071484088897705,-510.104447462596,1.071484088897705,0.0,0.0,1.6672948598861694,0.0,0.6560482382774353,0.0,1.2518590092658997,486.63158247387037,81.10482806293294
326,0.0,-510.104447462596,0.0,1.0266070365905762,0.0,0.259922057390213,0.0,0.6985259652137756,0.0,1.9850550591945648,486.63158247387037,83.0898831221275
327,0.0,-510.104447462596,0.0,0.755424439907074,0.0,0.17553649842739105,0.0,0.3817931115627289,0.0,1.312754049897194,486.63158247387037,84.4026371720247
328,0.0,-510.104447462596,0.0,0.4753243625164032,0.0,0.17008362710475922,0.0,0.22303542494773865,0.0,0.8684434145689011,486.63158247387037,85.2710805865936
329,-0.8209222555160522,-510.92536971811205,0.0,0.10436397790908813,0.6834409832954407,0.0,0.13748127222061157,0.0,0.7165582776069641,0.0,487.34814075147733,85.2710805865936
330,-1.3474454879760742,-512.2728152060881,0.42546793818473816,0.0,0.1426600068807602,0.0,0.7793176174163818,0.0,1.3474455624818802,0.0,488.6955863139592,85.2710805865936
331,-3.392380952835083,-515.6651961589232,0.7432829141616821,0.0,0.5349542498588562,0.0,2.1141438484191895,0.0,3.392381012439728,0.0,492.08796732639894,85.2710805865936
332,-3.3627731800079346,-519.0279693389311,0.6107575297355652,0.0,0.36468249559402466,0.0,2.3873331546783447,0.0,3.3627731800079346,0.0,495.4507405064069,85.2710805865936
333,-1.748924732208252,-520.7768940711394,0.5447744131088257,0.0,0.3876185119152069,0.0,0.8165318369865417,0.0,1.7489247620105743,0.0,497.19966526841745,85.2710805865936
334,-1.8352100849151611,-522.6121041560546,0.5866143703460693,0.0,0.3296126127243042,0.0,0.9189830422401428,0.0,1.8352100253105164,0.0,499.03487529372796,85.2710805865936
335,-1.6963133811950684,-524.3084175372496,0.3560788035392761,0.0,0.18901224434375763,0.0,1.1512223482131958,0.0,1.6963133960962296,0.0,500.7311886898242,85.2710805865936
336,-0.9636238813400269,-525.2720414185897,0.35421058535575867,0.0,0.18733283877372742,0.0,0.42208048701286316,0.0,0.9636239111423492,0.0,501.69481260096654,85.2710805865936
337,-0.9576585292816162,-526.2296999478713,0.3527388870716095,0.0,0.18591776490211487,0.0,0.41900184750556946,0.0,0.9576584994792938,0.0,502.65247110044584,85.2710805865936
338,-0.9526560306549072,-527.1823559785262,0.3514370918273926,0.0,0.18461598455905914,0.0,0.4166029393672943,0.0,0.952656015753746,0.0,503.6051271161996,85.2710805865936
339,-0.9562599658966064,-528.1386159444228,0.35007867217063904,0.0,0.1873515099287033,0.0,0.4188297688961029,0.0,0.9562599509954453,0.0,504.561387067195,85.2710805865936
340,-2.049421787261963,-530.1880377316847,1.412024736404419,0.0,0.20223666727542877,0.0,0.4351603388786316,0.0,2.0494217425584793,0.0,506.6108088097535,85.2710805865936
341,-1.0756969451904297,-531.2637346768752,0.3450120687484741,0.0,0.23087537288665771,0.0,0.49980950355529785,0.0,1.0756969451904297,0.0,507.68650575494394,85.2710805865936
342,-1.2286975383758545,-532.492432215251,0.3177548944950104,0.0,0.31123512983322144,0.0,0.5997075438499451,0.0,1.2286975681781769,0.0,508.9152033231221,85.2710805865936
343,-2.263230562210083,-534.7556627774611,0.10976297408342361,0.0,0.30840232968330383,0.0,1.8450653553009033,0.0,2.2632306590676308,0.0,511.17843398218974,85.2710805865936
344,-6.9965500831604,-541.7522128606215,0.6695652604103088,0.0,5.495115280151367,0.0,0.8318696022033691,0.0,6.996550142765045,0.0,518.1749841249548,85.2710805865936
345,-2.4181222915649414,-544.1703351521865,0.0,0.6684800982475281,2.043917655944824,0.0,0.3742046356201172,0.0,1.7496421933174133,0.0,519.9246263182722,85.2710805865936
346,-0.5046385526657104,-544.6749737048522,0.0,0.8657894134521484,0.5046385526657104,0.0,0.0,0.06333417445421219,0.0,0.4244850352406502,519.9246263182722,85.69556562183425
347,-1.0554454326629639,-545.7304191375151,0.0,1.0811127424240112,1.0554454326629639,0.0,0.0,0.3135860860347748,0.0,0.33925339579582214,519.9246263182722,86.03481901763007
348,0.0,-545.7304191375151,0.0,1.0756162405014038,0.0,0.09675797820091248,0.0,0.534771740436554,0.0,1.7071459591388702,519.9246263182722,87.74196497676894
349,0.0,-545.7304191375151,0.0,1.0898463726043701,0.0,0.22610242664813995,0.0,0.6939219832420349,0.0,2.009870782494545,519.9246263182722,89.75183575926349
350,0.0,-545.7304191375151,0.0,0.026807889342308044,0.0,0.053811050951480865,0.0,0.5366828441619873,0.0,0.6173017844557762,519.9246263182722,90.36913754371926
351,0.0,-545.7304191375151,0.0,0.7100706696510315,0.0,0.12786495685577393,0.0,0.4610081911087036,0.0,1.298943817615509,519.9246263182722,91.66808136133477
352,0.0,-545.7304191375151,0.0,0.4796273708343506,0.0,0.14430344104766846,0.0,0.17147503793239594,0.0,0.795405849814415,519.9246263182722,92.46348721114919
353,-1.5466440320014954,-547.2770631695166,1.1732442378997803,0.0,0.0,0.006549097131937742,0.3733997941017151,0.0,1.5400949348695576,0.0,521.4647212531418,92.46348721114919
354,-1.7194762229919434,-548.9965393925086,0.5882323384284973,0.0,0.1490902453660965,0.0,0.982153594493866,0.0,1.7194761782884598,0.0,523.1841974314302,92.46348721114919
355,-1.7891490459442139,-550.7856884384528,0.5922967791557312,0.0,0.21800805628299713,0.0,0.9788442850112915,0.0,1.7891491204500198,0.0,524.9733465518802,92.46348721114919
356,-2.2864019870758057,-553.0720904255286,0.6107575297355652,0.0,0.36468249559402466,0.0,1.3109619617462158,0.0,2.2864019870758057,0.0,527.259748538956,92.46348721114919
357,-3.5392439365386963,-556.6113343620673,2.3350934982299805,0.0,0.3876185119152069,0.0,0.8165318369865417,0.0,3.539243847131729,0.0,530.7989923860878,92.46348721114919
358,-1.3243088722229004,-557.9356432342902,0.4215100109577179,0.0,0.19325745105743408,0.0,0.7095414996147156,0.0,1.3243089616298676,0.0,532.1233013477176,92.46348721114919
359,-3.03863525390625,-560.9742784881964,0.3560788035392761,0.0,0.18901224434375763,0.0,2.493544101715088,0.0,3.0386351495981216,0.0,535.1619364973158,92.46348721114919
360,-0.9636238813400269,-561.9379023695365,0.35421058535575867,0.0,0.18733283877372742,0.0,0.42208048701286316,0.0,0.9636239111423492,0.0,536.1255604084581,92.46348721114919
361,-1.0757564306259155,-563.0136588001624,0.3527388870716095,0.0,0.3040156662464142,0.0,0.41900184750556946,0.0,1.0757564008235931,0.0,537.2013168092817,92.46348721114919
362,-0.9526560306549072,-563.9663148308173,0.3514370918273926,0.0,0.18461598455905914,0.0,0.4166029393672943,0.0,0.952656015753746,0.0,538.1539728250355,92.46348721114919
363,-0.9562599658966064,-564.9225747967139,0.35007867217063904,0.0,0.1873515099287033,0.0,0.4188297688961029,0.0,0.9562599509954453,0.0,539.1102327760309,92.46348721114919
364,-0.9576064348220825,-565.880181231536,0.3357362449169159,0.0,0.18670983612537384,0.0,0.4351603388786316,0.0,0.9576064199209213,0.0,540.0678391959518,92.46348721114919
365,-1.0854463577270508,-566.965627589263,0.3468944728374481,0.0,0.238742396235466,0.0,0.49980950355529785,0.0,1.085446372628212,0.0,541.15328556858,92.46348721114919
366,-1.1194206476211548,-568.0850482368842,0.34379640221595764,0.0,0.310851514339447,0.0,0.4647727310657501,0.0,1.1194206476211548,0.0,542.2727062162012,92.46348721114919
367,-2.5528438091278076,-570.637892046012,1.8698327541351318,0.0,0.3233182430267334,0.0,0.35969290137290955,0.0,2.552843898534775,0.0,544.825550114736,92.46348721114919
368,-0.7520660758018494,-571.3899581218138,0.0,0.1338678002357483,0.3272620737552643,0.0,0.4248040020465851,0.0,0.6181982755661011,0.0,545.4437483903021,92.46348721114919
369,-0.9698960781097412,-572.3598541999236,0.14676064252853394,0.0,0.42874759435653687,0.0,0.394387811422348,0.0,0.9698960483074188,0.0,546.4136444386095,92.46348721114919
370,-0.3049616366624832,-572.6648158365861,0.0,0.43650850653648376,0.16584628820419312,0.0,0.1391153484582901,0.0,0.0,0.13154686987400055,546.4136444386095,92.59503408102319
371,-0.08802532404661179,-572.7528411606327,0.0,0.9015223383903503,0.08802532404661179,0.0,0.0,0.004361285828053951,0.0,0.8178583001717925,546.4136444386095,93.41289238119498
372,-2.8227717876434326,-575.5756129482761,2.5415303707122803,0.0,0.09124017506837845,0.0,0.19000130891799927,0.0,2.822771854698658,0.0,549.2364162933081,93.41289238119498
373,0.0,-575.5756129482761,0.0,0.9138545989990234,0.0,0.043571170419454575,0.0,0.39401775598526,0.0,1.351443525403738,549.2364162933081,94.76433590659872
374,-0.03735210373997688,-575.6129650520161,0.0,0.6446906328201294,0.03735210373997688,0.0,0.0,0.2543701231479645,0.0,0.861708652228117,549.2364162933081,95.62604455882683
375,0.0,-575.6129650520161,0.0,0.6583986282348633,0.0,0.1270235776901245,0.0,0.11020905524492264,0.0,0.8956312611699104,549.2364162933081,96.52167581999674
376,-3.09195077419281,-578.7049158262089,2.581608533859253,0.0,0.0,0.03169924393296242,0.5103422403335571,0.0,3.0602515302598476,0.0,552.296667823568,96.52167581999674
377,-1.8069051504135132,-580.5118209766224,1.5050020217895508,0.0,0.11727970838546753,0.0,0.1846233606338501,0.0,1.8069050908088684,0.0,554.1035729143769,96.52167581999674
378,-1.8933234214782715,-582.4051443981007,0.8175526261329651,0.0,0.2798459529876709,0.0,0.7959249019622803,0.0,1.8933234810829163,0.0,555.9968963954598,96.52167581999674
379,-2.811911106109619,-585.2170555042103,0.9985082149505615,0.0,0.3572947680950165,0.0,1.4561080932617188,0.0,2.8119110763072968,0.0,558.8088074717671,96.52167581999674
380,-3.6761474609375,-588.8932029651478,1.52295982837677,0.0,0.36468249559402466,0.0,1.7885050773620605,0.0,3.6761474013328552,0.0,562.4849548730999,96.52167581999674
381,-2.8515706062316895,-591.7447735713795,0.9929230809211731,0.0,0.6686283349990845,0.0,1.1900190114974976,0.0,2.851570427417755,0.0,565.3365253005177,96.52167581999674
382,-1.3853249549865723,-593.130098526366,0.48252609372138977,0.0,0.19325745105743408,0.0,0.7095414996147156,0.0,1.3853250443935394,0.0,566.7218503449112,96.52167581999674
383,-0.9718362092971802,-594.1019347356632,0.3560788035392761,0.0,0.18901224434375763,0.0,0.4267451763153076,0.0,0.9718362241983414,0.0,567.6936865691096,96.52167581999674
384,-0.9636238813400269,-595.0655586170033,0.35421058535575867,0.0,0.18733283877372742,0.0,0.42208048701286316,0.0,0.9636239111423492,0.0,568.6573104802519,96.52167581999674
385,-0.9576585292816162,-596.0232171462849,0.3527388870716095,0.0,0.18591776490211487,0.0,0.41900184750556946,0.0,0.9576584994792938,0.0,569.6149689797312,96.52167581999674
386,-0.9526560306549072,-596.9758731769398,0.3514370918273926,0.0,0.18461598455905914,0.0,0.4166029393672943,0.0,0.952656015753746,0.0,570.567624995485,96.52167581999674
387,-0.9562599658966064,-597.9321331428364,0.35007867217063904,0.0,0.1873515099287033,0.0,0.4188297688961029,0.0,0.9562599509954453,0.0,571.5238849464804,96.52167581999674
388,-1.1469498872756958,-599.0790830301121,0.34860697388648987,0.0,0.36318257451057434,0.0,0.4351603388786316,0.0,1.1469498872756958,0.0,572.6708348337561,96.52167581999674
389,-1.1152713298797607,-600.1943543599918,0.3487769067287445,0.0,0.238742396235466,0.0,0.5277521014213562,0.0,1.1152714043855667,0.0,573.7861062381417,96.52167581999674
390,-2.3901474475860596,-602.5845018075779,0.30403462052345276,0.0,1.3659579753875732,0.0,0.7201549410820007,0.0,2.3901475369930267,0.0,576.1762537751347,96.52167581999674
391,-2.0875244140625,-604.6720262216404,0.12697218358516693,0.0,0.5816044211387634,0.0,1.3789477348327637,0.0,2.087524339556694,0.0,578.2637781146914,96.52167581999674
392,-1.5022823810577393,-606.1743086026981,0.25774627923965454,0.0,0.35324275493621826,0.0,0.8912932872772217,0.0,1.5022823214530945,0.0,579.7660604361445,96.52167581999674
393,-1.2966696619987488,-607.4709782646969,0.0,0.27717259526252747,0.43479281663894653,0.0,0.8618768453598022,0.0,1.0194970667362213,0.0,580.7855575028807,96.52167581999674
394,-1.5600091516971588,-609.030987416394,0.0,0.5358102321624756,0.2749073803424835,0.0,1.2851017713546753,0.0,1.0241989195346832,0.0,581.8097564224154,96.52167581999674
395,-0.7341304421424866,-609.7651178585365,0.0,0.35644495487213135,0.2166476845741272,0.0,0.5174827575683594,0.0,0.3776854872703552,0.0,582.1874419096857,96.52167581999674
396,-7.166900634765625,-616.9320184933022,5.3932013511657715,0.0,0.17484444379806519,0.0,1.5988550186157227,0.0,7.166900813579559,0.0,589.3543427232653,96.52167581999674
397,-0.34171247482299805,-617.2737309681252,0.0,0.06488997489213943,0.1906745284795761,0.0,0.15103794634342194,0.0,0.2768224999308586,0.0,589.6311652231961,96.52167581999674
398,-0.0801943987607956,-617.353925366886,0.0,0.3616254925727844,0.0801943987607956,0.0,0.0,0.04360410198569298,0.0,0.3250351957976818,589.6311652231961,96.84671101579443
399,-0.7797586619853973,-618.1336840288714,0.6481359601020813,0.0,0.13162270188331604,0.0,0.0,0.13371360301971436,0.646045058965683,0.0,590.2772102821618,96.84671101579443
400,-1.2503453493118286,-619.3840293781832,0.9426003694534302,0.0,0.13181371986865997,0.0,0.1759311854839325,0.0,1.2503452748060226,0.0,591.5275555569679,96.84671101579443
401,-1.2841464281082153,-620.6681758062914,0.20092672109603882,0.0,0.5062978267669678,0.0,0.5769218802452087,0.0,1.2841464281082153,0.0,592.8117019850761,96.84671101579443
402,-1.7851948738098145,-622.4533706801012,0.5019849538803101,0.0,0.4273751974105835,0.0,0.8558346629142761,0.0,1.7851948142051697,0.0,594.5968967992812,96.84671101579443
403,-2.335153102874756,-624.788523782976,0.8840000033378601,0.0,0.47447291016578674,0.0,0.9766800999641418,0.0,2.3351530134677887,0.0,596.932049812749,96.84671101579443
404,-2.175626277923584,-626.9641500608996,0.9750229120254517,0.0,0.20169100165367126,0.0,0.9989123344421387,0.0,2.1756262481212616,0.0,599.1076760608703,96.84671101579443
405,-2.3836684226989746,-629.3478184835985,0.5447744131088257,0.0,0.784104585647583,0.0,1.0547893047332764,0.0,2.383668303489685,0.0,601.49134436436,96.84671101579443
406,-1.8265050649642944,-631.1743235485628,0.48252609372138977,0.0,0.19325745105743408,0.0,1.150721549987793,0.0,1.8265050947666168,0.0,603.3178494591266,96.84671101579443
407,-0.9907427430152893,-632.1650662915781,0.37498530745506287,0.0,0.18901224434375763,0.0,0.4267451763153076,0.0,0.9907427281141281,0.0,604.3085921872407,96.84671101579443
408,-1.440687656402588,-633.6057539479807,0.3568393290042877,0.0,0.18733283877372742,0.0,0.8965155482292175,0.0,1.4406877160072327,0.0,605.749279903248,96.84671101579443
409,-0.9499977827072144,-634.5557517306879,0.34507817029953003,0.0,0.18591776490211487,0.0,0.41900184750556946,0.0,0.9499977827072144,0.0,606.6992776859552,96.84671101579443
410,-0.9399878978729248,-635.4957396285608,0.33876895904541016,0.0,0.18461598455905914,0.0,0.4166029393672943,0.0,0.9399878829717636,0.0,607.6392655689269,96.84671101579443
411,-0.9562599658966064,-636.4519995944574,0.35007867217063904,0.0,0.1873515099287033,0.0,0.4188297688961029,0.0,0.9562599509954453,0.0,608.5955255199224,96.84671101579443
412,-0.9860039949417114,-637.4380035893992,0.34860697388648987,0.0,0.20223666727542877,0.0,0.4351603388786316,0.0,0.9860039800405502,0.0,609.5815294999629,96.84671101579443
413,-3.7630789279937744,-641.2010825173929,3.0323939323425293,0.0,0.23087537288665771,0.0,0.49980950355529785,0.0,3.763078808784485,0.0,613.3446083087474,96.84671101579443
414,-3.1433162689208984,-644.3443987863138,0.967478334903717,0.0,1.4486463069915771,0.0,0.7271917462348938,0.0,3.143316388130188,0.0,616.4879246968776,96.84671101579443
415,-1.1755759716033936,-645.5199747579172,0.14348652958869934,0.0,0.3252641260623932,0.0,0.7068252563476562,0.0,1.1755759119987488,0.0,617.6635006088763,96.84671101579443
416,-0.6840652823448181,-646.204040040262,0.0,0.09780334681272507,0.36970365047454834,0.0,0.3143616318702698,0.0,0.586261935532093,0.0,618.2497625444084,96.84671101579443
417,-1.8017152547836304,-648.0057552950457,0.0,0.31128448247909546,1.5204766988754272,0.0,0.2812385559082031,0.0,1.490430772304535,0.0,619.740193316713,96.84671101579443
418,-2.9698872566223145,-650.975642551668,1.0771563053131104,0.0,0.9537384510040283,0.0,0.938992440700531,0.0,2.9698871970176697,0.0,622.7100805137306,96.84671101579443
419,-2.3937797993421555,-653.3694223510101,0.0,0.6721116900444031,0.2256956547498703,0.0,2.168084144592285,0.0,1.7216681092977524,0.0,624.4317486230284,96.84671101579443
420,-0.8061240315437317,-654.1755463825539,0.0,0.5201259255409241,0.8061240315437317,0.0,0.0,1.4992334842681885,0.0,1.2132353782653809,624.4317486230284,98.0599463940598
421,-3.24307600595057,-657.4186223885044,3.225623846054077,0.0,0.017452159896492958,0.0,0.0,0.39251062273979187,2.8505653832107782,0.0,627.2823140062392,98.0599463940598
422,-0.018596366047859192,-657.4372187545523,0.0,0.7522566914558411,0.018596366047859192,0.0,0.0,0.3343563377857208,0.0,1.0680166631937027,627.2823140062392,99.12796305725351
423,-0.08419080823659897,-657.5214095627889,0.0,0.5776183605194092,0.08419080823659897,0.0,0.0,0.2285773903131485,0.0,0.7220049425959587,627.2823140062392,99.84996799984947
424,-0.19494475424289703,-657.7163543170318,0.0,0.12970088422298431,0.19494475424289703,0.0,0.0,0.11474152654409409,0.0,0.049497656524181366,627.2823140062392,99.89946565637365
425,-0.8520129919052124,-658.568367308937,0.4581303596496582,0.0,0.06991371512413025,0.0,0.32396888732910156,0.0,0.85201296210289,0.0,628.1343269683421,99.89946565637365
426,-1.2483017444610596,-659.8166690533981,0.3383907973766327,0.0,0.29136690497398376,0.0,0.6185441017150879,0.0,1.2483018040657043,0.0,629.3826287724078,99.89946565637365
427,-3.4931867122650146,-663.3098557656631,2.412489175796509,0.0,0.3575150668621063,0.0,0.7231824994087219,0.0,3.493186742067337,0.0,632.8758155144751,99.89946565637365
428,-2.1630616188049316,-665.472917384468,0.6107575297355652,0.0,0.48174363374710083,0.0,1.0705604553222656,0.0,2.1630616188049316,0.0,635.03887713328,99.89946565637365
429,-4.356557369232178,-669.8294747537002,3.152406930923462,0.0,0.3876185119152069,0.0,0.8165318369865417,0.0,4.356557279825211,0.0,639.3954344131052,99.89946565637365
430,-1.1727807521820068,-671.0022555058822,0.5435421466827393,0.0,0.19325745105743408,0.0,0.4359810948371887,0.0,1.172780692577362,0.0,640.5682151056826,99.89946565637365
431,-1.2279577255249023,-672.2302132314071,0.37498530745506287,0.0,0.18901224434375763,0.0,0.6639602184295654,0.0,1.227957770228386,0.0,641.796172875911,99.89946565637365
432,-0.9636238813400269,-673.1938371127471,0.35421058535575867,0.0,0.18733283877372742,0.0,0.42208048701286316,0.0,0.9636239111423492,0.0,642.7597967870533,99.89946565637365
433,-0.9576585292816162,-674.1514956420287,0.3527388870716095,0.0,0.18591776490211487,0.0,0.41900184750556946,0.0,0.9576584994792938,0.0,643.7174552865326,99.89946565637365
434,-0.9526560306549072,-675.1041516726837,0.3514370918273926,0.0,0.18461598455905914,0.0,0.4166029393672943,0.0,0.952656015753746,0.0,644.6701113022864,99.89946565637365
435,-1.840392827987671,-676.9445445006713,1.2342115640640259,0.0,0.1873515099287033,0.0,0.4188297688961029,0.0,1.840392842888832,0.0,646.5105041451752,99.89946565637365
436,-0.9860039949417114,-677.930548495613,0.34860697388648987,0.0,0.20223666727542877,0.0,0.4351603388786316,0.0,0.9860039800405502,0.0,647.4965081252158,99.89946565637365
437,-1.0794618129730225,-679.0100103085861,0.3487769067287445,0.0,0.23087537288665771,0.0,0.49980950355529785,0.0,1.0794617831707,0.0,648.5759699083865,99.89946565637365
438,-2.393867015838623,-681.4038773244247,0.3447021245956421,0.0,0.26002979278564453,0.0,1.789135217666626,0.0,2.3938671350479126,0.0,650.9698370434344,99.89946565637365
439,-7.204122543334961,-688.6079998677596,0.216424360871315,0.0,6.503270149230957,0.0,0.48442813754081726,0.0,7.204122647643089,0.0,658.1739596910775,99.89946565637365
440,-2.5417733192443848,-691.149773187004,0.3642098307609558,0.0,1.3781979084014893,0.0,0.7993655204772949,0.0,2.54177325963974,0.0,660.7157329507172,99.89946565637365
441,-5.170656204223633,-696.3204293912277,0.9722576141357422,0.0,1.4065701961517334,0.0,2.7918286323547363,0.0,5.170656442642212,0.0,665.8863893933594,99.89946565637365
442,-0.38516879081726074,-696.7055981820449,0.0,0.17037689685821533,0.38516879081726074,0.0,0.0,1.0005793571472168,0.0,0.7857874631881714,665.8863893933594,100.68525311956182
443,-0.5769972205162048,-697.2825954025611,0.0,0.32057175040245056,0.30769190192222595,0.0,0.2693053185939789,0.0,0.2564254701137543,0.0,666.1428148634732,100.68525311956182
444,-1.6828042268753052,-698.9653996294364,0.31805720925331116,0.0,0.6301204562187195,0.0,0.7346265316009521,0.0,1.6828041970729828,0.0,667.8256190605462,100.68525311956182
445,-2.421798914670944,-701.3871985441074,0.0,0.05283172428607941,2.031580924987793,0.0,0.39021798968315125,0.0,2.368967190384865,0.0,670.194586250931,100.68525311956182
446,-6.617661952972412,-708.0048604970798,0.5093734264373779,0.0,5.668200492858887,0.0,0.4400879144668579,0.0,6.617661833763123,0.0,676.8122480846941,100.68525311956182
447,-0.8805026412010193,-708.8853631382808,0.1317143589258194,0.0,0.3180221915245056,0.0,0.43076610565185547,0.0,0.8805026561021805,0.0,677.6927507407963,100.68525311956182
448,-0.7068620920181274,-709.5922252302989,0.18129943311214447,0.0,0.27478674054145813,0.0,0.25077593326568604,0.0,0.7068621069192886,0.0,678.3996128477156,100.68525311956182
449,-1.001634120941162,-710.5938593512401,0.41424134373664856,0.0,0.20186926424503326,0.0,0.3855234682559967,0.0,1.0016340762376785,0.0,679.4012469239533,100.68525311956182
450,-1.9143195152282715,-712.5081788664684,0.7868546843528748,0.0,0.21277660131454468,0.0,0.914688229560852,0.0,1.9143195152282715,0.0,681.3155664391816,100.68525311956182
451,-2.6381635665893555,-715.1463424330577,1.6971893310546875,0.0,0.21762558817863464,0.0,0.7233487367630005,0.0,2.6381636559963226,0.0,683.9537300951779,100.68525311956182
452,-2.75610089302063,-717.9024433260784,1.0530593395233154,0.0,0.36468249559402466,0.0,1.3383591175079346,0.0,2.7561009526252747,0.0,686.7098310478032,100.68525311956182
453,-2.3875701427459717,-720.2900134688243,0.856479287147522,0.0,0.3876185119152069,0.0,1.1434723138809204,0.0,2.3875701129436493,0.0,689.0974011607468,100.68525311956182
454,-1.508088231086731,-721.7981016999111,0.6426564455032349,0.0,0.19325745105743408,0.0,0.672174334526062,0.0,1.508088231086731,0.0,690.6054893918335,100.68525311956182
455,-1.429183006286621,-723.2272847061977,0.577232837677002,0.0,0.18901224434375763,0.0,0.6629379987716675,0.0,1.429183080792427,0.0,692.034672472626,100.68525311956182
456,-1.7853015661239624,-725.0125862723216,0.35421058535575867,0.0,0.30339986085891724,0.0,1.1276911497116089,0.0,1.7853015959262848,0.0,693.8199740685523,100.68525311956182
457,-2.293839931488037,-727.3064262038097,1.4537259340286255,0.0,0.18591776490211487,0.0,0.6541962623596191,0.0,2.2938399612903595,0.0,696.1138140298426,100.68525311956182
458,-0.9526560306549072,-728.2590822344646,0.3514370918273926,0.0,0.18461598455905914,0.0,0.4166029393672943,0.0,0.952656015753746,0.0,697.0664700455964,100.68525311956182
459,-0.9562599658966064,-729.2153422003612,0.35007867217063904,0.0,0.1873515099287033,0.0,0.4188297688961029,0.0,0.9562599509954453,0.0,698.0227299965918,100.68525311956182
460,-1.7419652938842773,-730.9573074942455,1.1220662593841553,0.0,0.20223666727542877,0.0,0.4176623523235321,0.0,1.7419652789831161,0.0,699.7646952755749,100.68525311956182
461,-3.132606029510498,-734.089913523756,1.5058200359344482,0.0,0.23087537288665771,0.0,1.3959107398986816,0.0,3.1326061487197876,0.0,702.8973014242947,100.68525311956182
462,-1.2583131790161133,-735.3482267027721,0.4037284255027771,0.0,0.24932989478111267,0.0,0.6052549481391907,0.0,1.2583132684230804,0.0,704.1556146927178,100.68525311956182
463,-3.0038270950317383,-738.3520537978038,1.5849545001983643,0.0,0.27039510011672974,0.0,1.1484774351119995,0.0,3.0038270354270935,0.0,707.1594417281449,100.68525311956182
464,-3.2317161560058594,-741.5837699538097,0.8859472870826721,0.0,0.3925790786743164,0.0,1.953189730644226,0.0,3.2317160964012146,0.0,710.3911578245461,100.68525311956182
465,-3.220274418592453,-744.8040443724021,0.0,0.07792757451534271,0.459551066160202,0.0,2.760723352432251,0.0,3.1423468440771103,0.0,713.5335046686232,100.68525311956182
466,-0.3241373300552368,-745.1281817024574,0.0,0.3374662697315216,0.3241373300552368,0.0,0.0,1.118888258934021,0.0,1.1322171986103058,713.5335046686232,101.81747031817213
467,-2.4654088020324707,-747.5935905044898,0.23606261610984802,0.0,1.9468432664871216,0.0,0.2825029194355011,0.0,2.4654088020324707,0.0,715.9989134706557,101.81747031817213
468,-1.9770705997943878,-749.5706611042842,0.0,0.4541109502315521,1.8432271480560303,0.0,0.13384345173835754,0.0,1.5229596495628357,0.0,717.5218731202185,101.81747031817213
469,-0.20891905575990677,-749.7795801600441,0.0,0.4983679950237274,0.09319945424795151,0.0,0.11571960151195526,0.0,0.0,0.28944893926382065,717.5218731202185,102.10691925743595
470,-0.12002205476164818,-749.8996022148058,0.0,0.468612402677536,0.048087555915117264,0.0,0.07193449884653091,0.0,0.0,0.34859034791588783,717.5218731202185,102.45550960535184
471,-0.21591363847255707,-750.1155158532783,0.0,0.30463698506355286,0.21591363847255707,0.0,0.0,0.005585257429629564,0.0,0.09430860402062535,717.5218731202185,102.54981820937246
472,-1.770033836364746,-751.8855496896431,0.9905862808227539,0.0,0.4438036382198334,0.0,0.3356439471244812,0.0,1.7700338661670685,0.0,719.2919069863856,102.54981820937246
473,-2.8031647205352783,-754.6887144101784,1.3733482360839844,0.0,0.1300397366285324,0.0,1.2997767925262451,0.0,2.803164765238762,0.0,722.0950717516243,102.54981820937246
474,-1.7873375415802002,-756.4760519517586,0.434172123670578,0.0,0.4899592995643616,0.0,0.8632060885429382,0.0,1.7873375117778778,0.0,723.8824092634022,102.54981820937246
475,-2.1526427268981934,-758.6286946786568,0.8138371706008911,0.0,0.3586408793926239,0.0,0.9801647067070007,0.0,2.1526427567005157,0.0,726.0350520201027,102.54981820937246
476,-3.005983591079712,-761.6346782697365,0.7490856647491455,0.0,0.48074960708618164,0.0,1.7761483192443848,0.0,3.005983591079712,0.0,729.0410356111825,102.54981820937246
477,-4.8707146644592285,-766.5053929341957,1.5551320314407349,0.0,0.3876185119152069,0.0,2.927964210510254,0.0,4.870714753866196,0.0,733.9117503650486,102.54981820937246
478,-3.197922468185425,-769.7033154023811,0.8619459867477417,0.0,0.3296126127243042,0.0,2.006363868713379,0.0,3.197922468185425,0.0,737.1096728332341,102.54981820937246
479,-3.1299304962158203,-772.8332458985969,2.2038090229034424,0.0,0.23568828403949738,0.0,0.6904333233833313,0.0,3.129930630326271,0.0,740.2396034635603,102.54981820937246
480,-1.1855608224868774,-774.0188067210838,0.5761474967002869,0.0,0.18733283877372742,0.0,0.42208048701286316,0.0,1.1855608224868774,0.0,741.4251642860472,102.54981820937246
481,-0.9576585292816162,-774.9764652503654,0.3527388870716095,0.0,0.18591776490211487,0.0,0.41900184750556946,0.0,0.9576584994792938,0.0,742.3828227855265,102.54981820937246
482,-0.9526560306549072,-775.9291212810203,0.3514370918273926,0.0,0.18461598455905914,0.0,0.4166029393672943,0.0,0.952656015753746,0.0,743.3354788012803,102.54981820937246
483,-1.9959814548492432,-777.9251027358696,0.35007867217063904,0.0,0.1873515099287033,0.0,1.458551287651062,0.0,1.9959814697504044,0.0,745.3314602710307,102.54981820937246
484,-1.3760892152786255,-779.3011919511482,0.7561901807785034,0.0,0.20223666727542877,0.0,0.4176623523235321,0.0,1.3760892003774643,0.0,746.7075494714081,102.54981820937246
485,-1.1055219173431396,-780.4067138684914,0.3468944728374481,0.0,0.23087537288665771,0.0,0.5277521014213562,0.0,1.105521947145462,0.0,747.8130714185536,102.54981820937246
486,-1.2732956409454346,-781.6800095094368,0.3077986538410187,0.0,0.24157807230949402,0.0,0.7239189743995667,0.0,1.2732957005500793,0.0,749.0863671191037,102.54981820937246
487,-2.540097236633301,-784.2201067460701,0.06792356073856354,0.0,0.2113327980041504,0.0,2.260840892791748,0.0,2.540097251534462,0.0,751.6264643706381,102.54981820937246
488,-0.5931573957204819,-784.8132641417906,0.0,0.2953050136566162,0.19324900209903717,0.0,0.3999083936214447,0.0,0.29785238206386566,0.0,751.924316752702,102.54981820937246
489,-0.17388348281383514,-784.9871476246044,0.0,0.6492627263069153,0.17388348281383514,0.0,0.0,0.05673970654606819,0.0,0.5321189500391483,751.924316752702,103.08193715941161
490,-3.553964614868164,-788.5411122394726,2.4127769470214844,0.0,0.6456518173217773,0.0,0.49553588032722473,0.0,3.5539646446704865,0.0,755.4782813973725,103.08193715941161
491,-7.397173881530762,-795.9382861210033,2.313371181488037,0.0,3.277945041656494,0.0,1.8058578968048096,0.0,7.397174119949341,0.0,762.8754555173218,103.08193715941161
492,0.0,-795.9382861210033,0.0,2.1466565132141113,0.0,1.4333016872406006,0.0,1.7484378814697266,0.0,5.3283960819244385,762.8754555173218,108.41033324133605
493,0.0,-795.9382861210033,0.0,2.4323463439941406,0.0,1.5905263423919678,0.0,0.5007675886154175,0.0,4.523640275001526,762.8754555173218,112.93397351633757
494,0.0,-795.9382861210033,0.0,0.40036576986312866,0.0,0.1389916092157364,0.0,0.45656919479370117,0.0,0.9959265738725662,762.8754555173218,113.92990009021014
495,0.0,-795.9382861210033,0.0,0.526594340801239,0.0,0.07722398638725281,0.0,0.3597262501716614,0.0,0.9635445773601532,762.8754555173218,114.8934446675703
496,0.0,-795.9382861210033,0.0,0.3957573473453522,0.0,0.0744367241859436,0.0,0.2145540714263916,0.0,0.6847481429576874,762.8754555173218,115.57819281052798
497,-0.3262806236743927,-796.2645667446777,0.02223338931798935,0.0,0.039968591183423996,0.0,0.26407864689826965,0.0,0.326280627399683,0.0,763.2017361447215,115.57819281052798
498,-4.551896572113037,-800.8164633167908,3.070821762084961,0.0,0.8911504149436951,0.0,0.5899243950843811,0.0,4.551896572113037,0.0,767.7536327168345,115.57819281052798
499,-2.1031479835510254,-802.9196113003418,1.0269628763198853,0.0,0.35601088404655457,0.0,0.7201741337776184,0.0,2.1031478941440582,0.0,769.8567806109786,115.57819281052798
500,-1.8822147846221924,-804.801826084964,0.4469718635082245,0.0,0.36468249559402466,0.0,1.0705604553222656,0.0,1.8822148144245148,0.0,771.7389954254031,115.57819281052798
501,-2.769784450531006,-807.571610535495,1.3314045667648315,0.0,0.3876185119152069,0.0,1.050761342048645,0.0,2.7697844207286835,0.0,774.5087798461318,115.57819281052798
502,-1.5796260833740234,-809.151236618869,0.5798031091690063,0.0,0.3296126127243042,0.0,0.6702104210853577,0.0,1.5796261429786682,0.0,776.0884059891105,115.57819281052798
503,-1.0874227285385132,-810.2386593474075,0.3560788035392761,0.0,0.30459877848625183,0.0,0.4267451763153076,0.0,1.0874227583408356,0.0,777.1758287474513,115.57819281052798
504,-0.9636238813400269,-811.2022832287475,0.35421058535575867,0.0,0.18733283877372742,0.0,0.42208048701286316,0.0,0.9636239111423492,0.0,778.1394526585937,115.57819281052798
505,-1.0727756023406982,-812.2750588310882,0.3527388870716095,0.0,0.3010348379611969,0.0,0.41900184750556946,0.0,1.0727755725383759,0.0,779.212228231132,115.57819281052798
506,-0.9526560306549072,-813.2277148617432,0.3514370918273926,0.0,0.18461598455905914,0.0,0.4166029393672943,0.0,0.952656015753746,0.0,780.1648842468858,115.57819281052798
507,-0.9562599658966064,-814.1839748276398,0.35007867217063904,0.0,0.1873515099287033,0.0,0.4188297688961029,0.0,0.9562599509954453,0.0,781.1211441978812,115.57819281052798
508,-0.9731332659721375,-815.1571080936119,0.3357362449169159,0.0,0.20223666727542877,0.0,0.4351603388786316,0.0,0.9731332510709763,0.0,782.0942774489522,115.57819281052798
509,-2.7151968479156494,-817.8723049415275,1.9565691947937012,0.0,0.23087537288665771,0.0,0.5277521014213562,0.0,2.715196669101715,0.0,784.8094741180539,115.57819281052798
510,-9.280101776123047,-827.1524067176506,0.7452424764633179,0.0,0.25650835037231445,0.0,8.278350830078125,0.0,9.280101656913757,0.0,794.0895757749677,115.57819281052798
511,-2.1382293701171875,-829.2906360877678,0.15855766832828522,0.0,1.4071950912475586,0.0,0.5724765062332153,0.0,2.138229265809059,0.0,796.2278050407767,115.57819281052798
512,-2.038938283920288,-831.3295743716881,0.16519969701766968,0.0,0.1806737631559372,0.0,1.69306480884552,0.0,2.038938269019127,0.0,798.2667433097959,115.57819281052798
513,-0.7754702121019363,-832.10504458379,0.0,0.6769324541091919,0.16004861891269684,0.0,0.6154215931892395,0.0,0.09853775799274445,0.0,798.3652810677886,115.57819281052798
514,-0.007497816812247038,-832.1125424006023,0.0,0.4888811707496643,0.007497816812247038,0.0,0.0,0.34893566370010376,0.0,0.830319017637521,798.3652810677886,116.4085118281655
515,-0.7460956540307961,-832.858638054633,0.7456040382385254,0.0,0.0004916157922707498,0.0,0.0,0.3399659991264343,0.4061296549043618,0.0,798.771410722693,116.4085118281655
516,-9.050563097000122,-841.9092011516332,0.0,0.7536830306053162,5.323655605316162,0.0,3.72690749168396,0.0,8.296880066394806,0.0,807.0682907890878,116.4085118281655
517,0.0,-841.9092011516332,0.0,1.1816695928573608,0.0,1.67692232131958,0.0,2.1408979892730713,0.0,4.999489903450012,807.0682907890878,121.40800173161551
518,0.0,-841.9092011516332,0.0,1.0419042110443115,0.0,1.725354790687561,0.0,0.5483424067497253,0.0,3.315601408481598,807.0682907890878,124.72360314009711
519,0.0,-841.9092011516332,0.0,0.42597800493240356,0.0,0.20423081517219543,0.0,0.2646235227584839,0.0,0.8948323428630829,807.0682907890878,125.6184354829602
520,0.0,-841.9092011516332,0.0,0.5193469524383545,0.0,0.19860807061195374,0.0,0.26705801486968994,0.0,0.9850130379199982,807.0682907890878,126.60344852088019
521,-0.09520650655031204,-842.0044076581835,0.0,0.07843213528394699,0.0,0.044484660029411316,0.09520650655031204,0.0,0.0,0.027710288763046265,807.0682907890878,126.63115880964324
522,-1.1019550561904907,-843.106362714374,0.4168977439403534,0.0,0.1383749097585678,0.0,0.5466824173927307,0.0,1.101955071091652,0.0,808.1702458601794,126.63115880964324
523,-2.7122764587402344,-845.8186391731142,0.5939352512359619,0.0,0.2188272923231125,0.0,1.8995139598846436,0.0,2.712276503443718,0.0,810.8825223636231,126.63115880964324
524,-7.990974426269531,-853.8096135993837,1.2660026550292969,0.0,5.654411315917969,0.0,1.0705604553222656,0.0,7.990974426269531,0.0,818.8734967898927,126.63115880964324
525,-2.0586268305778503,-855.8682404299616,0.6353296637535095,0.0,0.0,1.0406745672225952,1.4232971668243408,0.0,1.0179522633552551,0.0,819.8914490532479,126.63115880964324
526,-1.1310515105724335,-856.999291940534,0.4215100109577179,0.0,0.0,1.1349445581436157,0.7095414996147156,0.0,0.0,0.003893047571182251,819.8914490532479,126.63505185721442
527,-1.0307042598724365,-858.0299962004065,0.37498530745506287,0.0,0.22897371649742126,0.0,0.4267451763153076,0.0,1.0307042002677917,0.0,820.9221532535157,126.63505185721442
528,-0.975361704826355,-859.0053579052328,0.35421058535575867,0.0,0.19907063245773315,0.0,0.42208048701286316,0.0,0.975361704826355,0.0,821.8975149583421,126.63505185721442
529,-0.9576585292816162,-859.9630164345144,0.3527388870716095,0.0,0.18591776490211487,0.0,0.41900184750556946,0.0,0.9576584994792938,0.0,822.8551734578214,126.63505185721442
530,-0.9526560306549072,-860.9156724651693,0.3514370918273926,0.0,0.18461598455905914,0.0,0.4166029393672943,0.0,0.952656015753746,0.0,823.8078294735751,126.63505185721442
531,-1.1855758428573608,-862.1012483080267,0.35007867217063904,0.0,0.4166674017906189,0.0,0.4188297688961029,0.0,1.1855758428573608,0.0,824.9934053164325,126.63505185721442
532,-0.9860039949417114,-863.0872523029684,0.34860697388648987,0.0,0.20223666727542877,0.0,0.4351603388786316,0.0,0.9860039800405502,0.0,825.979409296473,126.63505185721442
533,-1.0794618129730225,-864.1667141159414,0.3487769067287445,0.0,0.23087537288665771,0.0,0.49980950355529785,0.0,1.0794617831707,0.0,827.0588710796437,126.63505185721442
534,-1.4031658172607422,-865.5698799332022,0.7116307616233826,0.0,0.2397024929523468,0.0,0.45183253288269043,0.0,1.4031657874584198,0.0,828.4620368671021,126.63505185721442
535,-2.268202781677246,-867.8380827148794,0.10145055502653122,0.0,0.5448907613754272,0.0,1.6218613386154175,0.0,2.268202655017376,0.0,830.7302395221195,126.63505185721442
536,-2.902154177427292,-870.7402368923067,0.0,0.3353753387928009,2.6300389766693115,0.0,0.27211520075798035,0.0,2.566778838634491,0.0,833.297018360754,126.63505185721442
537,-9.444294929504395,-880.1845318218111,0.6008652448654175,0.0,8.606256484985352,0.0,0.23717337846755981,0.0,9.444295108318329,0.0,842.7413134690723,126.63505185721442
538,-5.664942145347595,-885.8494739671587,5.049230098724365,0.0,0.61571204662323,0.0,0.0,0.031604867428541183,5.633337277919054,0.0,848.3746507469914,126.63505185721442
539,0.0,-885.8494739671587,0.0,1.144559621810913,0.0,0.03349335119128227,0.0,0.015048542991280556,0.0,1.193101515993476,848.3746507469914,127.8281533732079
540,-0.3689352869987488,-886.2184092541575,0.0,0.4473486542701721,0.0,0.056489020586013794,0.3689352869987488,0.0,0.0,0.13490238785743713,848.3746507469914,127.96305576106533
541,0.0,-886.2184092541575,0.0,0.8032835125923157,0.0,0.20749174058437347,0.0,0.5003226399421692,0.0,1.5110978931188583,848.3746507469914,129.4741536541842
542,-1.5716594457626343,-887.7900686999201,1.5716594457626343,0.0,0.0,0.22840949892997742,0.0,0.2740533947944641,1.0691965520381927,0.0,849.4438472990296,129.4741536541842
543,-5.249531164765358,-893.0395998646854,5.1226091384887695,0.0,0.0,0.14496320486068726,0.12692202627658844,0.0,5.104567959904671,0.0,854.5484152589343,129.4741536541842
544,-0.5736870169639587,-893.6132868816494,0.0,0.15906882286071777,0.0,0.1092294305562973,0.5736870169639587,0.0,0.30538876354694366,0.0,854.8538040224812,129.4741536541842
545,-0.6229342222213745,-894.2362211038708,0.15528148412704468,0.0,0.09507961571216583,0.0,0.3725731670856476,0.0,0.6229342669248581,0.0,855.4767382894061,129.4741536541842
546,-2.7946290969848633,-897.0308502008556,0.538820743560791,0.0,0.7438444495201111,0.0,1.5119638442993164,0.0,2.7946290373802185,0.0,858.2713673267863,129.4741536541842
547,-2.333390474319458,-899.3642406751751,1.247894525527954,0.0,0.35911455750465393,0.0,0.7263814806938171,0.0,2.333390563726425,0.0,860.6047578905127,129.4741536541842
548,-2.5574777126312256,-901.9217183878063,1.317481517791748,0.0,0.4793415367603302,0.0,0.7606547474861145,0.0,2.5574778020381927,0.0,863.1622356925509,129.4741536541842
549,-2.3829104900360107,-904.3046288778423,1.0641010999679565,0.0,0.5022775530815125,0.0,0.8165318369865417,0.0,2.3829104900360107,0.0,865.5451461825869,129.4741536541842
550,-1.3243088722229004,-905.6289377500652,0.4215100109577179,0.0,0.19325745105743408,0.0,0.7095414996147156,0.0,1.3243089616298676,0.0,866.8694551442168,129.4741536541842
551,-1.0864951610565186,-906.7154329111218,0.3560788035392761,0.0,0.3036712408065796,0.0,0.4267451763153076,0.0,1.0864952206611633,0.0,867.9559503648779,129.4741536541842
552,-0.9636238813400269,-907.6790567924618,0.35421058535575867,0.0,0.18733283877372742,0.0,0.42208048701286316,0.0,0.9636239111423492,0.0,868.9195742760203,129.4741536541842
553,-1.186082363128662,-908.8651391555904,0.3527388870716095,0.0,0.41434162855148315,0.0,0.41900184750556946,0.0,1.186082363128662,0.0,870.105656639149,129.4741536541842
554,-0.9399878978729248,-909.8051270534634,0.33876895904541016,0.0,0.18461598455905914,0.0,0.4166029393672943,0.0,0.9399878829717636,0.0,871.0456445221207,129.4741536541842
555,-0.9562599658966064,-910.76138701936,0.35007867217063904,0.0,0.1873515099287033,0.0,0.4188297688961029,0.0,0.9562599509954453,0.0,872.0019044731162,129.4741536541842
556,-0.9860039949417114,-911.7473910143017,0.34860697388648987,0.0,0.20223666727542877,0.0,0.4351603388786316,0.0,0.9860039800405502,0.0,872.9879084531567,129.4741536541842
557,-1.0794618129730225,-912.8268528272747,0.3487769067287445,0.0,0.23087537288665771,0.0,0.49980950355529785,0.0,1.0794617831707,0.0,874.0673702363274,129.4741536541842
558,-1.031375765800476,-913.8582285930752,0.33445003628730774,0.0,0.2414994090795517,0.0,0.4554263651371002,0.0,1.0313758105039597,0.0,875.0987460468314,129.4741536541842
559,-1.37713623046875,-915.2353648235439,0.053132280707359314,0.0,0.8090472221374512,0.0,0.5149567723274231,0.0,1.3771362751722336,0.0,876.4758823220036,129.4741536541842
560,-0.7118367552757263,-915.9472015788197,0.0,0.33972299098968506,0.24874383211135864,0.0,0.4630929231643677,0.0,0.37211376428604126,0.0,876.8479960862896,129.4741536541842
561,-0.46248841285705566,-916.4096899916767,0.0,0.7332850098609924,0.22979986667633057,0.0,0.2326885461807251,0.0,0.0,0.27079659700393677,876.8479960862896,129.74495025118813
562,-0.8974553346633911,-917.3071453263401,0.0,0.01716652140021324,0.8974553346633911,0.0,0.0,0.05302396044135094,0.8272648528218269,0.0,877.6752609391115,129.74495025118813
563,-3.6256473064422607,-920.9327926327824,0.0,1.0357462167739868,3.6256473064422607,0.0,0.0,0.27347901463508606,2.316422075033188,0.0,879.9916830141447,129.74495025118813
564,-5.169285297393799,-926.1020779301762,5.169285297393799,0.0,0.0,1.3751436471939087,0.0,0.30404436588287354,3.4900972843170166,0.0,883.4817802984617,129.74495025118813
565,-1.9370598793029785,-928.0391378094791,1.9370598793029785,0.0,0.0,1.5986992120742798,0.0,0.5260208249092102,0.0,0.18766015768051147,883.4817802984617,129.93261040886864
566,0.0,-928.0391378094791,0.0,1.0548300743103027,0.0,0.2122948169708252,0.0,0.6152123808860779,0.0,1.8823372721672058,883.4817802984617,131.81494768103585
567,0.0,-928.0391378094791,0.0,0.7357444763183594,0.0,0.11498678475618362,0.0,0.27781617641448975,0.0,1.1285474374890327,883.4817802984617,132.94349511852488
568,-2.7038031220436096,-930.7429409315228,0.0,0.2551598846912384,0.9248583912849426,0.0,1.778944730758667,0.0,2.448643237352371,0.0,885.930423535814,132.94349511852488
569,-1.3740755319595337,-932.1170164634823,0.9289909601211548,0.0,0.08785857260227203,0.0,0.35722601413726807,0.0,1.3740755468606949,0.0,887.3044990826747,132.94349511852488
570,-2.657454490661621,-934.7744709541439,0.41911715269088745,0.0,1.0024840831756592,0.0,1.2358533143997192,0.0,2.657454550266266,0.0,889.961953632941,132.94349511852488
571,-1.9221795797348022,-936.6966505338787,0.5895199179649353,0.0,0.35659223794937134,0.0,0.9760674238204956,0.0,1.9221795797348022,0.0,891.8841332126758,132.94349511852488
572,-2.0460004806518555,-938.7426510145306,0.6107575297355652,0.0,0.36468249559402466,0.0,1.0705604553222656,0.0,2.0460004806518555,0.0,893.9301336933277,132.94349511852488
573,-2.446115255355835,-941.1887662698864,0.7614763379096985,0.0,0.19623863697052002,0.0,1.4884002208709717,0.0,2.44611519575119,0.0,896.3762488890789,132.94349511852488
574,-3.2183518409729004,-944.4071181108593,2.038153886795044,0.0,0.19325745105743408,0.0,0.986940324306488,0.0,3.218351662158966,0.0,899.5946005512378,132.94349511852488
575,-1.0905466079711914,-945.4976647188305,0.37498530745506287,0.0,0.18901224434375763,0.0,0.5265489816665649,0.0,1.0905465334653854,0.0,900.6851470847032,132.94349511852488
576,-0.9968959093093872,-946.4945606281399,0.3568393290042877,0.0,0.18733283877372742,0.0,0.45272377133369446,0.0,0.9968959391117096,0.0,901.6820430238149,132.94349511852488
577,-0.9576585292816162,-947.4522191574215,0.3527388870716095,0.0,0.18591776490211487,0.0,0.41900184750556946,0.0,0.9576584994792938,0.0,902.6397015232942,132.94349511852488
578,-0.9526560306549072,-948.4048751880764,0.3514370918273926,0.0,0.18461598455905914,0.0,0.4166029393672943,0.0,0.952656015753746,0.0,903.592357539048,132.94349511852488
579,-0.9562599658966064,-949.361135153973,0.35007867217063904,0.0,0.1873515099287033,0.0,0.4188297688961029,0.0,0.9562599509954453,0.0,904.5486174900434,132.94349511852488
580,-0.9860039949417114,-950.3471391489147,0.34860697388648987,0.0,0.20223666727542877,0.0,0.4351603388786316,0.0,0.9860039800405502,0.0,905.534621470084,132.94349511852488
581,-4.052920341491699,-954.4000594904064,3.3222358226776123,0.0,0.23087537288665771,0.0,0.49980950355529785,0.0,4.052920699119568,0.0,909.5875421692035,132.94349511852488
582,-2.689438581466675,-957.0894980718731,1.3316127061843872,0.0,0.6040012836456299,0.0,0.7538245916366577,0.0,2.689438581466675,0.0,912.2769807506702,132.94349511852488
583,-2.161489486694336,-959.2509875585674,1.1802514791488647,0.0,0.358120322227478,0.0,0.6231178045272827,0.0,2.1614896059036255,0.0,914.4384703565738,132.94349511852488
584,-0.9075264930725098,-960.1585140516399,0.0,0.07904624193906784,0.37908220291137695,0.0,0.5284442901611328,0.0,0.8284802511334419,0.0,915.2669506077073,132.94349511852488
585,-0.6259900331497192,-960.7845040847897,0.0,0.4998004138469696,0.3465421497821808,0.0,0.27944788336753845,0.0,0.12618961930274963,0.0,915.39314022701,132.94349511852488
586,-4.224954605102539,-965.0094586898922,0.3174455463886261,0.0,0.35085994005203247,0.0,3.5566492080688477,0.0,4.224954694509506,0.0,919.6180949215195,132.94349511852488
587,-4.760692119598389,-969.7701508094906,3.2999420166015625,0.0,1.1894009113311768,0.0,0.2713494896888733,0.0,4.7606924176216125,0.0,924.3787873391411,132.94349511852488
588,-0.22953198850154877,-969.9996827979921,0.0,0.9252549409866333,0.22953198850154877,0.0,0.0,0.1087273359298706,0.0,0.8044502884149551,924.3787873391411,133.74794540693983
589,-0.04725596308708191,-970.0469387610792,0.0,0.8178094029426575,0.04725596308708191,0.0,0.0,0.37475964426994324,0.0,1.1453130841255188,924.3787873391411,134.89325849106535
590,-0.24768562521785498,-970.2946243862971,0.24066291749477386,0.0,0.007022707723081112,0.0,0.0,0.40530452132225037,0.0,0.1576188961043954,924.3787873391411,135.05087738716975
591,-0.04044690728187561,-970.335071293579,0.0,0.6151168942451477,0.04044690728187561,0.0,0.0,0.3160651922225952,0.0,0.8907351791858673,924.3787873391411,135.94161256635562
592,-0.05079980567097664,-970.3858710992499,0.05079980567097664,0.0,0.0,0.06697840243577957,0.0,0.01682497002184391,0.0,0.03300356678664684,924.3787873391411,135.97461613314226
593,-0.4816442411392927,-970.8675153403892,0.0,0.07371017336845398,0.026100127026438713,0.0,0.455544114112854,0.0,0.40793406777083874,0.0,924.786721406912,135.97461613314226
594,-1.2721747159957886,-972.139690056385,0.30708345770835876,0.0,0.15865206718444824,0.0,0.8064391613006592,0.0,1.2721746861934662,0.0,926.0588960931054,135.97461613314226
595,-3.8656411170959473,-976.005331173481,2.3147993087768555,0.0,0.35625216364860535,0.0,1.1945897340774536,0.0,3.8656412065029144,0.0,929.9245372996083,135.97461613314226
596,-2.123356342315674,-978.1286875157966,0.6107575297355652,0.0,0.41281142830848694,0.0,1.0997874736785889,0.0,2.123356431722641,0.0,932.047893731331,135.97461613314226
597,-2.743990182876587,-980.8726776986732,1.539839744567871,0.0,0.3876185119152069,0.0,0.8165318369865417,0.0,2.7439900934696198,0.0,934.7918838248006,135.97461613314226
598,-2.4036529064178467,-983.2763306050911,1.5008540153503418,0.0,0.19325745105743408,0.0,0.7095414996147156,0.0,2.4036529660224915,0.0,937.1955367908231,135.97461613314226
599,-0.9718362092971802,-984.2481668143882,0.3560788035392761,0.0,0.18901224434375763,0.0,0.4267451763153076,0.0,0.9718362241983414,0.0,938.1673730150214,135.97461613314226
600,-0.9636238813400269,-985.2117906957283,0.35421058535575867,0.0,0.18733283877372742,0.0,0.42208048701286316,0.0,0.9636239111423492,0.0,939.1309969261638,135.97461613314226
601,-0.9576585292816162,-986.1694492250099,0.3527388870716095,0.0,0.18591776490211487,0.0,0.41900184750556946,0.0,0.9576584994792938,0.0,940.0886554256431,135.97461613314226
602,-5.522578716278076,-991.692027941288,2.4062469005584717,0.0,1.3108779191970825,0.0,1.805453896522522,0.0,5.522578716278076,0.0,945.6112341419212,135.97461613314226
603,-1.3638432025909424,-993.0558711438789,0.7576619386672974,0.0,0.1873515099287033,0.0,0.4188297688961029,0.0,1.3638432174921036,0.0,946.9750773594133,135.97461613314226
604,-1.9846563339233398,-995.0405274778022,1.347259283065796,0.0,0.20223666727542877,0.0,0.4351603388786316,0.0,1.9846562892198563,0.0,948.9597336486331,135.97461613314226
605,-1.6967012882232666,-996.7372287660255,0.9380737543106079,0.0,0.23087537288665771,0.0,0.5277521014213562,0.0,1.6967012286186218,0.0,950.6564348772517,135.97461613314226
606,-1.7805737257003784,-998.5178024917259,1.0610169172286987,0.0,0.2490430623292923,0.0,0.4705136716365814,0.0,1.7805736511945724,0.0,952.4370085284463,135.97461613314226
607,-1.317131519317627,-999.8349340110435,0.759421706199646,0.0,0.21481603384017944,0.0,0.3428937792778015,0.0,1.317131519317627,0.0,953.7541400477639,135.97461613314226
608,-0.6515290886163712,-1000.4864630996599,0.0,0.30828598141670227,0.1623491495847702,0.0,0.48917993903160095,0.0,0.3432431071996689,0.0,954.0973831549636,135.97461613314226
609,-1.454508289694786,-1001.9409713893547,0.0,0.43275222182273865,0.17460213601589203,0.0,1.279906153678894,0.0,1.0217560678720474,0.0,955.1191392228357,135.97461613314226
610,-0.020695986226201057,-1001.9616673755809,0.0,0.5142026543617249,0.020695986226201057,0.0,0.0,0.3225393295288086,0.0,0.8160459976643324,955.1191392228357,136.7906621308066
611,-0.1729317456483841,-1002.1345991212293,0.1729317456483841,0.0,0.0,0.06679539382457733,0.0,0.4775841534137726,0.0,0.3714478015899658,955.1191392228357,137.16210993239656
612,-0.263426274061203,-1002.3980253952905,0.0,1.0591528415679932,0.0,0.06497130542993546,0.263426274061203,0.0,0.0,0.8606978729367256,955.1191392228357,138.0228078053333
613,-0.06951248645782471,-1002.4675378817483,0.0,0.8234636783599854,0.0,0.17688243091106415,0.06951248645782471,0.0,0.0,0.9308336228132248,955.1191392228357,138.9536414281465
614,0.0,-1002.4675378817483,0.0,1.0116024017333984,0.0,0.22340743243694305,0.0,0.21245795488357544,0.0,1.447467789053917,955.1191392228357,140.40110921720043
615,0.0,-1002.4675378817483,0.0,0.8532128930091858,0.0,0.17444145679473877,0.0,0.3796030282974243,0.0,1.4072573781013489,955.1191392228357,141.80836659530178
616,0.0,-1002.4675378817483,0.0,0.5380384922027588,0.0,0.17350901663303375,0.0,0.4126986563205719,0.0,1.1242461651563644,955.1191392228357,142.93261276045814
617,-1.1489898264408112,-1003.6165277081891,0.38442274928092957,0.0,0.0,0.028112348169088364,0.7645670771598816,0.0,1.1208774782717228,0.0,956.2400167011074,142.93261276045814
618,-1.3218834400177002,-1004.9384111482068,0.36787644028663635,0.0,0.15145640075206757,0.0,0.8025505542755127,0.0,1.3218833953142166,0.0,957.5619000964216,142.93261276045814
619,-1.811098575592041,-1006.7495097237988,0.7303415536880493,0.0,0.35753491520881653,0.0,0.7232221961021423,0.0,1.8110986649990082,0.0,959.3729987614206,142.93261276045814
620,-2.824383497238159,-1009.573893221037,1.3891406059265137,0.0,0.36468249559402466,0.0,1.0705604553222656,0.0,2.824383556842804,0.0,962.1973823182634,142.93261276045814
621,-1.658369541168213,-1011.2322627622052,0.45421919226646423,0.0,0.3876185119152069,0.0,0.8165318369865417,0.0,1.658369541168213,0.0,963.8557518594316,142.93261276045814
622,-6.057295322418213,-1017.2895580846234,0.4215100109577179,0.0,4.011590003967285,0.0,1.6241950988769531,0.0,6.057295113801956,0.0,969.9130469732336,142.93261276045814
623,-1.4146983623504639,-1018.7042564469739,0.3560788035392761,0.0,0.30236607789993286,0.0,0.7562534809112549,0.0,1.4146983623504639,0.0,971.327745335584,142.93261276045814
624,-2.138622999191284,-1020.8428794461652,0.35421058535575867,0.0,0.18733283877372742,0.0,1.5970796346664429,0.0,2.138623058795929,0.0,973.46636839438,142.93261276045814
625,-0.9556514024734497,-1021.7985308486386,0.3527388870716095,0.0,0.18591776490211487,0.0,0.41699478030204773,0.0,0.9556514322757721,0.0,974.4220198266557,142.93261276045814
626,-0.934323787689209,-1022.7328546363278,0.3514370918273926,0.0,0.18461598455905914,0.0,0.39827069640159607,0.0,0.9343237727880478,0.0,975.3563435994438,142.93261276045814
627,-3.2107760906219482,-1025.9436307269498,1.3470382690429688,0.0,0.7504824995994568,0.0,1.113255262374878,0.0,3.2107760310173035,0.0,978.5671196304611,142.93261276045814
628,-0.9685059785842896,-1026.912136705534,0.34860697388648987,0.0,0.20223666727542877,0.0,0.4176623523235321,0.0,0.9685059934854507,0.0,979.5356256239465,142.93261276045814
629,-3.232116222381592,-1030.1442529279157,0.3487769067287445,0.0,0.23087537288665771,0.0,2.652463912963867,0.0,3.2321161925792694,0.0,982.7677418165258,142.93261276045814
630,-1.2502537965774536,-1031.394506724493,0.34246259927749634,0.0,0.31018462777137756,0.0,0.5976065397262573,0.0,1.2502537667751312,0.0,984.017995583301,142.93261276045814
631,-1.214921236038208,-1032.6094279605313,0.3763113021850586,0.0,0.3105776011943817,0.0,0.5280323624610901,0.0,1.2149212658405304,0.0,985.2329168491415,142.93261276045814
632,-1.8856636881828308,-1034.4950916487142,0.0,0.37374255061149597,0.8361832499504089,0.0,1.0494804382324219,0.0,1.5119211375713348,0.0,986.7448379867128,142.93261276045814
633,-0.9846715927124023,-1035.4797632414266,0.0,0.7184192538261414,0.2372327446937561,0.0,0.7474388480186462,0.0,0.266252338886261,0.0,987.0110903255991,142.93261276045814
634,-0.08819844573736191,-1035.567961687164,0.0,0.9992810487747192,0.08819844573736191,0.0,0.0,0.3774714171886444,0.0,1.2885540202260017,987.0110903255991,144.22116678068414
635,-0.2831929922103882,-1035.8511546793743,0.0,1.164985179901123,0.2831929922103882,0.0,0.0,0.5730229616165161,0.0,1.454815149307251,987.0110903255991,145.6759819299914
636,0.0,-1035.8511546793743,0.0,1.2253801822662354,0.0,0.14808499813079834,0.0,0.40855467319488525,0.0,1.782019853591919,987.0110903255991,147.4580017835833
637,0.0,-1035.8511546793743,0.0,1.243593454360962,0.0,0.27941328287124634,0.0,0.8005437254905701,0.0,2.3235504627227783,987.0110903255991,149.7815522463061
638,0.0,-1035.8511546793743,0.0,0.6936972141265869,0.0,0.30119627714157104,0.0,0.7941893339157104,0.0,1.7890828251838684,987.0110903255991,151.57063507148996
639,0.0,-1035.8511546793743,0.0,0.697390615940094,0.0,0.22867107391357422,0.0,0.6626204252243042,0.0,1.5886821150779724,987.0110903255991,153.15931718656793
640,-0.41181862354278564,-1036.262973302917,0.41181862354278564,0.0,0.0,0.20805951952934265,0.0,0.4817996621131897,0.0,0.2780405580997467,987.0110903255991,153.43735774466768
641,-0.38396577537059784,-1036.6469390782877,0.31945550441741943,0.0,0.0,0.05981559306383133,0.0645102709531784,0.0,0.3241501823067665,0.0,987.3352405079058,153.43735774466768
642,-2.4379825592041016,-1039.0849216374918,0.5452353954315186,0.0,1.1327673196792603,0.0,0.7599798440933228,0.0,2.4379825592041016,0.0,989.7732230671099,153.43735774466768
643,-9.34319019317627,-1048.428111830668,0.517493724822998,0.0,0.35864752531051636,0.0,8.467048645019531,0.0,9.343189895153046,0.0,999.116412962263,153.43735774466768
644,-2.46304988861084,-1050.891161719279,0.8479077816009521,0.0,0.36468249559402466,0.0,1.2504595518112183,0.0,2.463049829006195,0.0,1001.5794627912692,153.43735774466768
645,-5.710519313812256,-1056.6016810330912,4.1328816413879395,0.0,0.3876185119152069,0.0,1.1900190114974976,0.0,5.710519164800644,0.0,1007.2899819560698,153.43735774466768
646,-1.5736063718795776,-1058.1752874049707,0.4215100109577179,0.0,0.44255486130714417,0.0,0.7095414996147156,0.0,1.5736063718795776,0.0,1008.8635883279494,153.43735774466768
647,-1.1183160543441772,-1059.293603459315,0.3560788035392761,0.0,0.23568828403949738,0.0,0.5265489816665649,0.0,1.1183160692453384,0.0,1009.9819043971947,153.43735774466768
648,-1.1068097352981567,-1060.400413194613,0.35421058535575867,0.0,0.2998753786087036,0.0,0.45272377133369446,0.0,1.1068097352981567,0.0,1011.0887141324929,153.43735774466768
649,-0.9576585292816162,-1061.3580717238947,0.3527388870716095,0.0,0.18591776490211487,0.0,0.41900184750556946,0.0,0.9576584994792938,0.0,1012.0463726319722,153.43735774466768
650,-0.9526560306549072,-1062.3107277545496,0.3514370918273926,0.0,0.18461598455905914,0.0,0.4166029393672943,0.0,0.952656015753746,0.0,1012.9990286477259,153.43735774466768
651,-0.9562599658966064,-1063.2669877204462,0.35007867217063904,0.0,0.1873515099287033,0.0,0.4188297688961029,0.0,0.9562599509954453,0.0,1013.9552885987214,153.43735774466768
652,-0.9860039949417114,-1064.252991715388,0.34860697388648987,0.0,0.20223666727542877,0.0,0.4351603388786316,0.0,0.9860039800405502,0.0,1014.9412925787619,153.43735774466768
653,-2.0984199047088623,-1066.3514116200968,1.3677350282669067,0.0,0.23087537288665771,0.0,0.49980950355529785,0.0,2.0984199047088623,0.0,1017.0397124834708,153.43735774466768
654,-3.7559802532196045,-1070.1073918733164,2.7056221961975098,0.0,0.24639129638671875,0.0,0.8039667010307312,0.0,3.7559801936149597,0.0,1020.7956926770858,153.43735774466768
655,-2.589261531829834,-1072.6966534051462,1.1488118171691895,0.0,0.21834512054920197,0.0,1.2221044301986694,0.0,2.589261367917061,0.0,1023.3849540450028,153.43735774466768
656,-5.179886817932129,-1077.8765402230783,0.0,0.36626678705215454,0.500525951385498,0.0,4.679360866546631,0.0,4.813620030879974,0.0,1028.1985740758828,153.43735774466768
657,-6.507904872298241,-1084.3844450953766,0.0,0.7502269148826599,0.14646469056606293,0.0,6.361440181732178,0.0,5.757677957415581,0.0,1033.9562520332984,153.43735774466768
658,-0.8990600951947272,-1085.2835051905713,0.0,0.9725360870361328,0.006602431181818247,0.0,0.8924576640129089,0.0,0.0,0.07347599184140563,1033.9562520332984,153.51083373650908
659,0.0,-1085.2835051905713,0.0,0.24473510682582855,0.0,0.09424187988042831,0.0,0.35691264271736145,0.0,0.6958896294236183,1033.9562520332984,154.2067233659327
660,-0.4343595802783966,-1085.7178647708497,0.0,0.9004762172698975,0.4343595802783966,0.0,0.0,0.29645630717277527,0.0,0.7625729441642761,1033.9562520332984,154.96929631009698
661,-0.23452015221118927,-1085.952384923061,0.0,1.1207208633422852,0.0,0.21797701716423035,0.23452015221118927,0.0,0.0,1.1041777282953262,1033.9562520332984,156.0734740383923
662,-0.7364920973777771,-1086.6888770204387,0.7364920973777771,0.0,0.0,0.2784642279148102,0.0,0.7487252354621887,0.0,0.2906973659992218,1033.9562520332984,156.36417140439153
663,0.0,-1086.6888770204387,0.0,0.8766398429870605,0.0,0.18615493178367615,0.0,0.5775881409645081,0.0,1.6403829157352448,1033.9562520332984,158.00455432012677
664,-0.00890298467129469,-1086.69778000511,0.00890298467129469,0.0,0.0,0.1717604249715805,0.0,0.22638903558254242,0.0,0.38924647588282824,1033.9562520332984,158.3938007960096
665,-0.0994834154844284,-1086.7972634205944,0.0,0.07415522634983063,0.0,0.04232902079820633,0.0994834154844284,0.0,0.0,0.01700083166360855,1033.9562520332984,158.4108016276732
666,-1.212768793106079,-1088.0100322137005,0.40967029333114624,0.0,0.2636435031890869,0.0,0.539454996585846,0.0,1.212768793106079,0.0,1035.1690208264044,158.4108016276732
667,-4.138089179992676,-1092.1481213936931,2.1317942142486572,0.0,0.3581891655921936,0.0,1.6481059789657593,0.0,4.13808935880661,0.0,1039.307110185211,158.4108016276732
668,-2.1577420234680176,-1094.3058634171612,0.7031154632568359,0.0,0.36468249559402466,0.0,1.0899442434310913,0.0,2.157742202281952,0.0,1041.464852387493,158.4108016276732
669,-16.441734313964844,-1110.747597731126,7.0275139808654785,0.0,0.3876185119152069,0.0,9.026601791381836,0.0,16.44173428416252,0.0,1057.9065866716555,158.4108016276732
670,-2.520822763442993,-1113.268420494569,0.4215100109577179,0.0,0.44215521216392517,0.0,1.65715754032135,0.0,2.520822763442993,0.0,1060.4274094350985,158.4108016276732
671,-1.602722406387329,-1114.8711429009563,0.37498530745506287,0.0,0.7011880874633789,0.0,0.5265489816665649,0.0,1.6027223765850067,0.0,1062.0301318116835,158.4108016276732
672,-0.9779905080795288,-1115.8491334090359,0.3568393290042877,0.0,0.19907063245773315,0.0,0.42208048701286316,0.0,0.977990448474884,0.0,1063.0081222601584,158.4108016276732
673,-1.514233946800232,-1117.363367355836,0.34507817029953003,0.0,0.7501539587974548,0.0,0.41900184750556946,0.0,1.5142339766025543,0.0,1064.522356236761,158.4108016276732
674,-2.4145431518554688,-1119.7779105076916,1.7011696100234985,0.0,0.2967706322669983,0.0,0.4166029393672943,0.0,2.414543181657791,0.0,1066.9368994184188,158.4108016276732
675,-0.9562599658966064,-1120.7341704735882,0.35007867217063904,0.0,0.1873515099287033,0.0,0.4188297688961029,0.0,0.9562599509954453,0.0,1067.8931593694142,158.4108016276732
676,-0.9860039949417114,-1121.7201744685299,0.34860697388648987,0.0,0.20223666727542877,0.0,0.4351603388786316,0.0,0.9860039800405502,0.0,1068.8791633494548,158.4108016276732
677,-1.0794618129730225,-1122.799636281503,0.3487769067287445,0.0,0.23087537288665771,0.0,0.49980950355529785,0.0,1.0794617831707,0.0,1069.9586251326255,158.4108016276732
678,-2.5512032508850098,-1125.350839532388,1.0169463157653809,0.0,1.0625839233398438,0.0,0.47167298197746277,0.0,2.5512032210826874,0.0,1072.5098283537081,158.4108016276732
679,-2.1637752056121826,-1127.514614738,0.21681378781795502,0.0,1.3641343116760254,0.0,0.5828270316123962,0.0,2.1637751311063766,0.0,1074.6736034848145,158.4108016276732
680,-0.4406924843788147,-1127.955307222379,0.0,0.1919764280319214,0.22050392627716064,0.0,0.22018855810165405,0.0,0.2487160563468933,0.0,1074.9223195411614,158.4108016276732
681,-0.7578384280204773,-1128.7131456503994,0.4022056460380554,0.0,0.25337982177734375,0.0,0.10225296765565872,0.0,0.7578384354710579,0.0,1075.6801579766325,158.4108016276732
682,-0.3820599615573883,-1129.0952056119568,0.0,0.8945507407188416,0.3820599615573883,0.0,0.0,0.0920955017209053,0.0,0.6045862808823586,1075.6801579766325,159.01538790855557
683,-1.620985984802246,-1130.716191596759,0.0,0.21135073900222778,0.0,0.030194442719221115,1.620985984802246,0.0,1.3794408030807972,0.0,1077.0595987797133,159.01538790855557
684,0.0,-1130.716191596759,0.0,1.1891871690750122,0.0,0.12998846173286438,0.0,0.2818286418914795,0.0,1.601004272699356,1077.0595987797133,160.61639218125492
685,0.0,-1130.716191596759,0.0,1.1782113313674927,0.0,0.24672222137451172,0.0,0.7351616024971008,0.0,2.1600951552391052,1077.0595987797133,162.77648733649403
686,0.0,-1130.716191596759,0.0,1.0789623260498047,0.0,0.23463259637355804,0.0,0.43378812074661255,0.0,1.7473830431699753,1077.0595987797133,164.523870379664
687,0.0,-1130.716191596759,0.0,0.9265273213386536,0.0,0.21109865605831146,0.0,0.1729283630847931,0.0,1.3105543404817581,1077.0595987797133,165.83442472014576
688,-0.4294658899307251,-1131.1456574866897,0.4294658899307251,0.0,0.0,0.1713041365146637,0.0,0.4082888960838318,0.0,0.15012714266777039,1077.0595987797133,165.98455186281353
689,-1.4967931807041168,-1132.6424506673939,1.3497508764266968,0.0,0.0,0.018549572676420212,0.14704230427742004,0.0,1.4782436080276966,0.0,1078.537842387741,165.98455186281353
690,-9.643176078796387,-1142.2856267461902,1.4444351196289062,0.0,0.14266453683376312,0.0,8.056076049804688,0.0,9.643175706267357,0.0,1088.1810180940083,165.98455186281353
691,-2.6193366050720215,-1144.9049633512623,1.0972508192062378,0.0,0.5973512530326843,0.0,0.9247347116470337,0.0,2.619336783885956,0.0,1090.8003548778943,165.98455186281353
692,-1.5723090171813965,-1146.4772723684437,0.4469718635082245,0.0,0.36468249559402466,0.0,0.7606547474861145,0.0,1.5723091065883636,0.0,1092.3726639844826,165.98455186281353
693,-1.658369541168213,-1148.1356419096119,0.45421919226646423,0.0,0.3876185119152069,0.0,0.8165318369865417,0.0,1.658369541168213,0.0,1094.0310335256509,165.98455186281353
694,-1.8843421936035156,-1150.0199841032154,0.57329261302948,0.0,0.19325745105743408,0.0,1.1177921295166016,0.0,1.8843421936035156,0.0,1095.9153757192544,165.98455186281353
695,-1.6536635160446167,-1151.67364761926,0.3560788035392761,0.0,0.18901224434375763,0.0,1.1085724830627441,0.0,1.653663530945778,0.0,1097.5690392502001,165.98455186281353
696,-0.9636238813400269,-1152.6372715006,0.35421058535575867,0.0,0.18733283877372742,0.0,0.42208048701286316,0.0,0.9636239111423492,0.0,1098.5326631613425,165.98455186281353
697,-0.9576585292816162,-1153.5949300298817,0.3527388870716095,0.0,0.18591776490211487,0.0,0.41900184750556946,0.0,0.9576584994792938,0.0,1099.4903216608218,165.98455186281353
698,-0.9526560306549072,-1154.5475860605366,0.3514370918273926,0.0,0.18461598455905914,0.0,0.4166029393672943,0.0,0.952656015753746,0.0,1100.4429776765755,165.98455186281353
699,-0.9562599658966064,-1155.5038460264332,0.35007867217063904,0.0,0.1873515099287033,0.0,0.4188297688961029,0.0,0.9562599509954453,0.0,1101.399237627571,165.98455186281353
700,-0.9860039949417114,-1156.4898500213749,0.34860697388648987,0.0,0.20223666727542877,0.0,0.4351603388786316,0.0,0.9860039800405502,0.0,1102.3852416076115,165.98455186281353
701,-1.0794618129730225,-1157.569311834348,0.3487769067287445,0.0,0.23087537288665771,0.0,0.49980950355529785,0.0,1.0794617831707,0.0,1103.4647033907822,165.98455186281353
702,-1.0125945806503296,-1158.5819064149982,0.3108523190021515,0.0,0.24310490489006042,0.0,0.4586373567581177,0.0,1.0125945806503296,0.0,1104.4772979714326,165.98455186281353
703,-1.8209704160690308,-1160.4028768310673,1.3067142963409424,0.0,0.20033147931098938,0.0,0.3139246702194214,0.0,1.8209704458713531,0.0,1106.298268417304,165.98455186281353
704,-1.3224836587905884,-1161.7253604898578,0.7592211961746216,0.0,0.2643275260925293,0.0,0.2989349663257599,0.0,1.3224836885929108,0.0,1107.6207521058968,165.98455186281353
705,-2.9930005073547363,-1164.7183609972126,1.9054900407791138,0.0,0.24723315238952637,0.0,0.8402770757675171,0.0,2.9930002689361572,0.0,1110.613752374833,165.98455186281353
706,-1.3152621164917946,-1166.0336231137044,1.2209644317626953,0.0,0.09429768472909927,0.0,0.0,0.18462733924388885,1.1306347772479057,0.0,1111.744387152081,165.98455186281353
707,-0.0017803049413487315,-1166.0354034186457,0.0,1.0740123987197876,0.0017803049413487315,0.0,0.0,0.3524157404899597,0.0,1.4246478342683986,1111.744387152081,167.40919969708193
708,-0.06494231522083282,-1166.1003457338666,0.0,1.1632142066955566,0.06494231522083282,0.0,0.0,0.057513393461704254,0.0,1.155785284936428,1111.744387152081,168.56498498201836
709,0.0,-1166.1003457338666,0.0,0.9385082721710205,0.0,0.16362735629081726,0.0,0.25184541940689087,0.0,1.3539810478687286,1111.744387152081,169.9189660298871
710,0.0,-1166.1003457338666,0.0,0.5056313276290894,0.0,0.13752496242523193,0.0,0.47904282808303833,0.0,1.1221991181373596,1111.744387152081,171.04116514802445
711,0.0,-1166.1003457338666,0.0,0.6964879035949707,0.0,0.025233205407857895,0.0,0.09830903261899948,0.0,0.8200301416218281,1111.744387152081,171.86119528964628
712,-0.10400160402059555,-1166.2043473378872,0.0,0.03524324670433998,0.0,0.09797130525112152,0.10400160402059555,0.0,0.0,0.02921294793486595,1111.744387152081,171.89040823758114
713,-0.8896862864494324,-1167.0940336243366,0.20622381567955017,0.0,0.025920702144503593,0.0,0.6575417518615723,0.0,0.889686269685626,0.0,1112.6340734217665,171.89040823758114
714,-2.1043286323547363,-1169.1983622566913,0.3609231412410736,0.0,0.5004211664199829,0.0,1.242984414100647,0.0,2.1043287217617035,0.0,1114.7384021435282,171.89040823758114
715,-2.30519437789917,-1171.5035566345905,0.861149787902832,0.0,0.46824032068252563,0.0,0.9758043885231018,0.0,2.3051944971084595,0.0,1117.0435966406367,171.89040823758114
716,-2.6377453804016113,-1174.141302014992,1.2025023698806763,0.0,0.36468249559402466,0.0,1.0705604553222656,0.0,2.6377453207969666,0.0,1119.6813419614336,171.89040823758114
717,-2.9943976402282715,-1177.1356996552204,1.5637325048446655,0.0,0.3876185119152069,0.0,1.0430465936660767,0.0,2.994397610425949,0.0,1122.6757395718596,171.89040823758114
718,-3.2800660133361816,-1180.4157656685566,0.4215100109577179,0.0,0.19325745105743408,0.0,2.6652984619140625,0.0,3.2800659239292145,0.0,1125.9558054957888,171.89040823758114
