time_step,reward,all_rewards,grid_import_Building_1_kwh,export_Building_1_kwh,grid_import_Building_2_kwh,export_Building_2_kwh,grid_import_Building_3_kwh,export_Building_3_kwh,grid_import_kwh,export_kwh,cumulative_grid_import_kwh,cumulative_export_kwh
0,-5.139645386752277,-5.139645386752277,2.033644199371338,0.0,0.5619984865188599,0.0,1.689454197883606,0.0,4.285096883773804,0.0,4.285096883773804,0.0
1,-1.6839745004054711,-6.823619887157748,0.8462807536125183,0.0,0.18591776490211487,0.0,0.47319296002388,0.0,1.5053914785385132,0.0,5.790488362312317,0.0
2,-1.4726600649483959,-8.296279952106143,0.7249863147735596,0.0,0.18461598455905914,0.0,0.4455188810825348,0.0,1.3551211804151535,0.0,7.14560954272747,0.0
3,-1.3522917836373631,-9.648571735743506,0.6327978372573853,0.0,0.1873515099287033,0.0,0.433448851108551,0.0,1.2535981982946396,0.0,8.39920774102211,0.0
4,-1.3404934578582597,-10.989065193601766,0.6071555614471436,0.0,0.20223666727542877,0.0,0.4351603388786316,0.0,1.244552567601204,0.0,9.643760308623314,0.0
5,-1.9118836324615909,-12.900948826063356,1.00062894821167,0.0,0.23087537288665771,0.0,0.49980950355529785,0.0,1.7313138246536255,0.0,11.37507413327694,0.0
6,-3.354300748708435,-16.255249574771792,1.607621669769287,0.0,0.24817126989364624,0.0,1.033126950263977,0.0,2.8889198899269104,0.0,14.26399402320385,0.0
7,-1.9811749608502816,-18.236424535622074,0.5342340469360352,0.0,0.3452141582965851,0.0,0.8840543627738953,0.0,1.7635025680065155,0.0,16.027496591210365,0.0
8,-13.564181395953787,-31.80060593157586,4.653266429901123,0.0,2.933849573135376,0.0,2.187143325805664,0.0,9.774259328842163,0.0,25.80175592005253,0.0
9,-3.905401891423189,-35.70600782299905,0.48263463377952576,0.0,0.6722479462623596,0.0,2.1317636966705322,0.0,3.2866462767124176,0.0,29.088402196764946,0.0
10,-2.179013477481447,-37.885021300480496,0.0,0.3569531738758087,0.6334824562072754,0.0,1.284489393234253,0.0,1.5610186755657196,0.0,30.649420872330666,0.0
11,-4.024840580057725,-41.90986188053822,1.8172708749771118,0.0,0.6685148477554321,0.0,0.969410240650177,0.0,3.455195963382721,0.0,34.10461683571339,0.0
12,-4.211990281093831,-46.121852161632056,0.26597872376441956,0.0,0.9704316258430481,0.0,0.7307910919189453,0.0,1.967201441526413,0.0,36.0718182772398,0.0
13,-7.148964506407718,-53.27081666803977,0.0,0.18602026998996735,1.391748070716858,0.0,0.16319172084331512,0.0,1.3689195215702057,0.0,37.440737798810005,0.0
14,-4.823477088339363,-58.09429375637913,1.1413416862487793,0.0,1.8615128993988037,0.0,1.1025893688201904,0.0,4.105443954467773,0.0,41.54618175327778,0.0
15,-12.868707575381467,-70.9630013317606,3.09611439704895,0.0,2.5176239013671875,0.0,2.8193464279174805,0.0,8.433084726333618,0.0,49.9792664796114,0.0
16,-12.859970221809439,-83.82297155357003,1.5958620309829712,0.0,1.6485695838928223,0.0,2.4564435482025146,0.0,5.700875163078308,0.0,55.680141642689705,0.0
17,-6.944765050344431,-90.76773660391446,1.2886896133422852,0.0,1.9217567443847656,0.0,1.1150728464126587,0.0,4.3255192041397095,0.0,60.005660846829414,0.0
18,-8.506569566491924,-99.27430617040638,1.4295152425765991,0.0,1.6748143434524536,0.0,1.1743991374969482,0.0,4.278728723526001,0.0,64.28438957035542,0.0
19,-8.912082756436417,-108.1863889268428,2.2128801345825195,0.0,1.227257490158081,0.0,1.8394203186035156,0.0,5.279557943344116,0.0,69.56394751369953,0.0
20,-14.749145924158116,-122.93553485100091,2.285846471786499,0.0,2.411775588989258,0.0,3.1814944744110107,0.0,7.879116535186768,0.0,77.4430640488863,0.0
21,-7.953528394165382,-130.88906324516628,2.355867624282837,0.0,1.4954620599746704,0.0,2.5087616443634033,0.0,6.360091328620911,0.0,83.80315537750721,0.0
22,-8.791758189584028,-139.6808214347503,2.3203647136688232,0.0,2.2810893058776855,0.0,2.3687915802001953,0.0,6.970245599746704,0.0,90.77340097725391,0.0
23,-10.209761476111343,-149.89058291086164,2.6153059005737305,0.0,2.217148780822754,0.0,3.046008586883545,0.0,7.878463268280029,0.0,98.65186424553394,0.0
24,-5.753621810515048,-155.6442047213767,2.3209104537963867,0.0,1.7380685806274414,0.0,0.6718851327896118,0.0,4.73086416721344,0.0,103.38272841274738,0.0
25,-3.0597312181217267,-158.70393593949842,0.8989397287368774,0.0,1.3573987483978271,0.0,0.4408641457557678,0.0,2.6972026228904724,0.0,106.07993103563786,0.0
26,-3.773232539901872,-162.4771684794003,1.0177534818649292,0.0,1.1934020519256592,0.0,0.44533398747444153,0.0,2.65648952126503,0.0,108.73642055690289,0.0
27,-4.407739546973389,-166.8849080263737,1.0193257331848145,0.0,0.9258244037628174,0.0,1.2263838052749634,0.0,3.171533942222595,0.0,111.90795449912548,0.0
28,-4.418261039540419,-171.30316906591412,1.8102669715881348,0.0,0.5542671084403992,0.0,0.5102739334106445,0.0,2.8748080134391785,0.0,114.78276251256466,0.0
29,-4.083203096622322,-175.38637216253645,1.9918875694274902,0.0,0.6324796676635742,0.0,0.8494225740432739,0.0,3.4737898111343384,0.0,118.256552323699,0.0
30,-4.260034953615224,-179.64640711615166,1.914846420288086,0.0,0.562052845954895,0.0,1.148177146911621,0.0,3.625076413154602,0.0,121.8816287368536,0.0
31,-2.6742444187231666,-182.32065153487483,0.5994469523429871,0.0,0.3515583574771881,0.0,1.408346176147461,0.0,2.359351485967636,0.0,124.24098022282124,0.0
32,-6.726687204350001,-189.04733873922484,0.5914797186851501,0.0,2.7075908184051514,0.0,2.07395601272583,0.0,5.373026549816132,0.0,129.61400677263737,0.0
33,-4.3620488836238325,-193.40938762284867,0.5508348345756531,0.0,1.5647780895233154,0.0,1.6057416200637817,0.0,3.7213545441627502,0.0,133.33536131680012,0.0
34,-3.7928915250235784,-197.20227914787225,1.0747196674346924,0.0,1.557747721672058,0.0,0.6629735827445984,0.0,3.295440971851349,0.0,136.63080228865147,0.0
35,-4.852101392022514,-202.05438053989477,1.4102200269699097,0.0,1.7254090309143066,0.0,0.1455240100622177,0.0,3.281153067946434,0.0,139.9119553565979,0.0
36,-13.639154237492038,-215.69353477738682,5.742802143096924,0.0,1.6055642366409302,0.0,0.0,0.3256784975528717,7.022687882184982,0.0,146.93464323878288,0.0
37,-9.003555876946685,-224.6970906543335,3.49831485748291,0.0,1.4160703420639038,0.0,0.3910383880138397,0.0,5.305423587560654,0.0,152.24006682634354,0.0
38,-7.50039852511423,-232.19748917944773,0.9516675472259521,0.0,1.7061039209365845,0.0,1.3301417827606201,0.0,3.9879132509231567,0.0,156.2279800772667,0.0
39,-11.361354382769559,-243.55884356221728,2.3826003074645996,0.0,2.596217393875122,0.0,3.5980777740478516,0.0,8.576895475387573,0.0,164.80487555265427,0.0
40,-13.57049270872826,-257.12933627094554,3.6182243824005127,0.0,2.0031120777130127,0.0,4.194982051849365,0.0,9.81631851196289,0.0,174.62119406461716,0.0
41,-8.480607928274523,-265.6099441992201,1.1164528131484985,0.0,3.0794577598571777,0.0,2.043734073638916,0.0,6.239644646644592,0.0,180.86083871126175,0.0
42,-6.014821594239393,-271.62476579345946,1.4293485879898071,0.0,0.7104242444038391,0.0,1.539760947227478,0.0,3.6795337796211243,0.0,184.54037249088287,0.0
43,-13.354282613053853,-284.9790484065133,1.3111073970794678,0.0,0.48234808444976807,0.0,0.6950506567955017,0.0,2.4885061383247375,0.0,187.0288786292076,0.0
44,-10.613503264536384,-295.5925516710497,3.1651484966278076,0.0,1.1983438730239868,0.0,1.0104622840881348,0.0,5.373954653739929,0.0,192.40283328294754,0.0
45,-13.69832663881082,-309.29087830986055,1.6610984802246094,0.0,1.2316266298294067,0.0,1.729673147201538,0.0,4.622398257255554,0.0,197.0252315402031,0.0
46,-11.66618645745701,-320.95706476731755,2.1083335876464844,0.0,1.1428532600402832,0.0,0.47313135862350464,0.0,3.724318206310272,0.0,200.74954974651337,0.0
47,-12.349769333119156,-333.30683410043673,1.527636170387268,0.0,1.0445517301559448,0.0,1.4598007202148438,0.0,4.031988620758057,0.0,204.78153836727142,0.0
48,-7.550285354158516,-340.85711945459525,1.8270947933197021,0.0,1.5186045169830322,0.0,1.355297327041626,0.0,4.70099663734436,0.0,209.48253500461578,0.0
49,-5.919542277399838,-346.7766617319951,1.8008569478988647,0.0,1.456559419631958,0.0,1.6950620412826538,0.0,4.952478408813477,0.0,214.43501341342926,0.0
50,-3.2881449012298756,-350.064806633225,1.8757410049438477,0.0,0.8993889093399048,0.0,0.0,0.2745676636695862,2.5005622506141663,0.0,216.93557566404343,0.0
51,-3.025514797910314,-353.0903214311353,1.5529704093933105,0.0,0.44195860624313354,0.0,0.6509607434272766,0.0,2.6458897590637207,0.0,219.58146542310715,0.0
52,-2.9398137346129856,-356.0301351657483,0.9122720956802368,0.0,0.3164570927619934,0.0,1.1170251369476318,0.0,2.345754325389862,0.0,221.927219748497,0.0
53,-2.422718110125048,-358.45285327587334,0.9077532291412354,0.0,0.2789131700992584,0.0,0.7145421504974365,0.0,1.9012085497379303,0.0,223.82842829823494,0.0
54,-3.4188087026830907,-361.8716619785564,0.8493531942367554,0.0,0.501937747001648,0.0,0.5968912839889526,0.0,1.948182225227356,0.0,225.7766105234623,0.0
55,-5.187580480989902,-367.0592424595463,1.0093024969100952,0.0,0.19642934203147888,0.0,0.4533737003803253,0.0,1.6591055393218994,0.0,227.4357160627842,0.0
56,-7.674196535434762,-374.73343899498104,1.5450137853622437,0.0,0.5641136765480042,0.0,1.2900365591049194,0.0,3.3991640210151672,0.0,230.83488008379936,0.0
57,-3.1614153064900825,-377.8948543014711,0.3811553418636322,0.0,0.39384859800338745,0.0,0.9685309529304504,0.0,1.74353489279747,0.0,232.57841497659683,0.0
58,-7.2567462844039365,-385.1516005858751,0.0,0.40659448504447937,0.35620832443237305,0.0,0.9972438216209412,0.0,0.9468576610088348,0.0,233.52527263760567,0.0
59,-6.554736921959517,-391.70633750783463,0.0,0.3337078392505646,1.7238068580627441,0.0,0.0182080939412117,0.0,1.4083071127533913,0.0,234.93357975035906,0.0
60,-6.842203989829755,-398.54854149766436,0.0,0.35784003138542175,0.8359416127204895,0.0,0.3166959881782532,0.0,0.7947975695133209,0.0,235.72837731987238,0.0
61,-18.41261141617558,-416.96115291383995,0.4799130856990814,0.0,0.9593657851219177,0.0,7.960020065307617,0.0,9.399298936128616,0.0,245.127676256001,0.0
62,-7.4159704008726886,-424.37712331471266,0.4545091688632965,0.0,0.6115977764129639,0.0,0.622413158416748,0.0,1.6885201036930084,0.0,246.816196359694,0.0
63,-9.111247064120548,-433.4883703788332,2.692845344543457,0.0,0.6710448861122131,0.0,1.1380075216293335,0.0,4.501897752285004,0.0,251.318094111979,0.0
64,-12.978054063649171,-446.4664244424824,1.9329447746276855,0.0,0.49414241313934326,0.0,1.6912275552749634,0.0,4.118314743041992,0.0,255.436408855021,0.0
65,-10.508041545060832,-456.9744659875432,1.1511684656143188,0.0,0.6188573837280273,0.0,1.1130332946777344,0.0,2.8830591440200806,0.0,258.3194679990411,0.0
66,-11.400425383854508,-468.3748913713977,1.6111338138580322,0.0,0.8853075504302979,0.0,2.306598424911499,0.0,4.803039789199829,0.0,263.1225077882409,0.0
67,-8.009016756400554,-476.3839081277983,1.6020731925964355,0.0,1.084823489189148,0.0,1.76971435546875,0.0,4.4566110372543335,0.0,267.57911882549524,0.0
68,-7.9482034707703715,-484.33211159856864,1.0860645771026611,0.0,0.6506590843200684,0.0,1.4169965982437134,0.0,3.153720259666443,0.0,270.7328390851617,0.0
69,-13.624312730919314,-497.95642432948796,1.1173930168151855,0.0,0.7272949814796448,0.0,1.3930374383926392,0.0,3.2377254366874695,0.0,273.97056452184916,0.0
70,-7.2612756010512545,-505.2176999305392,1.0321056842803955,0.0,0.8815056681632996,0.0,0.5016738772392273,0.0,2.4152852296829224,0.0,276.3858497515321,0.0
71,-5.7604651925254675,-510.9781651230647,1.2797200679779053,0.0,0.5817518830299377,0.0,0.4596548080444336,0.0,2.3211267590522766,0.0,278.70697651058435,0.0
72,-5.771070521891902,-516.7492356449566,0.7402316331863403,0.0,0.7547656297683716,0.0,0.4456383287906647,0.0,1.9406355917453766,0.0,280.64761210232973,0.0
73,-5.644172046636452,-522.393407691593,0.6982134580612183,0.0,0.7438243627548218,0.0,0.47753795981407166,0.0,1.9195757806301117,0.0,282.56718788295984,0.0
74,-4.346003550465002,-526.7394112420579,0.8201286792755127,0.0,0.6415229439735413,0.0,0.6362835764884949,0.0,2.097935199737549,0.0,284.6651230826974,0.0
75,-3.747846280576892,-530.4872575226349,0.6681581735610962,0.0,0.542171061038971,0.0,0.6022865772247314,0.0,1.8126158118247986,0.0,286.4777388945222,0.0
76,-3.5653380188347206,-534.0525955414696,0.7459437847137451,0.0,0.4753127694129944,0.0,0.5948588848114014,0.0,1.8161154389381409,0.0,288.29385433346033,0.0
77,-6.199437673829782,-540.2520332152994,2.6711714267730713,0.0,0.9363222122192383,0.0,0.7580191493034363,0.0,4.365512788295746,0.0,292.6593671217561,0.0
78,-5.671196578966722,-545.9232297942661,0.7348698973655701,0.0,0.733414351940155,0.0,2.050172805786133,0.0,3.518457055091858,0.0,296.17782417684793,0.0
79,-4.437391968840385,-550.3606217631066,0.7980636358261108,0.0,0.6852517127990723,0.0,0.7995492815971375,0.0,2.2828646302223206,0.0,298.46068880707026,0.0
80,-6.0072920825001255,-556.3679138456067,0.40550732612609863,0.0,0.6451716423034668,0.0,1.8004841804504395,0.0,2.851163148880005,0.0,301.31185195595026,0.0
81,-5.396107268168138,-561.7640211137749,0.0,0.10203564167022705,0.8074817657470703,0.0,0.5597712397575378,0.0,1.265217363834381,0.0,302.57706931978464,0.0
82,-6.777917509277969,-568.5419386230528,0.3224881589412689,0.0,0.862022340297699,0.0,0.9896488785743713,0.0,2.1741593778133392,0.0,304.751228697598,0.0
83,-5.192100620042289,-573.7340392430951,0.0,0.19330893456935883,0.7195983529090881,0.0,0.2772302031517029,0.0,0.8035196214914322,0.0,305.5547483190894,0.0
84,-2.8085068597615175,-576.5425461028567,0.13599282503128052,0.0,0.8259280920028687,0.0,1.484751582145691,0.0,2.44667249917984,0.0,308.00142081826925,0.0
85,-2.3082154752444124,-578.8507615781011,0.6146441698074341,0.0,0.9975138306617737,0.0,0.47533106803894043,0.0,2.087489068508148,0.0,310.0889098867774,0.0
86,-3.364032357784702,-582.2147939358858,0.8294185996055603,0.0,1.3505197763442993,0.0,0.7848816514015198,0.0,2.9648200273513794,0.0,313.0537299141288,0.0
87,-2.228170542831593,-584.4429644787174,0.22987088561058044,0.0,0.7763670682907104,0.0,0.9510822296142578,0.0,1.9573201835155487,0.0,315.01105009764433,0.0
88,-3.2220934390615183,-587.6650579177789,0.795198380947113,0.0,1.4970457553863525,0.0,0.4598839581012726,0.0,2.752128094434738,0.0,317.76317819207907,0.0
89,-6.887552255123529,-594.5526101729024,2.075773000717163,0.0,2.4785900115966797,0.0,0.8894616365432739,0.0,5.443824648857117,0.0,323.2070028409362,0.0
90,-3.7676126265066476,-598.3202227994091,1.2882024049758911,0.0,0.7329042553901672,0.0,1.2697029113769531,0.0,3.2908095717430115,0.0,326.4978124126792,0.0
91,-3.838140618107643,-602.1583634175167,0.8564819097518921,0.0,0.8216069340705872,0.0,0.9009914994239807,0.0,2.57908034324646,0.0,329.07689275592566,0.0
92,-4.957968310856513,-607.1163317283732,1.4851751327514648,0.0,1.1532580852508545,0.0,1.5899193286895752,0.0,4.2283525466918945,0.0,333.30524530261755,0.0
93,-5.835364626157197,-612.9516963545304,1.597224235534668,0.0,1.2184306383132935,0.0,2.0528178215026855,0.0,4.868472695350647,0.0,338.1737179979682,0.0
94,-4.450447125546026,-617.4021434800765,1.5801770687103271,0.0,0.8145434260368347,0.0,1.4258489608764648,0.0,3.8205694556236267,0.0,341.9942874535918,0.0
95,-4.440046570352872,-621.8421900504293,1.647542953491211,0.0,0.8791608214378357,0.0,1.2882773876190186,0.0,3.814981162548065,0.0,345.8092686161399,0.0
96,-2.49336339664623,-624.3355534470755,0.921711802482605,0.0,0.715558648109436,0.0,0.6166965365409851,0.0,2.253966987133026,0.0,348.0632356032729,0.0
97,-2.0525142857032312,-626.3880677327787,0.7193434834480286,0.0,0.6769418716430664,0.0,0.4811888039112091,0.0,1.877474159002304,0.0,349.9407097622752,0.0
98,-2.1913542938917443,-628.5794220266705,0.7555091381072998,0.0,0.6990197896957397,0.0,0.5435359477996826,0.0,1.9980648756027222,0.0,351.93877463787794,0.0
99,-2.226823007783129,-630.8062450344536,0.7480618953704834,0.0,0.6573386192321777,0.0,0.6245245933532715,0.0,2.0299251079559326,0.0,353.9686997458339,0.0
100,-3.5291468589918287,-634.3353918934454,1.7281792163848877,0.0,0.7169560790061951,0.0,0.6085692644119263,0.0,3.053704559803009,0.0,357.0224043056369,0.0
101,-2.057475986605392,-636.3928678800507,0.8219330310821533,0.0,0.43073156476020813,0.0,0.6252753138542175,0.0,1.877939909696579,0.0,358.90034421533346,0.0
102,-3.779898374455251,-640.172766254506,1.6485759019851685,0.0,0.928587794303894,0.0,0.700785756111145,0.0,3.2779494524002075,0.0,362.17829366773367,0.0
103,-4.429496786600483,-644.6022630411064,1.9172582626342773,0.0,1.3684484958648682,0.0,0.4587418735027313,0.0,3.744448632001877,0.0,365.92274229973555,0.0
104,-3.934887014226933,-648.5371500553333,1.4649478197097778,0.0,0.8000051379203796,0.0,1.1575641632080078,0.0,3.4225171208381653,0.0,369.3452594205737,0.0
105,-1.0123172559352336,-649.5494673112686,0.06798490881919861,0.0,0.4667474031448364,0.0,0.41088953614234924,0.0,0.9456218481063843,0.0,370.2908812686801,0.0
106,-2.0682637026044,-651.617731013873,0.0,0.5456129312515259,0.6063840389251709,0.0,0.2978500425815582,0.0,0.35862115025520325,0.0,370.6495024189353,0.0
107,-2.497603842949876,-654.1153348568229,0.03336027264595032,0.0,1.4114174842834473,0.0,0.25386983156204224,0.0,1.6986475884914398,0.0,372.34815000742674,0.0
108,-3.9530257565197235,-658.0683606133426,0.44726866483688354,0.0,1.5191987752914429,0.0,1.431718111038208,0.0,3.3981855511665344,0.0,375.7463355585933,0.0
109,-6.893115483452168,-664.9614760967949,1.0886017084121704,0.0,2.61848521232605,0.0,1.8697253465652466,0.0,5.576812267303467,0.0,381.32314782589674,0.0
110,-0.6998295333664432,-665.6613056301613,0.38745570182800293,0.0,0.27083712816238403,0.0,0.0,0.05886765196919441,0.5994251780211926,0.0,381.92257300391793,0.0
111,-3.9214380945205445,-669.5827437246819,0.6796854138374329,0.0,1.6425703763961792,0.0,0.9906694293022156,0.0,3.3129252195358276,0.0,385.23549822345376,0.0
112,-4.421788635639853,-674.0045323603217,1.081254243850708,0.0,1.4874383211135864,0.0,1.161251425743103,0.0,3.7299439907073975,0.0,388.96544221416116,0.0
113,-6.932055089830264,-680.9365874501519,1.9410080909729004,0.0,1.7606031894683838,0.0,1.551396131515503,0.0,5.253007411956787,0.0,394.21844962611794,0.0
114,-8.283037694394356,-689.2196251445463,1.316426396369934,0.0,1.1804132461547852,0.0,2.9763288497924805,0.0,5.4731684923172,0.0,399.69161811843514,0.0
115,-9.871101579307314,-699.0907267238535,1.6393784284591675,0.0,1.023697853088379,0.0,4.5520429611206055,0.0,7.215119242668152,0.0,406.9067373611033,0.0
116,-5.505304482596971,-704.5960312064506,0.9974637031555176,0.0,1.0231571197509766,0.0,1.9425427913665771,0.0,3.9631636142730713,0.0,410.86990097537637,0.0
117,-3.883901303674861,-708.4799325101254,1.4574823379516602,0.0,1.1100709438323975,0.0,0.8155643939971924,0.0,3.38311767578125,0.0,414.2530186511576,0.0
118,-4.123122294668369,-712.6030548047938,1.6388477087020874,0.0,0.9120339751243591,0.0,1.0144271850585938,0.0,3.5653088688850403,0.0,417.81832752004266,0.0
119,-3.3659434991872845,-715.9689983039812,1.520641803741455,0.0,0.797266960144043,0.0,0.6284959316253662,0.0,2.9464046955108643,0.0,420.7647322155535,0.0
120,-3.413430973789861,-719.382429277771,1.1554723978042603,0.0,1.0700074434280396,0.0,0.6216557025909424,0.0,2.847135543823242,0.0,423.61186775937676,0.0
121,-2.942819272773905,-722.325248550545,0.743034839630127,0.0,0.7499291896820068,0.0,0.516902506351471,0.0,2.0098665356636047,0.0,425.62173429504037,0.0
122,-4.593024705745755,-726.9182732562907,0.7707102298736572,0.0,0.8829835653305054,0.0,0.524563193321228,0.0,2.1782569885253906,0.0,427.79999128356576,0.0
123,-4.4462662732632,-731.3645395295539,0.9472944736480713,0.0,0.5065118074417114,0.0,0.4780023694038391,0.0,1.9318086504936218,0.0,429.7317999340594,0.0
124,-3.7771367011770085,-735.1416762307309,0.5926478505134583,0.0,1.062207579612732,0.0,0.7116925120353699,0.0,2.36654794216156,0.0,432.09834787622094,0.0
125,-4.190372132651045,-739.332048363382,1.3819481134414673,0.0,0.9518507719039917,0.0,0.8844938278198242,0.0,3.218292713165283,0.0,435.3166405893862,0.0
126,-25.305130234832955,-764.637178598215,5.734566688537598,0.0,0.6031980514526367,0.0,8.026861190795898,0.0,14.364625930786133,0.0,449.68126652017236,0.0
127,-4.307918971966204,-768.9450975701811,0.7789079546928406,0.0,0.9370565414428711,0.0,0.9915990829467773,0.0,2.707563579082489,0.0,452.38883009925485,0.0
128,-3.7651833730824653,-772.7102809432636,0.756738543510437,0.0,0.9740250110626221,0.0,1.5473095178604126,0.0,3.2780730724334717,0.0,455.6669031716883,0.0
129,-11.164391210505947,-783.8746721537696,4.701461315155029,0.0,0.5928646326065063,0.0,0.9661391377449036,0.0,6.260465085506439,0.0,461.92736825719476,0.0
130,-3.7177123658209656,-787.5923845195905,0.0,0.34924232959747314,0.5537660121917725,0.0,0.5596837997436523,0.0,0.7642074823379517,0.0,462.6915757395327,0.0
131,-3.0500322773355086,-790.642416796926,0.0,0.39703699946403503,0.8755732178688049,0.0,0.0,0.2003328502178192,0.2782033681869507,0.0,462.96977910771966,0.0
132,-2.676875566352521,-793.3192923632785,0.0,0.004191495478153229,1.3114802837371826,0.0,1.0211308002471924,0.0,2.3284195885062218,0.0,465.2981986962259,0.0
133,-2.3185118299920138,-795.6378041932704,0.07436557114124298,0.0,1.3519654273986816,0.0,0.61197829246521,0.0,2.0383092910051346,0.0,467.336507987231,0.0
134,-2.3504663845792413,-797.9882705778497,0.48645707964897156,0.0,1.2018437385559082,0.0,0.41547200083732605,0.0,2.103772819042206,0.0,469.4402808062732,0.0
135,-4.095857459866991,-802.0841280377167,0.40607404708862305,0.0,1.661289930343628,0.0,1.3524596691131592,0.0,3.41982364654541,0.0,472.86010445281863,0.0
136,-3.9085130849976,-805.9926411227143,0.710831344127655,0.0,1.4031648635864258,0.0,1.206672191619873,0.0,3.320668399333954,0.0,476.1807728521526,0.0
137,-8.27473814833348,-814.2673792710477,3.2833123207092285,0.0,1.7382742166519165,0.0,1.325046181678772,0.0,6.346632719039917,0.0,482.5274055711925,0.0
138,-5.7384849553070065,-820.0058642263548,1.8357257843017578,0.0,1.522231101989746,0.0,1.4586502313613892,0.0,4.816607117652893,0.0,487.3440126888454,0.0
139,-9.470208805701505,-829.4760730320563,2.965981960296631,0.0,1.8269611597061157,0.0,2.5820841789245605,0.0,7.375027298927307,0.0,494.7190399877727,0.0
140,-23.406462547268553,-852.8825355793249,8.721752166748047,0.0,1.292036771774292,0.0,3.784431219100952,0.0,13.798220157623291,0.0,508.517260145396,0.0
141,-5.774751342981149,-858.6572869223061,1.3152275085449219,0.0,1.0795042514801025,0.0,0.9694924354553223,0.0,3.3642241954803467,0.0,511.88148434087634,0.0
142,-5.669207310710286,-864.3264942330163,0.8817300796508789,0.0,1.5549659729003906,0.0,0.4442964494228363,0.0,2.880992501974106,0.0,514.7624768428504,0.0
143,-3.241223144484655,-867.567717377501,1.1277828216552734,0.0,1.0872465372085571,0.0,0.6548805236816406,0.0,2.869909882545471,0.0,517.6323867253959,0.0
144,-5.1097268559315685,-872.6774442334325,0.9750230312347412,0.0,0.7251266241073608,0.0,0.7456660866737366,0.0,2.4458157420158386,0.0,520.0782024674118,0.0
145,-7.765618679686854,-880.4430629131194,1.1612021923065186,0.0,0.965873122215271,0.0,0.8979621529579163,0.0,3.025037467479706,0.0,523.1032399348915,0.0
146,-8.138739885318468,-888.5818027984379,0.7540061473846436,0.0,0.9274799823760986,0.0,0.6798365712165833,0.0,2.3613227009773254,0.0,525.4645626358688,0.0
147,-8.774680332517748,-897.3564831309557,0.6333640217781067,0.0,0.5013155937194824,0.0,0.6431064009666443,0.0,1.7777860164642334,0.0,527.242348652333,0.0
148,-8.510950320881498,-905.8674334518372,0.6468803882598877,0.0,0.4131529927253723,0.0,0.5494714379310608,0.0,1.6095048189163208,0.0,528.8518534712493,0.0
149,-6.496055836161822,-912.3634892879991,0.7740312814712524,0.0,0.336607962846756,0.0,0.7335456013679504,0.0,1.8441848456859589,0.0,530.6960383169353,0.0
150,-8.931640234676083,-921.2951295226752,1.9261233806610107,0.0,0.9983526468276978,0.0,1.5162814855575562,0.0,4.440757513046265,0.0,535.1367958299816,0.0
151,-6.390464599976867,-927.6855941226521,1.0789196491241455,0.0,0.5098811388015747,0.0,1.2166708707809448,0.0,2.805471658706665,0.0,537.9422674886882,0.0
152,-7.764401833166064,-935.4499959558182,2.07912540435791,0.0,0.40648162364959717,0.0,0.8830695748329163,0.0,3.3686766028404236,0.0,541.3109440915287,0.0
153,-6.253143224511399,-941.7031391803296,0.0,0.1373252123594284,0.8486961126327515,0.0,0.5610212087631226,0.0,1.2723921090364456,0.0,542.5833362005651,0.0
154,-5.455157752218931,-947.1582969325485,0.0,0.25252285599708557,1.0084608793258667,0.0,0.21267163753509521,0.0,0.9686096608638763,0.0,543.551945861429,0.0
155,-12.329321590601149,-959.4876185231496,5.538369178771973,0.0,0.677082359790802,0.0,0.0,0.04537711292505264,6.170074425637722,0.0,549.7220202870667,0.0
156,-6.123386929822734,-965.6110054529723,2.2754929065704346,0.0,1.0823742151260376,0.0,0.9769055843353271,0.0,4.334772706031799,0.0,554.0567929930985,0.0
157,-5.185999883264701,-970.797005336237,2.045126438140869,0.0,1.453769564628601,0.0,0.8570714592933655,0.0,4.355967462062836,0.0,558.4127604551613,0.0
158,-3.620953316017605,-974.4179586522546,1.369004487991333,0.0,1.2734121084213257,0.0,0.5109357833862305,0.0,3.153352379798889,0.0,561.5661128349602,0.0
159,-2.5400218047133443,-976.9579804569679,0.0,0.3264426290988922,1.3476625680923462,0.0,0.816991925239563,0.0,1.838211864233017,0.0,563.4043246991932,0.0
160,-5.063913294253947,-982.0218937512218,1.324108600616455,0.0,1.2613484859466553,0.0,1.6307358741760254,0.0,4.216192960739136,0.0,567.6205176599324,0.0
161,-8.457169126983962,-990.4790628782058,2.5639758110046387,0.0,1.6233645677566528,0.0,2.391169786453247,0.0,6.578510165214539,0.0,574.1990278251469,0.0
162,-8.327840730910648,-998.8069036091165,1.9823247194290161,0.0,1.3401633501052856,0.0,3.211170196533203,0.0,6.533658266067505,0.0,580.7326860912144,0.0
163,-6.344687470396756,-1005.1515910795132,1.3808693885803223,0.0,1.2586036920547485,0.0,2.552989959716797,0.0,5.192463040351868,0.0,585.9251491315663,0.0
164,-4.796533960741361,-1009.9481250402546,2.063678741455078,0.0,0.30205076932907104,0.0,1.6179156303405762,0.0,3.9836451411247253,0.0,589.908794272691,0.0
165,-5.706184124946402,-1015.654309165201,1.3895444869995117,0.0,0.9454094171524048,0.0,2.3832454681396484,0.0,4.718199372291565,0.0,594.6269936449826,0.0
166,-2.9212455123858105,-1018.5755546775868,0.8813232779502869,0.0,1.224398136138916,0.0,0.48896321654319763,0.0,2.5946846306324005,0.0,597.221678275615,0.0
167,-3.0991208445767198,-1021.6746755221635,1.2681812047958374,0.0,0.7392873764038086,0.0,0.7416354417800903,0.0,2.7491040229797363,0.0,599.9707822985947,0.0
168,-3.6178442709800915,-1025.2925197931436,1.0298304557800293,0.0,0.628498911857605,0.0,0.5851911306381226,0.0,2.243520498275757,0.0,602.2143027968705,0.0
169,-2.8643743482308035,-1028.1568941413743,0.8482037782669067,0.0,0.9746298789978027,0.0,0.46319374442100525,0.0,2.2860274016857147,0.0,604.5003301985562,0.0
170,-2.623674306429689,-1030.780568447804,0.9969298243522644,0.0,0.8030810952186584,0.0,0.5601292252540588,0.0,2.3601401448249817,0.0,606.8604703433812,0.0
171,-2.1861524931805527,-1032.9667209409845,0.7518347501754761,0.0,0.7042554616928101,0.0,0.5373890995979309,0.0,1.993479311466217,0.0,608.8539496548474,0.0
172,-2.3633265945148936,-1035.3300475354995,0.6589934229850769,0.0,0.39647001028060913,0.0,0.48381054401397705,0.0,1.539273977279663,0.0,610.393223632127,0.0
173,-6.77363609255388,-1042.1036836280534,3.300564765930176,0.0,0.6515971422195435,0.0,0.5638704299926758,0.0,4.516032338142395,0.0,614.9092559702694,0.0
174,-3.2980882106922325,-1045.4017718387456,0.8508267402648926,0.0,0.36635467410087585,0.0,1.642561435699463,0.0,2.8597428500652313,0.0,617.7689988203347,0.0
175,-4.94230020632979,-1050.3440720450753,0.5605380535125732,0.0,2.0620481967926025,0.0,1.5134656429290771,0.0,4.136051893234253,0.0,621.9050507135689,0.0
176,-2.7378779038985694,-1053.081949948974,1.5334558486938477,0.0,0.0,0.3250479996204376,0.8312454223632812,0.0,2.0396532714366913,0.0,623.9447039850056,0.0
177,-1.936541092807129,-1055.018491041781,0.0,0.0578179731965065,0.8683848977088928,0.0,0.8669930100440979,0.0,1.6775599345564842,0.0,625.6222639195621,0.0
178,-1.527811538286301,-1056.5463025800675,0.0,0.15736863017082214,0.814662754535675,0.0,0.573435366153717,0.0,1.23072949051857,0.0,626.8529934100807,0.0
179,-1.5879781909297215,-1058.1342807709973,0.17761416733264923,0.0,1.1251384019851685,0.0,0.11293460428714752,0.0,1.4156871736049652,0.0,628.2686805836856,0.0
180,-2.96297125441496,-1061.0972520254122,0.20107315480709076,0.0,1.2900079488754272,0.0,1.1039254665374756,0.0,2.5950065702199936,0.0,630.8636871539056,0.0
181,-1.9865981006386706,-1063.083850126051,0.47705644369125366,0.0,1.0732699632644653,0.0,0.2403477132320404,0.0,1.7906741201877594,0.0,632.6543612740934,0.0
182,-3.66609564325373,-1066.7499457693048,1.2926608324050903,0.0,1.319389820098877,0.0,0.5853946208953857,0.0,3.197445273399353,0.0,635.8518065474927,0.0
183,-3.382278928838568,-1070.1322246981433,0.13531732559204102,0.0,1.5041476488113403,0.0,1.2031912803649902,0.0,2.8426562547683716,0.0,638.6944628022611,0.0
184,-3.572876051031889,-1073.7051007491752,0.6100636720657349,0.0,1.3528791666030884,0.0,1.0913792848587036,0.0,3.054322123527527,0.0,641.7487849257886,0.0
185,-5.823595824910051,-1079.5286965740852,1.398781418800354,0.0,1.408508539199829,0.0,1.9588972330093384,0.0,4.7661871910095215,0.0,646.5149721167982,0.0
186,-7.537252253266571,-1087.0659488273518,2.3750619888305664,0.0,1.7163552045822144,0.0,2.0067076683044434,0.0,6.098124861717224,0.0,652.6130969785154,0.0
187,-8.39564181619322,-1095.461590643545,1.9192934036254883,0.0,1.229142665863037,0.0,1.7172515392303467,0.0,4.865687608718872,0.0,657.4787845872343,0.0
188,-7.527733383036544,-1102.9893240265815,1.6808042526245117,0.0,1.140122652053833,0.0,2.230074405670166,0.0,5.051001310348511,0.0,662.5297858975828,0.0
189,-7.465273398702255,-1110.4545974252837,1.856273889541626,0.0,1.1422348022460938,0.0,1.72532057762146,0.0,4.72382926940918,0.0,667.253615166992,0.0
190,-5.255511693951561,-1115.7101091192353,1.2993113994598389,0.0,1.3532034158706665,0.0,1.7181898355484009,0.0,4.370704650878906,0.0,671.6243198178709,0.0
191,-4.572081744478527,-1120.2821908637138,0.9836214184761047,0.0,1.7284784317016602,0.0,1.205742359161377,0.0,3.917842209339142,0.0,675.54216202721,0.0
192,-3.6356005951807493,-1123.9177914588945,1.2470422983169556,0.0,0.5998891592025757,0.0,0.6173124313354492,0.0,2.4642438888549805,0.0,678.006405916065,0.0
193,-2.931793102846992,-1126.8495845617415,0.9102061986923218,0.0,0.786173403263092,0.0,0.9285906553268433,0.0,2.624970257282257,0.0,680.6313761733472,0.0
194,-2.835895042457789,-1129.6854796041994,0.8671143054962158,0.0,0.9399722814559937,0.0,0.7372955083847046,0.0,2.544382095336914,0.0,683.1757582686841,0.0
195,-2.835310406168846,-1132.5207900103683,0.882901668548584,0.0,0.7826526761054993,0.0,0.879557728767395,0.0,2.5451120734214783,0.0,685.7208703421056,0.0
196,-2.7791027682026366,-1135.299892778571,0.927710771560669,0.0,0.41939228773117065,0.0,1.1291978359222412,0.0,2.476300895214081,0.0,688.1971712373197,0.0
197,-2.2082388674417155,-1137.5081316460125,0.7718730568885803,0.0,0.3514254689216614,0.0,0.878021240234375,0.0,2.0013197660446167,0.0,690.1984910033643,0.0
198,-3.233389435519828,-1140.7415210815325,1.5928542613983154,0.0,0.31305980682373047,0.0,0.9014731645584106,0.0,2.8073872327804565,0.0,693.0058782361448,0.0
199,-2.2181579261149964,-1142.9596790076475,0.4585537612438202,0.0,0.41503971815109253,0.0,1.1225509643554688,0.0,1.9961444437503815,0.0,695.0020226798952,0.0
200,-5.980365029686667,-1148.9400440373342,1.9140747785568237,0.0,0.3615676462650299,0.0,0.8086518049240112,0.0,3.084294229745865,0.0,698.086316909641,0.0
201,-4.04200455436586,-1152.9820485917,0.2203441560268402,0.0,0.6131322383880615,0.0,0.6847133636474609,0.0,1.5181897580623627,0.0,699.6045066677034,0.0
202,-2.90991440456855,-1155.8919629962686,0.0,0.3568648397922516,0.7778648138046265,0.0,0.671047568321228,0.0,1.092047542333603,0.0,700.696554210037,0.0
203,-2.6403699949058552,-1158.5323329911744,0.0948653444647789,0.0,1.144822597503662,0.0,0.7576438188552856,0.0,1.9973317608237267,0.0,702.6938859708607,0.0
204,-4.312789779950684,-1162.845122771125,0.4752086102962494,0.0,0.9502463936805725,0.0,0.5335604548454285,0.0,1.9590154588222504,0.0,704.652901429683,0.0
205,-13.952851637212701,-1176.7979744083377,1.3277554512023926,0.0,1.6060398817062378,0.0,6.321253299713135,0.0,9.255048632621765,0.0,713.9079500623047,0.0
206,-7.0383541483556025,-1183.8363285566934,1.715906023979187,0.0,1.0292131900787354,0.0,1.8115235567092896,0.0,4.556642770767212,0.0,718.464592833072,0.0
207,-13.133109814206215,-1196.9694383708995,1.2519294023513794,0.0,0.718460738658905,0.0,0.7072364091873169,0.0,2.6776265501976013,0.0,721.1422193832695,0.0
208,-6.184562788428081,-1203.1540011593277,1.1680524349212646,0.0,1.461766004562378,0.0,1.1084362268447876,0.0,3.73825466632843,0.0,724.880474049598,0.0
209,-15.160109075855447,-1218.314110235183,1.2609171867370605,0.0,0.6918172240257263,0.0,1.2292077541351318,0.0,3.1819421648979187,0.0,728.0624162144959,0.0
210,-13.198053999333297,-1231.5121642345164,1.6261335611343384,0.0,0.9596393704414368,0.0,2.3865625858306885,0.0,4.972335517406464,0.0,733.0347517319024,0.0
211,-8.905238539292107,-1240.4174027738086,2.1897928714752197,0.0,1.224286437034607,0.0,2.0632400512695312,0.0,5.477319359779358,0.0,738.5120710916817,0.0
212,-9.117538391118586,-1249.5349411649272,1.1732593774795532,0.0,0.9597691297531128,0.0,1.3667075634002686,0.0,3.4997360706329346,0.0,742.0118071623147,0.0
213,-6.0650792750449165,-1255.600020439972,1.7655003070831299,0.0,1.1912612915039062,0.0,2.077476739883423,0.0,5.034238338470459,0.0,747.0460455007851,0.0
214,-5.048886002685571,-1260.6489064426576,1.244568109512329,0.0,1.6292786598205566,0.0,1.4267207384109497,0.0,4.3005675077438354,0.0,751.346613008529,0.0
215,-3.564874159689093,-1264.2137806023466,1.5113939046859741,0.0,0.8984622359275818,0.0,0.6626880168914795,0.0,3.0725441575050354,0.0,754.419157166034,0.0
216,-2.9130072851201994,-1267.1267878874667,0.9615105390548706,0.0,0.8108347654342651,0.0,0.6390776634216309,0.0,2.4114229679107666,0.0,756.8305801339447,0.0
217,-3.7560149447993116,-1270.882802832266,0.931308925151825,0.0,0.8680427074432373,0.0,0.6146516799926758,0.0,2.414003312587738,0.0,759.2445834465325,0.0
218,-4.133783655436091,-1275.016586487702,1.0179742574691772,0.0,0.847407877445221,0.0,0.6533963680267334,0.0,2.5187785029411316,0.0,761.7633619494736,0.0
219,-2.7257594408931047,-1277.7423459285951,0.9023638963699341,0.0,0.6358993649482727,0.0,0.9116473197937012,0.0,2.449910581111908,0.0,764.2132725305855,0.0
220,-2.1345080862955643,-1279.8768540148906,0.7878987789154053,0.0,0.454648494720459,0.0,0.7034328579902649,0.0,1.9459801316261292,0.0,766.1592526622117,0.0
221,-4.960558250774228,-1284.8374122656649,2.3570327758789062,0.0,0.4539831876754761,0.0,1.2886940240859985,0.0,4.099709987640381,0.0,770.258962649852,0.0
222,-2.913562002816888,-1287.7509742684817,0.8016262650489807,0.0,0.34882792830467224,0.0,1.4128944873809814,0.0,2.5633486807346344,0.0,772.8223113305867,0.0
223,-2.467734876402848,-1290.2187091448845,0.5629923343658447,0.0,0.3952987790107727,0.0,1.1187816858291626,0.0,2.07707279920578,0.0,774.8993841297925,0.0
224,-2.597361288441073,-1292.8160704333256,0.11273465305566788,0.0,0.5489726662635803,0.0,0.8929156064987183,0.0,1.5546229258179665,0.0,776.4540070556104,0.0
225,-2.0263051849272253,-1294.8423756182528,0.0,0.24403898417949677,0.8848549723625183,0.0,0.9251909255981445,0.0,1.566006913781166,0.0,778.0200139693916,0.0
226,-2.726642869351176,-1297.5690184876041,0.0,0.4171675443649292,1.553159475326538,0.0,0.800148069858551,0.0,1.93614000082016,0.0,779.9561539702117,0.0
227,-1.256865802829838,-1298.825884290434,0.0,0.2969711720943451,0.8945341110229492,0.0,0.24346289038658142,0.0,0.8410258293151855,0.0,780.7971797995269,0.0
228,-1.9323609469933944,-1300.7582452374274,0.1092478483915329,0.0,0.946431040763855,0.0,0.48672980070114136,0.0,1.5424086898565292,0.0,782.3395884893835,0.0
229,-20.990239401161844,-1321.7484846385894,0.4825788140296936,0.0,9.220416069030762,0.0,1.1500838994979858,0.0,10.853078782558441,0.0,793.1926672719419,0.0
230,-4.733730186187654,-1326.482214824777,0.4485519230365753,0.0,1.217109203338623,0.0,1.100664734840393,0.0,2.7663258612155914,0.0,795.9589931331575,0.0
231,-10.540853709249873,-1337.0230685340268,0.6841142773628235,0.0,0.5526948571205139,0.0,0.5446624159812927,0.0,1.7814715504646301,0.0,797.7404646836221,0.0
232,-24.270945897550078,-1361.294014431577,5.270507335662842,0.0,0.580365777015686,0.0,2.247507333755493,0.0,8.098380446434021,0.0,805.8388451300561,0.0
233,-20.13199678176337,-1381.4260112133402,1.340574026107788,0.0,0.6274889707565308,0.0,1.1893115043640137,0.0,3.1573745012283325,0.0,808.9962196312845,0.0
234,-11.502939553496308,-1392.9289507668366,2.790140390396118,0.0,1.6247626543045044,0.0,1.8698898553848267,0.0,6.284792900085449,0.0,815.2810125313699,0.0
235,-9.06428077301927,-1401.9932315398557,2.437014102935791,0.0,1.802277684211731,0.0,2.874305248260498,0.0,7.11359703540802,0.0,822.394609566778,0.0
236,-9.02083365810486,-1411.0140651979607,2.3664519786834717,0.0,2.0989441871643066,0.0,2.6479296684265137,0.0,7.113325834274292,0.0,829.5079354010522,0.0
237,-7.268952047150588,-1418.2830172451113,1.8643263578414917,0.0,1.5946446657180786,0.0,2.4413864612579346,0.0,5.900357484817505,0.0,835.4082928858697,0.0
238,-5.243612789693948,-1423.5266300348053,2.117734909057617,0.0,1.4180660247802734,0.0,0.8575931191444397,0.0,4.39339405298233,0.0,839.8016869388521,0.0
239,-3.9015249175924005,-1427.4281549523978,1.415980577468872,0.0,1.4169763326644897,0.0,0.5404802560806274,0.0,3.3734371662139893,0.0,843.1751241050661,0.0
240,-3.969285467744119,-1431.397440420142,1.0098001956939697,0.0,0.910442590713501,0.0,0.6227766275405884,0.0,2.543019413948059,0.0,845.7181435190141,0.0
241,-5.94388413266581,-1437.3413245528077,0.8564134836196899,0.0,0.9745995998382568,0.0,0.6040861010551453,0.0,2.435099184513092,0.0,848.1532427035272,0.0
242,-5.898038495140254,-1443.239363047948,0.9150969982147217,0.0,0.9060298204421997,0.0,0.5078226923942566,0.0,2.328949511051178,0.0,850.4821922145784,0.0
243,-3.885233831797283,-1447.1245968797452,0.8402758240699768,0.0,0.9689185619354248,0.0,0.6203702688217163,0.0,2.429564654827118,0.0,852.9117568694055,0.0
244,-2.864509602202181,-1449.9891064819474,0.8142132759094238,0.0,0.4066275358200073,0.0,0.7011637091636658,0.0,1.922004520893097,0.0,854.8337613902986,0.0
245,-3.560675194516457,-1453.549781676464,1.4659719467163086,0.0,0.8657920956611633,0.0,0.7869000434875488,0.0,3.1186640858650208,0.0,857.9524254761636,0.0
246,-7.164298772270543,-1460.7140804487344,0.8333181738853455,0.0,0.35715973377227783,0.0,4.077022552490234,0.0,5.267500460147858,0.0,863.2199259363115,0.0
247,-4.427861058737546,-1465.141941507472,1.6119509935379028,0.0,0.8012903928756714,0.0,1.3873218297958374,0.0,3.8005632162094116,0.0,867.0204891525209,0.0
248,-6.66609608053512,-1471.8080375880072,1.2242236137390137,0.0,1.7834922075271606,0.0,1.3352643251419067,0.0,4.342980146408081,0.0,871.363469298929,0.0
249,-2.2549882013035374,-1474.0630257893108,0.3935386538505554,0.0,0.4401620626449585,0.0,1.186704397201538,0.0,2.020405113697052,0.0,873.383874412626,0.0
250,-1.758961048750102,-1475.8219868380609,0.1539028137922287,0.0,0.7183160185813904,0.0,0.5317461490631104,0.0,1.4039649814367294,0.0,874.7878393940628,0.0
251,-1.0715553954187993,-1476.8935422334796,0.10978654772043228,0.0,0.8139705061912537,0.0,0.05163878574967384,0.0,0.9753958396613598,0.0,875.7632352337241,0.0
252,-2.860566401837925,-1479.7541086353176,0.14215204119682312,0.0,1.1725044250488281,0.0,1.1914138793945312,0.0,2.5060703456401825,0.0,878.2693055793643,0.0
253,-3.0697122214385093,-1482.8238208567561,0.24954281747341156,0.0,1.7410764694213867,0.0,0.6504373550415039,0.0,2.641056641936302,0.0,880.9103622213006,0.0
254,-15.940740200383116,-1498.7645610571392,6.164593696594238,0.0,1.037136435508728,0.0,0.284750759601593,0.0,7.486480891704559,0.0,888.3968431130052,0.0
255,-7.064170294848449,-1505.8287313519877,0.6405538320541382,0.0,1.5769625902175903,0.0,1.3676950931549072,0.0,3.5852115154266357,0.0,891.9820546284318,0.0
256,-7.017010226397872,-1512.8457415783855,1.5066386461257935,0.0,1.4328842163085938,0.0,1.280131220817566,0.0,4.219654083251953,0.0,896.2017087116838,0.0
257,-6.602887446220631,-1519.4486290246061,1.9537147283554077,0.0,1.5091397762298584,0.0,1.5487877130508423,0.0,5.011642217636108,0.0,901.2133509293199,0.0
258,-7.51520203064206,-1526.9638310552482,2.446800947189331,0.0,1.524714708328247,0.0,2.0962331295013428,0.0,6.067748785018921,0.0,907.2810997143388,0.0
259,-7.159456782655358,-1534.1232878379035,2.198376178741455,0.0,1.4297431707382202,0.0,2.193016767501831,0.0,5.821136116981506,0.0,913.1022358313203,0.0
260,-7.762962634425028,-1541.8862504723286,2.4378859996795654,0.0,1.5033020973205566,0.0,2.293633460998535,0.0,6.234821557998657,0.0,919.3370573893189,0.0
261,-20.381057341642435,-1562.267307813971,1.7752633094787598,0.0,1.5692957639694214,0.0,8.647528648376465,0.0,11.992087721824646,0.0,931.3291451111436,0.0
262,-3.9246639832404835,-1566.1919717972114,1.4555597305297852,0.0,0.913167417049408,0.0,1.0512349605560303,0.0,3.4199621081352234,0.0,934.7491072192788,0.0
263,-4.825198630878602,-1571.01717042809,1.7413222789764404,0.0,1.2495852708816528,0.0,1.128419280052185,0.0,4.119326829910278,0.0,938.8684340491891,0.0
264,-3.1723400510259996,-1574.1895104791158,1.0640941858291626,0.0,1.0357733964920044,0.0,0.7187563180923462,0.0,2.818623900413513,0.0,941.6870579496026,0.0
265,-2.5955126371339476,-1576.7850231162497,0.8661997318267822,0.0,0.7771772146224976,0.0,0.6999239921569824,0.0,2.343300938606262,0.0,944.0303588882089,0.0
266,-2.75702543745124,-1579.5420485537009,0.8543432354927063,0.0,0.9858265519142151,0.0,0.634784460067749,0.0,2.4749542474746704,0.0,946.5053131356835,0.0
267,-2.9078147087533965,-1582.4498632624543,0.8850502967834473,0.0,0.7919144034385681,0.0,0.9282681941986084,0.0,2.605232894420624,0.0,949.1105460301042,0.0
268,-2.718374411058843,-1585.1682376735132,0.8512992858886719,0.0,0.9370267987251282,0.0,0.6560236215591431,0.0,2.444349706172943,0.0,951.5548957362771,0.0
269,-3.2227409035755885,-1588.3909785770888,0.6802710294723511,0.0,0.4318985641002655,0.0,0.6110410094261169,0.0,1.7232106029987335,0.0,953.2781063392758,0.0
270,-3.8202231611680375,-1592.211201738257,0.7415471076965332,0.0,1.0095683336257935,0.0,1.0420783758163452,0.0,2.793193817138672,0.0,956.0713001564145,0.0
271,-3.779685566411721,-1595.9908873046686,0.579153835773468,0.0,0.6628077626228333,0.0,1.0328378677368164,0.0,2.2747994661331177,0.0,958.3460996225476,0.0
272,-2.44510389009812,-1598.4359911947668,0.2603134512901306,0.0,1.056397557258606,0.0,0.8704873323440552,0.0,2.1871983408927917,0.0,960.5332979634404,0.0
273,-2.5886852161535505,-1601.0246764109204,0.1048704981803894,0.0,1.2643039226531982,0.0,0.9094357490539551,0.0,2.2786101698875427,0.0,962.811908133328,0.0
274,-2.4752935840853922,-1603.4999699950058,0.9319756627082825,0.0,0.8597947359085083,0.0,0.4385000169277191,0.0,2.23027041554451,0.0,965.0421785488725,0.0
275,-2.3059406814085035,-1605.8059106764142,0.8978614807128906,0.0,0.8203757405281067,0.0,0.36566904187202454,0.0,2.083906263113022,0.0,967.1260848119855,0.0
276,-2.902397527852555,-1608.7083082042668,0.24023596942424774,0.0,1.5778969526290894,0.0,0.7060814499855042,0.0,2.5242143720388412,0.0,969.6502991840243,0.0
277,-2.6997963570995243,-1611.4081045613664,0.2779351472854614,0.0,1.2909119129180908,0.0,0.7389446496963501,0.0,2.3077917098999023,0.0,971.9580908939242,0.0
278,-1.9721998762976312,-1613.380304437664,0.0627327635884285,0.0,1.157455563545227,0.0,0.5375179648399353,0.0,1.7577062919735909,0.0,973.7157971858978,0.0
279,-7.504459207714703,-1620.8847636453788,2.9981348514556885,0.0,1.6795026063919067,0.0,1.1668249368667603,0.0,5.8444623947143555,0.0,979.5602595806122,0.0
280,-14.895351056063898,-1635.7801147014427,6.56022310256958,0.0,1.5449198484420776,0.0,1.4222053289413452,0.0,9.527348279953003,0.0,989.0876078605652,0.0
281,-10.894302462063282,-1646.674417163506,1.8792363405227661,0.0,2.0281364917755127,0.0,2.2288315296173096,0.0,6.136204361915588,0.0,995.2238122224808,0.0
282,-9.61490649101044,-1656.2893236545165,2.3966658115386963,0.0,0.8313279151916504,0.0,1.4194753170013428,0.0,4.6474690437316895,0.0,999.8712812662125,0.0
283,-11.142179593831028,-1667.4315032483476,2.672942876815796,0.0,1.2153100967407227,0.0,4.302158832550049,0.0,8.190411806106567,0.0,1008.061693072319,0.0
284,-11.487049641751046,-1678.9185528900987,2.434195041656494,0.0,1.6497912406921387,0.0,4.376422882080078,0.0,8.460409164428711,0.0,1016.5221022367477,0.0
285,-11.574539956753204,-1690.4930928468518,1.8857216835021973,0.0,1.3675448894500732,0.0,5.0187482833862305,0.0,8.272014856338501,0.0,1024.7941170930862,0.0
286,-20.91674900241468,-1711.4098418492665,1.924128770828247,0.0,1.5755653381347656,0.0,8.763650894165039,0.0,12.263345003128052,0.0,1037.0574620962143,0.0
287,-6.377339370021922,-1717.7871812192884,1.0220460891723633,0.0,1.2359641790390015,0.0,1.3836476802825928,0.0,3.6416579484939575,0.0,1040.6991200447083,0.0
288,-2.830707455897487,-1720.617888675186,0.9625641107559204,0.0,0.6547380685806274,0.0,0.9198680520057678,0.0,2.5371702313423157,0.0,1043.2362902760506,0.0
289,-4.58990497099387,-1725.2077936461797,0.8112595677375793,0.0,0.773039698600769,0.0,0.5890055298805237,0.0,2.173304796218872,0.0,1045.4095950722694,0.0
290,-4.172344550701849,-1729.3801381968815,0.8716815114021301,0.0,1.2437516450881958,0.0,0.7492151260375977,0.0,2.8646482825279236,0.0,1048.2742433547974,0.0
291,-3.4468772622592825,-1732.8270154591407,0.8177540302276611,0.0,0.78231281042099,0.0,0.6000234484672546,0.0,2.2000902891159058,0.0,1050.4743336439133,0.0
292,-2.9516981422679898,-1735.7787136014088,0.8297303915023804,0.0,0.6492068767547607,0.0,0.6619223356246948,0.0,2.140859603881836,0.0,1052.615193247795,0.0
293,-3.0682899823260126,-1738.8470035837347,0.7998632788658142,0.0,0.4929066598415375,0.0,0.6176925897598267,0.0,1.9104625284671783,0.0,1054.5256557762623,0.0
294,-6.095491426454671,-1744.9424950101893,0.7493782639503479,0.0,1.341870665550232,0.0,1.9320082664489746,0.0,4.023257195949554,0.0,1058.5489129722118,0.0
295,-4.43368226697089,-1749.3761772771602,0.8946013450622559,0.0,1.090647578239441,0.0,1.8108693361282349,0.0,3.7961182594299316,0.0,1062.3450312316418,0.0
296,-3.3228574793968955,-1752.699034756557,0.4551951289176941,0.0,0.3339446485042572,0.0,1.811895489692688,0.0,2.6010352671146393,0.0,1064.9460664987564,0.0
297,-1.834779922942968,-1754.5338146795,0.0,0.05130339786410332,0.878454864025116,0.0,0.7715332508087158,0.0,1.5986847169697285,0.0,1066.5447512157261,0.0
298,-1.2698118867192507,-1755.8036265662192,0.0,0.5493102073669434,0.6187996864318848,0.0,0.5485956072807312,0.0,0.6180850863456726,0.0,1067.1628363020718,0.0
299,-1.620123914975529,-1757.4237504811947,0.0,0.027816331014037132,1.220360279083252,0.0,0.20507845282554626,0.0,1.397622400894761,0.0,1068.5604587029666,0.0
300,-1.908375225432896,-1759.3321257066275,0.10100439935922623,0.0,0.8761261701583862,0.0,0.7473440170288086,0.0,1.724474586546421,0.0,1070.284933289513,0.0
301,-2.4494738383974055,-1761.7815995450248,0.285524845123291,0.0,1.0984447002410889,0.0,0.8075897097587585,0.0,2.1915592551231384,0.0,1072.4764925446361,0.0
302,-4.108353243345076,-1765.88995278837,0.48328664898872375,0.0,1.1209514141082764,0.0,0.7822154760360718,0.0,2.386453539133072,0.0,1074.8629460837692,0.0
303,-6.251112411989528,-1772.1410652003594,1.8657348155975342,0.0,1.6581757068634033,0.0,1.5618364810943604,0.0,5.085747003555298,0.0,1079.9486930873245,0.0
304,-8.111890263736358,-1780.2529554640957,1.8857944011688232,0.0,1.9065762758255005,0.0,2.2467925548553467,0.0,6.03916323184967,0.0,1085.9878563191742,0.0
305,-5.99367983724726,-1786.246635301343,1.2528554201126099,0.0,1.3263362646102905,0.0,1.6612069606781006,0.0,4.240398645401001,0.0,1090.2282549645752,0.0
306,-8.7496478100384,-1794.9962831113814,1.2800192832946777,0.0,1.906256079673767,0.0,1.4774174690246582,0.0,4.663692831993103,0.0,1094.8919477965683,0.0
307,-12.101493083570826,-1807.0977761949523,2.130049467086792,0.0,1.8661187887191772,0.0,2.1646504402160645,0.0,6.160818696022034,0.0,1101.0527664925903,0.0
308,-8.10632521671456,-1815.204101411667,2.1738834381103516,0.0,1.4054170846939087,0.0,1.0369386672973633,0.0,4.6162391901016235,0.0,1105.669005682692,0.0
309,-6.765174514655448,-1821.9692759263223,1.6517722606658936,0.0,1.0750106573104858,0.0,1.8129854202270508,0.0,4.53976833820343,0.0,1110.2087740208954,0.0
310,-7.752212735268348,-1829.7214886615907,1.2874224185943604,0.0,1.6873955726623535,0.0,2.0967025756835938,0.0,5.071520566940308,0.0,1115.2802945878357,0.0
311,-5.850192265151352,-1835.5716809267421,1.688834309577942,0.0,0.9189251661300659,0.0,1.1547318696975708,0.0,3.7624913454055786,0.0,1119.0427859332412,0.0
312,-5.173469996369939,-1840.745150923112,0.9548532962799072,0.0,0.6743110418319702,0.0,0.6882389783859253,0.0,2.3174033164978027,0.0,1121.360189249739,0.0
313,-7.195528077653738,-1847.9406790007658,0.8550890684127808,0.0,0.8433129787445068,0.0,0.7297850847244263,0.0,2.428187131881714,0.0,1123.7883763816208,0.0
314,-6.472414069269286,-1854.413093070035,0.7506483793258667,0.0,0.6094920039176941,0.0,0.6689560413360596,0.0,2.0290964245796204,0.0,1125.8174728062004,0.0
315,-6.055042301956128,-1860.4681353719911,0.744005024433136,0.0,0.407212495803833,0.0,0.5457303524017334,0.0,1.6969478726387024,0.0,1127.514420678839,0.0
316,-5.109902385278401,-1865.5780377572696,0.8171641826629639,0.0,0.5116961598396301,0.0,0.560038685798645,0.0,1.888899028301239,0.0,1129.4033197071403,0.0
317,-6.077678137223442,-1871.6557158944931,0.7161394357681274,0.0,0.3244456648826599,0.0,0.5971989035606384,0.0,1.6377840042114258,0.0,1131.0411037113518,0.0
318,-7.425876124213474,-1879.0815920187067,1.330897331237793,0.0,0.6021069884300232,0.0,0.6504536271095276,0.0,2.5834579467773438,0.0,1133.624561658129,0.0
319,-10.871227893070717,-1889.9528199117774,3.0253000259399414,0.0,0.4950335919857025,0.0,1.2731256484985352,0.0,4.793459266424179,0.0,1138.4180209245533,0.0
320,-5.727353338137803,-1895.6801732499152,0.4720073342323303,0.0,1.2989634275436401,0.0,0.9426324963569641,0.0,2.7136032581329346,0.0,1141.1316241826862,0.0
321,-1.5866517483028417,-1897.266824998218,0.0,0.23698487877845764,0.7365843057632446,0.0,0.4504304528236389,0.0,0.9500298798084259,0.0,1142.0816540624946,0.0
322,-2.5293992635975306,-1899.7962242618155,0.0,0.34272104501724243,1.0479495525360107,0.0,0.26649999618530273,0.0,0.971728503704071,0.0,1143.0533825661987,0.0
323,-1.0546408365752007,-1900.8508650983906,0.06514670699834824,0.0,0.8092179298400879,0.0,0.008200135082006454,0.0,0.8825647719204426,0.0,1143.9359473381191,0.0
324,-5.194073336796755,-1906.0449384351873,2.3707082271575928,0.0,1.1817684173583984,0.0,0.7569891214370728,0.0,4.309465765953064,0.0,1148.2454131040722,0.0
325,-4.332355508561244,-1910.3772939437486,2.192934036254883,0.0,0.927017092704773,0.0,0.5133135914802551,0.0,3.633264720439911,0.0,1151.8786778245121,0.0
326,-2.6397349765464084,-1913.017028920295,0.0,0.0492255762219429,0.7916251420974731,0.0,0.3691199719905853,0.0,1.1115195378661156,0.0,1152.9901973623782,0.0
327,-4.697114830996491,-1917.7141437512914,0.9379131197929382,0.0,1.4900808334350586,0.0,1.5026956796646118,0.0,3.9306896328926086,0.0,1156.9208869952708,0.0
328,-5.050422167673755,-1922.7645659189652,1.1450603008270264,0.0,1.4452351331710815,0.0,1.6132575273513794,0.0,4.203552961349487,0.0,1161.1244399566203,0.0
329,-6.329257230402401,-1929.0938231493676,1.5149140357971191,0.0,2.356125831604004,0.0,1.2246477603912354,0.0,5.095687627792358,0.0,1166.2201275844127,0.0
330,-6.724111905189391,-1935.817935054557,2.0249807834625244,0.0,1.213405728340149,0.0,2.258242607116699,0.0,5.496629118919373,0.0,1171.716756703332,0.0
331,-9.420124172275807,-1945.2380592268328,1.2600769996643066,0.0,1.1795746088027954,0.0,2.2424511909484863,0.0,4.682102799415588,0.0,1176.3988595027477,0.0
332,-7.034232946845582,-1952.2722921736784,1.4803321361541748,0.0,1.2161405086517334,0.0,2.6073598861694336,0.0,5.303832530975342,0.0,1181.702692033723,0.0
333,-5.825998635315977,-1958.0982908089943,1.932512640953064,0.0,1.2167584896087646,0.0,1.7181336879730225,0.0,4.867404818534851,0.0,1186.5700968522578,0.0
334,-5.33271846134012,-1963.4310092703345,1.1918693780899048,0.0,1.396091103553772,0.0,1.1337285041809082,0.0,3.721688985824585,0.0,1190.2917858380824,0.0
335,-4.996867745265087,-1968.4278770155995,1.8013432025909424,0.0,0.8759618401527405,0.0,1.5543320178985596,0.0,4.231637060642242,0.0,1194.5234228987247,0.0
336,-2.287562667390221,-1970.7154396829897,0.8485735654830933,0.0,0.5141710042953491,0.0,0.715120792388916,0.0,2.0778653621673584,0.0,1196.601288260892,0.0
337,-3.5486812404772956,-1974.2641209234669,0.9419394731521606,0.0,1.037664532661438,0.0,0.8574395179748535,0.0,2.837043523788452,0.0,1199.4383317846805,0.0
338,-3.5030686278805567,-1977.7671895513474,0.8701757788658142,0.0,0.6172842383384705,0.0,0.9371449947357178,0.0,2.4246050119400024,0.0,1201.8629367966205,0.0
339,-2.864481294445571,-1980.631670845793,0.861436128616333,0.0,0.6728019118309021,0.0,0.8006630539894104,0.0,2.3349010944366455,0.0,1204.1978378910571,0.0
340,-5.904833648202876,-1986.5365044939958,1.8588147163391113,0.0,1.6717920303344727,0.0,0.8872607350349426,0.0,4.417867481708527,0.0,1208.6157053727657,0.0
341,-4.312790402731686,-1990.8492948967275,0.745527982711792,0.0,0.8832855224609375,0.0,1.193626880645752,0.0,2.8224403858184814,0.0,1211.4381457585841,0.0
342,-4.213376322200803,-1995.0626712189282,0.8444352149963379,0.0,1.234938621520996,0.0,1.302749514579773,0.0,3.382123351097107,0.0,1214.8202691096812,0.0
343,-6.598013889854792,-2001.6606851087831,0.4983121156692505,0.0,0.5121689438819885,0.0,2.1993064880371094,0.0,3.2097875475883484,0.0,1218.0300566572696,0.0
344,-16.460086018244116,-2018.1207711270272,1.0691536664962769,0.0,6.216855049133301,0.0,1.4832475185394287,0.0,8.769256234169006,0.0,1226.7993128914386,0.0
345,-4.724542814656922,-2022.845313941684,0.1267567276954651,0.0,2.4486680030822754,0.0,1.2735291719436646,0.0,3.848953902721405,0.0,1230.64826679416,0.0
346,-4.22878280410991,-2027.074096745794,0.07168649882078171,0.0,1.3106160163879395,0.0,0.8228276371955872,0.0,2.2051301524043083,0.0,1232.8533969465643,0.0
347,-3.0158367546669584,-2030.0899335004608,0.0,0.1420106738805771,2.1887075901031494,0.0,0.2691909372806549,0.0,2.3158878535032272,0.0,1235.1692848000675,0.0
348,-2.1217394205155666,-2032.2116729209763,0.09298602491617203,0.0,0.9086384177207947,0.0,0.8640158772468567,0.0,1.8656403198838234,0.0,1237.0349251199514,0.0
349,-2.160544185762776,-2034.372217106739,0.2626488208770752,0.0,1.0180070400238037,0.0,0.667940080165863,0.0,1.948595941066742,0.0,1238.983521061018,0.0
350,-6.286583097733864,-2040.658800204473,1.259138822555542,0.0,1.4459998607635498,0.0,1.0570733547210693,0.0,3.762212038040161,0.0,1242.7457330990583,0.0
351,-4.903740848806988,-2045.56254105328,1.4532599449157715,0.0,1.4783198833465576,0.0,1.166047215461731,0.0,4.09762704372406,0.0,1246.8433601427823,0.0
352,-4.930733328799652,-2050.4932743820796,1.2249382734298706,0.0,1.7107564210891724,0.0,1.1735199689865112,0.0,4.109214663505554,0.0,1250.9525748062879,0.0
353,-9.628529036616287,-2060.121803418696,2.6729555130004883,0.0,1.9783676862716675,0.0,2.7069032192230225,0.0,7.358226418495178,0.0,1258.310801224783,0.0
354,-7.322054518924912,-2067.4438579376206,2.3313841819763184,0.0,1.4474197626113892,0.0,2.1535205841064453,0.0,5.932324528694153,0.0,1264.2431257534772,0.0
355,-7.7187491636755805,-2075.162607101296,2.442647933959961,0.0,1.353506088256836,0.0,2.390801429748535,0.0,6.186955451965332,0.0,1270.4300812054425,0.0
356,-6.509406092118894,-2081.672013193415,1.7796125411987305,0.0,1.3735430240631104,0.0,2.207376003265381,0.0,5.360531568527222,0.0,1275.7906127739698,0.0
357,-8.56981245060108,-2090.241825644016,3.562587261199951,0.0,1.4035948514938354,0.0,1.6663933992385864,0.0,6.632575511932373,0.0,1282.4231882859021,0.0
358,-4.848377052991451,-2095.0902026970075,1.891191005706787,0.0,0.9499918818473816,0.0,1.27705717086792,0.0,4.118240058422089,0.0,1286.5414283443242,0.0
359,-6.414843835783197,-2101.505046532791,1.0763399600982666,0.0,1.4643491506576538,0.0,2.676547050476074,0.0,5.217236161231995,0.0,1291.7586645055562,0.0
360,-2.5700094992051303,-2104.075056031996,0.9185422658920288,0.0,0.6731253862380981,0.0,0.7284713983535767,0.0,2.3201390504837036,0.0,1294.07880355604,0.0
361,-4.026958813485946,-2108.1020148454822,0.9435524940490723,0.0,0.6970632076263428,0.0,1.1341747045516968,0.0,2.774790406227112,0.0,1296.853593962267,0.0
362,-3.651520838662303,-2111.7535356841445,0.90462726354599,0.0,1.0329232215881348,0.0,0.7122443914413452,0.0,2.64979487657547,0.0,1299.5033888388425,0.0
363,-3.2510134854361805,-2115.0045491695805,0.8742936849594116,0.0,0.9555272459983826,0.0,0.7653109431266785,0.0,2.5951318740844727,0.0,1302.098520712927,0.0
364,-2.7771362481082673,-2117.781685417689,0.8106687068939209,0.0,0.7432034611701965,0.0,0.6026387214660645,0.0,2.156510889530182,0.0,1304.2550316024572,0.0
365,-2.7052322390731995,-2120.486917656762,0.7834579944610596,0.0,0.6204444766044617,0.0,0.5819066166877747,0.0,1.985809087753296,0.0,1306.2408406902105,0.0
366,-3.7591871634116005,-2124.246104820174,0.7964716553688049,0.0,0.4622558355331421,0.0,1.0886807441711426,0.0,2.3474082350730896,0.0,1308.5882489252836,0.0
367,-7.706827168963167,-2131.952931989137,2.248635768890381,0.0,0.5471166372299194,0.0,1.0202722549438477,0.0,3.816024661064148,0.0,1312.4042735863477,0.0
368,-4.24178375053876,-2136.1947157396758,0.42241525650024414,0.0,0.5679412484169006,0.0,1.077794075012207,0.0,2.068150579929352,0.0,1314.472424166277,0.0
369,-3.2478837136422625,-2139.442599453318,0.6136401295661926,0.0,0.7869101166725159,0.0,1.0252009630203247,0.0,2.425751209259033,0.0,1316.898175375536,0.0
370,-2.664164903657179,-2142.1067643569754,0.23712901771068573,0.0,0.780968427658081,0.0,0.5494388341903687,0.0,1.5675362795591354,0.0,1318.4657116550952,0.0
371,-4.719709798332168,-2146.8264741553076,0.0,0.09976248443126678,1.2659379243850708,0.0,0.423736035823822,0.0,1.589911475777626,0.0,1320.0556231308728,0.0
372,-9.658759531112096,-2156.4852336864196,4.042029857635498,0.0,0.8786882162094116,0.0,0.9427081346511841,0.0,5.863426208496094,0.0,1325.919049339369,0.0
373,-3.345233307051544,-2159.830466993471,0.5075753927230835,0.0,1.3888765573501587,0.0,1.037581205368042,0.0,2.934033155441284,0.0,1328.8530824948102,0.0
374,-5.621489088119843,-2165.4519560815907,0.7505652904510498,0.0,1.6167466640472412,0.0,1.1006561517715454,0.0,3.4679681062698364,0.0,1332.32105060108,0.0
375,-7.388991959935714,-2172.840948041526,0.9662500619888306,0.0,1.374199628829956,0.0,0.890559732913971,0.0,3.2310094237327576,0.0,1335.5520600248128,0.0
376,-10.767834977839822,-2183.608783019366,3.929514169692993,0.0,1.4317653179168701,0.0,1.422995924949646,0.0,6.784275412559509,0.0,1342.3363354373723,0.0
377,-7.506556027255645,-2191.1153390466216,2.8022570610046387,0.0,1.5003265142440796,0.0,1.0569779872894287,0.0,5.359561562538147,0.0,1347.6958969999105,0.0
378,-8.07473567169187,-2199.1900747183136,1.9283506870269775,0.0,1.6050502061843872,0.0,1.4686084985733032,0.0,5.002009391784668,0.0,1352.6979063916951,0.0
379,-9.160202091489175,-2208.350276809803,1.8534280061721802,0.0,1.3504375219345093,0.0,1.9325764179229736,0.0,5.136441946029663,0.0,1357.8343483377248,0.0
380,-9.93518070645279,-2218.2854575162555,2.7872977256774902,0.0,1.588850736618042,0.0,3.251673698425293,0.0,7.627822160720825,0.0,1365.4621704984456,0.0
381,-7.646523323640072,-2225.9319808398955,2.051034450531006,0.0,1.617278814315796,0.0,2.4951109886169434,0.0,6.163424253463745,0.0,1371.6255947519094,0.0
382,-3.6411611177013996,-2229.573141957597,1.1480848789215088,0.0,1.2371474504470825,0.0,0.8125331401824951,0.0,3.1977654695510864,0.0,1374.8233602214605,0.0
383,-4.233146412091083,-2233.806288369688,1.196509599685669,0.0,1.4589189291000366,0.0,1.0129718780517578,0.0,3.6684004068374634,0.0,1378.491760628298,0.0
384,-3.4367554420670725,-2237.243043811755,0.9948252439498901,0.0,1.1992403268814087,0.0,0.8413106203079224,0.0,3.035376191139221,0.0,1381.5271368194371,0.0
385,-3.0506854449396137,-2240.2937292566944,1.1217924356460571,0.0,1.0451172590255737,0.0,0.5410870313644409,0.0,2.7079967260360718,0.0,1384.2351335454732,0.0
386,-2.3763435665285515,-2242.670072823223,0.9527179002761841,0.0,0.57318514585495,0.0,0.6254602670669556,0.0,2.1513633131980896,0.0,1386.3864968586713,0.0
387,-2.152533329789704,-2244.8226061530127,0.841984748840332,0.0,0.45595782995224,0.0,0.6623286008834839,0.0,1.960271179676056,0.0,1388.3467680383474,0.0
388,-2.6316835188422902,-2247.454289671855,0.817365288734436,0.0,0.5891024470329285,0.0,0.9625230431556702,0.0,2.3689907789230347,0.0,1390.7157588172704,0.0
389,-2.233135502304981,-2249.6874251741597,0.7151311635971069,0.0,0.44003117084503174,0.0,0.8726522922515869,0.0,2.0278146266937256,0.0,1392.7435734439641,0.0
390,-3.045283264199197,-2252.7327084383587,1.1253491640090942,0.0,0.446237713098526,0.0,1.1230599880218506,0.0,2.694646865129471,0.0,1395.4382203090936,0.0
391,-6.161324385105779,-2258.8940328234644,1.026394009590149,0.0,1.5892765522003174,0.0,2.444023370742798,0.0,5.059693932533264,0.0,1400.4979142416269,0.0
392,-3.2610792724355964,-2262.1551120958998,0.7528076171875,0.0,0.6733248829841614,0.0,1.442020297050476,0.0,2.8681527972221375,0.0,1403.366067038849,0.0
393,-2.9497374585816845,-2265.1048495544815,0.4022553265094757,0.0,0.9067333936691284,0.0,1.2983497381210327,0.0,2.607338458299637,0.0,1405.9734054971486,0.0
394,-3.8959272281362147,-2269.000776782618,0.47598639130592346,0.0,0.9413791298866272,0.0,1.907317042350769,0.0,3.3246825635433197,0.0,1409.298088060692,0.0
395,-3.579597153145075,-2272.580373935763,0.1103317141532898,0.0,1.2506252527236938,0.0,1.2553266286849976,0.0,2.616283595561981,0.0,1411.914371656254,0.0
396,-15.996975333466223,-2288.577349269229,6.451374530792236,0.0,1.4779537916183472,0.0,2.6685030460357666,0.0,10.59783136844635,0.0,1422.5122030247003,0.0
397,-4.140974235985653,-2292.718323505215,1.111697793006897,0.0,0.9978644251823425,0.0,0.9072074890136719,0.0,3.0167697072029114,0.0,1425.5289727319032,0.0
398,-6.075412370572511,-2298.793735875787,0.8403871655464172,0.0,0.8957836031913757,0.0,0.693633496761322,0.0,2.429804265499115,0.0,1427.9587769974023,0.0
399,-17.20631685230258,-2316.00005272809,1.8390778303146362,0.0,0.7349849939346313,0.0,0.5382653474807739,0.0,3.1123281717300415,0.0,1431.0711051691324,0.0
400,-14.063876457499521,-2330.0639291855896,2.229149341583252,0.0,1.4491709470748901,0.0,1.0299229621887207,0.0,4.708243250846863,0.0,1435.7793484199792,0.0
401,-8.767509881148584,-2338.8314390667383,1.4949828386306763,0.0,1.9371856451034546,0.0,1.4637908935546875,0.0,4.895959377288818,0.0,1440.675307797268,0.0
402,-11.303085635318979,-2350.134524702057,1.3263267278671265,0.0,1.529904842376709,0.0,1.489853024482727,0.0,4.3460845947265625,0.0,1445.0213923919946,0.0
403,-11.639760608269711,-2361.774285310327,1.5518635511398315,0.0,1.399904489517212,0.0,1.350127100944519,0.0,4.3018951416015625,0.0,1449.3232875335962,0.0
404,-6.441912319655744,-2368.2161976299826,2.042294502258301,0.0,1.2758231163024902,0.0,1.9677075147628784,0.0,5.285825133323669,0.0,1454.6091126669198,0.0
405,-10.529175751683132,-2378.7453733816656,1.1307094097137451,0.0,1.5672190189361572,0.0,1.1837451457977295,0.0,3.881673574447632,0.0,1458.4907862413675,0.0
406,-7.734890502888305,-2386.480263884554,1.2917920351028442,0.0,1.2925606966018677,0.0,1.6915414333343506,0.0,4.2758941650390625,0.0,1462.7666804064065,0.0
407,-6.44277447810158,-2392.9230383626555,1.0497735738754272,0.0,1.538001537322998,0.0,0.6040645241737366,0.0,3.191839635372162,0.0,1465.9585200417787,0.0
408,-8.78009828618191,-2401.7031366488372,0.9189608097076416,0.0,1.402254343032837,0.0,0.8279101252555847,0.0,3.1491252779960632,0.0,1469.1076453197747,0.0
409,-7.157963138663958,-2408.861099787501,0.9060359001159668,0.0,0.649873673915863,0.0,0.5992010831832886,0.0,2.1551106572151184,0.0,1471.2627559769899,0.0
410,-5.632784307934489,-2414.4938840954355,0.8961952924728394,0.0,0.554115355014801,0.0,0.7124495506286621,0.0,2.1627601981163025,0.0,1473.4255161751062,0.0
411,-6.356272871431291,-2420.850156966867,0.7650268077850342,0.0,0.44359153509140015,0.0,0.551262378692627,0.0,1.7598807215690613,0.0,1475.1853968966752,0.0
412,-2.9055745255972756,-2423.7557314924643,1.083652138710022,0.0,0.5839442014694214,0.0,0.9257270097732544,0.0,2.5933233499526978,0.0,1477.778720246628,0.0
413,-6.829460323800456,-2430.585191816265,3.656601667404175,0.0,0.4582490026950836,0.0,1.0877143144607544,0.0,5.202564984560013,0.0,1482.981285231188,0.0
414,-6.598174936126742,-2437.1833667523915,1.66873037815094,0.0,2.1332077980041504,0.0,1.637285828590393,0.0,5.439224004745483,0.0,1488.4205092359334,0.0
415,-4.489227861746431,-2441.672594614138,0.4938870668411255,0.0,1.033018708229065,0.0,1.3644086122512817,0.0,2.891314387321472,0.0,1491.311823623255,0.0
416,-3.232285984227789,-2444.9048805983657,0.5063411593437195,0.0,1.3414818048477173,0.0,0.9966256022453308,0.0,2.8444485664367676,0.0,1494.1562721896917,0.0
417,-1.4649924296426067,-2446.3698730280084,0.0,0.05947398021817207,0.8792189955711365,0.0,0.44953006505966187,0.0,1.2692750804126263,0.0,1495.4255472701043,0.0
418,-6.044959476731513,-2452.41483250474,0.19372637569904327,0.0,0.6408292055130005,0.0,1.0323092937469482,0.0,1.866864874958992,0.0,1497.2924121450633,0.0
419,-8.658854513318133,-2461.073687018058,0.0,0.48381030559539795,0.707337498664856,0.0,0.032600872218608856,0.0,0.25612806528806686,0.0,1497.5485402103513,0.0
420,-3.700917466491849,-2464.77460448455,0.5511308312416077,0.0,1.8224211931228638,0.0,0.699462354183197,0.0,3.0730143785476685,0.0,1500.621554588899,0.0
421,-8.313099763910346,-2473.0877042484603,4.29457950592041,0.0,1.203521728515625,0.0,0.4083653390407562,0.0,5.906466573476791,0.0,1506.5280211623758,0.0
422,-3.8098931135388097,-2476.897597361999,1.0233052968978882,0.0,1.5546520948410034,0.0,0.7038781046867371,0.0,3.2818354964256287,0.0,1509.8098566588014,0.0
423,-4.605983907142701,-2481.5035812691417,0.6584115028381348,0.0,1.6063916683197021,0.0,1.5687634944915771,0.0,3.833566665649414,0.0,1513.6434233244509,0.0
424,-4.8410827808281915,-2486.34466404997,0.9658468961715698,0.0,1.6005322933197021,0.0,1.4717317819595337,0.0,4.038110971450806,0.0,1517.6815342959017,0.0
425,-3.4686612689651417,-2489.8133253189353,1.570104956626892,0.0,0.8907293081283569,0.0,0.4855274558067322,0.0,2.946361720561981,0.0,1520.6278960164636,0.0
426,-7.546203827007186,-2497.3595291459424,1.16206693649292,0.0,2.000112771987915,0.0,1.243030071258545,0.0,4.40520977973938,0.0,1525.033105796203,0.0
427,-7.109292672718476,-2504.4688218186607,3.898468255996704,0.0,0.03239588439464569,0.0,1.328667163848877,0.0,5.259531304240227,0.0,1530.2926371004432,0.0
428,-4.177427467340043,-2508.6462492860005,1.2637587785720825,0.0,0.9591680765151978,0.0,1.4009038209915161,0.0,3.6238306760787964,0.0,1533.916467776522,0.0
429,-7.00865934163611,-2515.654908627637,3.5702056884765625,0.0,0.6628025770187378,0.0,1.0323444604873657,0.0,5.265352725982666,0.0,1539.1818205025047,0.0
430,-2.5583670246077688,-2518.2132756522446,0.9709789752960205,0.0,0.4362865686416626,0.0,0.6527575850486755,0.0,2.0600231289863586,0.0,1541.241843631491,0.0
431,-2.9714460436319796,-2521.1847216958768,0.8441084027290344,0.0,0.633023202419281,0.0,0.7231890559196472,0.0,2.2003206610679626,0.0,1543.442164292559,0.0
432,-4.23954912197716,-2525.424270817854,0.759274423122406,0.0,0.3957579731941223,0.0,0.6069524884223938,0.0,1.7619848847389221,0.0,1545.204149177298,0.0
433,-3.3669634867483422,-2528.7912343046023,0.8543500900268555,0.0,0.5817744731903076,0.0,0.7033282518386841,0.0,2.139452815055847,0.0,1547.3436019923538,0.0
434,-2.816221479184701,-2531.607455783787,0.8577439785003662,0.0,0.6786975264549255,0.0,0.7199210524559021,0.0,2.256362557411194,0.0,1549.599964549765,0.0
435,-3.683760550311929,-2535.291216334099,1.6880052089691162,0.0,0.6405406594276428,0.0,0.696431040763855,0.0,3.024976909160614,0.0,1552.6249414589256,0.0
436,-2.8162801274181093,-2538.107496461517,0.9125505685806274,0.0,0.9566822648048401,0.0,0.6561377048492432,0.0,2.5253705382347107,0.0,1555.1503119971603,0.0
437,-2.5970166774650587,-2540.704513138982,0.6636434197425842,0.0,0.9765320420265198,0.0,0.7006297707557678,0.0,2.340805232524872,0.0,1557.4911172296852,0.0
438,-4.6204749332774675,-2545.324988072259,0.613599956035614,0.0,0.5823352336883545,0.0,1.9572919607162476,0.0,3.153227150440216,0.0,1560.6443443801254,0.0
439,-13.796549954413823,-2559.121538026673,0.6153506636619568,0.0,6.761195182800293,0.0,0.6269022822380066,0.0,8.003448128700256,0.0,1568.6477925088257,0.0
440,-4.983446474160412,-2564.1049845008333,0.8943613767623901,0.0,1.677679181098938,0.0,1.0024288892745972,0.0,3.5744694471359253,0.0,1572.2222619559616,0.0
441,-5.781590319377095,-2569.8865748202106,1.1265347003936768,0.0,2.3273534774780273,0.0,0.6410192847251892,0.0,4.094907462596893,0.0,1576.3171694185585,0.0
442,-3.0043381539187877,-2572.8909129741296,0.06270905584096909,0.0,1.095917820930481,0.0,0.7355236411094666,0.0,1.8941505178809166,0.0,1578.2113199364394,0.0
443,-3.1228135102428873,-2576.0137264843725,0.0,0.11000773310661316,1.2427654266357422,0.0,0.7711465358734131,0.0,1.9039042294025421,0.0,1580.115224165842,0.0
444,-4.5859389079570825,-2580.5996653923294,1.2809890508651733,0.0,1.731306791305542,0.0,0.9121979475021362,0.0,3.9244937896728516,0.0,1584.0397179555148,0.0
445,-8.071462775100501,-2588.6711281674297,1.303510069847107,0.0,3.291623115539551,0.0,1.736737608909607,0.0,6.331870794296265,0.0,1590.371588749811,0.0
446,-16.574260088810846,-2605.2453882562404,2.129401445388794,0.0,6.9233245849609375,0.0,1.6798224449157715,0.0,10.732548475265503,0.0,1601.1041372250766,0.0
447,-3.695579698613648,-2608.940967954854,0.47485989332199097,0.0,1.5260900259017944,0.0,1.1282893419265747,0.0,3.12923926115036,0.0,1604.233376486227,0.0
448,-5.818709007689364,-2614.7596769625434,1.2262485027313232,0.0,1.9481819868087769,0.0,1.5842078924179077,0.0,4.758638381958008,0.0,1608.992014868185,0.0
449,-3.9957518204543394,-2618.7554287829976,1.4132472276687622,0.0,0.9050586223602295,0.0,1.0798332691192627,0.0,3.3981391191482544,0.0,1612.3901539873332,0.0
450,-7.12063101971893,-2625.8760598027166,1.5151969194412231,0.0,2.068875789642334,0.0,2.2179107666015625,0.0,5.80198347568512,0.0,1618.1921374630183,0.0
451,-8.732345375651056,-2634.608405178368,2.7743678092956543,0.0,1.9736521244049072,0.0,2.158052444458008,0.0,6.906072378158569,0.0,1625.0982098411769,0.0
452,-4.147785972961994,-2638.75619115133,1.7387272119522095,0.0,0.0,0.36216217279434204,1.7127716541290283,0.0,3.0893366932868958,0.0,1628.1875465344638,0.0
453,-3.6698857216413687,-2642.4260768729714,1.3699188232421875,0.0,0.37737834453582764,0.0,1.42510986328125,0.0,3.172407031059265,0.0,1631.359953565523,0.0
454,-2.5489518612481588,-2644.9750287342194,1.0462266206741333,0.0,0.5424039363861084,0.0,0.7053289413452148,0.0,2.2939594984054565,0.0,1633.6539130639285,0.0
455,-2.31109676703732,-2647.2861255012567,0.9331945180892944,0.0,0.427081435918808,0.0,0.7314757108688354,0.0,2.091751664876938,0.0,1635.7456647288054,0.0
456,-3.19447583295137,-2650.480601334208,0.7621508836746216,0.0,0.9190568923950195,0.0,1.1552064418792725,0.0,2.8364142179489136,0.0,1638.5820789467543,0.0
457,-3.751711757272103,-2654.23231309148,1.8332762718200684,0.0,0.5498080253601074,0.0,0.8387504816055298,0.0,3.2218347787857056,0.0,1641.80391372554,0.0
458,-2.238306417809613,-2656.47061950929,0.7174199819564819,0.0,0.8614232540130615,0.0,0.4543280005455017,0.0,2.033171236515045,0.0,1643.837084962055,0.0
459,-2.21832295062105,-2658.688942459911,0.9569750428199768,0.0,0.526905357837677,0.0,0.528896689414978,0.0,2.012777090072632,0.0,1645.8498620521277,0.0
460,-3.177219174706525,-2661.866161634617,1.057725191116333,0.0,0.5113441348075867,0.0,0.5384582877159119,0.0,2.1075276136398315,0.0,1647.9573896657676,0.0
461,-6.036206943423192,-2667.9023685780403,1.6267887353897095,0.0,0.6276867389678955,0.0,1.738209843635559,0.0,3.992685317993164,0.0,1651.9500749837607,0.0
462,-4.771383435364073,-2672.6737520134043,0.5306767821311951,0.0,0.5946922898292542,0.0,0.7348366975784302,0.0,1.8602057695388794,0.0,1653.8102807532996,0.0
463,-5.396989814537736,-2678.070741827942,1.8392438888549805,0.0,0.6700556874275208,0.0,0.8870989680290222,0.0,3.3963985443115234,0.0,1657.2066792976111,0.0
464,-7.266343558575946,-2685.337085386518,0.9850397109985352,0.0,0.6078808903694153,0.0,0.7137575149536133,0.0,2.3066781163215637,0.0,1659.5133574139327,0.0
465,-2.4144685857923824,-2687.7515539723104,0.0,0.05371427536010742,0.7154026627540588,0.0,0.3022085130214691,0.0,0.9638969004154205,0.0,1660.477254314348,0.0
466,-3.4639395339869425,-2691.215493506297,0.0,0.28996768593788147,0.8914400339126587,0.0,0.3110993504524231,0.0,0.9125716984272003,0.0,1661.3898260127753,0.0
467,-7.1476403301882305,-2698.3631338364853,0.2665421664714813,0.0,2.4197998046875,0.0,0.3073326051235199,0.0,2.993674576282501,0.0,1664.3835005890578,0.0
468,-4.2369461954537,-2702.600080031939,0.030881104990839958,0.0,2.8165056705474854,0.0,0.47658637166023254,0.0,3.323973147198558,0.0,1667.7074737362564,0.0
469,-3.424919408712337,-2706.0249994406513,0.4029807150363922,0.0,1.8692747354507446,0.0,0.658251941204071,0.0,2.930507391691208,0.0,1670.6379811279476,0.0
470,-2.8602447723007054,-2708.885244212952,0.40879401564598083,0.0,1.4605101346969604,0.0,0.6458857655525208,0.0,2.515189915895462,0.0,1673.153171043843,0.0
471,-1.5231601694946528,-2710.4084043824464,0.8282279372215271,0.0,0.0,0.04760922119021416,0.5201681852340698,0.0,1.3007869012653828,0.0,1674.4539579451084,0.0
472,-4.5076368793792625,-2714.9160412618257,2.038224220275879,0.0,0.35427626967430115,0.0,1.301145315170288,0.0,3.693645805120468,0.0,1678.1476037502289,0.0
473,-5.7191090699076685,-2720.6351503317333,2.4348998069763184,0.0,0.7264409065246582,0.0,1.4361392259597778,0.0,4.597479939460754,0.0,1682.7450836896896,0.0
474,-3.680089180916089,-2724.3152395126494,1.1557828187942505,0.0,0.8358432650566101,0.0,1.237693190574646,0.0,3.2293192744255066,0.0,1685.9744029641151,0.0
475,-4.296428411127714,-2728.611667923777,1.1963270902633667,0.0,0.8528172373771667,0.0,1.167290210723877,0.0,3.2164345383644104,0.0,1689.1908375024796,0.0
476,-6.424878154270182,-2735.036546078047,1.7155401706695557,0.0,1.3272422552108765,0.0,2.2507410049438477,0.0,5.29352343082428,0.0,1694.4843609333038,0.0
477,-9.210047691019614,-2744.2465937690667,2.6092512607574463,0.0,0.9945042133331299,0.0,3.438767433166504,0.0,7.04252290725708,0.0,1701.526883840561,0.0
478,-6.524648798434093,-2750.771242567501,1.734876036643982,0.0,1.1177312135696411,0.0,2.477912664413452,0.0,5.330519914627075,0.0,1706.857403755188,0.0
479,-6.228449687448253,-2756.999692254949,2.7532620429992676,0.0,1.5635396242141724,0.0,0.7128191590309143,0.0,5.029620826244354,0.0,1711.8870245814323,0.0
480,-3.501081707449392,-2760.5007739623984,1.1589610576629639,0.0,1.3498597145080566,0.0,0.5561323165893555,0.0,3.064953088760376,0.0,1714.9519776701927,0.0
481,-2.3101883085597983,-2762.810962270958,0.8489683866500854,0.0,0.5876108407974243,0.0,0.6624041795730591,0.0,2.098983407020569,0.0,1717.0509610772133,0.0
482,-2.754447775750421,-2765.5654100467086,0.9148163795471191,0.0,0.8116488456726074,0.0,0.7504428625106812,0.0,2.4769080877304077,0.0,1719.5278691649437,0.0
483,-4.075832817308299,-2769.641242864017,0.8985469341278076,0.0,0.4369059205055237,0.0,2.100113868713379,0.0,3.43556672334671,0.0,1722.9634358882904,0.0
484,-2.95178444017884,-2772.593027304196,1.2596700191497803,0.0,0.3965407609939575,0.0,0.9545307159423828,0.0,2.6107414960861206,0.0,1725.5741773843765,0.0
485,-2.3545336154583776,-2774.9475609196543,1.02553391456604,0.0,0.37480854988098145,0.0,0.7215254902839661,0.0,2.1218679547309875,0.0,1727.6960453391075,0.0
486,-4.8795994959369615,-2779.827160415591,1.1761294603347778,0.0,0.6426125764846802,0.0,2.254917860031128,0.0,4.073659896850586,0.0,1731.769705235958,0.0
487,-6.139245190189053,-2785.96640560578,0.656186580657959,0.0,1.562296748161316,0.0,2.738939046859741,0.0,4.957422375679016,0.0,1736.7271276116371,0.0
488,-0.5775652154954507,-2786.5439708212753,0.05726531893014908,0.0,0.0,0.36110153794288635,0.4811292290687561,0.0,0.17729301005601883,0.0,1736.9044206216931,0.0
489,-1.141576635988904,-2787.685547457264,0.0,0.2763406038284302,0.838536262512207,0.0,0.19855260848999023,0.0,0.7607482671737671,0.0,1737.665168888867,0.0
490,-0.9904404748309142,-2788.675987932095,0.0,0.35440489649772644,0.8474239706993103,0.0,0.04498757794499397,0.0,0.5380066521465778,0.0,1738.2031755410135,0.0
491,-3.9004440481996885,-2792.5764319802947,1.020060658454895,0.0,1.0363377332687378,0.0,0.4867778420448303,0.0,2.543176233768463,0.0,1740.746351774782,0.0
492,-2.2723979942398556,-2794.8488299745345,0.2623775005340576,0.0,0.9668844938278198,0.0,0.8164698481559753,0.0,2.045731842517853,0.0,1742.7920836172998,0.0
493,-1.669662764091299,-2796.518492738626,0.006273158360272646,0.0,1.068502426147461,0.0,0.4195515215396881,0.0,1.4943271060474217,0.0,1744.2864107233472,0.0
494,-2.0600743574780607,-2798.578567096104,0.4818684160709381,0.0,0.9810954332351685,0.0,0.40660524368286133,0.0,1.869569092988968,0.0,1746.1559798163362,0.0
495,-4.023141156640673,-2802.6017082527446,0.9861183762550354,0.0,1.5623016357421875,0.0,0.8595673441886902,0.0,3.407987356185913,0.0,1749.563967172522,0.0
496,-6.221483876710662,-2808.8231921294555,1.0904910564422607,0.0,1.4759776592254639,0.0,0.9530161619186401,0.0,3.5194848775863647,0.0,1753.0834520501085,0.0
497,-5.713243803249428,-2814.536435932705,1.6572915315628052,0.0,1.6989701986312866,0.0,1.3389302492141724,0.0,4.695191979408264,0.0,1757.7786440295167,0.0
498,-11.635510686022114,-2826.171946618727,3.876685619354248,0.0,2.305983781814575,0.0,1.514989972114563,0.0,7.697659373283386,0.0,1765.4763034028,0.0
499,-7.480926654415477,-2833.652873273142,1.7856680154800415,0.0,1.8857996463775635,0.0,1.843329668045044,0.0,5.514797329902649,0.0,1770.9911007327028,0.0
500,-7.058383658344521,-2840.711256931487,1.6402019262313843,0.0,1.5136942863464355,0.0,2.5758252143859863,0.0,5.729721426963806,0.0,1776.7208221596666,0.0
501,-6.7935647111636,-2847.5048216426503,2.7839086055755615,0.0,1.1139135360717773,0.0,1.5854462385177612,0.0,5.4832683801651,0.0,1782.2040905398317,0.0
502,-5.188865918217042,-2852.693687560867,1.9371020793914795,0.0,1.0429961681365967,0.0,1.401551365852356,0.0,4.381649613380432,0.0,1786.585740153212,0.0
503,-3.538410027101829,-2856.232097587969,1.4576706886291504,0.0,0.9656035900115967,0.0,0.674330472946167,0.0,3.097604751586914,0.0,1789.683344904799,0.0
504,-2.6123168323392445,-2858.844414420308,0.957305908203125,0.0,0.7627331018447876,0.0,0.6341386437416077,0.0,2.3541776537895203,0.0,1792.0375225585885,0.0
505,-2.8040223523296604,-2861.648436772638,0.8721359968185425,0.0,1.0000426769256592,0.0,0.641845703125,0.0,2.5140243768692017,0.0,1794.5515469354577,0.0
506,-3.3969418424040785,-2865.045378615042,0.8832412958145142,0.0,1.45328950881958,0.0,0.6435630321502686,0.0,2.980093836784363,0.0,1797.531640772242,0.0
507,-2.880992978406157,-2867.926371593448,0.7292870283126831,0.0,0.8165160417556763,0.0,0.4856950640678406,0.0,2.0314981341362,0.0,1799.5631389063783,0.0
508,-2.789698900493425,-2870.7160704939415,0.9129486083984375,0.0,0.8820804953575134,0.0,0.7105424404144287,0.0,2.5055715441703796,0.0,1802.0687104505487,0.0
509,-4.98807146399571,-2875.7041419579373,2.539790153503418,0.0,0.6725481748580933,0.0,0.8879755139350891,0.0,4.1003138422966,0.0,1806.1690242928453,0.0
510,-18.822717158469608,-2894.5268591164067,1.5400395393371582,0.0,0.8758853673934937,0.0,8.367234230041504,0.0,10.783159136772156,0.0,1816.9521834296174,0.0
511,-5.207927712348028,-2899.7347868287547,0.7015282511711121,0.0,2.2074990272521973,0.0,1.4310708045959473,0.0,4.340098083019257,0.0,1821.2922815126367,0.0
512,-5.222698236798033,-2904.9574850655526,0.9368332624435425,0.0,0.6377320885658264,0.0,2.6783618927001953,0.0,4.252927243709564,0.0,1825.5452087563463,0.0
513,-3.160344214633567,-2908.117829280186,0.0,0.09611697494983673,0.8489978909492493,0.0,1.8273358345031738,0.0,2.5802167505025864,0.0,1828.1254255068488,0.0
514,-1.8752400881296907,-2909.993069368316,0.0,0.04860076308250427,0.7155469059944153,0.0,0.23790419101715088,0.0,0.9048503339290619,0.0,1829.030275840778,0.0
515,-4.510010567941957,-2914.503079936258,1.507185935974121,0.0,0.8964809775352478,0.0,0.055223383009433746,0.0,2.4588902965188026,0.0,1831.4891661372967,0.0
516,-4.6483468815351765,-2919.151426817793,0.5597334504127502,0.0,1.1860125064849854,0.0,1.0497022867202759,0.0,2.7954482436180115,0.0,1834.2846143809147,0.0
517,-2.694795452192655,-2921.8462222699854,0.1862221211194992,0.0,1.3675003051757812,0.0,0.8151079416275024,0.0,2.368830367922783,0.0,1836.6534447488375,0.0
518,-6.832379654675251,-2928.6786019246606,1.3785868883132935,0.0,1.3846794366836548,0.0,0.5793376564979553,0.0,3.3426039814949036,0.0,1839.9960487303324,0.0
519,-11.923386831630655,-2940.601988756291,0.7661933302879333,0.0,1.9272117614746094,0.0,2.2473878860473633,0.0,4.940792977809906,0.0,1844.9368417081423,0.0
520,-8.560002081459734,-2949.1619908377506,1.208587884902954,0.0,1.4325742721557617,0.0,1.5506969690322876,0.0,4.191859126091003,0.0,1849.1287008342333,0.0
521,-7.859019695308076,-2957.021010533059,1.418065071105957,0.0,1.4516444206237793,0.0,1.789270281791687,0.0,4.658979773521423,0.0,1853.7876806077547,0.0
522,-6.843653344280575,-2963.8646638773394,2.0391125679016113,0.0,1.583082675933838,0.0,1.9938104152679443,0.0,5.6160056591033936,0.0,1859.4036862668581,0.0
523,-9.168900561071897,-2973.0335644384113,2.2475178241729736,0.0,1.2619534730911255,0.0,3.5379221439361572,0.0,7.047393441200256,0.0,1866.4510797080584,0.0
524,-9.56826326769081,-2982.601827706102,3.190875291824341,0.0,1.543312907218933,0.0,2.6565558910369873,0.0,7.390744090080261,0.0,1873.8418237981386,0.0
525,-6.607605365703369,-2989.2094330718055,2.1712865829467773,0.0,1.1476572751998901,0.0,2.090705156326294,0.0,5.409649014472961,0.0,1879.2514728126116,0.0
526,-4.489715681314545,-2993.69914875312,1.7436528205871582,0.0,0.8929029703140259,0.0,1.2113444805145264,0.0,3.8479002714157104,0.0,1883.0993730840273,0.0
527,-3.7682902209729345,-2997.467438974093,1.5787718296051025,0.0,1.0554602146148682,0.0,0.6380314826965332,0.0,3.272263526916504,0.0,1886.3716366109438,0.0
528,-2.686105395532134,-3000.1535443696253,0.9353823661804199,0.0,0.9175540804862976,0.0,0.5602788329124451,0.0,2.4132152795791626,0.0,1888.784851890523,0.0
529,-2.551388359537473,-3002.704932729163,0.7194061279296875,0.0,0.6554998159408569,0.0,0.48392772674560547,0.0,1.85883367061615,0.0,1890.6436855611391,0.0
530,-3.0121840837003955,-3005.7171168128634,0.8188598155975342,0.0,0.723770797252655,0.0,0.5192588567733765,0.0,2.0618894696235657,0.0,1892.7055750307627,0.0
531,-3.489029050709303,-3009.2061458635726,0.8619554042816162,0.0,0.9407656788825989,0.0,0.5267618894577026,0.0,2.3294829726219177,0.0,1895.0350580033846,0.0
532,-3.7587607749079646,-3012.9649066384804,1.0898585319519043,0.0,0.4462670385837555,0.0,0.48976340889930725,0.0,2.025888979434967,0.0,1897.0609469828196,0.0
533,-3.2783633071391938,-3016.2432699456194,0.5257136821746826,0.0,0.35715728998184204,0.0,0.5686432123184204,0.0,1.451514184474945,0.0,1898.5124611672945,0.0
534,-3.902288039312305,-3020.1455579849317,0.9707539677619934,0.0,0.33771374821662903,0.0,0.6658201217651367,0.0,1.9742878377437592,0.0,1900.4867490050383,0.0
535,-5.436111463181691,-3025.581669448113,0.6668767929077148,0.0,0.7062336802482605,0.0,2.342336893081665,0.0,3.7154473662376404,0.0,1904.202196371276,0.0
536,-9.510984553250957,-3035.0926540013643,0.3341986835002899,0.0,2.8456552028656006,0.0,1.0574352741241455,0.0,4.237289160490036,0.0,1908.439485531766,0.0
537,-22.823670528316885,-3057.9163245296813,1.541614055633545,0.0,9.476078033447266,0.0,0.6580169200897217,0.0,11.675709009170532,0.0,1920.1151945409365,0.0
538,-14.623036953730825,-3072.539361483412,6.045825958251953,0.0,1.7370002269744873,0.0,0.3441362679004669,0.0,8.126962453126907,0.0,1928.2421569940634,0.0
539,-8.122499498624247,-3080.661860982036,0.0,0.1661791205406189,1.3039072751998901,0.0,0.4115135371685028,0.0,1.549241691827774,0.0,1929.7913986858912,0.0
540,-7.892130375603002,-3088.553991357639,0.46527987718582153,0.0,1.8303861618041992,0.0,1.8508844375610352,0.0,4.146550476551056,0.0,1933.9379491624422,0.0
541,-6.04225972435462,-3094.5962510819936,0.5381572842597961,0.0,1.2838327884674072,0.0,0.7207782864570618,0.0,2.542768359184265,0.0,1936.4807175216265,0.0
542,-10.505986503507955,-3105.1022375855014,2.959049701690674,0.0,1.2299787998199463,0.0,0.9552063345909119,0.0,5.144234836101532,0.0,1941.624952357728,0.0
543,-21.55635838619246,-3126.658595971694,6.430874347686768,0.0,1.074026346206665,0.0,1.142665147781372,0.0,8.647565841674805,0.0,1950.2725181994028,0.0
544,-12.45210405672513,-3139.110700028419,3.0749144554138184,0.0,1.209652066230774,0.0,3.8652195930480957,0.0,8.149786114692688,0.0,1958.4223043140955,0.0
545,-10.658402195403257,-3149.7691022238223,0.5884557366371155,0.0,0.5544015169143677,0.0,0.15962938964366913,0.0,1.3024866431951523,0.0,1959.7247909572907,0.0
546,-7.827532928269659,-3157.596635152092,1.876373291015625,0.0,1.8898290395736694,0.0,2.3783726692199707,0.0,6.144574999809265,0.0,1965.8693659571,0.0
547,-10.980324117985027,-3168.576959270077,2.045236110687256,0.0,2.0137381553649902,0.0,2.3306963443756104,0.0,6.3896706104278564,0.0,1972.2590365675278,0.0
548,-8.651165686092268,-3177.2281249561693,2.0588669776916504,0.0,2.1262192726135254,0.0,1.8665878772735596,0.0,6.051674127578735,0.0,1978.3107106951065,0.0
549,-6.119349407790272,-3183.3474743639595,2.457017660140991,0.0,1.272776484489441,0.0,1.3072528839111328,0.0,5.037047028541565,0.0,1983.347757723648,0.0
550,-4.648446003846949,-3187.9959203678063,1.7735404968261719,0.0,1.0145083665847778,0.0,1.1870274543762207,0.0,3.9750763177871704,0.0,1987.3228340414353,0.0
551,-4.4131282910152585,-3192.4090486588216,1.8029141426086426,0.0,1.1509130001068115,0.0,0.8245034217834473,0.0,3.7783305644989014,0.0,1991.1011646059342,0.0
552,-2.9709419110506703,-3195.3799905698725,1.0966246128082275,0.0,0.8808423280715942,0.0,0.6735647916793823,0.0,2.651031732559204,0.0,1993.7521963384934,0.0
553,-3.0201036303151048,-3198.4000942001876,0.8765575885772705,0.0,0.98041170835495,0.0,0.8039255738258362,0.0,2.6608948707580566,0.0,1996.4130912092514,0.0
554,-2.1313176906765867,-3200.531411890864,0.7924742698669434,0.0,0.5972294807434082,0.0,0.5559484958648682,0.0,1.9456522464752197,0.0,1998.3587434557267,0.0
555,-2.588699146393364,-3203.1201110372576,0.8836380243301392,0.0,0.7464745044708252,0.0,0.707158088684082,0.0,2.3372706174850464,0.0,2000.6960140732117,0.0
556,-2.3341871591958823,-3205.4542981964537,0.7071943283081055,0.0,0.440834641456604,0.0,0.55879807472229,0.0,1.7068270444869995,0.0,2002.4028411176987,0.0
557,-2.252304587262147,-3207.706602783716,0.7792130708694458,0.0,0.32197192311286926,0.0,0.7555311918258667,0.0,1.8567161858081818,0.0,2004.2595573035069,0.0
558,-2.8811329443383613,-3210.587735728054,0.7501131296157837,0.0,0.35316818952560425,0.0,0.611479640007019,0.0,1.714760959148407,0.0,2005.9743182626553,0.0
559,-6.510137930859954,-3217.097873658914,0.49263179302215576,0.0,1.0713430643081665,0.0,1.1570755243301392,0.0,2.7210503816604614,0.0,2008.6953686443157,0.0
560,-4.144581390242186,-3221.2424550491564,0.31404590606689453,0.0,0.6144934892654419,0.0,0.80388343334198,0.0,1.7324228286743164,0.0,2010.42779147299,0.0
561,-2.465370246640087,-3223.7078252957967,0.0,0.22726398706436157,1.3582096099853516,0.0,0.7968453168869019,0.0,1.9277909398078918,0.0,2012.355582412798,0.0
562,-6.218174283805858,-3229.9259995796024,0.5851556062698364,0.0,2.22367525100708,0.0,0.3355058431625366,0.0,3.144336700439453,0.0,2015.4999191132374,0.0
563,-3.6979726188877855,-3233.6239721984903,0.1732332855463028,0.0,1.7577425241470337,0.0,1.2160961627960205,0.0,3.147071972489357,0.0,2018.6469910857268,0.0
564,-13.537423863891487,-3247.1613960623818,5.957030773162842,0.0,1.1391233205795288,0.0,0.2900271415710449,0.0,7.3861812353134155,0.0,2026.0331723210402,0.0
565,-7.395902059301864,-3254.5572981216837,3.2382514476776123,0.0,1.257842779159546,0.0,0.6286775469779968,0.0,5.124771773815155,0.0,2031.1579440948553,0.0
566,-4.351802978788156,-3258.909101100472,0.3586423695087433,0.0,1.294996976852417,0.0,0.6542051434516907,0.0,2.307844489812851,0.0,2033.4657885846682,0.0
567,-7.8845832193433925,-3266.7936843198154,0.5234274864196777,0.0,0.9097567796707153,0.0,0.5853573083877563,0.0,2.0185415744781494,0.0,2035.4843301591463,0.0
568,-19.68451017613637,-3286.478194495952,0.9996493458747864,0.0,1.4067144393920898,0.0,2.527677297592163,0.0,4.934041082859039,0.0,2040.4183712420054,0.0
569,-12.107557033852197,-3298.585751529804,2.002427339553833,0.0,1.0601069927215576,0.0,1.4743047952651978,0.0,4.536839127540588,0.0,2044.955210369546,0.0
570,-13.854009250227499,-3312.4397607800315,1.5155974626541138,0.0,1.9795830249786377,0.0,1.8937958478927612,0.0,5.388976335525513,0.0,2050.3441867050715,0.0
571,-8.84688834195607,-3321.2866491219875,1.5281323194503784,0.0,1.4460777044296265,0.0,1.6352516412734985,0.0,4.609461665153503,0.0,2054.953648370225,0.0
572,-7.359907837926586,-3328.646556959914,1.436784029006958,0.0,1.3422789573669434,0.0,1.7584567070007324,0.0,4.537519693374634,0.0,2059.4911680635996,0.0
573,-6.810357380338509,-3335.4569143402528,1.6395913362503052,0.0,1.2338733673095703,0.0,2.65242338180542,0.0,5.525888085365295,0.0,2065.017056148965,0.0
574,-8.338204716214502,-3343.7951190564672,3.0775489807128906,0.0,1.2676347494125366,0.0,2.208061456680298,0.0,6.553245186805725,0.0,2071.5703013357706,0.0
575,-3.3287747560676,-3347.123893812535,0.8794288635253906,0.0,1.4946606159210205,0.0,0.540422260761261,0.0,2.914511740207672,0.0,2074.4848130759783,0.0
576,-3.383487813907833,-3350.5073816264426,1.0079401731491089,0.0,1.2353671789169312,0.0,0.7441668510437012,0.0,2.987474203109741,0.0,2077.472287279088,0.0
577,-4.288813434316227,-3354.7961950607587,0.9746049642562866,0.0,0.7964493036270142,0.0,0.6436748504638672,0.0,2.414729118347168,0.0,2079.887016397435,0.0
578,-2.899007701294086,-3357.6952027620528,0.8881583213806152,0.0,0.9668921232223511,0.0,0.7414883375167847,0.0,2.596538782119751,0.0,2082.483555179555,0.0
579,-1.9754706527807926,-3359.6706734148333,0.8305060863494873,0.0,0.43275582790374756,0.0,0.5427950620651245,0.0,1.8060569763183594,0.0,2084.2896121558733,0.0
580,-4.458873960743416,-3364.1295473755767,0.7429629564285278,0.0,0.3130980134010315,0.0,0.6575668454170227,0.0,1.713627815246582,0.0,2086.00323997112,0.0
581,-9.357282266467264,-3373.486829642044,3.6343986988067627,0.0,0.4005953073501587,0.0,0.6034167408943176,0.0,4.638410747051239,0.0,2090.641650718171,0.0
582,-5.813729732652896,-3379.300559374697,2.1830215454101562,0.0,1.082697868347168,0.0,1.568392276763916,0.0,4.83411169052124,0.0,2095.4757624086924,0.0
583,-4.947688875732527,-3384.2482482504297,1.5570977926254272,0.0,0.9700014591217041,0.0,0.8835572004318237,0.0,3.410656452178955,0.0,2098.8864188608713,0.0
584,-5.25190075198001,-3389.5001490024097,0.06256050616502762,0.0,0.3390424847602844,0.0,0.6447601318359375,0.0,1.0463631227612495,0.0,2099.9327819836326,0.0
585,-3.800037891307067,-3393.3001868937167,0.0,0.3194711208343506,0.8411418199539185,0.0,0.37841272354125977,0.0,0.9000834226608276,0.0,2100.8328654062934,0.0
586,-7.546258082557278,-3400.846444976274,0.4438333809375763,0.0,0.5364723205566406,0.0,0.020575324073433876,0.0,1.0008810255676508,0.0,2101.833746431861,0.0
587,-5.329159220458772,-3406.175604196733,0.0,0.3362535238265991,0.829243004322052,0.0,0.3487071096897125,0.0,0.8416965901851654,0.0,2102.6754430220462,0.0
588,-2.3859622166883443,-3408.561566413421,0.0,0.09865296632051468,1.1613991260528564,0.0,0.8879749178886414,0.0,1.9507210776209831,0.0,2104.626164099667,0.0
589,-2.185505490068956,-3410.74707190349,0.19821973145008087,0.0,1.0480666160583496,0.0,0.7168353796005249,0.0,1.9631217271089554,0.0,2106.589285826776,0.0
590,-4.755435749372783,-3415.5025076528627,1.2414042949676514,0.0,1.035205602645874,0.0,0.6671473383903503,0.0,2.9437572360038757,0.0,2109.53304306278,0.0
591,-4.226173549596693,-3419.7286812024595,0.35725972056388855,0.0,1.6720327138900757,0.0,1.1522783041000366,0.0,3.181570738554001,0.0,2112.714613801334,0.0
592,-4.487326038979925,-3424.2160072414395,1.287539005279541,0.0,1.1847069263458252,0.0,0.8720442652702332,0.0,3.3442901968955994,0.0,2116.0589039982297,0.0
593,-4.60973863637415,-3428.8257458778135,1.090718150138855,0.0,1.3114961385726929,0.0,1.472426414489746,0.0,3.874640703201294,0.0,2119.933544701431,0.0
594,-5.289864768470617,-3434.115610646284,1.458604097366333,0.0,1.3271644115447998,0.0,1.6966737508773804,0.0,4.482442259788513,0.0,2124.4159869612195,0.0
595,-7.709273670516234,-3441.8248843168003,3.388981580734253,0.0,0.9429171085357666,0.0,1.681801199913025,0.0,6.013699889183044,0.0,2130.4296868504025,0.0
596,-5.450359911203391,-3447.275244228004,1.7078180313110352,0.0,1.3627972602844238,0.0,1.5331156253814697,0.0,4.603730916976929,0.0,2135.0334177673794,0.0
597,-7.129764690480228,-3454.4050089184843,2.9434778690338135,0.0,1.392047643661499,0.0,1.377705454826355,0.0,5.7132309675216675,0.0,2140.746648734901,0.0
598,-6.097727226850816,-3460.5027361453353,2.3206377029418945,0.0,1.2378778457641602,0.0,1.4819902181625366,0.0,5.040505766868591,0.0,2145.7871545017697,0.0
599,-4.1040504289475885,-3464.606786574283,1.7456417083740234,0.0,0.9422588348388672,0.0,0.8483622670173645,0.0,3.536262810230255,0.0,2149.323417312,0.0
600,-3.2576038020014817,-3467.8643903762845,0.961502194404602,0.0,1.379947304725647,0.0,0.5230518579483032,0.0,2.8645013570785522,0.0,2152.1879186690785,0.0
601,-2.2141212094300844,-3470.0785115857148,0.7653248310089111,0.0,0.6035872101783752,0.0,0.6496100425720215,0.0,2.018522083759308,0.0,2154.206440752838,0.0
602,-2.4961120735126334,-3472.574623659227,0.8494689464569092,0.0,0.6818057894706726,0.0,0.7278573513031006,0.0,2.2591320872306824,0.0,2156.4655728400685,0.0
603,-3.0276591220575337,-3475.602282781285,1.3019828796386719,0.0,0.7149530053138733,0.0,0.6678227186203003,0.0,2.6847586035728455,0.0,2159.1503314436413,0.0
604,-3.110369635991203,-3478.712652417276,1.7202237844467163,0.0,0.4938167929649353,0.0,0.47559618949890137,0.0,2.689636766910553,0.0,2161.839968210552,0.0
605,-3.420295281375143,-3482.132947698651,1.5219563245773315,0.0,0.683922529220581,0.0,0.7874091863632202,0.0,2.993288040161133,0.0,2164.833256250713,0.0
606,-4.024029289075124,-3486.1569769877265,1.342563509941101,0.0,0.907941460609436,0.0,0.8109756708145142,0.0,3.0614806413650513,0.0,2167.894736892078,0.0
607,-3.3209644919052113,-3489.4779414796317,1.4040913581848145,0.0,0.5419479012489319,0.0,0.969439685344696,0.0,2.9154789447784424,0.0,2170.8102158368565,0.0
608,-1.88375898785331,-3491.361700467485,0.04820419102907181,0.0,0.5514598488807678,0.0,0.8802464604377747,0.0,1.4799105003476143,0.0,2172.290126337204,0.0
609,-3.586318371890835,-3494.948018839376,0.19465117156505585,0.0,0.6907439827919006,0.0,2.114750385284424,0.0,3.0001455396413803,0.0,2175.2902718768455,0.0
610,-1.2648791751834854,-3496.2128980145594,0.2566062808036804,0.0,0.7503760457038879,0.0,0.15851858258247375,0.0,1.1655009090900421,0.0,2176.4557727859356,0.0
611,-1.7907614811724915,-3498.003659495732,0.2655491232872009,0.0,0.79168701171875,0.0,0.0,0.10238656401634216,0.9548495709896088,0.0,2177.410622356925,0.0
612,-2.8604287954652934,-3500.8640882911973,0.1552683562040329,0.0,1.1658682823181152,0.0,1.1869584321975708,0.0,2.508095070719719,0.0,2179.918717427645,0.0
613,-3.3401860555446437,-3504.204274346742,0.4550705850124359,0.0,1.0994032621383667,0.0,0.8283605575561523,0.0,2.382834404706955,0.0,2182.301551832352,0.0
614,-3.4761755197528013,-3507.6804498664947,0.2763846218585968,0.0,1.031874656677246,0.0,0.4917360544204712,0.0,1.799995332956314,0.0,2184.101547165308,0.0
615,-3.7151372629434336,-3511.395587129438,0.5167350172996521,0.0,1.4710184335708618,0.0,1.163914680480957,0.0,3.151668131351471,0.0,2187.2532152966596,0.0
616,-3.7537870959614548,-3515.1493742253992,1.2782212495803833,0.0,1.169211745262146,0.0,0.7602671384811401,0.0,3.2077001333236694,0.0,2190.4609154299833,0.0
617,-8.487958335441904,-3523.637332560841,1.7526743412017822,0.0,1.951358675956726,0.0,2.8801426887512207,0.0,6.584175705909729,0.0,2197.045091135893,0.0
618,-7.1979181911995,-3530.8352507520403,2.105712652206421,0.0,1.517765998840332,0.0,2.2318685054779053,0.0,5.855347156524658,0.0,2202.9004382924177,0.0
619,-5.901250022746439,-3536.7365007747867,1.3904694318771362,0.0,1.8314765691757202,0.0,1.7131766080856323,0.0,4.935122609138489,0.0,2207.835560901556,0.0
620,-6.38513476276678,-3543.1216355375536,2.5265421867370605,0.0,1.2477343082427979,0.0,1.4532550573349,0.0,5.227531552314758,0.0,2213.063092453871,0.0
621,-4.289424161271262,-3547.411059698825,1.2431511878967285,0.0,0.8813685178756714,0.0,1.0578222274780273,0.0,3.1823419332504272,0.0,2216.2454343871213,0.0
622,-12.236903965134891,-3559.6479636639597,1.9389969110488892,0.0,4.851902484893799,0.0,2.0058934688568115,0.0,8.7967928647995,0.0,2225.042227251921,0.0
623,-4.7913531541502845,-3564.43931681811,1.867729663848877,0.0,1.0474380254745483,0.0,1.1641042232513428,0.0,4.079271912574768,0.0,2229.1214991644956,0.0
624,-4.685377536760241,-3569.1246943548704,0.8576589822769165,0.0,0.8008905649185181,0.0,1.690129280090332,0.0,3.3486788272857666,0.0,2232.4701779917814,0.0
625,-3.9450494912017424,-3573.069743846072,0.6484851241111755,0.0,0.4162023067474365,0.0,0.4751846194267273,0.0,1.5398720502853394,0.0,2234.0100500420667,0.0
626,-3.733935959225196,-3576.803679805297,0.8718630075454712,0.0,0.8209050893783569,0.0,0.49670276045799255,0.0,2.1894708573818207,0.0,2236.1995208994485,0.0
627,-3.406824962237435,-3580.2105047675345,0.8797364830970764,0.0,0.6671237945556641,0.0,0.5880180597305298,0.0,2.1348783373832703,0.0,2238.334399236832,0.0
628,-3.892198159074764,-3584.1027029266093,0.8797314167022705,0.0,0.6156617999076843,0.0,0.5277611017227173,0.0,2.023154318332672,0.0,2240.3575535551645,0.0
629,-7.486437045926959,-3591.589139972536,0.8461092114448547,0.0,0.5675979852676392,0.0,2.736423969268799,0.0,4.150131165981293,0.0,2244.507684721146,0.0
630,-7.5514317346005235,-3599.1405717071366,1.3222119808197021,0.0,1.3687056303024292,0.0,0.7276119589805603,0.0,3.4185295701026917,0.0,2247.9262142912485,0.0
631,-6.920757352623071,-3606.06132905976,0.9220653772354126,0.0,0.7465032339096069,0.0,0.7671185731887817,0.0,2.4356871843338013,0.0,2250.3619014755823,0.0
632,-6.792391882906211,-3612.853720942666,0.45234355330467224,0.0,1.96756112575531,0.0,2.942655324935913,0.0,5.362560003995895,0.0,2255.724461479578,0.0
633,-3.5494142691599384,-3616.403135211826,0.425417959690094,0.0,1.4793143272399902,0.0,1.1788829565048218,0.0,3.083615243434906,0.0,2258.808076723013,0.0
634,-1.411544829703925,-3617.8146800415298,0.2719690501689911,0.0,0.5903071761131287,0.0,0.4486798942089081,0.0,1.3109561204910278,0.0,2260.119032843504,0.0
635,-2.295222831585508,-3620.109902873115,0.03536735475063324,0.0,0.8613772988319397,0.0,0.08030281960964203,0.0,0.977047473192215,0.0,2261.0960803166963,0.0
636,-2.6718545842372974,-3622.7817574573523,0.0,0.22351981699466705,0.9493269920349121,0.0,1.3754514455795288,0.0,2.101258620619774,0.0,2263.197338937316,0.0
637,-2.4363500781288074,-3625.218107535481,0.10168860852718353,0.0,1.2916640043258667,0.0,0.755420982837677,0.0,2.1487735956907272,0.0,2265.346112533007,0.0
638,-3.0484740022325836,-3628.2665815377136,0.6257467269897461,0.0,0.9737445712089539,0.0,0.5738909840583801,0.0,2.17338228225708,0.0,2267.519494815264,0.0
639,-4.779165545627377,-3633.0457470833408,1.4585829973220825,0.0,1.438281774520874,0.0,1.1056227684020996,0.0,4.002487540245056,0.0,2271.521982355509,0.0
640,-6.619052129615806,-3639.6647992129565,2.3731915950775146,0.0,1.317232608795166,0.0,0.9082884788513184,0.0,4.598712682723999,0.0,2276.120695038233,0.0
641,-7.073255826932336,-3646.738055039889,1.9289720058441162,0.0,1.4682868719100952,0.0,1.6795955896377563,0.0,5.076854467391968,0.0,2281.197549505625,0.0
642,-11.813212607132943,-3658.5512676470216,1.6976405382156372,0.0,1.8031861782073975,0.0,1.2567216157913208,0.0,4.7575483322143555,0.0,2285.9550978378393,0.0
643,-24.405878742766827,-3682.9571463897882,1.8509942293167114,0.0,1.3172197341918945,0.0,8.866700172424316,0.0,12.034914135932922,0.0,2297.990011973772,0.0
644,-7.509730314605411,-3690.4668767043936,2.095329761505127,0.0,1.2595016956329346,0.0,1.7459430694580078,0.0,5.100774526596069,0.0,2303.0907865003683,0.0
645,-13.703019405635754,-3704.169896110029,5.511992454528809,0.0,1.1887973546981812,0.0,1.6227272748947144,0.0,8.323517084121704,0.0,2311.41430358449,0.0
646,-7.090259702829961,-3711.260155812859,1.7397024631500244,0.0,1.2081639766693115,0.0,1.0141910314559937,0.0,3.9620574712753296,0.0,2315.3763610557653,0.0
647,-5.835957733600928,-3717.09611354646,1.773860216140747,0.0,0.98968505859375,0.0,0.917007327079773,0.0,3.68055260181427,0.0,2319.0569136575796,0.0
648,-5.4276201331729315,-3722.523733679633,0.837226390838623,0.0,0.8492717146873474,0.0,0.6392760872840881,0.0,2.3257741928100586,0.0,2321.3826878503896,0.0
649,-3.7340492291524057,-3726.2577829087854,0.9763875007629395,0.0,1.110567331314087,0.0,0.9927935600280762,0.0,3.0797483921051025,0.0,2324.4624362424947,0.0
650,-3.6634270730599194,-3729.9212099818455,0.9386656880378723,0.0,1.0991787910461426,0.0,0.6532297134399414,0.0,2.6910741925239563,0.0,2327.1535104350187,0.0
651,-3.0530894658849976,-3732.9742994477306,0.9316096305847168,0.0,1.058946967124939,0.0,0.7313706874847412,0.0,2.721927285194397,0.0,2329.875437720213,0.0
652,-2.7716738482737346,-3735.745973296004,0.8991117477416992,0.0,0.8647556900978088,0.0,0.7272318601608276,0.0,2.4910992980003357,0.0,2332.3665370182134,0.0
653,-3.9563877241569396,-3739.7023610201613,1.9561467170715332,0.0,0.5705450177192688,0.0,0.8454568386077881,0.0,3.37214857339859,0.0,2335.738685591612,0.0
654,-7.925544722116241,-3747.6279057422776,3.2886457443237305,0.0,1.4140372276306152,0.0,1.0485295057296753,0.0,5.751212477684021,0.0,2341.489898069296,0.0
655,-7.975191639691138,-3755.603097381969,1.5995814800262451,0.0,0.9207169413566589,0.0,1.954264521598816,0.0,4.47456294298172,0.0,2345.9644610122778,0.0
656,-13.182092005941026,-3768.7851893879097,0.21459703147411346,0.0,1.2895599603652954,0.0,5.214379787445068,0.0,6.718536779284477,0.0,2352.6829977915622,0.0
657,-15.331898327654143,-3784.1170877155637,0.07401230931282043,0.0,1.0677251815795898,0.0,7.773306369781494,0.0,8.915043860673904,0.0,2361.598041652236,0.0
658,-3.7805381879264846,-3787.8976259034903,0.1602679342031479,0.0,0.8244316577911377,0.0,2.164839267730713,0.0,3.1495388597249985,0.0,2364.747580511961,0.0
659,-7.87738626153479,-3795.775012165025,0.9009369611740112,0.0,0.8769323825836182,0.0,0.4573499858379364,0.0,2.235219329595566,0.0,2366.9827998415567,0.0
660,-4.444395070098073,-3800.219407235123,0.28505948185920715,0.0,1.678562045097351,0.0,1.556937575340271,0.0,3.5205591022968292,0.0,2370.5033589438535,0.0
661,-5.08287678345937,-3805.3022840185827,0.21360154449939728,0.0,1.3617888689041138,0.0,1.7800507545471191,0.0,3.35544116795063,0.0,2373.858800111804,0.0
662,-7.668005949329467,-3812.9702899679123,2.0708587169647217,0.0,1.3910331726074219,0.0,0.6756402850151062,0.0,4.13753217458725,0.0,2377.9963322863914,0.0
663,-5.154611439935023,-3818.124901407847,0.994513988494873,0.0,1.6779720783233643,0.0,1.1481977701187134,0.0,3.8206838369369507,0.0,2381.8170161233284,0.0
664,-7.902095044149251,-3826.026996451996,1.7924708127975464,0.0,1.8239130973815918,0.0,1.5092833042144775,0.0,5.125667214393616,0.0,2386.942683337722,0.0
665,-11.436091581080076,-3837.4630880330765,1.0600054264068604,0.0,1.8281296491622925,0.0,1.9214603900909424,0.0,4.809595465660095,0.0,2391.752278803382,0.0
666,-11.130571779579485,-3848.593659812656,1.4976491928100586,0.0,1.8481792211532593,0.0,1.9336345195770264,0.0,5.279462933540344,0.0,2397.0317417369224,0.0
667,-11.693011374108288,-3860.286671186764,3.2490439414978027,0.0,1.4986566305160522,0.0,2.0554893016815186,0.0,6.8031898736953735,0.0,2403.834931610618,0.0
668,-7.66008708721795,-3867.946758273982,2.1014695167541504,0.0,1.5305202007293701,0.0,2.5316405296325684,0.0,6.163630247116089,0.0,2409.998561857734,0.0
669,-37.68508987490914,-3905.631848148891,8.3341703414917,0.0,1.2927089929580688,0.0,10.122685432434082,0.0,19.74956476688385,0.0,2429.7481266246177,0.0
670,-5.949377293835395,-3911.5812254427265,1.5072110891342163,0.0,1.6257139444351196,0.0,1.8418340682983398,0.0,4.974759101867676,0.0,2434.7228857264854,0.0
671,-6.423766418039664,-3918.004991860766,1.2932153940200806,0.0,2.6482837200164795,0.0,1.2946052551269531,0.0,5.236104369163513,0.0,2439.958990095649,0.0
672,-3.324353975216578,-3921.3293458359826,1.0445486307144165,0.0,1.1986374855041504,0.0,0.4909727871417999,0.0,2.734158903360367,0.0,2442.6931489990093,0.0
673,-7.672428076980835,-3929.0017739129635,0.9137607216835022,0.0,1.6936259269714355,0.0,0.6641203165054321,0.0,3.27150696516037,0.0,2445.9646559641697,0.0
674,-8.349103401396519,-3937.35087731436,2.259953498840332,0.0,1.067077875137329,0.0,0.8154597282409668,0.0,4.142491102218628,0.0,2450.1071470663883,0.0
675,-6.331105474173764,-3943.681982788534,0.8808420896530151,0.0,1.383217215538025,0.0,0.583549976348877,0.0,2.847609281539917,0.0,2452.954756347928,0.0
676,-5.27933711064287,-3948.9613198991765,0.902429461479187,0.0,1.087658166885376,0.0,0.577569842338562,0.0,2.567657470703125,0.0,2455.5224138186313,0.0
677,-6.1329207722378145,-3955.0942406714144,0.7099206447601318,0.0,0.5149215459823608,0.0,0.5933579206466675,0.0,1.8182001113891602,0.0,2457.3406139300205,0.0
678,-8.534192640135837,-3963.62843331155,1.4848238229751587,0.0,1.1772891283035278,0.0,1.2896912097930908,0.0,3.9518041610717773,0.0,2461.2924180910923,0.0
679,-5.715200509167264,-3969.343633820717,1.1490154266357422,0.0,1.2214027643203735,0.0,1.437445878982544,0.0,3.8078640699386597,0.0,2465.100282161031,0.0
680,-5.287249516216571,-3974.6308833369335,0.6110163331031799,0.0,1.039264440536499,0.0,1.7418310642242432,0.0,3.392111837863922,0.0,2468.492393998895,0.0
681,-4.1136644202955015,-3978.744547757229,1.142052412033081,0.0,1.3034263849258423,0.0,1.1347386837005615,0.0,3.580217480659485,0.0,2472.0726114795543,0.0
682,-8.091864935686154,-3986.8364126929155,0.0,0.1367582082748413,1.4477721452713013,0.0,0.9549797773361206,0.0,2.2659937143325806,0.0,2474.338605193887,0.0
683,-6.170743376368964,-3993.0071560692845,0.7108074426651001,0.0,1.066835880279541,0.0,2.2557883262634277,0.0,4.033431649208069,0.0,2478.372036843095,0.0
684,-9.613795707847883,-4002.620951777132,0.1276654452085495,0.0,1.219825029373169,0.0,0.9298808574676514,0.0,2.27737133204937,0.0,2480.6494081751443,0.0
685,-4.63990999212557,-4007.2608617692576,0.22462736070156097,0.0,1.3497169017791748,0.0,0.9543341994285583,0.0,2.528678461909294,0.0,2483.1780866370536,0.0
686,-6.548350614008221,-4013.8092123832657,0.18494978547096252,0.0,1.3637357950210571,0.0,0.9212035536766052,0.0,2.469889134168625,0.0,2485.6479757712223,0.0
687,-6.086385568553436,-4019.895597951819,0.8377484679222107,0.0,1.596540093421936,0.0,1.4246888160705566,0.0,3.8589773774147034,0.0,2489.506953148637,0.0
688,-7.801084551616551,-4027.6966825034356,2.228926181793213,0.0,1.678775668144226,0.0,1.2138370275497437,0.0,5.121538877487183,0.0,2494.628492026124,0.0
689,-7.998826073676556,-4035.695508577112,3.1487877368927,0.0,1.6987749338150024,0.0,1.3314082622528076,0.0,6.17897093296051,0.0,2500.8074629590847,0.0
690,-24.381593808071372,-4060.0771023851835,2.4317946434020996,0.0,1.985368251800537,0.0,9.516450881958008,0.0,13.933613777160645,0.0,2514.7410767362453,0.0
691,-10.4884131469091,-4070.5655155320924,1.9927831888198853,0.0,1.1244605779647827,0.0,2.643623113632202,0.0,5.76086688041687,0.0,2520.501943616662,0.0
692,-6.351906484737389,-4076.9174220168297,1.7956327199935913,0.0,1.5765424966812134,0.0,1.8957898616790771,0.0,5.267965078353882,0.0,2525.769908695016,0.0
693,-9.53086348306507,-4086.4482854998946,1.5354931354522705,0.0,1.069661259651184,0.0,1.1325689554214478,0.0,3.7377233505249023,0.0,2529.507632045541,0.0
694,-9.772231302212417,-4096.220516802107,1.8134554624557495,0.0,0.9610323309898376,0.0,1.432451605796814,0.0,4.206939399242401,0.0,2533.7145714447834,0.0
695,-8.675228788422189,-4104.895745590529,1.2294731140136719,0.0,1.0611001253128052,0.0,1.2932096719741821,0.0,3.583782911300659,0.0,2537.298354356084,0.0
696,-4.492482484866835,-4109.388228075396,0.9852563142776489,0.0,1.081877589225769,0.0,0.5397639870643616,0.0,2.6068978905677795,0.0,2539.905252246652,0.0
697,-4.032451978766989,-4113.420680054163,0.9758434295654297,0.0,1.052634358406067,0.0,0.6469223499298096,0.0,2.675400137901306,0.0,2542.580652384553,0.0
698,-3.5534731364270025,-4116.97415319059,0.8649563193321228,0.0,0.9680800437927246,0.0,0.6756690740585327,0.0,2.50870543718338,0.0,2545.0893578217365,0.0
699,-2.7476110289408444,-4119.721764219531,0.9162616729736328,0.0,0.5038877725601196,0.0,1.039018154144287,0.0,2.4591675996780396,0.0,2547.5485254214145,0.0
700,-3.2883916359170975,-4123.010155855448,1.00931978225708,0.0,0.5258395075798035,0.0,1.3561493158340454,0.0,2.891308605670929,0.0,2550.4398340270855,0.0
701,-2.8430418682491414,-4125.853197723697,0.9156514406204224,0.0,0.42425474524497986,0.0,1.187232494354248,0.0,2.5271386802196503,0.0,2552.966972707305,0.0
702,-4.821581577832408,-4130.674779301529,0.7594334483146667,0.0,1.1184719800949097,0.0,2.171987771987915,0.0,4.0498932003974915,0.0,2557.0168659077026,0.0
703,-5.582127867119569,-4136.2569071686485,2.002164125442505,0.0,1.093808889389038,0.0,1.5805435180664062,0.0,4.676516532897949,0.0,2561.6933824406005,0.0
704,-3.482342975361706,-4139.73925014401,1.2385003566741943,0.0,0.8703736662864685,0.0,0.9627702832221985,0.0,3.0716443061828613,0.0,2564.7650267467834,0.0
705,-8.040887932256606,-4147.780138076267,2.5085949897766113,0.0,1.306237816810608,0.0,1.8479278087615967,0.0,5.662760615348816,0.0,2570.427787362132,0.0
706,-5.493869599646437,-4153.274007675913,1.9505785703659058,0.0,0.3067457377910614,0.0,0.3859809935092926,0.0,2.6433053016662598,0.0,2573.0710926637985,0.0
707,-3.209932077137941,-4156.48393975305,0.07443944364786148,0.0,0.9110747575759888,0.0,0.5655415058135986,0.0,1.5510557070374489,0.0,2574.622148370836,0.0
708,-7.001606473952116,-4163.4855462270025,0.0,0.22306890785694122,1.374226450920105,0.0,0.9467889666557312,0.0,2.097946509718895,0.0,2576.720094880555,0.0
709,-6.626906107120064,-4170.112452334122,0.4282877445220947,0.0,1.4856805801391602,0.0,1.0448925495147705,0.0,2.9588608741760254,0.0,2579.678955754731,0.0
710,-9.474901784051669,-4179.587354118174,0.8280613422393799,0.0,1.1911804676055908,0.0,0.9318365454673767,0.0,2.9510783553123474,0.0,2582.630034110043,0.0
711,-11.89926817136503,-4191.486622289539,0.6463991403579712,0.0,1.4358748197555542,0.0,1.1393965482711792,0.0,3.2216705083847046,0.0,2585.851704618428,0.0
712,-12.306033786863564,-4203.792656076403,1.5835473537445068,0.0,3.1206305027008057,0.0,2.136009454727173,0.0,6.840187311172485,0.0,2592.6918919296004,0.0
713,-11.839050024971684,-4215.631706101374,1.4715279340744019,0.0,2.2705025672912598,0.0,1.7665395736694336,0.0,5.508570075035095,0.0,2598.2004620046355,0.0
714,-17.058152179253746,-4232.689858280628,1.3576093912124634,0.0,0.0,0.9115422368049622,1.6753830909729004,0.0,2.1214502453804016,0.0,2600.321912250016,0.0
715,-8.585168417061723,-4241.27502669769,2.5876529216766357,0.0,1.5073883533477783,0.0,2.6794047355651855,0.0,6.7744460105896,0.0,2607.0963582606055,0.0
716,-9.266018395020266,-4250.54104509271,2.8573415279388428,0.0,1.3961362838745117,0.0,2.933016777038574,0.0,7.186494588851929,0.0,2614.2828528494574,0.0
717,-10.643492972630916,-4261.184538065341,3.1710619926452637,0.0,1.7562885284423828,0.0,3.165776014328003,0.0,8.09312653541565,0.0,2622.375979384873,0.0
718,-7.864156192307695,-4269.048694257649,1.3733537197113037,0.0,1.662850260734558,0.0,3.1750495433807373,0.0,6.211253523826599,0.0,2628.5872329086997,0.0
