time_step,reward,all_rewards,grid_import_Building_1_kwh,export_Building_1_kwh,grid_import_Building_2_kwh,export_Building_2_kwh,grid_import_Building_3_kwh,export_Building_3_kwh,grid_import_kwh,export_kwh,cumulative_grid_import_kwh,cumulative_export_kwh
0,-5.265020516915225,-5.265020516915225,2.033644199371338,0.0,0.5619984865188599,0.0,1.689454197883606,0.0,4.285096883773804,0.0,4.285096883773804,0.0
1,-3.2178145246587033,-8.482835041573928,0.8462807536125183,0.0,0.18591776490211487,0.0,0.47319296002388,0.0,1.5053914785385132,0.0,5.790488362312317,0.0
2,-3.5578388578963764,-12.040673899470304,0.7249863147735596,0.0,0.18461598455905914,0.0,0.4455188810825348,0.0,1.3551211804151535,0.0,7.14560954272747,0.0
3,-5.024553529960283,-17.065227429430585,0.6327978372573853,0.0,0.1873515099287033,0.0,1.13750422000885,0.0,1.9576535671949387,0.0,9.103263109922409,0.0
4,-3.7603282928466797,-20.825555722277265,1.063599705696106,0.0,0.20223666727542877,0.0,0.5778762698173523,0.0,1.843712642788887,0.0,10.946975752711296,0.0
5,-4.2193403244018555,-25.04489604667912,1.4933626651763916,0.0,0.8197430372238159,0.0,0.00030747056007385254,0.0,2.3134131729602814,0.0,13.260388925671577,0.0
6,-5.948616027832031,-30.993512074511152,1.691323161125183,0.0,1.497516393661499,0.0,1.5095409154891968,0.0,4.698380470275879,0.0,17.958769395947456,0.0
7,-4.465254783630371,-35.45876685814152,0.0,0.1688956767320633,1.0992900133132935,0.0,0.20659716427326202,0.0,1.1369915008544922,0.0,19.09576089680195,0.0
8,-15.917275428771973,-51.376042286913496,4.448277473449707,0.0,3.115323305130005,0.0,2.180865526199341,0.0,9.744466304779053,0.0,28.840227201581,0.0
9,-9.074836730957031,-60.45087901787053,3.096498727798462,0.0,0.9043927788734436,0.0,2.1317636966705322,0.0,6.132655203342438,0.0,34.97288240492344,0.0
10,-4.673765659332275,-65.12464467720281,0.2922827899456024,0.0,1.0067133903503418,0.0,1.284489393234253,0.0,2.583485573530197,0.0,37.556367978453636,0.0
11,-6.08794888939458,-71.21259356659739,1.8341050148010254,0.0,0.6920198798179626,0.0,2.377535104751587,0.0,4.903659999370575,0.0,42.46002797782421,0.0
12,-1.3318175270609305,-72.54441109365833,0.0,0.24397727847099304,0.03593242168426514,0.0,0.0,0.4972345530986786,0.0,0.7052794098854065,42.46002797782421,0.7052794098854065
13,0.0,-72.54441109365833,0.0,3.783578634262085,0.0,2.3461875915527344,0.0,0.6121288537979126,0.0,6.741895079612732,42.46002797782421,7.447174489498138
14,0.0,-72.54441109365833,0.0,1.0473636388778687,0.0,0.2029578536748886,0.0,0.8897504210472107,0.0,2.140071913599968,42.46002797782421,9.587246403098106
15,-2.042787402868271,-74.5871984965266,0.16432055830955505,0.0,1.0962365865707397,0.0,0.7822302579879761,0.0,2.042787402868271,0.0,44.50281538069248,9.587246403098106
16,-1.468720406293869,-76.05591890282047,0.0,0.1696302890777588,0.2912794053554535,0.0,1.1774410009384155,0.0,1.2990901172161102,0.0,45.80190549790859,9.587246403098106
17,-0.48635853826999664,-76.54227744109046,0.17993830144405365,0.0,0.306420236825943,0.0,0.0,1.1548740863800049,0.0,0.6685155481100082,45.80190549790859,10.255761951208115
18,-1.1082868501543999,-77.65056429124486,0.4625154137611389,0.0,0.5769022107124329,0.0,0.0688692256808281,0.0,1.1082868501543999,0.0,46.91019234806299,10.255761951208115
19,-2.0839418470859528,-79.73450613833081,1.0769107341766357,0.0,0.025919049978256226,0.0,0.9811120629310608,0.0,2.0839418470859528,0.0,48.994134195148945,10.255761951208115
20,-2.6738489270210266,-82.40835506535184,0.5288650393486023,0.0,0.7808533906936646,0.0,1.3641304969787598,0.0,2.6738489270210266,0.0,51.66798312216997,10.255761951208115
21,-3.298442453145981,-85.70679751849782,0.9365671873092651,0.0,0.3876185119152069,0.0,1.9742567539215088,0.0,3.298442453145981,0.0,54.96642557531595,10.255761951208115
22,-3.0061191618442535,-88.71291668034208,0.4215100109577179,0.0,0.19325745105743408,0.0,2.3913516998291016,0.0,3.0061191618442535,0.0,57.972544737160206,10.255761951208115
23,-4.063560456037521,-92.7764771363796,0.3560788035392761,0.0,0.1890123188495636,0.0,3.5184693336486816,0.0,4.063560456037521,0.0,62.03610519319773,10.255761951208115
24,-1.8891591781838653,-94.66563631456346,0.35421058535575867,0.0,0.18733283877372742,0.0,0.49572330713272095,0.0,1.037266731262207,0.0,63.073371924459934,10.255761951208115
25,-3.353131867263609,-98.01876818182707,0.3527388870716095,0.0,0.17920845746994019,0.0,1.0849521160125732,0.0,1.616899460554123,0.0,64.69027138501406,10.255761951208115
26,-3.670596325830857,-101.68936450765793,0.3514370918273926,0.0,0.16868333518505096,0.0,0.767153799533844,0.0,1.2872742265462875,0.0,65.97754561156034,10.255761951208115
27,-5.7072553634643555,-107.39661987112228,0.35007867217063904,0.0,0.1873515099287033,0.0,1.7123703956604004,0.0,2.2498005777597427,0.0,68.22734618932009,10.255761951208115
28,-5.00809383392334,-112.40471370504562,1.668634295463562,0.0,0.20223666727542877,0.0,0.9429094195365906,0.0,2.8137803822755814,0.0,71.04112657159567,10.255761951208115
29,-4.988636493682861,-117.39335019872848,1.1518990993499756,0.0,0.45704400539398193,0.0,1.2332899570465088,0.0,2.8422330617904663,0.0,73.88335963338614,10.255761951208115
30,-3.7631242275238037,-121.15647442625229,1.5282292366027832,0.0,0.9032849073410034,0.0,0.4913635551929474,0.0,2.922877699136734,0.0,76.80623733252287,10.255761951208115
31,-2.8879384994506836,-124.04441292570297,0.0,0.15552350878715515,0.43903520703315735,0.0,0.07488534599542618,0.0,0.3583970442414284,0.0,77.1646343767643,10.255761951208115
32,-3.4676828384399414,-127.51209576414291,0.0,0.3037143051624298,1.6076624393463135,0.0,0.9438163638114929,0.0,2.2477644979953766,0.0,79.41239887475967,10.255761951208115
33,-1.050163745880127,-128.56225951002304,0.0,0.0676332339644432,0.6089568138122559,0.0,0.26251745223999023,0.0,0.8038410320878029,0.0,80.21623990684748,10.255761951208115
34,-2.814506769180298,-131.37676627920334,0.698025643825531,0.0,1.6797778606414795,0.0,0.0,0.0121407900005579,2.3656627144664526,0.0,82.58190262131393,10.255761951208115
35,-1.9548370146568304,-133.33160329386016,1.1415849924087524,0.0,0.4155101478099823,0.0,0.0,0.20930078625679016,1.3477943539619446,0.0,83.92969697527587,10.255761951208115
36,-6.15756116872023,-139.4891644625804,4.524405479431152,0.0,0.0,0.034308455884456635,0.0,0.8619865775108337,3.628110446035862,0.0,87.55780742131174,10.255761951208115
37,-0.3735617995262146,-139.8627262621066,0.3735617995262146,0.0,0.0,0.16916438937187195,0.0,1.7475191354751587,0.0,1.543121725320816,87.55780742131174,11.79888367652893
38,0.0,-139.8627262621066,0.0,0.5472060441970825,0.0,0.05932403355836868,0.0,1.0595672130584717,0.0,1.6660972908139229,87.55780742131174,13.464980967342854
39,0.0,-139.8627262621066,0.0,0.6551357507705688,0.0,0.15793676674365997,0.0,0.23335202038288116,0.0,1.04642453789711,87.55780742131174,14.511405505239964
40,-0.9938566088676453,-140.85658287097425,0.4477459192276001,0.0,0.0,1.5181007385253906,0.5461106896400452,0.0,0.0,0.5242441296577454,87.55780742131174,15.035649634897709
41,-0.3291030824184418,-141.1856859533927,0.0,0.14580199122428894,0.0,0.41370317339897156,0.3291030824184418,0.0,0.0,0.23040208220481873,87.55780742131174,15.266051717102528
42,-2.474745512008667,-143.66043146540136,1.1091440916061401,0.0,0.2910788059234619,0.0,1.074522614479065,0.0,2.474745512008667,0.0,90.0325529333204,15.266051717102528
43,-2.280107617378235,-145.9405390827796,0.7583459615707397,0.0,0.795380175113678,0.0,0.7263814806938171,0.0,2.280107617378235,0.0,92.31266055069864,15.266051717102528
44,-2.7416026294231415,-148.68214171220274,2.290839195251465,0.0,0.0,0.3032442629337311,0.45076343417167664,0.0,2.4383583664894104,0.0,94.75101891718805,15.266051717102528
45,-1.5308547616004944,-150.21299647380323,0.6353302597999573,0.0,0.19623863697052002,0.0,0.6992858648300171,0.0,1.5308547616004944,0.0,96.28187367878854,15.266051717102528
46,-1.4291121363639832,-151.6421086101672,0.5435421466827393,0.0,0.19325745105743408,0.0,0.6923125386238098,0.0,1.4291121363639832,0.0,97.71098581515253,15.266051717102528
47,-0.9908924847841263,-152.63300109495134,0.37498530745506287,0.0,0.18901224434375763,0.0,0.4268949329853058,0.0,0.9908924847841263,0.0,98.70187829993665,15.266051717102528
48,-1.7055655984530396,-154.33856669340437,0.35421058535575867,0.0,0.1873331069946289,0.0,0.6063101291656494,0.0,1.147853821516037,0.0,99.84973212145269,15.266051717102528
49,-2.062790921477478,-156.40135761488185,0.35273924469947815,0.0,0.18592052161693573,0.0,0.7419846653938293,0.0,1.2806444317102432,0.0,101.13037655316293,15.266051717102528
50,-3.272740949114418,-159.67409856399627,0.35144051909446716,0.0,0.1846223622560501,0.0,0.9911391139030457,0.0,1.527201995253563,0.0,102.6575785484165,15.266051717102528
51,-3.4638748686059566,-163.13797343260222,0.3348577916622162,0.0,0.46400517225265503,0.0,1.190194010734558,0.0,1.9890569746494293,0.0,104.64663552306592,15.266051717102528
52,-3.6322875022888184,-166.77026093489104,0.4751620888710022,0.0,0.9634767770767212,0.0,1.6128754615783691,0.0,3.0515143275260925,0.0,107.69814985059202,15.266051717102528
53,-3.8047218322753906,-170.57498276716643,0.3879541754722595,0.0,1.6760505437850952,0.0,0.5042757391929626,0.0,2.5682804584503174,0.0,110.26643030904233,15.266051717102528
54,-3.7376351356506348,-174.31261790281707,0.15787573158740997,0.0,1.0927343368530273,0.0,0.0,0.049347687512636185,1.2012623809278011,0.0,111.46769268997014,15.266051717102528
55,-4.2955451011657715,-178.60816300398284,0.5197288393974304,0.0,0.3361988067626953,0.0,0.0,0.9301501512527466,0.0,0.07422250509262085,111.46769268997014,15.340274222195148
56,-4.891455483586398,-183.49961848756925,0.794775664806366,0.0,0.12728041410446167,0.0,0.19622497260570526,0.0,1.118281051516533,0.0,112.58597374148667,15.340274222195148
57,-2.7457597806411655,-186.2453782682104,0.0,0.5403615236282349,0.0,0.060771215707063675,0.42561206221580505,0.0,0.0,0.17552067711949348,112.58597374148667,15.515794899314642
58,-2.862132411207994,-189.1075106794184,0.0,0.8445625305175781,0.24294297397136688,0.0,0.7963051795959473,0.0,0.19468562304973602,0.0,112.7806593645364,15.515794899314642
59,-2.3079988960271587,-191.41550957544555,0.0,1.0440309047698975,1.1097577810287476,0.0,0.0,0.3224382996559143,0.0,0.2567114233970642,112.7806593645364,15.772506322711706
60,-0.2643117480348615,-191.6798213234804,0.0,1.0866882801055908,0.0,0.22910761833190918,0.0,0.11811089515686035,0.0,1.4339067935943604,112.7806593645364,17.206413116306067
61,-7.003236293792725,-198.68305761727314,0.0,0.7644544243812561,0.0,0.4552769064903259,7.003236293792725,0.0,5.783504962921143,0.0,118.56416432745755,17.206413116306067
62,0.0,-198.68305761727314,0.0,0.6829421520233154,0.0,0.7704395055770874,0.0,0.05988061800599098,0.0,1.5132622756063938,118.56416432745755,18.71967539191246
63,-2.0864309668540955,-200.76948858412723,1.561374306678772,0.0,0.0,0.8022952675819397,0.5250566601753235,0.0,1.2841356992721558,0.0,119.8483000267297,18.71967539191246
64,-2.122555911540985,-202.89204449566822,0.9007349610328674,0.0,0.0,0.368672639131546,1.2218209505081177,0.0,1.753883272409439,0.0,121.60218329913914,18.71967539191246
65,-1.0433025062084198,-203.93534700187664,0.1439608484506607,0.0,0.2166336327791214,0.0,0.6827080249786377,0.0,1.0433025062084198,0.0,122.64548580534756,18.71967539191246
66,-3.734216868877411,-207.66956387075405,0.9867361783981323,0.0,0.781574547290802,0.0,1.9659061431884766,0.0,3.734216868877411,0.0,126.37970267422497,18.71967539191246
67,-3.3063783645629883,-210.97594223531704,0.8331621885299683,0.0,1.1512303352355957,0.0,1.3219858407974243,0.0,3.3063783645629883,0.0,129.68608103878796,18.71967539191246
68,-2.722818076610565,-213.6987603119276,0.6107576489448547,0.0,0.9483379125595093,0.0,1.1637225151062012,0.0,2.722818076610565,0.0,132.40889911539853,18.71967539191246
69,-1.8253493905067444,-215.52410970243434,0.6353296637535095,0.0,0.0,0.33676987886428833,1.1900197267532349,0.0,1.488579511642456,0.0,133.89747862704098,18.71967539191246
70,-0.9185200333595276,-216.44262973579387,0.48252609372138977,0.0,0.0,0.44766443967819214,0.4359939396381378,0.0,0.47085559368133545,0.0,134.36833422072232,18.71967539191246
71,-1.2979998886585236,-217.7406296244524,0.8712420463562012,0.0,0.0,0.007227107882499695,0.4267578423023224,0.0,1.2907727807760239,0.0,135.65910700149834,18.71967539191246
72,-1.1761685712101113,-218.9167981956625,0.3594680726528168,0.0,0.18733283877372742,0.0,0.4221075475215912,0.0,0.9689084589481354,0.0,136.62801546044648,18.71967539191246
73,-1.4667163530989447,-220.38351454876144,0.3527388870716095,0.0,0.18591776490211487,0.0,0.4190216362476349,0.0,0.9576782882213593,0.0,137.58569374866784,18.71967539191246
74,-1.6746471040693223,-222.05816165283076,0.3514370918273926,0.0,0.18461598455905914,0.0,0.4166090786457062,0.0,0.9526621550321579,0.0,138.5383559037,18.71967539191246
75,-3.123040766833859,-225.18120241966463,0.3348560631275177,0.0,0.9503123760223389,0.0,0.4188297688961029,0.0,1.7039982080459595,0.0,140.24235411174595,18.71967539191246
76,-2.6787831568018383,-227.85998557646647,0.34860697388648987,0.0,0.39139044284820557,0.0,0.4351605772972107,0.0,1.1751579940319061,0.0,141.41751210577786,18.71967539191246
77,-4.163832949937921,-232.0238185264044,1.367737889289856,0.0,0.0,0.6064484715461731,0.5278217792510986,0.0,1.2891111969947815,0.0,142.70662330277264,18.71967539191246
78,-5.913709787913401,-237.9375283143178,0.3598918616771698,0.0,0.24204066395759583,0.0,1.9131399393081665,0.0,2.515072464942932,0.0,145.22169576771557,18.71967539191246
79,-3.724489056995991,-241.6620173713138,0.5005680322647095,0.0,0.3611142039299011,0.0,0.6291292905807495,0.0,1.49081152677536,0.0,146.71250729449093,18.71967539191246
80,-4.806482428963557,-246.46849980027736,0.14558915793895721,0.0,0.7983768582344055,0.0,1.7228139638900757,0.0,2.6667799800634384,0.0,149.37928727455437,18.71967539191246
81,-4.9055159271167925,-251.37401572739415,0.0,0.19974814355373383,1.0291684865951538,0.0,0.5333736538887024,0.0,1.3627939969301224,0.0,150.7420812714845,18.71967539191246
82,-3.2065154914824316,-254.5805312188766,0.10277063399553299,0.0,0.5556914210319519,0.0,1.0866271257400513,0.0,1.7450891807675362,0.0,152.48717045225203,18.71967539191246
83,-3.154155801298708,-257.7346870201753,0.0,0.3503643572330475,1.7217304706573486,0.0,0.3491300344467163,0.0,1.7204961478710175,0.0,154.20766660012305,18.71967539191246
84,-1.564962100267635,-259.2996491204429,0.0,0.41974955797195435,0.5333431363105774,0.0,0.862784206867218,0.0,0.9763777852058411,0.0,155.1840443853289,18.71967539191246
85,0.0,-259.2996491204429,0.0,0.1605381965637207,0.0,1.7270543575286865,0.0,0.3096843957901001,0.0,2.1972769498825073,155.1840443853289,20.916952341794968
86,0.0,-259.2996491204429,0.0,0.5765483975410461,0.0,0.9112526774406433,0.0,0.20526504516601562,0.0,1.693066120147705,155.1840443853289,22.610018461942673
87,-0.03208257630467415,-259.33173169674757,0.0,0.6318455934524536,0.03208257630467415,0.0,0.0,0.07944877445697784,0.0,0.6792117916047573,155.1840443853289,23.28923025354743
88,-0.19390042126178741,-259.52563211800936,0.0,0.3609926998615265,0.19390042126178741,0.0,0.0,0.12097177654504776,0.0,0.28806405514478683,155.1840443853289,23.577294308692217
89,-2.505848318338394,-262.03148043634775,0.9598867297172546,0.0,1.2953776121139526,0.0,0.2505839765071869,0.0,2.505848318338394,0.0,157.68989270366728,23.577294308692217
90,-1.5223006010055542,-263.5537810373533,0.39877769351005554,0.0,0.29576143622398376,0.0,0.8277614712715149,0.0,1.5223006010055542,0.0,159.21219330467284,23.577294308692217
91,-1.805208683013916,-265.3589897203672,0.5945645570755005,0.0,0.4842626452445984,0.0,0.7263814806938171,0.0,1.805208683013916,0.0,161.01740198768675,23.577294308692217
92,-2.06230366230011,-267.42129338266733,0.9364480376243591,0.0,0.36468249559402466,0.0,0.7611731290817261,0.0,2.06230366230011,0.0,163.07970564998686,23.577294308692217
93,-1.7489952147006989,-269.170288597368,0.5447744131088257,0.0,0.3876185119152069,0.0,0.8166022896766663,0.0,1.7489952147006989,0.0,164.82870086468756,23.577294308692217
94,-1.9517320394515991,-271.1220206368196,0.6589604616165161,0.0,0.3296126127243042,0.0,0.9631589651107788,0.0,1.9517320394515991,0.0,166.78043290413916,23.577294308692217
95,-1.196814239025116,-272.31883487584474,0.3560788035392761,0.0,0.3141602873802185,0.0,0.5265751481056213,0.0,1.196814239025116,0.0,167.97724714316428,23.577294308692217
96,-2.5699846033146,-274.88881947915934,0.35421058535575867,0.0,0.18733283877372742,0.0,0.452768474817276,0.0,0.9943118989467621,0.0,168.97155904211104,23.577294308692217
97,-4.129829373664594,-279.01864885282396,0.3527388870716095,0.0,0.18591776490211487,0.0,0.4169972538948059,0.0,0.9556539058685303,0.0,169.92721294797957,23.577294308692217
98,-1.578799843788147,-280.5974486966121,0.5263832807540894,0.0,0.24548625946044922,0.0,0.4370075762271881,0.0,1.2088771164417267,0.0,171.1360900644213,23.577294308692217
99,-3.881608724594116,-284.4790574212062,0.7933146953582764,0.0,0.14212264120578766,0.0,1.097089171409607,0.0,2.032526507973671,0.0,173.16861657239497,23.577294308692217
100,-4.788288116455078,-289.2673455376613,1.9283069372177124,0.0,0.6574301719665527,0.0,1.2953068017959595,0.0,3.8810439109802246,0.0,177.0496604833752,23.577294308692217
101,-3.8021414279937744,-293.0694869656551,1.0326555967330933,0.0,0.5902011394500732,0.0,1.5465247631072998,0.0,3.1693814992904663,0.0,180.21904198266566,23.577294308692217
102,-4.07658052444458,-297.14606749009965,1.4563146829605103,0.0,1.1651555299758911,0.0,0.6275930404663086,0.0,3.24906325340271,0.0,183.46810523606837,23.577294308692217
103,-6.381036281585693,-303.52710377168535,2.3991284370422363,0.0,2.3530116081237793,0.0,0.32156476378440857,0.0,5.073704808950424,0.0,188.5418100450188,23.577294308692217
104,-2.7878801822662354,-306.3149839539516,0.2943936586380005,0.0,0.0,1.7880910634994507,0.05710330232977867,0.0,0.0,1.4365941025316715,188.5418100450188,25.01388841122389
105,-1.9086533784866333,-308.2236373324382,0.0,0.49374088644981384,0.0,0.4485648572444916,0.0,0.13395938277244568,0.0,1.076265126466751,188.5418100450188,26.09015353769064
106,-1.2840498685836792,-309.5076872010219,0.0,1.0158767700195312,0.756190836429596,0.0,0.0,0.389007031917572,0.0,0.6486929655075073,188.5418100450188,26.738846503198147
107,-2.2602544637690145,-311.7679416647909,0.0,0.9259158968925476,1.0517468452453613,0.0,0.0,0.5650381445884705,0.0,0.43920719623565674,188.5418100450188,27.178053699433804
108,-1.4472066058460051,-313.2151482706369,0.0,1.8683584928512573,0.0,1.1483964920043945,0.12556612491607666,0.0,0.0,2.891188859939575,188.5418100450188,30.06924255937338
109,0.0,-313.2151482706369,0.0,2.87373948097229,0.0,0.17683947086334229,0.0,0.8669491410255432,0.0,3.9175280928611755,188.5418100450188,33.986770652234554
110,0.0,-313.2151482706369,0.0,0.9371713399887085,0.0,0.26121532917022705,0.0,1.6973949670791626,0.0,2.895781636238098,188.5418100450188,36.88255228847265
111,0.0,-313.2151482706369,0.0,0.5852379202842712,0.0,0.15857301652431488,0.0,1.3429827690124512,0.0,2.0867937058210373,188.5418100450188,38.96934599429369
112,0.0,-313.2151482706369,0.0,0.48445403575897217,0.0,0.1467168927192688,0.0,0.17630048096179962,0.0,0.8074714094400406,188.5418100450188,39.77681740373373
113,-1.6510712131857872,-314.8662194838227,0.8948801755905151,0.0,0.08385171741247177,0.0,0.6723393201828003,0.0,1.6510712131857872,0.0,190.19288125820458,39.77681740373373
114,-2.0810848474502563,-316.94730433127296,0.37103885412216187,0.0,0.15303760766983032,0.0,1.5570083856582642,0.0,2.0810848474502563,0.0,192.27396610565484,39.77681740373373
115,-3.8967589139938354,-320.8440632452668,0.7546690702438354,0.0,0.21914196014404297,0.0,2.922947883605957,0.0,3.8967589139938354,0.0,196.17072501964867,39.77681740373373
116,-2.38684144616127,-323.23090469142807,0.44697222113609314,0.0,0.36468249559402466,0.0,1.5751867294311523,0.0,2.38684144616127,0.0,198.55756646580994,39.77681740373373
117,-1.1943326890468597,-324.4252373804749,0.3636639416217804,0.0,0.3876185119152069,0.0,0.44305023550987244,0.0,1.1943326890468597,0.0,199.7518991548568,39.77681740373373
118,-1.6358932256698608,-326.0611306061448,0.5967347025871277,0.0,0.3296126127243042,0.0,0.709545910358429,0.0,1.6358932256698608,0.0,201.38779238052666,39.77681740373373
119,-1.2386379688978195,-327.2997685750426,0.5923177599906921,0.0,0.18901224434375763,0.0,0.45730796456336975,0.0,1.2386379688978195,0.0,202.62643034942448,39.77681740373373
120,-1.7455329648162021,-329.0453015398588,0.35421058535575867,0.0,0.1873329132795334,0.0,0.4107292592525482,0.0,0.9522727578878403,0.0,203.57870310731232,39.77681740373373
121,-3.982941885658321,-333.02824342551713,0.3527388870716095,0.0,0.18591776490211487,0.0,0.4190283417701721,0.0,0.9576849937438965,0.0,204.53638810105622,39.77681740373373
122,-4.075560625117115,-337.10380405063427,0.3514370918273926,0.0,0.20210400223731995,0.0,0.41660451889038086,0.0,0.9701456129550934,0.0,205.5065337140113,39.77681740373373
123,-2.8583903312683105,-339.9621943819026,1.419604778289795,0.0,0.4280509054660797,0.0,0.485285222530365,0.0,2.3329409062862396,0.0,207.83947462029755,39.77681740373373
124,-4.702800273895264,-344.66499465579784,1.9604147672653198,0.0,0.4058437943458557,0.0,0.3604533076286316,0.0,2.726711869239807,0.0,210.56618648953736,39.77681740373373
125,-4.293370723724365,-348.9583653795222,1.608829379081726,0.0,1.2354567050933838,0.0,0.6083347797393799,0.0,3.4526208639144897,0.0,214.01880735345185,39.77681740373373
126,-19.229732513427734,-368.18809789294994,5.061508655548096,0.0,0.4878345727920532,0.0,8.918011665344238,0.0,14.467354893684387,0.0,228.48616224713624,39.77681740373373
127,-3.9483938217163086,-372.13649171466625,0.0,0.8070974349975586,0.8012228608131409,0.0,0.49378907680511475,0.0,0.487914502620697,0.0,228.97407674975693,39.77681740373373
128,-5.465198516845703,-377.60169023151195,0.0,2.0537445545196533,1.000967025756836,0.0,0.30684882402420044,0.0,0.0,0.7459287047386169,228.97407674975693,40.52274610847235
129,-8.192032814025879,-385.79372304553783,4.8253326416015625,0.0,0.597077488899231,0.0,0.9122931957244873,0.0,6.334703326225281,0.0,235.3087800759822,40.52274610847235
130,-0.8736909031867981,-386.66741394872463,0.07548771053552628,0.0,0.12860247492790222,0.0,0.6935266256332397,0.0,0.8976168110966682,0.0,236.20639688707888,40.52274610847235
131,-0.3979286726578461,-387.06534262138246,0.0,0.7128767371177673,0.012320911511778831,0.0,0.29455938935279846,0.0,0.0,0.40599643625319004,236.20639688707888,40.92874254472554
132,-1.2750478447828237,-388.3403904661653,0.0,2.7880077362060547,0.0,0.8136627674102783,0.0,0.5767694115638733,0.0,4.178439915180206,236.20639688707888,45.107182459905744
133,0.0,-388.3403904661653,0.0,1.7110912799835205,0.0,2.3283982276916504,0.0,0.7510015368461609,0.0,4.790491044521332,236.20639688707888,49.897673504427075
134,0.0,-388.3403904661653,0.0,0.6523868441581726,0.0,0.313859760761261,0.0,1.155912160873413,0.0,2.1221587657928467,236.20639688707888,52.01983227021992
135,0.0,-388.3403904661653,0.0,0.895548939704895,0.0,0.1956094652414322,0.0,1.3884915113449097,0.0,2.479649916291237,236.20639688707888,54.49948218651116
136,0.0,-388.3403904661653,0.0,0.5875452160835266,0.0,0.17033067345619202,0.0,1.3830074071884155,0.0,2.140883296728134,236.20639688707888,56.64036548323929
137,-1.934372141957283,-390.27476260812256,1.7877627611160278,0.0,0.0,0.01877284049987793,0.1466093808412552,0.0,1.915599301457405,0.0,238.1219961885363,56.64036548323929
138,-2.004449427127838,-392.2792120352504,0.918773353099823,0.0,0.2831476926803589,0.0,0.8025283813476562,0.0,2.004449427127838,0.0,240.12644561566412,56.64036548323929
139,-2.5836059153079987,-394.8628179505584,1.6380336284637451,0.0,0.21908363699913025,0.0,0.7264886498451233,0.0,2.5836059153079987,0.0,242.71005153097212,56.64036548323929
140,-10.228037923574448,-405.09085587413284,7.694016933441162,0.0,0.20169100165367126,0.0,2.3323299884796143,0.0,10.228037923574448,0.0,252.93808945454657,56.64036548323929
141,-1.7927428483963013,-406.88359872252914,0.7798219323158264,0.0,0.19623863697052002,0.0,0.8166822791099548,0.0,1.7927428483963013,0.0,254.73083230294287,56.64036548323929
142,-1.0524436831474304,-407.9360424056766,0.4215100109577179,0.0,0.19325745105743408,0.0,0.43767622113227844,0.0,1.0524436831474304,0.0,255.7832759860903,56.64036548323929
143,-0.9729587584733963,-408.90900116414997,0.3560788035392761,0.0,0.18901224434375763,0.0,0.42786771059036255,0.0,0.9729587584733963,0.0,256.7562347445637,56.64036548323929
144,-2.448050556136117,-411.3570517202861,0.35421058535575867,0.0,0.1873331069946289,0.0,0.4230073094367981,0.0,0.9645510017871857,0.0,257.7207857463509,56.64036548323929
145,-3.672282590672447,-415.0293343109586,0.5866090059280396,0.0,0.18591803312301636,0.0,0.6384397149085999,0.0,1.4109667539596558,0.0,259.13175250031054,56.64036548323929
146,-3.72200445971146,-418.75133877067003,0.33876895904541016,0.0,0.18461598455905914,0.0,0.9951823353767395,0.0,1.5185672789812088,0.0,260.65031977929175,56.64036548323929
147,-4.362973582111675,-423.1143123527817,0.7585926055908203,0.0,0.1873515099287033,0.0,1.649878740310669,0.0,2.5958228558301926,0.0,263.24614263512194,56.64036548323929
148,-5.341361045837402,-428.4556733986191,1.3243333101272583,0.0,0.20223666727542877,0.0,1.791369080543518,0.0,3.317939057946205,0.0,266.56408169306815,56.64036548323929
149,-2.5117154121398926,-430.967388810759,1.0899062156677246,0.0,0.3721091151237488,0.0,0.5394899845123291,0.0,2.0015053153038025,0.0,268.56558700837195,56.64036548323929
150,-5.7167158126831055,-436.6841046234421,1.3283475637435913,0.0,1.7238328456878662,0.0,1.3315856456756592,0.0,4.383766055107117,0.0,272.94935306347907,56.64036548323929
151,-3.757911205291748,-440.4420158287339,0.0,0.45669126510620117,1.181583285331726,0.0,0.7441201210021973,0.0,1.4690121412277222,0.0,274.4183652047068,56.64036548323929
152,-3.7407612800598145,-444.1827771087937,0.386964350938797,0.0,0.8887752890586853,0.0,0.0,0.10834795981645584,1.1673916801810265,0.0,275.5857568848878,56.64036548323929
153,-1.3987334966659546,-445.58151060545964,0.07523766905069351,0.0,0.8141639828681946,0.0,0.4254573583602905,0.0,1.3148590102791786,0.0,276.900615895167,56.64036548323929
154,-0.6200380921363831,-446.201548697596,0.0,0.3205276131629944,0.33049115538597107,0.0,0.0,0.25800207257270813,0.0,0.24803853034973145,276.900615895167,56.888404013589025
155,-5.739439721419967,-451.940988419016,3.5381855964660645,0.0,0.0,0.10390836000442505,0.0,0.37568798661231995,3.0585892498493195,0.0,279.9592051450163,56.888404013589025
156,-0.6993156684221915,-452.64030408743815,0.0,0.035994116216897964,0.0,0.14167045056819916,0.2966940402984619,0.0,0.11902947351336479,0.0,280.0782346185297,56.888404013589025
157,0.0,-452.64030408743815,0.0,0.4913100302219391,0.0,0.7779065370559692,0.0,0.6948036551475525,0.0,1.9640202224254608,280.0782346185297,58.852424236014485
158,0.0,-452.64030408743815,0.0,0.7494031190872192,0.0,0.8328481316566467,0.0,1.567811131477356,0.0,3.150062382221222,280.0782346185297,62.00248661823571
159,0.0,-452.64030408743815,0.0,0.5920912027359009,0.0,1.4190313816070557,0.0,1.7813283205032349,0.0,3.7924509048461914,280.0782346185297,65.7949375230819
160,-0.04095161985605955,-452.6812557072942,0.03444037213921547,0.0,0.0,0.8904390335083008,0.006511247716844082,0.0,0.0,0.8494874136522412,280.0782346185297,66.64442493673414
161,-2.053575813770294,-454.7348315210645,1.4606693983078003,0.0,0.0,0.02967650629580021,0.5929064154624939,0.0,2.023899307474494,0.0,282.10213392600417,66.64442493673414
162,-3.0140809416770935,-457.7489124627416,1.0783368349075317,0.0,0.1577356457710266,0.0,1.7780084609985352,0.0,3.0140809416770935,0.0,285.11621486768126,66.64442493673414
163,-2.1183034032583237,-459.8672158659999,0.6995631456375122,0.0,0.21890221536159515,0.0,1.1998380422592163,0.0,2.1183034032583237,0.0,287.2345182709396,66.64442493673414
164,-2.866599380970001,-462.7338152469699,1.431356430053711,0.0,0.36468249559402466,0.0,1.0705604553222656,0.0,2.866599380970001,0.0,290.1011176519096,66.64442493673414
165,-1.9311162233352661,-464.6649314703052,0.5447744131088257,0.0,0.19623863697052002,0.0,1.1901031732559204,0.0,1.9311162233352661,0.0,292.03223387524486,66.64442493673414
166,-0.9907675385475159,-465.6556990088527,0.3604939579963684,0.0,0.19325745105743408,0.0,0.4370161294937134,0.0,0.9907675385475159,0.0,293.0230014137924,66.64442493673414
167,-0.9720422774553299,-466.62774128630804,0.3560788035392761,0.0,0.18901224434375763,0.0,0.42695122957229614,0.0,0.9720422774553299,0.0,293.9950436912477,66.64442493673414
168,-1.3920382357771932,-468.01977952208523,0.35421058535575867,0.0,0.18733283877372742,0.0,0.42225921154022217,0.0,0.9638026356697083,0.0,294.9588463269174,66.64442493673414
169,-2.5518177897947956,-470.57159731188,0.3527388870716095,0.0,0.18591776490211487,0.0,0.4191482961177826,0.0,0.957804948091507,0.0,295.9166512750089,66.64442493673414
170,-2.9175492475807188,-473.4891465594607,0.3514370918273926,0.0,0.1846161186695099,0.0,0.416658490896225,0.0,0.9527117013931274,0.0,296.86936297640204,66.64442493673414
171,-3.2384450435638428,-476.72759160302456,0.9915735721588135,0.0,0.21926043927669525,0.0,1.4970675706863403,0.0,2.707901582121849,0.0,299.5772645585239,66.64442493673414
172,-5.070806980133057,-481.7983985831576,1.2338203191757202,0.0,0.17501762509346008,0.0,1.6847301721572876,0.0,3.093568116426468,0.0,302.67083267495036,66.64442493673414
173,-6.499159336090088,-488.2975579192477,3.8007380962371826,0.0,0.35758501291275024,0.0,0.8816850781440735,0.0,5.040008187294006,0.0,307.71084086224437,66.64442493673414
174,-3.6265335083007812,-491.9240914275485,0.8815665245056152,0.0,0.8222702741622925,0.0,1.1482824087142944,0.0,2.852119207382202,0.0,310.56296006962657,66.64442493673414
175,-3.5815179347991943,-495.5056093623477,0.6255860924720764,0.0,0.6481417417526245,0.0,0.5199158191680908,0.0,1.7936436533927917,0.0,312.35660372301936,66.64442493673414
176,-2.891602039337158,-498.39721140168484,0.8383517265319824,0.0,0.6511234045028687,0.0,0.20428918302059174,0.0,1.6937643140554428,0.0,314.0503680370748,66.64442493673414
177,-0.9619295001029968,-499.35914090178784,0.0,0.24143365025520325,0.7968900799751282,0.0,0.0,0.025765733793377876,0.529690695926547,0.0,314.58005873300135,66.64442493673414
178,-1.695095559166852,-501.0542364609547,0.0,0.8923697471618652,0.6525925397872925,0.0,0.0,0.2800484597682953,0.0,0.519825667142868,314.58005873300135,67.16425060387701
179,-1.851459113485742,-502.9056955744405,0.0,1.040729284286499,1.1158051490783691,0.0,0.0,0.44451096653938293,0.0,0.3694351017475128,314.58005873300135,67.53368570562452
180,-0.6939952841282778,-503.59969085856875,0.0,2.044468641281128,0.0,1.6863127946853638,0.0,0.5488684177398682,0.0,4.27964985370636,314.58005873300135,71.81333555933088
181,0.0,-503.59969085856875,0.0,2.9893012046813965,0.0,1.5000137090682983,0.0,0.9233649969100952,0.0,5.41267991065979,314.58005873300135,77.22601546999067
182,0.0,-503.59969085856875,0.0,1.0241910219192505,0.0,0.23004086315631866,0.0,1.1602692604064941,0.0,2.4145011454820633,314.58005873300135,79.64051661547273
183,0.0,-503.59969085856875,0.0,0.8375149965286255,0.0,0.16624821722507477,0.0,1.7340073585510254,0.0,2.7377705723047256,314.58005873300135,82.37828718777746
184,0.0,-503.59969085856875,0.0,0.556738018989563,0.0,0.1549270749092102,0.0,0.26049500703811646,0.0,0.9721601009368896,314.58005873300135,83.35044728871435
185,-0.3552579879760742,-503.9549488465448,0.0,0.008356096222996712,0.0,0.009429455734789371,0.3552579879760742,0.0,0.33747243601828814,0.0,314.91753116901964,83.35044728871435
186,-1.450306013226509,-505.40525485977133,0.6814900636672974,0.0,0.1902511864900589,0.0,0.5785647630691528,0.0,1.450306013226509,0.0,316.36783718224615,83.35044728871435
187,-2.862486571073532,-508.26774143084486,1.0584371089935303,0.0,0.3274023234844208,0.0,1.476647138595581,0.0,2.862486571073532,0.0,319.2303237533197,83.35044728871435
188,-3.0238762199878693,-511.29161765083273,0.8434677720069885,0.0,0.364225834608078,0.0,1.8161826133728027,0.0,3.0238762199878693,0.0,322.25419997330755,83.35044728871435
189,-2.2460356652736664,-513.5376533161063,0.5447744131088257,0.0,0.3876185119152069,0.0,1.3136427402496338,0.0,2.2460356652736664,0.0,324.5002356385812,83.35044728871435
190,-1.89515620470047,-515.4328095208068,0.3604939579963684,0.0,0.3296126127243042,0.0,1.2050496339797974,0.0,1.89515620470047,0.0,326.3953918432817,83.35044728871435
191,-1.2586355954408646,-516.6914451162477,0.3560788035392761,0.0,0.18901224434375763,0.0,0.7135445475578308,0.0,1.2586355954408646,0.0,327.65402743872255,83.35044728871435
192,-2.5732919083957233,-519.2647370246434,0.6707591414451599,0.0,0.18733283877372742,0.0,0.4222310781478882,0.0,1.2803230583667755,0.0,328.9343504970893,83.35044728871435
193,-4.786421296434309,-524.0511583210778,0.34507817029953003,0.0,0.30796578526496887,0.0,0.41916292905807495,0.0,1.0722068846225739,0.0,330.0065573817119,83.35044728871435
194,-2.7711844444274902,-526.8223427655053,0.9853395819664001,0.0,0.38468870520591736,0.0,0.8985364437103271,0.0,2.2685647308826447,0.0,332.27512211259454,83.35044728871435
195,-3.0856070518493652,-529.9079498173546,1.1693711280822754,0.0,0.5308658480644226,0.0,0.8397591710090637,0.0,2.5399961471557617,0.0,334.8151182597503,83.35044728871435
196,-2.9695377349853516,-532.87748755234,0.721768856048584,0.0,0.546876847743988,0.0,1.1797459125518799,0.0,2.448391616344452,0.0,337.26350987609476,83.35044728871435
197,-4.1473541259765625,-537.0248416783165,0.9579257965087891,0.0,0.9295097589492798,0.0,1.5930992364883423,0.0,3.480534791946411,0.0,340.74404466804117,83.35044728871435
198,-4.205799579620361,-541.2306412579369,1.8390275239944458,0.0,1.017449975013733,0.0,0.4815281331539154,0.0,3.338005632162094,0.0,344.08205030020326,83.35044728871435
199,-2.7055130004882812,-543.9361542584252,0.39435267448425293,0.0,1.2865744829177856,0.0,0.5186707377433777,0.0,2.1995978951454163,0.0,346.2816481953487,83.35044728871435
200,-3.1185154914855957,-547.0546697499108,1.4156922101974487,0.0,0.30151885747909546,0.0,0.12668585777282715,0.0,1.8438969254493713,0.0,348.12554512079805,83.35044728871435
201,-2.3267137035846615,-549.3813834534955,0.0,1.5357915163040161,0.2388838529586792,0.0,0.0,0.6008270978927612,0.0,1.8977347612380981,348.12554512079805,85.24818204995245
202,-2.9817242968163367,-552.3631077503118,0.0,1.71170973777771,0.10260132700204849,0.0,0.0,1.066868543624878,0.0,2.6759769544005394,348.12554512079805,87.92415900435299
203,-2.257322232352502,-554.6204299826643,0.0,1.5139904022216797,0.15775319933891296,0.0,0.0,0.5374212265014648,0.0,1.8936584293842316,348.12554512079805,89.81781743373722
204,-0.8098229452006838,-555.430252927865,0.0,0.6977846026420593,0.0085149509832263,0.0,0.0,0.16686540842056274,0.0,0.8561350600793958,348.12554512079805,90.67395249381661
205,-4.995621537789702,-560.4258744656547,0.0,0.09608152508735657,0.026331758126616478,0.0,4.969289779663086,0.0,4.899540012702346,0.0,353.0250851335004,90.67395249381661
206,-1.3492641150951385,-561.7751385807499,0.4876032769680023,0.0,0.0,0.3296131193637848,0.8616608381271362,0.0,1.0196509957313538,0.0,354.04473612923175,90.67395249381661
207,-0.34954364597797394,-562.1246822267278,0.19579464197158813,0.0,0.0,0.48306146264076233,0.1537490040063858,0.0,0.0,0.1335178166627884,354.04473612923175,90.8074703104794
208,-1.056096762418747,-563.1807789891466,0.0,0.24827715754508972,0.8692725896835327,0.0,0.18682417273521423,0.0,0.8078196048736572,0.0,354.8525557341054,90.8074703104794
209,-0.9259014278650284,-564.1066804170116,0.19611813127994537,0.0,0.0,0.8277060985565186,0.729783296585083,0.0,0.09819532930850983,0.0,354.9507510634139,90.8074703104794
210,-2.22073096036911,-566.3274113773807,0.3992294669151306,0.0,0.0,1.670555591583252,1.8215014934539795,0.0,0.5501753687858582,0.0,355.5009264321998,90.8074703104794
211,-2.7430450916290283,-569.0704564690097,0.978696346282959,0.0,0.29107391834259033,0.0,1.473274827003479,0.0,2.7430450916290283,0.0,358.2439715238288,90.8074703104794
212,-2.0460009574890137,-571.1164574264988,0.6107576489448547,0.0,0.36468249559402466,0.0,1.0705608129501343,0.0,2.0460009574890137,0.0,360.2899724813178,90.8074703104794
213,-2.2130432426929474,-573.3295006691917,0.6353296637535095,0.0,0.3876185119152069,0.0,1.190095067024231,0.0,2.2130432426929474,0.0,362.50301572401077,90.8074703104794
214,-2.385463207960129,-575.7149638771518,0.48252609372138977,0.0,0.9190770387649536,0.0,0.9838600754737854,0.0,2.385463207960129,0.0,364.8884789319709,90.8074703104794
215,-1.0096654146909714,-576.7246292918428,0.3938917815685272,0.0,0.18901224434375763,0.0,0.4267613887786865,0.0,1.0096654146909714,0.0,365.89814434666187,90.8074703104794
216,-2.1188244953304363,-578.8434537871732,0.3568393290042877,0.0,0.1873329132795334,0.0,0.42241841554641724,0.0,0.9665906578302383,0.0,366.8647350044921,90.8074703104794
217,-3.009844069014372,-581.8532978561875,0.34507817029953003,0.0,0.1859178990125656,0.0,0.4192672371864319,0.0,0.9502633064985275,0.0,367.81499831099063,90.8074703104794
218,-3.8665108680725098,-585.71980872426,0.8285688757896423,0.0,0.1846160590648651,0.0,0.9523711204528809,0.0,1.9655560553073883,0.0,369.780554366298,90.8074703104794
219,-2.8708269596099854,-588.59063568387,0.6353291273117065,0.0,0.3831573724746704,0.0,1.3599835634231567,0.0,2.3784700632095337,0.0,372.15902442950755,90.8074703104794
220,-3.915724754333496,-592.5063604382035,0.9603666067123413,0.0,0.6630076169967651,0.0,1.6764781475067139,0.0,3.2998523712158203,0.0,375.4588768007234,90.8074703104794
221,-4.204898834228516,-596.711259272432,1.9547967910766602,0.0,0.7374117970466614,0.0,0.5398198962211609,0.0,3.2320284843444824,0.0,378.69090528506786,90.8074703104794
222,-2.4195079803466797,-599.1307672527787,0.6577823162078857,0.0,0.820880115032196,0.0,0.4566030204296112,0.0,1.935265451669693,0.0,380.62617073673755,90.8074703104794
223,-2.372391700744629,-601.5031589535233,0.2739924192428589,0.0,1.3614028692245483,0.0,0.3312207758426666,0.0,1.9666160643100739,0.0,382.5927868010476,90.8074703104794
224,-1.7604349851608276,-603.2635939386842,0.0,0.3520990014076233,0.6210507750511169,0.0,0.0,0.3452014923095703,0.0,0.07624971866607666,382.5927868010476,90.88372002914548
225,-4.123382995256119,-607.3869769339402,0.0,1.8162974119186401,0.27365612983703613,0.0,0.0,1.2620468139648438,0.0,2.8046880960464478,382.5927868010476,93.68840812519193
226,-2.311179568901462,-609.6981565028417,0.6734700202941895,0.0,0.10809527337551117,0.0,0.0,0.6464845538139343,0.1350807398557663,0.0,382.7278675409034,93.68840812519193
227,-2.688964352648939,-612.3871208554906,0.0,3.013782262802124,0.0,0.9593830704689026,0.0,1.057281255722046,0.0,5.0304465889930725,382.7278675409034,98.718854714185
228,-0.7167661797218478,-613.1038870352124,0.0,1.3664593696594238,0.0,0.5989370346069336,0.0,0.2962145209312439,0.0,2.2616109251976013,382.7278675409034,100.9804656393826
229,-6.748462200164795,-619.8523492353772,0.0,1.003985047340393,6.748462200164795,0.0,0.0,0.6080606579780579,5.136416494846344,0.0,387.86428403574973,100.9804656393826
230,-1.2258374691009521,-621.0781867044782,0.0,1.0160142183303833,1.2258374691009521,0.0,0.0,0.5203769207000732,0.0,0.3105536699295044,387.86428403574973,101.2910193093121
231,0.0,-621.0781867044782,0.0,0.6432141065597534,0.0,1.341929316520691,0.0,0.312771737575531,0.0,2.2979151606559753,387.86428403574973,103.58893446996808
232,-5.730374336242676,-626.8085610407209,4.113118648529053,0.0,0.0,0.01282832957804203,1.617255687713623,0.0,5.717546006664634,0.0,393.58183004241437,103.58893446996808
233,-0.6418085619807243,-627.4503696027016,0.07977961748838425,0.0,0.14066290855407715,0.0,0.42136603593826294,0.0,0.6418085619807243,0.0,394.2236386043951,103.58893446996808
234,-2.4462668895721436,-629.8966364922737,1.3207303285598755,0.0,0.5330559611320496,0.0,0.5924805998802185,0.0,2.4462668895721436,0.0,396.66990549396724,103.58893446996808
235,-2.5431659817695618,-632.4398024740433,0.8557002544403076,0.0,0.3578055500984192,0.0,1.329660177230835,0.0,2.5431659817695618,0.0,399.2130714757368,103.58893446996808
236,-1.9855074882507324,-634.425309962294,1.1676299571990967,0.0,0.36468270421028137,0.0,0.45319482684135437,0.0,1.9855074882507324,0.0,401.19857896398753,103.58893446996808
237,-2.125684216618538,-636.5509941789126,0.6075669527053833,0.0,0.196238711476326,0.0,1.3218785524368286,0.0,2.125684216618538,0.0,403.32426318060607,103.58893446996808
238,-1.6703904122114182,-638.221384591124,1.028313398361206,0.0,0.19325752556324005,0.0,0.44881948828697205,0.0,1.6703904122114182,0.0,404.9946535928175,103.58893446996808
239,-0.973805621266365,-639.1951902123903,0.3560788035392761,0.0,0.18901224434375763,0.0,0.4287145733833313,0.0,0.973805621266365,0.0,405.96845921408385,103.58893446996808
240,-2.0153112324056335,-641.210501444796,0.35421058535575867,0.0,0.1873329132795334,0.0,0.42284613847732544,0.0,0.9643896371126175,0.0,406.93284885119647,103.58893446996808
241,-3.145844214902586,-644.3563456596986,0.3527388870716095,0.0,0.1859178990125656,0.0,0.41916924715042114,0.0,0.9578260332345963,0.0,407.89067488443106,103.58893446996808
242,-2.826131589930874,-647.1824772496295,0.3514370918273926,0.0,0.1846160590648651,0.0,0.6388667821884155,0.0,1.1749199330806732,0.0,409.06559481751174,103.58893446996808
243,-3.834097065180763,-651.0165743148103,0.5193819999694824,0.0,0.1873517781496048,0.0,1.518006682395935,0.0,2.2247404605150223,0.0,411.29033527802676,103.58893446996808
244,-2.7510812282562256,-653.7676555430666,0.6681960821151733,0.0,0.42467865347862244,0.0,1.166161298751831,0.0,2.259036034345627,0.0,413.5493713123724,103.58893446996808
245,-4.4568047523498535,-658.2244602954164,0.0,0.09013084322214127,0.11987117677927017,0.0,1.207287073135376,0.0,1.2370274066925049,0.0,414.7863987190649,103.58893446996808
246,-7.00705099105835,-665.2315112864748,0.38672199845314026,0.0,1.049534559249878,0.0,3.886972427368164,0.0,5.323228985071182,0.0,420.1096277041361,103.58893446996808
247,-5.434397220611572,-670.6659085070863,1.0898613929748535,0.0,0.0,0.45191892981529236,0.11394660919904709,0.0,0.7518890723586082,0.0,420.8615167764947,103.58893446996808
248,-6.178380012512207,-676.8442885195985,0.7986901998519897,0.0,0.9423368573188782,0.0,0.0,0.2137693464756012,1.5272577106952667,0.0,422.38877448718995,103.58893446996808
249,-4.334732273864365,-681.1790207934629,0.7288120985031128,0.0,0.2851871848106384,0.0,1.4691435098648071,0.0,2.4831427931785583,0.0,424.8719172803685,103.58893446996808
250,-1.579818081705596,-682.7588388751685,0.4927181601524353,0.0,0.8159751892089844,0.0,0.21816112101078033,0.0,1.5268544703722,0.0,426.3987717507407,103.58893446996808
251,-1.0157167618255583,-683.774555636994,0.0,0.6197654008865356,0.7097756266593933,0.0,0.0,0.46866661310195923,0.0,0.37865638732910156,426.3987717507407,103.96759085729718
252,-1.4576180765666995,-685.2321737135608,0.0,2.6351916790008545,0.0,1.5004314184188843,0.0,0.5062093138694763,0.0,4.641832411289215,426.3987717507407,108.6094232685864
253,-0.1047523021697998,-685.3369260157306,0.0,1.4035125970840454,0.1047523021697998,0.0,0.0,0.7056834697723389,0.0,2.0044437646865845,426.3987717507407,110.61386703327298
254,-5.196066856384277,-690.5329928721148,5.196066856384277,0.0,0.0,0.2397155463695526,0.0,1.1561156511306763,3.8002356588840485,0.0,430.19900740962476,110.61386703327298
255,0.0,-690.5329928721148,0.0,0.8221708536148071,0.0,0.15892040729522705,0.0,1.6926090717315674,0.0,2.6737003326416016,430.19900740962476,113.28756736591458
256,-0.19316093623638153,-690.7261538083512,0.19316093623638153,0.0,0.0,0.12396221607923508,0.0,0.8088526129722595,0.0,0.7396538928151131,430.19900740962476,114.0272212587297
257,-0.7813722426071763,-691.5075260509584,0.5760786533355713,0.0,0.006998308934271336,0.0,0.19829528033733368,0.0,0.7813722426071763,0.0,430.98037965223193,114.0272212587297
258,-1.8029194474220276,-693.3104454983804,0.8366265296936035,0.0,0.15649878978729248,0.0,0.8097941279411316,0.0,1.8029194474220276,0.0,432.78329909965396,114.0272212587297
259,-1.7243477553129196,-695.0347932536934,0.5181801319122314,0.0,0.2190180867910385,0.0,0.9871495366096497,0.0,1.7243477553129196,0.0,434.5076468549669,114.0272212587297
260,-1.9719435274600983,-697.0067367811534,0.44698336720466614,0.0,0.20169126987457275,0.0,1.3232688903808594,0.0,1.9719435274600983,0.0,436.479590382427,114.0272212587297
261,-8.624217495322227,-705.6309542764757,0.3636639416217804,0.0,0.196238711476326,0.0,8.064314842224121,0.0,8.624217495322227,0.0,445.1038078777492,114.0272212587297
262,-1.2633236050605774,-706.8942778815363,0.3604939579963684,0.0,0.19325745105743408,0.0,0.7095721960067749,0.0,1.2633236050605774,0.0,446.3671314828098,114.0272212587297
263,-1.9212680608034134,-708.8155459423397,0.8147399425506592,0.0,0.18901224434375763,0.0,0.9175158739089966,0.0,1.9212680608034134,0.0,448.2883995436132,114.0272212587297
264,-2.158093748637412,-710.973639690977,0.35421058535575867,0.0,0.18733304738998413,0.0,0.4225914180278778,0.0,0.9641350507736206,0.0,449.2525345943868,114.0272212587297
265,-3.7069693722626247,-714.6806090632397,0.35273900628089905,0.0,0.18592239916324615,0.0,0.5188307166099548,0.0,1.0574921220541,0.0,450.3100267164409,114.0272212587297
266,-2.2586851119995117,-716.9392941752392,0.6207518577575684,0.0,0.26033246517181396,0.0,0.9417617321014404,0.0,1.8228460550308228,0.0,452.13287277147174,114.0272212587297
267,-2.52783203125,-719.4671262064892,0.5848890542984009,0.0,0.38797083497047424,0.0,1.09144127368927,0.0,2.064301162958145,0.0,454.1971739344299,114.0272212587297
268,-2.6430296897888184,-722.110155896278,0.9354372024536133,0.0,0.3335323929786682,0.0,0.8797394633293152,0.0,2.1487090587615967,0.0,456.3458829931915,114.0272212587297
269,-3.8560588359832764,-725.9662147322613,1.315576195716858,0.0,0.36011284589767456,0.0,1.541943073272705,0.0,3.2176321148872375,0.0,459.5635151080787,114.0272212587297
270,-3.560682773590088,-729.5268975058514,0.237836092710495,0.0,1.399856448173523,0.0,0.4817149043083191,0.0,2.119407445192337,0.0,461.68292255327106,114.0272212587297
271,-3.5674190521240234,-733.0943165579754,0.0,1.4253250360488892,0.6674497723579407,0.0,0.33720168471336365,0.0,0.0,0.42067357897758484,461.68292255327106,114.44789483770728
272,-1.7185099124908447,-734.8128264704662,0.0,0.0745050236582756,0.7212201356887817,0.0,0.0,0.2584914267063141,0.38822368532419205,0.0,462.07114623859525,114.44789483770728
273,-2.8151638507843018,-737.6279903212505,1.099737524986267,0.0,0.0,0.03180213272571564,0.5602434873580933,0.0,1.6281788796186447,0.0,463.6993251182139,114.44789483770728
274,-1.9414462702592816,-739.5694365915098,1.0506902933120728,0.0,0.6123718619346619,0.0,0.0,0.3574812114238739,1.3055809438228607,0.0,465.00490606203675,114.44789483770728
275,-1.07321263203621,-740.642649223546,0.29255402088165283,0.0,0.5534709095954895,0.0,0.0,0.4124113619327545,0.4336135685443878,0.0,465.43851963058114,114.44789483770728
276,-1.88846074052781,-742.5311099640737,0.0,2.0833723545074463,0.0,2.3280935287475586,0.0,0.5446759462356567,0.0,4.956141829490662,465.43851963058114,119.40403666719794
277,0.0,-742.5311099640737,0.0,3.0668115615844727,0.0,0.238727405667305,0.0,0.5080971121788025,0.0,3.81363607943058,465.43851963058114,123.21767274662852
278,0.0,-742.5311099640737,0.0,1.0785967111587524,0.0,0.23666097223758698,0.0,1.537493348121643,0.0,2.8527510315179825,465.43851963058114,126.0704237781465
279,-1.1850398778915405,-743.7161498419653,1.1850398778915405,0.0,0.0,0.1454814225435257,0.0,1.7381497621536255,0.0,0.6985913068056107,465.43851963058114,126.76901508495212
280,-5.212719917297363,-748.9288697592626,5.212719917297363,0.0,0.0,0.15689289569854736,0.0,0.19654542207717896,4.859281599521637,0.0,470.2978012301028,126.76901508495212
281,-1.8281112611293793,-750.756981020392,0.9082015156745911,0.0,0.266985148191452,0.0,0.6529245972633362,0.0,1.8281112611293793,0.0,472.12591249123216,126.76901508495212
282,-2.502542018890381,-753.2595230392824,1.3048382997512817,0.0,0.27689051628112793,0.0,0.9208132028579712,0.0,2.502542018890381,0.0,474.62845451012254,126.76901508495212
283,-5.418225288391113,-758.6777483276735,1.3316888809204102,0.0,0.35814833641052246,0.0,3.7283880710601807,0.0,5.418225288391113,0.0,480.04667979851365,126.76901508495212
284,-4.749383926391602,-763.4271322540651,1.1457840204238892,0.0,0.36468255519866943,0.0,3.238917350769043,0.0,4.749383926391602,0.0,484.79606372490525,126.76901508495212
285,-5.303255379199982,-768.7303876332651,0.6824634075164795,0.0,0.507914125919342,0.0,4.11287784576416,0.0,5.303255379199982,0.0,490.09931910410523,126.76901508495212
286,-9.118597269058228,-777.8489849023233,0.588736891746521,0.0,0.3296126127243042,0.0,8.200247764587402,0.0,9.118597269058228,0.0,499.21791637316346,126.76901508495212
287,-1.7046011835336685,-779.553586085857,0.3560788035392761,0.0,0.18901224434375763,0.0,1.1595101356506348,0.0,1.7046011835336685,0.0,500.92251755669713,126.76901508495212
288,-2.1406691583102986,-781.6942552441673,0.35421058535575867,0.0,0.1873329132795334,0.0,0.7038063406944275,0.0,1.2453498393297195,0.0,502.16786739602685,126.76901508495212
289,-3.2008445382908666,-784.8950997824581,0.3527388870716095,0.0,0.18591776490211487,0.0,0.40155699849128723,0.0,0.9402136504650116,0.0,503.10808104649186,126.76901508495212
290,-4.693473386780046,-789.5885731692382,0.3514370918273926,0.0,0.4240744709968567,0.0,0.8395560383796692,0.0,1.6150676012039185,0.0,504.7231486476958,126.76901508495212
291,-2.4189536571502686,-792.0075268263885,0.9709014892578125,0.0,0.22159358859062195,0.0,0.7621521949768066,0.0,1.954647272825241,0.0,506.677795920521,126.76901508495212
292,-3.1868581771850586,-795.1943850035735,1.1784430742263794,0.0,0.5908402800559998,0.0,0.8536304831504822,0.0,2.6229138374328613,0.0,509.3007097579539,126.76901508495212
293,-4.205481052398682,-799.3998660559722,1.142816185951233,0.0,0.5714616775512695,0.0,1.8274160623550415,0.0,3.541693925857544,0.0,512.8424036838114,126.76901508495212
294,-4.741702079772949,-804.1415681357452,0.30703213810920715,0.0,1.0777196884155273,0.0,1.6511024236679077,0.0,3.035854250192642,0.0,515.8782579340041,126.76901508495212
295,-3.037271499633789,-807.178839635379,0.3730449080467224,0.0,0.0,1.0979328155517578,0.3344860076904297,0.0,0.0,0.3904018998146057,515.8782579340041,127.15941698476672
296,-2.774586658734842,-809.9534262941138,0.0,0.5223309397697449,0.11900153756141663,0.0,0.11548569798469543,0.0,0.0,0.2878437042236328,515.8782579340041,127.44726068899035
297,-1.2485240697860718,-811.2019503638999,0.3442533016204834,0.0,0.8217322826385498,0.0,0.0,0.08878616243600845,1.0771994218230247,0.0,516.9554573558271,127.44726068899035
298,-1.5237692594528198,-812.7257196233527,0.0,0.9012935161590576,0.9007800817489624,0.0,0.16480006277561188,0.0,0.16428662836551666,0.0,517.1197439841926,127.44726068899035
299,-1.4390835597510017,-814.1648031831037,0.0,0.9735363125801086,0.7514522671699524,0.0,0.0,0.37926721572875977,0.0,0.601351261138916,517.1197439841926,128.04861195012927
300,-0.6241315236157761,-814.7889347067195,0.0,1.9336073398590088,0.026359528303146362,0.0,0.0,0.4862895607948303,0.0,2.3935373723506927,517.1197439841926,130.44214932247996
301,0.0,-814.7889347067195,0.0,1.4819751977920532,0.0,0.7249577045440674,0.0,0.7112886905670166,0.0,2.918221592903137,517.1197439841926,133.3603709153831
302,0.0,-814.7889347067195,0.0,1.713851809501648,0.0,0.5181175470352173,0.0,0.7047133445739746,0.0,2.93668270111084,517.1197439841926,136.29705361649394
303,0.0,-814.7889347067195,0.0,0.9313790798187256,0.0,1.3227273225784302,0.0,0.8872921466827393,0.0,3.141398549079895,517.1197439841926,139.43845216557384
304,-0.53704833984375,-815.3259830465632,0.53704833984375,0.0,0.0,0.20430128276348114,0.0,0.3661941587924957,0.0,0.03344710171222687,517.1197439841926,139.47189926728606
305,0.0,-815.3259830465632,0.0,0.03628847002983093,0.0,0.023395642638206482,0.0,1.2460342645645142,0.0,1.3057183772325516,517.1197439841926,140.7776176445186
306,-1.03396475315094,-816.3599477997142,0.43507087230682373,0.0,0.27634379267692566,0.0,0.32255008816719055,0.0,1.03396475315094,0.0,518.1537087373435,140.7776176445186
307,-3.42689910531044,-819.7868469050246,1.6135226488113403,0.0,0.35911455750465393,0.0,1.4542618989944458,0.0,3.42689910531044,0.0,521.580607842654,140.7776176445186
308,-2.652430534362793,-822.4392774393874,1.2238845825195312,0.0,0.6678882837295532,0.0,0.7606576681137085,0.0,2.652430534362793,0.0,524.2330383770168,140.7776176445186
309,-2.275560438632965,-824.7148378780204,0.45421919226646423,0.0,0.3876185119152069,0.0,1.433722734451294,0.0,2.275560438632965,0.0,526.5085988156497,140.7776176445186
310,-3.833112269639969,-828.5479501476603,0.4215100109577179,0.0,1.2874383926391602,0.0,2.124163866043091,0.0,3.833112269639969,0.0,530.3417110852897,140.7776176445186
311,-1.5702190548181534,-830.1181692024785,0.8293225765228271,0.0,0.18901224434375763,0.0,0.5518842339515686,0.0,1.5702190548181534,0.0,531.9119301401079,140.7776176445186
312,-3.223496758865842,-833.3416659613443,0.35421058535575867,0.0,0.18733304738998413,0.0,0.4176991283893585,0.0,0.9592427611351013,0.0,532.871172901243,140.7776176445186
313,-4.4308702572031535,-837.7725362185475,0.3527388870716095,0.0,0.30509528517723083,0.0,0.4191764295101166,0.0,1.077010601758957,0.0,533.9481835030019,140.7776176445186
314,-4.301270484924316,-842.0738067034719,1.2655915021896362,0.0,0.18461598455905914,0.0,0.933403491973877,0.0,2.3836109787225723,0.0,536.3317944817245,140.7776176445186
315,-3.235081672668457,-845.3088883761403,1.2684036493301392,0.0,0.42012542486190796,0.0,0.9885154366493225,0.0,2.6770445108413696,0.0,539.0088389925659,140.7776176445186
316,-3.349120855331421,-848.6580092314717,1.0279096364974976,0.0,0.4318864941596985,0.0,1.3281726837158203,0.0,2.7879688143730164,0.0,541.7968078069389,140.7776176445186
317,-3.735349416732788,-852.3933586482045,1.1917920112609863,0.0,0.6540142893791199,0.0,1.2589857578277588,0.0,3.104792058467865,0.0,544.9015998654068,140.7776176445186
318,-2.868105411529541,-855.2614640597341,0.8239389061927795,0.0,0.9211860299110413,0.0,0.48332375288009644,0.0,2.2284486889839172,0.0,547.1300485543907,140.7776176445186
319,-6.040036678314209,-861.3015007380483,2.586107015609741,0.0,1.555413007736206,0.0,0.5222578048706055,0.0,4.663777828216553,0.0,551.7938263826072,140.7776176445186
320,-1.44533371925354,-862.7468344573018,0.0,0.33697962760925293,0.0,0.24252218008041382,0.08021298050880432,0.0,0.0,0.4992888271808624,551.7938263826072,141.27690647169948
321,-1.371472716331482,-864.1183071736333,0.0,0.7189320921897888,0.952864944934845,0.0,0.0,0.12125501781702042,0.11267783492803574,0.0,551.9065042175353,141.27690647169948
322,-2.1898043155670166,-866.3081114892003,0.0,1.0015064477920532,0.965167224407196,0.0,0.0,0.3745344281196594,0.0,0.4108736515045166,551.9065042175353,141.687780123204
323,-1.806587933214184,-868.1146994224144,0.0,1.0714226961135864,0.6003539562225342,0.0,0.0,0.4742974042892456,0.0,0.9453661441802979,551.9065042175353,142.6331462673843
324,-1.2695201211484555,-869.384219543563,0.31121858954429626,0.0,0.0,1.0783838033676147,0.0,0.6017827391624451,0.0,1.3689479529857635,551.9065042175353,144.00209422037005
325,-0.8441780209541321,-870.2283975645171,0.8441780209541321,0.0,0.0,0.600343644618988,0.0,0.9268416166305542,0.0,0.6830072402954102,551.9065042175353,144.68510146066546
326,0.0,-870.2283975645171,0.0,1.3065872192382812,0.0,0.7854452133178711,0.0,1.2275553941726685,0.0,3.319587826728821,551.9065042175353,148.00468928739429
327,0.0,-870.2283975645171,0.0,2.3461475372314453,0.0,1.1488593816757202,0.0,1.7449986934661865,0.0,5.240005612373352,551.9065042175353,153.24469489976764
328,0.0,-870.2283975645171,0.0,0.5082903504371643,0.0,0.20787550508975983,0.0,0.5906745791435242,0.0,1.3068404346704483,551.9065042175353,154.55153533443809
329,-0.8209676891565323,-871.0493652536736,0.0,0.10436360538005829,0.6834410429000854,0.0,0.13752664625644684,0.0,0.716604083776474,0.0,552.6231083013117,154.55153533443809
330,-1.3474455624818802,-872.3968108161555,0.42546793818473816,0.0,0.1426600068807602,0.0,0.7793176174163818,0.0,1.3474455624818802,0.0,553.9705538637936,154.55153533443809
331,-3.3923811316490173,-875.7891919478045,0.7432830333709717,0.0,0.5349542498588562,0.0,2.1141438484191895,0.0,3.3923811316490173,0.0,557.3629349954426,154.55153533443809
332,-3.36277437210083,-879.1519663199053,0.6107575297355652,0.0,0.36468249559402466,0.0,2.3873343467712402,0.0,3.36277437210083,0.0,560.7257093675435,154.55153533443809
333,-1.748945564031601,-880.9009118839369,0.5447744131088257,0.0,0.3876185119152069,0.0,0.8165526390075684,0.0,1.748945564031601,0.0,562.4746549315751,154.55153533443809
334,-1.8370450735092163,-882.7379569574462,0.5866143703460693,0.0,0.3296126127243042,0.0,0.9208180904388428,0.0,1.8370450735092163,0.0,564.3117000050843,154.55153533443809
335,-1.6963893324136734,-884.4343462898598,0.3560788035392761,0.0,0.18901224434375763,0.0,1.1512982845306396,0.0,1.6963893324136734,0.0,566.008089337498,154.55153533443809
336,-2.3581546389582577,-886.7925009288181,0.35421058535575867,0.0,0.18733304738998413,0.0,0.4360659122467041,0.0,0.9776095449924469,0.0,566.9856988824904,154.55153533443809
337,-2.3085546493530273,-889.1010555781711,0.8876432180404663,0.0,0.2440156191587448,0.0,0.7249815464019775,0.0,1.8566403836011887,0.0,568.8423392660916,154.55153533443809
338,-3.351430654525757,-892.4524862326969,0.625634491443634,0.0,0.13424383103847504,0.0,0.7975553274154663,0.0,1.5574336498975754,0.0,570.3997729159892,154.55153533443809
339,-2.5683493614196777,-895.0208355941165,0.9967789649963379,0.0,0.24513393640518188,0.0,0.8464353084564209,0.0,2.0883482098579407,0.0,572.4881211258471,154.55153533443809
340,-5.973816349678529,-900.994651943795,2.4337775707244873,0.0,0.1515432596206665,0.0,1.2175227403640747,0.0,3.8028435707092285,0.0,576.2909646965563,154.55153533443809
341,-4.728141784667969,-905.722793728463,1.2212756872177124,0.0,1.8091474771499634,0.0,0.9278875589370728,0.0,3.9583107233047485,0.0,580.2492754198611,154.55153533443809
342,-4.706892013549805,-910.4296857420128,0.0,0.7471926808357239,0.0,1.125924825668335,1.0459338426589966,0.0,0.0,0.8271836638450623,580.2492754198611,155.37871899828315
343,-5.426800727844238,-915.856486469857,0.07116412371397018,0.0,1.4922964572906494,0.0,1.4155904054641724,0.0,2.979050986468792,0.0,583.2283264063299,155.37871899828315
344,-11.095841407775879,-926.9523278776329,0.0,1.1804627180099487,4.417187213897705,0.0,0.500306248664856,0.0,3.7370307445526123,0.0,586.9653571508825,155.37871899828315
345,-7.076657772064209,-934.0289856496971,1.4451647996902466,0.0,2.0439181327819824,0.0,1.2036494016647339,0.0,4.692732334136963,0.0,591.6580894850194,155.37871899828315
346,-0.8321978449821472,-934.8611834946793,0.23550201952457428,0.0,0.5613458156585693,0.0,0.0,0.0294655654579401,0.7673822697252035,0.0,592.4254717547446,155.37871899828315
347,-2.168738340443322,-937.0299218351225,0.0,1.0485807657241821,1.5519740581512451,0.0,0.0,0.30639880895614624,0.19699448347091675,0.0,592.6224662382156,155.37871899828315
348,-0.3125188205887961,-937.3424406557114,0.0,1.7852481603622437,0.02365267463028431,0.0,0.0,0.5290924906730652,0.0,2.2906879764050245,592.6224662382156,157.66940697468817
349,0.0,-937.3424406557114,0.0,1.3350952863693237,0.0,0.6254658102989197,0.0,0.6883277297019958,0.0,2.6488888263702393,592.6224662382156,160.3182958010584
350,-1.3181257247924805,-938.6605663805038,0.7625394463539124,0.0,0.5555862784385681,0.0,0.0,0.9517744183540344,0.36635130643844604,0.0,592.988817544654,160.3182958010584
351,0.0,-938.6605663805038,0.0,0.9119089841842651,0.0,0.8542649745941162,0.0,1.6132221221923828,0.0,3.379396080970764,592.988817544654,163.69769188202918
352,0.0,-938.6605663805038,0.0,1.814050555229187,0.0,0.15143267810344696,0.0,0.30415791273117065,0.0,2.2696411460638046,592.988817544654,165.96733302809298
353,-0.20017075538635254,-938.8607371358902,0.0,0.05370832979679108,0.0,0.006549097131937742,0.20017075538635254,0.0,0.13991332845762372,0.0,593.1287308731116,165.96733302809298
354,-1.0650974363088608,-939.925834572199,0.5770443081855774,0.0,0.1490902453660965,0.0,0.3389628827571869,0.0,1.0650974363088608,0.0,594.1938283094205,165.96733302809298
355,-1.7795770913362503,-941.7054116635353,0.5922967791557312,0.0,0.21800805628299713,0.0,0.969272255897522,0.0,1.7795770913362503,0.0,595.9734054007567,165.96733302809298
356,-2.286402940750122,-943.9918146042854,0.6107580065727234,0.0,0.36468249559402466,0.0,1.310962438583374,0.0,2.286402940750122,0.0,598.2598083415069,165.96733302809298
357,-3.5392574965953827,-947.5310721008808,2.3350937366485596,0.0,0.3876185119152069,0.0,0.8165452480316162,0.0,3.5392574965953827,0.0,601.7990658381023,165.96733302809298
358,-1.3244149386882782,-948.8554870395691,0.4215100109577179,0.0,0.19325745105743408,0.0,0.7096474766731262,0.0,1.3244149386882782,0.0,603.1234807767905,165.96733302809298
359,-3.0402032285928726,-951.895690268162,0.3560788035392761,0.0,0.18901224434375763,0.0,2.495112180709839,0.0,3.0402032285928726,0.0,606.1636840053834,165.96733302809298
360,-3.127629606419284,-955.0233198745813,0.35421058535575867,0.0,0.18733331561088562,0.0,0.42267221212387085,0.0,0.9642161130905151,0.0,607.1279001184739,165.96733302809298
361,-5.019163741456172,-960.0424836160374,0.3527388870716095,0.0,0.30401667952537537,0.0,0.4190923273563385,0.0,1.0758478939533234,0.0,608.2037480124272,165.96733302809298
362,-3.1799670478743347,-963.2224506639118,0.3514370918273926,0.0,0.1846179962158203,0.0,0.5555555820465088,0.0,1.0916106700897217,0.0,609.295358682517,165.96733302809298
363,-3.393967644516861,-966.6164183084286,0.49281156063079834,0.0,0.18735238909721375,0.0,1.0512596368789673,0.0,1.7314235866069794,0.0,611.0267822691239,165.96733302809298
364,-3.0913561629312207,-969.7077744713598,0.753994345664978,0.0,0.2832186818122864,0.0,1.5463522672653198,0.0,2.5835652947425842,0.0,613.6103475638665,165.96733302809298
365,-4.358041286468506,-974.0658157578283,0.9535843133926392,0.0,0.15471936762332916,0.0,1.3345054388046265,0.0,2.442809119820595,0.0,616.0531566836871,165.96733302809298
366,-2.9812686443328857,-977.0470844021612,0.8359048962593079,0.0,1.0785588026046753,0.0,0.48875007033348083,0.0,2.403213769197464,0.0,618.4563704528846,165.96733302809298
367,-4.8098464012146,-981.8569308033758,2.1078197956085205,0.0,1.268717885017395,0.0,0.36632102727890015,0.0,3.7428587079048157,0.0,622.1992291607894,165.96733302809298
368,-4.072139643774173,-985.92907044715,0.0,0.9806782603263855,1.4682217836380005,0.0,0.009571881033480167,0.0,0.49711540434509516,0.0,622.6963445651345,165.96733302809298
369,-3.7024298112095533,-989.6315002583596,0.0,0.34914708137512207,0.9470844864845276,0.0,0.0,0.5213789343833923,0.07655847072601318,0.0,622.7729030358605,165.96733302809298
370,-0.5892281485482462,-990.2207284069078,0.11193253099918365,0.0,0.1980023980140686,0.0,0.2319684475660324,0.0,0.5419033765792847,0.0,623.3148064124398,165.96733302809298
371,-2.9797003212050477,-993.2004287281129,0.0,1.4347749948501587,0.0903816819190979,0.0,0.0,0.901369035243988,0.0,2.245762348175049,623.3148064124398,168.21309537626803
372,-3.6456326584488834,-996.8460613865618,2.266895294189453,0.0,0.09178591519594193,0.0,0.0,0.19376417994499207,2.164917029440403,0.0,625.4797234418802,168.21309537626803
373,0.0,-996.8460613865618,0.0,0.924462080001831,0.0,0.043137479573488235,0.0,0.39742404222488403,0.0,1.3650236018002033,625.4797234418802,169.57811897806823
374,-0.03777888044714928,-996.883840267009,0.0,0.644688069820404,0.03777888044714928,0.0,0.0,0.2543701231479645,0.0,0.8612793125212193,625.4797234418802,170.43939829058945
375,0.0,-996.883840267009,0.0,0.6583986282348633,0.0,0.12659728527069092,0.0,0.11020905524492264,0.0,0.8952049687504768,625.4797234418802,171.33460325933993
376,-3.09195077419281,-999.9757910412018,2.581608533859253,0.0,0.0,0.031272951513528824,0.5103422403335571,0.0,3.0606778226792812,0.0,628.5404012645595,171.33460325933993
377,-1.807331383228302,-1001.7831224244301,1.5050020217895508,0.0,0.11770600080490112,0.0,0.1846233606338501,0.0,1.807331383228302,0.0,630.3477326477878,171.33460325933993
378,-1.613477647304535,-1003.3966000717346,0.8175527453422546,0.0,0.0,0.6518909931182861,0.7959249019622803,0.0,0.9615866541862488,0.0,631.309319301974,171.33460325933993
379,-2.4546170830726624,-1005.8512171548073,0.9985089898109436,0.0,0.0,1.367038369178772,1.4561080932617188,0.0,1.0875787138938904,0.0,632.3968980158679,171.33460325933993
380,-3.31146776676178,-1009.162684921569,1.5229623317718506,0.0,0.0,0.024528086185455322,1.7885054349899292,0.0,3.2869396805763245,0.0,635.6838376964442,171.33460325933993
381,-2.8515883088111877,-1012.0142732303802,0.9929232001304626,0.0,0.6686283349990845,0.0,1.1900367736816406,0.0,2.8515883088111877,0.0,638.5354260052554,171.33460325933993
382,-1.3855041563510895,-1013.3997773867313,0.48252609372138977,0.0,0.19325745105743408,0.0,0.7097206115722656,0.0,1.3855041563510895,0.0,639.9209301616065,171.33460325933993
383,-0.9727032035589218,-1014.3724805902903,0.3560788035392761,0.0,0.18901224434375763,0.0,0.42761215567588806,0.0,0.9727032035589218,0.0,640.8936333651654,171.33460325933993
384,-2.3785869669470943,-1016.7510675572373,0.35421058535575867,0.0,0.18733283877372742,0.0,0.42277991771698,0.0,0.9643233418464661,0.0,641.8579567070119,171.33460325933993
385,-2.921083084372284,-1019.6721506416096,0.3527388870716095,0.0,0.1859181672334671,0.0,0.4193449020385742,0.0,0.9580019563436508,0.0,642.8159586633556,171.33460325933993
386,-2.370503186802252,-1022.0426538284119,0.3619549870491028,0.0,0.1846160590648651,0.0,0.4166359007358551,0.0,0.963206946849823,0.0,643.7791656102054,171.33460325933993
387,-2.9884811923058052,-1025.0311350207176,0.34211447834968567,0.0,0.1873515099287033,0.0,0.7902120351791382,0.0,1.3196780234575272,0.0,645.0988436336629,171.33460325933993
388,-3.806775312287447,-1028.837910333005,0.6111212968826294,0.0,1.108256459236145,0.0,1.6211214065551758,0.0,3.34049916267395,0.0,648.4393427963369,171.33460325933993
389,-3.9141691136083336,-1032.7520794466134,1.2159968614578247,0.0,0.44271647930145264,0.0,1.6661550998687744,0.0,3.3248684406280518,0.0,651.7642112369649,171.33460325933993
390,-2.7493752556938653,-1035.5014547023072,0.5544625520706177,0.0,0.0818849503993988,0.0,0.2516643702983856,0.0,0.8880118727684021,0.0,652.6522231097333,171.33460325933993
391,-4.99331792336525,-1040.4947726256726,0.0,1.0871471166610718,1.1155024766921997,0.0,1.9177045822143555,0.0,1.9460599422454834,0.0,654.5982830519788,171.33460325933993
392,-3.852957309366607,-1044.347729935039,0.24882015585899353,0.0,1.144073724746704,0.0,0.44652289152145386,0.0,1.8394167721271515,0.0,656.437699824106,171.33460325933993
393,-2.874052088647563,-1047.2217820236867,0.0,0.27717259526252747,1.492066740989685,0.0,0.0,0.16705872118473053,1.047835424542427,0.0,657.4855352486484,171.33460325933993
394,-1.8180835878734691,-1049.0398656115601,0.0,0.5358102321624756,0.5267311930656433,0.0,0.2288009375333786,0.0,0.21972189843654633,0.0,657.7052571470849,171.33460325933993
395,-1.4384759792172046,-1050.4783415907773,0.0,0.35644471645355225,0.23263701796531677,0.0,0.5150870680809021,0.0,0.3912793695926666,0.0,658.0965365166776,171.33460325933993
396,-7.683782834274612,-1058.1621244250518,5.393205165863037,0.0,0.1762341558933258,0.0,1.5988550186157227,0.0,7.168294340372086,0.0,665.2648308570497,171.33460325933993
397,-0.1864077402651515,-1058.348532165317,0.0,0.06488495320081711,0.0,0.7413637638092041,0.15103794634342194,0.0,0.0,0.6552107706665993,665.2648308570497,171.98981403000653
398,0.0,-1058.348532165317,0.0,0.3616207242012024,0.0,0.9988901019096375,0.0,0.04360410198569298,0.0,1.4041149280965328,665.2648308570497,173.39392895810306
399,-0.6481418609619141,-1058.996674026279,0.6481418609619141,0.0,0.0,0.8015554547309875,0.0,0.1337135136127472,0.0,0.2871271073818207,665.2648308570497,173.68105606548488
400,-2.4174842536449432,-1061.4141582799239,0.9426003694534302,0.0,1.2989526987075806,0.0,0.1759311854839325,0.0,2.4174842536449432,0.0,667.6823151106946,173.68105606548488
401,-2.669052243232727,-1064.0832105231566,0.20092672109603882,0.0,1.8912036418914795,0.0,0.5769218802452087,0.0,2.669052243232727,0.0,670.3513673539273,173.68105606548488
402,-1.3578196167945862,-1065.4410301399512,0.5019849538803101,0.0,0.0,0.441084623336792,0.8558346629142761,0.0,0.9167349934577942,0.0,671.2681023473851,173.68105606548488
403,-1.8606806993484497,-1067.3017108392996,0.8840005993843079,0.0,0.0,0.9804039001464844,0.9766800999641418,0.0,0.8802767992019653,0.0,672.1483791465871,173.68105606548488
404,-2.1531157046556473,-1069.4548265439553,0.9750242829322815,0.0,0.17917902767658234,0.0,0.9989123940467834,0.0,2.1531157046556473,0.0,674.3014948512428,173.68105606548488
405,-2.3837321996688843,-1071.8385587436242,0.5447744131088257,0.0,0.784104585647583,0.0,1.0548532009124756,0.0,2.3837321996688843,0.0,676.6852270509116,173.68105606548488
406,-1.8268491327762604,-1073.6654078764004,0.48252609372138977,0.0,0.19325745105743408,0.0,1.1510655879974365,0.0,1.8268491327762604,0.0,678.5120761836879,173.68105606548488
407,-0.9925887733697891,-1074.6579966497702,0.37498530745506287,0.0,0.18901224434375763,0.0,0.42859122157096863,0.0,0.9925887733697891,0.0,679.5046649570577,173.68105606548488
408,-2.5736159788801745,-1077.2316126286503,0.3568393290042877,0.0,0.18733283877372742,0.0,0.8974450826644897,0.0,1.4416172504425049,0.0,680.9462822075002,173.68105606548488
409,-3.586489848565482,-1080.8181024772157,0.34507817029953003,0.0,0.18591837584972382,0.0,0.41960111260414124,0.0,0.9505976587533951,0.0,681.8968798662536,173.68105606548488
410,-3.753261943437098,-1084.5713644206528,0.33876895904541016,0.0,0.1846161186695099,0.0,0.4166429936885834,0.0,0.9400280714035034,0.0,682.8369079376571,173.68105606548488
411,-2.857660912878899,-1087.4290253335316,0.5605509877204895,0.0,0.1873515099287033,0.0,0.9731160998344421,0.0,1.721018597483635,0.0,684.5579265351407,173.68105606548488
412,-3.131934454005612,-1090.5609597875373,0.38717472553253174,0.0,0.7321146130561829,0.0,1.648820400238037,0.0,2.7681097388267517,0.0,687.3260362739675,173.68105606548488
413,-7.561708407666568,-1098.122668195204,2.814826488494873,0.0,1.4481083154678345,0.0,1.1899974346160889,0.0,5.452932238578796,0.0,692.7789685125463,173.68105606548488
414,-5.0998894808921715,-1103.2225576760961,0.9674784541130066,0.0,0.9231322407722473,0.0,0.0,0.16634459793567657,1.7242660969495773,0.0,694.5032346094958,173.68105606548488
415,-4.668393135070801,-1107.890950811167,0.14348751306533813,0.0,0.0,0.6926339864730835,0.0,0.0015293029136955738,0.0,0.5506757763214409,694.5032346094958,174.23173184180632
416,-3.68773200722279,-1111.5786828183898,0.0,0.09780334681272507,0.3528290390968323,0.0,0.5229966044425964,0.0,0.7780222967267036,0.0,695.2812569062226,174.23173184180632
417,-5.192242362854052,-1116.770925181244,0.0,0.31128448247909546,1.5203022956848145,0.0,0.0,0.5412108302116394,0.6678069829940796,0.0,695.9490638892166,174.23173184180632
418,-3.9938110745936584,-1120.7647362558375,0.04975142702460289,0.0,0.39060747623443604,0.0,0.9240015745162964,0.0,1.3643604777753353,0.0,697.313424366992,174.23173184180632
419,-1.7058127115207722,-1122.4705489673584,0.0,0.6721116900444031,0.2256956547498703,0.0,0.2155510038137436,0.0,0.0,0.23086503148078918,697.313424366992,174.4625968732871
420,-1.333289192420673,-1123.803838159779,0.0,0.5201259255409241,0.8061240315437317,0.0,0.0,0.4217471480369568,0.0,0.13574904203414917,697.313424366992,174.59834591532126
421,-3.3561186271025725,-1127.1599567868816,3.225623846054077,0.0,0.017452159896492958,0.0,0.0,0.3999803364276886,2.8430956695228815,0.0,700.1565200365148,174.59834591532126
422,-0.018596366047859192,-1127.1785531529295,0.0,0.7522566914558411,0.018596366047859192,0.0,0.0,0.3343563377857208,0.0,1.0680166631937027,700.1565200365148,175.66636257851496
423,-1.139704905450344,-1128.3182580583798,0.0,0.5776183605194092,0.08419080823659897,0.0,1.0555140972137451,0.0,0.5620865449309349,0.0,700.7186065814458,175.66636257851496
424,-1.31825090944767,-1129.6365089678275,0.0,0.12970088422298431,0.19494475424289703,0.0,1.123306155204773,0.0,1.1885500252246857,0.0,701.9071566066705,175.66636257851496
425,-0.5280440747737885,-1130.1645530426013,0.4581303596496582,0.0,0.06991371512413025,0.0,0.0,0.3797110915184021,0.14833298325538635,0.0,702.0554895899259,175.66636257851496
426,-0.6297577023506165,-1130.7943107449519,0.3383907973766327,0.0,0.29136690497398376,0.0,0.0,0.8800402879714966,0.0,0.2502825856208801,702.0554895899259,175.91664516413584
427,-3.335489422082901,-1134.1298001670348,2.412489175796509,0.0,0.3575150668621063,0.0,0.5654851794242859,0.0,3.335489422082901,0.0,705.3909790120088,175.91664516413584
428,-2.5046382546424866,-1136.6344384216773,0.6107575297355652,0.0,0.8244383335113525,0.0,1.0694423913955688,0.0,2.5046382546424866,0.0,707.8956172666512,175.91664516413584
429,-4.757340788841248,-1141.3917792105185,3.152406930923462,0.0,0.7884020209312439,0.0,0.8165318369865417,0.0,4.757340788841248,0.0,712.6529580554925,175.91664516413584
430,-0.9795233607292175,-1142.3713025712477,0.5435422658920288,0.0,0.0,0.14268305897712708,0.4359810948371887,0.0,0.8368403017520905,0.0,713.4897983572446,175.91664516413584
431,-1.038952797651291,-1143.410255368899,0.37498530745506287,0.0,0.0,0.12815983593463898,0.663967490196228,0.0,0.9107929617166519,0.0,714.4005913189612,175.91664516413584
432,-1.1085443583964405,-1144.5187997272953,0.3542107045650482,0.0,0.20157524943351746,0.0,0.42208048701286316,0.0,0.9778664410114288,0.0,715.3784577599727,175.91664516413584
433,-1.6023100082692046,-1146.1211097355645,0.35273900628089905,0.0,0.5486025810241699,0.0,0.41900184750556946,0.0,1.3203434348106384,0.0,716.6988011947833,175.91664516413584
434,-2.2527383011487347,-1148.3738480367133,0.35143721103668213,0.0,1.1752299070358276,0.0,0.4166029393672943,0.0,1.943270057439804,0.0,718.6420712522231,175.91664516413584
435,-3.457173934882664,-1151.8310219715959,1.2342115640640259,0.0,1.039033055305481,0.0,0.4188297688961029,0.0,2.6920743882656097,0.0,721.3341456404887,175.91664516413584
436,-2.414546280685834,-1154.2455682522816,0.3486073315143585,0.0,0.0,1.7501177787780762,0.4351609945297241,0.0,0.0,0.9663494527339935,721.3341456404887,176.88299461686984
437,-2.7775612025309844,-1157.0231294548125,0.34877702593803406,0.0,0.17336405813694,0.0,0.499809592962265,0.0,1.021950677037239,0.0,722.356096317526,176.88299461686984
438,-3.8987173313971883,-1160.9218467862097,0.34470370411872864,0.0,0.25985169410705566,0.0,1.789135217666626,0.0,2.3936906158924103,0.0,724.7497869334184,176.88299461686984
439,-8.739258119965,-1169.6611049061746,0.216424360871315,0.0,6.503270149230957,0.0,0.4844282865524292,0.0,7.204122796654701,0.0,731.9539097300731,176.88299461686984
440,-3.2195202494874824,-1172.880625155662,0.3642098307609558,0.0,1.3781979084014893,0.0,0.7993659973144531,0.0,2.541773736476898,0.0,734.49568346655,176.88299461686984
441,-3.5814684746668908,-1176.462093630329,0.9722576141357422,0.0,1.4065701961517334,0.0,0.5458226203918457,0.0,2.9246504306793213,0.0,737.4203338972293,176.88299461686984
442,-2.3356865743073434,-1178.7977802046364,0.0,0.17037689685821533,1.3520293235778809,0.0,0.6733354330062866,0.0,1.8549878597259521,0.0,739.2753217569552,176.88299461686984
443,-0.41797436857894293,-1179.2157545732155,0.0,0.32057175040245056,0.0,0.5427685976028442,0.048598915338516235,0.0,0.0,0.8147414326667786,739.2753217569552,177.69773604953662
444,-1.9074513884325048,-1181.123205961648,0.31805720925331116,0.0,0.6190482378005981,0.0,0.7322428822517395,0.0,1.6693483293056488,0.0,740.9446700862609,177.69773604953662
445,-2.514170924352555,-1183.6373768860005,0.0,0.05283172428607941,2.031580924987793,0.0,0.39021798968315125,0.0,2.368967190384865,0.0,743.3136372766457,177.69773604953662
446,-6.617661833763123,-1190.2550387197637,0.5093734264373779,0.0,5.668200492858887,0.0,0.4400879144668579,0.0,6.617661833763123,0.0,749.9312991104089,177.69773604953662
447,-1.2575760036706924,-1191.5126147234344,0.1317143589258194,0.0,0.3180221915245056,0.0,0.8078394532203674,0.0,1.2575760036706924,0.0,751.1888751140796,177.69773604953662
448,-0.4560861736536026,-1191.968700897088,0.18129943311214447,0.0,0.27478674054145813,0.0,0.0,0.08086584508419037,0.37522032856941223,0.0,751.564095442649,177.69773604953662
449,-0.9974922388792038,-1192.9661931359672,0.41424134373664856,0.0,0.20186926424503326,0.0,0.381381630897522,0.0,0.9974922388792038,0.0,752.5615876815282,177.69773604953662
450,-2.4123966693878174,-1195.378589805355,0.7868546843528748,0.0,0.7108537554740906,0.0,0.914688229560852,0.0,2.4123966693878174,0.0,754.973984350916,177.69773604953662
451,-3.1766246557235718,-1198.5552144610785,1.6971893310546875,0.0,0.7560865879058838,0.0,0.7233487367630005,0.0,3.1766246557235718,0.0,758.1506090066396,177.69773604953662
452,-2.668176144361496,-1201.22339060544,1.0530593395233154,0.0,0.27675768733024597,0.0,1.3383591175079346,0.0,2.668176144361496,0.0,760.8187851510011,177.69773604953662
453,-2.3381795585155487,-1203.5615701639556,0.8564794063568115,0.0,0.3382278382778168,0.0,1.1434723138809204,0.0,2.3381795585155487,0.0,763.1569647095166,177.69773604953662
454,-1.3148366212844849,-1204.87640678524,0.6426564455032349,0.0,0.0,0.06197252869606018,0.67218017578125,0.0,1.2528640925884247,0.0,764.409828802105,177.69773604953662
455,-1.3727383613586426,-1206.2491451465987,0.577232837677002,0.0,0.1325666308403015,0.0,0.6629388928413391,0.0,1.3727383613586426,0.0,765.7825671634637,177.69773604953662
456,-2.100036430931399,-1208.34918157753,0.35421058535575867,0.0,0.19660089910030365,0.0,1.1276979446411133,0.0,1.6785094290971756,0.0,767.4610765925609,177.69773604953662
457,-2.863575771965251,-1211.2127573494954,1.453726053237915,0.0,0.0,0.16909563541412354,0.6541987061500549,0.0,1.9388291239738464,0.0,769.3999057165347,177.69773604953662
458,-1.686243560339216,-1212.8990009098345,0.3514370918273926,0.0,0.3749808073043823,0.0,0.4166063368320465,0.0,1.1430242359638214,0.0,770.5429299524985,177.69773604953662
459,-2.6814261771250116,-1215.5804270869596,0.35007867217063904,0.0,1.0071338415145874,0.0,0.4188297688961029,0.0,1.7760422825813293,0.0,772.3189722350799,177.69773604953662
460,-4.002870551703806,-1219.5832976386635,1.1220662593841553,0.0,1.0347071886062622,0.0,0.4176623523235321,0.0,2.5744358003139496,0.0,774.8934080353938,177.69773604953662
461,-6.147517924726122,-1225.7308155633896,1.5058200359344482,0.0,1.5633138418197632,0.0,1.3959107398986816,0.0,4.465044617652893,0.0,779.3584526530467,177.69773604953662
462,-3.2075734595163476,-1228.938389022906,0.4037284255027771,0.0,0.45869383215904236,0.0,0.6052549481391907,0.0,1.4676772058010101,0.0,780.8261298588477,177.69773604953662
463,-4.329833444385221,-1233.2682224672913,1.5849545001983643,0.0,0.0,0.697380542755127,0.4540519118309021,0.0,1.3416258692741394,0.0,782.1677557281218,177.69773604953662
464,-5.120401746049451,-1238.3886242133408,0.8859472870826721,0.0,0.0,1.6300511360168457,0.5643388628959656,0.0,0.0,0.179764986038208,782.1677557281218,177.87750103557482
465,-2.6093190756719182,-1240.9979432890127,0.0,0.07792757451534271,0.8858023285865784,0.0,0.5145954489707947,0.0,1.3224702030420303,0.0,783.4902259311639,177.87750103557482
466,-1.350271069218748,-1242.3482143582314,0.0,0.3374662697315216,0.4572561979293823,0.0,0.2843433916568756,0.0,0.40413331985473633,0.0,783.8943592510186,177.87750103557482
467,-3.871816982499241,-1246.2200313407307,0.23606261610984802,0.0,2.554687261581421,0.0,0.2845804989337921,0.0,3.075330376625061,0.0,786.9696896276437,177.87750103557482
468,-1.308738493605469,-1247.5287698343361,0.0,0.4541109502315521,0.7790547013282776,0.0,0.13384345173835754,0.0,0.458787202835083,0.0,787.4284768304788,177.87750103557482
469,-0.2554602046476261,-1247.7842300389837,0.0,0.4983679950237274,0.07549920678138733,0.0,0.11577117443084717,0.0,0.0,0.3070976138114929,787.4284768304788,178.18459864938632
470,-0.12005491927266121,-1247.9042849582563,0.0,0.468612402677536,0.048087555915117264,0.0,0.07196736335754395,0.0,0.0,0.3485574834048748,787.4284768304788,178.5331561327912
471,-0.21591363847255707,-1248.1201985967289,0.0,0.30463698506355286,0.21591363847255707,0.0,0.0,0.005585175007581711,0.0,0.0943085215985775,787.4284768304788,178.62746465438977
472,-1.7700339257717133,-1249.8902325225006,0.9905862808227539,0.0,0.4438036382198334,0.0,0.335644006729126,0.0,1.7700339257717133,0.0,789.1985107562505,178.62746465438977
473,-2.8031832426786423,-1252.6934157651792,1.3733482360839844,0.0,0.1300397366285324,0.0,1.2997952699661255,0.0,2.8031832426786423,0.0,792.0016939989291,178.62746465438977
474,-1.787362962961197,-1254.4807787281404,0.434197336435318,0.0,0.4899592995643616,0.0,0.8632063269615173,0.0,1.787362962961197,0.0,793.7890569618903,178.62746465438977
475,-2.1526428759098053,-1256.6334216040502,0.8138372898101807,0.0,0.3586408793926239,0.0,0.9801647067070007,0.0,2.1526428759098053,0.0,795.9416998378001,178.62746465438977
476,-3.0059845447540283,-1259.6394061488043,0.7490862607955933,0.0,0.48074960708618164,0.0,1.7761486768722534,0.0,3.0059845447540283,0.0,798.9476843825541,178.62746465438977
477,-4.870741695165634,-1264.51014784397,1.5551320314407349,0.0,0.3876185119152069,0.0,2.9279911518096924,0.0,4.870741695165634,0.0,803.8184260777198,178.62746465438977
478,-3.1982338428497314,-1267.7083816868196,0.8619459867477417,0.0,0.3296126127243042,0.0,2.0066752433776855,0.0,3.1982338428497314,0.0,807.0166599205695,178.62746465438977
479,-3.1324802190065384,-1270.8408619058262,2.2038090229034424,0.0,0.23568828403949738,0.0,0.6929829120635986,0.0,3.1324802190065384,0.0,810.149140139576,178.62746465438977
480,-3.0388465843789474,-1273.879708490205,0.5761474967002869,0.0,0.18733283877372742,0.0,0.4225473701953888,0.0,1.186027705669403,0.0,811.3351678452455,178.62746465438977
481,-4.008013461272258,-1277.8877219514773,0.3527388870716095,0.0,0.18591824173927307,0.0,0.4194429814815521,0.0,0.9581001102924347,0.0,812.2932679555379,178.62746465438977
482,-5.052110596336897,-1282.9398325478141,0.3514370918273926,0.0,0.18461598455905914,0.0,0.4166107177734375,0.0,0.9526637941598892,0.0,813.2459317496978,178.62746465438977
483,-3.8708674907684326,-1286.8107000385826,0.4496126174926758,0.0,0.9723684787750244,0.0,1.6070832014083862,0.0,3.0290642976760864,0.0,816.2749960473739,178.62746465438977
484,-3.7496261501445867,-1290.5603261887272,1.0699293613433838,0.0,0.5029285550117493,0.0,1.5122400522232056,0.0,3.0850979685783386,0.0,819.3600940159522,178.62746465438977
485,-3.810883894999889,-1294.3712100837272,0.0,0.011371344327926636,0.019674137234687805,0.0,1.2623896598815918,0.0,1.270692452788353,0.0,820.6307864687406,178.62746465438977
486,-5.073310131818825,-1299.444520215546,0.3077987730503082,0.0,0.0,0.3265053927898407,1.4744737148284912,0.0,1.4557670950889587,0.0,822.0865535638295,178.62746465438977
487,-6.0538787841796875,-1305.4983989997256,0.06792356073856354,0.0,0.03682469576597214,0.0,2.315847635269165,0.0,2.4205958917737007,0.0,824.5071494556032,178.62746465438977
488,-2.3275322914123535,-1307.825931291138,0.0,0.20450903475284576,0.18697550892829895,0.0,0.40828976035118103,0.0,0.3907562345266342,0.0,824.8979056901298,178.62746465438977
489,-1.2690848431608248,-1309.0950161342987,0.0,0.327875554561615,1.0168744325637817,0.0,0.0,0.05099298432469368,0.6380058936774731,0.0,825.5359115838073,178.62746465438977
490,-2.129189291833099,-1311.224205426132,0.0,1.1830015182495117,0.9338905811309814,0.0,0.0,0.19329167902469635,0.0,0.4424026161432266,825.5359115838073,179.069867270533
491,-1.5818637085339902,-1312.806069134666,0.2585613429546356,0.0,0.5587702393531799,0.0,0.25968295335769653,0.0,1.077014535665512,0.0,826.6129261194728,179.069867270533
492,-0.294348524088545,-1313.1004176587544,0.0,0.7520954608917236,0.0,0.060239821672439575,0.0,0.34152302145957947,0.0,1.1538583040237427,826.6129261194728,180.22372557455674
493,-0.07124343861907147,-1313.1716610973735,0.0,0.9417436718940735,0.0,1.9958980083465576,0.0,0.9140235185623169,0.0,3.851665198802948,826.6129261194728,184.0753907733597
494,0.0,-1313.1716610973735,0.0,0.3910040557384491,0.0,0.16686582565307617,0.0,1.6094386577606201,0.0,2.1673085391521454,826.6129261194728,186.24269931251183
495,0.0,-1313.1716610973735,0.0,0.526594340801239,0.0,0.07722398638725281,0.0,1.3516634702682495,0.0,1.9554817974567413,826.6129261194728,188.19818110996857
496,0.0,-1313.1716610973735,0.0,0.3957573473453522,0.0,0.0744367241859436,0.0,0.21455399692058563,0.0,0.6847480684518814,826.6129261194728,188.88292917842045
497,-0.3263335432857275,-1313.4979946406593,0.022233756259083748,0.0,0.03996865823864937,0.0,0.2641311287879944,0.0,0.3263335432857275,0.0,826.9392596627586,188.88292917842045
498,-4.551896572113037,-1318.0498912127723,3.070821762084961,0.0,0.8911504149436951,0.0,0.5899243950843811,0.0,4.551896572113037,0.0,831.4911562348716,188.88292917842045
499,-2.1031478941440582,-1320.1530391069164,1.0269628763198853,0.0,0.35601088404655457,0.0,0.7201741337776184,0.0,2.1031478941440582,0.0,833.5943041290157,188.88292917842045
500,-1.8822549879550934,-1322.0352940948715,0.44697198271751404,0.0,0.36468249559402466,0.0,1.0706005096435547,0.0,1.8822549879550934,0.0,835.4765591169707,188.88292917842045
501,-2.7698276937007904,-1324.8051217885723,1.3314045667648315,0.0,0.3876185119152069,0.0,1.050804615020752,0.0,2.7698276937007904,0.0,838.2463868106715,188.88292917842045
502,-1.5797200202941895,-1326.3848418088664,0.5798031091690063,0.0,0.3296126127243042,0.0,0.6703042984008789,0.0,1.5797200202941895,0.0,839.8261068309657,188.88292917842045
503,-1.0874285399913788,-1327.4722703488578,0.3560788035392761,0.0,0.30459877848625183,0.0,0.42675095796585083,0.0,1.0874285399913788,0.0,840.9135353709571,188.88292917842045
504,-2.7125604743978977,-1330.1848308232557,0.35421058535575867,0.0,0.18733283877372742,0.0,0.42213571071624756,0.0,0.9636791348457336,0.0,841.8772145058028,188.88292917842045
505,-3.8641421336484063,-1334.048972956904,0.3527388870716095,0.0,0.3010348975658417,0.0,0.4190636873245239,0.0,1.072837471961975,0.0,842.9500519777648,188.88292917842045
506,-3.0431604624479065,-1337.092133419352,0.3877876400947571,0.0,0.1846160590648651,0.0,1.1802215576171875,0.0,1.7526252567768097,0.0,844.7026772345416,188.88292917842045
507,-1.673074722290039,-1338.765208141642,0.5145796537399292,0.0,0.2115665227174759,0.0,0.5692775845527649,0.0,1.29542376101017,0.0,845.9981009955518,188.88292917842045
508,-2.69110107421875,-1341.4563092158608,0.383901983499527,0.0,0.23967695236206055,0.0,1.6080539226531982,0.0,2.2316328585147858,0.0,848.2297338540666,188.88292917842045
509,-5.993173599243164,-1347.449482815104,1.8278409242630005,0.0,0.5861382484436035,0.0,1.1855721473693848,0.0,3.5995513200759888,0.0,851.8292851741426,188.88292917842045
510,-13.327409744262695,-1360.7768925593666,1.0877374410629272,0.0,0.5927200317382812,0.0,8.29731273651123,0.0,9.977770209312439,0.0,861.807055383455,188.88292917842045
511,-5.160002708435059,-1365.9368952678017,0.0,0.23158150911331177,2.0650644302368164,0.0,0.15584994852542877,0.0,1.9893328696489334,0.0,863.7963882531039,188.88292917842045
512,-5.304587364196777,-1371.2414826319985,0.16077382862567902,0.0,0.7601350545883179,0.0,2.145587682723999,0.0,3.066496565937996,0.0,866.8628848190419,188.88292917842045
513,-3.260580539703369,-1374.5020631717018,1.4814797639846802,0.0,0.7317405343055725,0.0,0.6298205852508545,0.0,2.843040883541107,0.0,869.705925702583,188.88292917842045
514,-1.1554473638534546,-1375.6575105355553,0.20041614770889282,0.0,0.8056731224060059,0.0,0.0,0.3428489863872528,0.6632402837276459,0.0,870.3691659863107,188.88292917842045
515,-1.610146568010025,-1377.2676571035654,1.1599640846252441,0.0,0.04814577475190163,0.0,0.0,0.33434900641441345,0.8737608529627323,0.0,871.2429268392734,188.88292917842045
516,-1.3371038255210157,-1378.6047609290865,0.0,1.8751052618026733,0.0,1.072510838508606,0.0,0.5969371199607849,0.0,3.544553220272064,871.2429268392734,192.42748239869252
517,-0.2547239937815218,-1378.859484922868,0.0,3.005709171295166,0.0,2.3045356273651123,0.0,0.7330309748649597,0.0,6.043275773525238,871.2429268392734,198.47075817221776
518,0.0,-1378.859484922868,0.0,1.0839259624481201,0.0,0.2998526394367218,0.0,0.9616236090660095,0.0,2.3454022109508514,871.2429268392734,200.8161603831686
519,0.0,-1378.859484922868,0.0,0.42638641595840454,0.0,0.20423081517219543,0.0,0.047485075891017914,0.0,0.6781023070216179,871.2429268392734,201.49426269019023
520,0.0,-1378.859484922868,0.0,0.5193469524383545,0.0,0.19209492206573486,0.0,1.0886332988739014,0.0,1.8000751733779907,871.2429268392734,203.29433786356822
521,0.0,-1378.859484922868,0.0,0.07843213528394699,0.0,0.04446747526526451,0.0,1.2668479681015015,0.0,1.389747578650713,871.2429268392734,204.68408544221893
522,-1.1418443620204926,-1380.0013292848885,0.4168977439403534,0.0,0.3081679344177246,0.0,0.41677868366241455,0.0,1.1418443620204926,0.0,872.3847712012939,204.68408544221893
523,-2.5639680102467537,-1382.5652972951352,0.5939352512359619,0.0,0.07051343470811844,0.0,1.8995193243026733,0.0,2.5639680102467537,0.0,874.9487392115407,204.68408544221893
524,-2.538745492696762,-1385.104042787832,1.2660026550292969,0.0,0.20169100165367126,0.0,1.071051836013794,0.0,2.538745492696762,0.0,877.4874847042374,204.68408544221893
525,-2.4462845623493195,-1387.5503273501813,0.6353296637535095,0.0,0.3876185119152069,0.0,1.423336386680603,0.0,2.4462845623493195,0.0,879.9337692665868,204.68408544221893
526,-1.46074977517128,-1389.0110771253526,0.4215100109577179,0.0,0.3296126127243042,0.0,0.7096271514892578,0.0,1.46074977517128,0.0,881.394519041758,204.68408544221893
527,-1.0374282151460648,-1390.0485053404987,0.37498530745506287,0.0,0.23568828403949738,0.0,0.4267546236515045,0.0,1.0374282151460648,0.0,882.4319472569041,204.68408544221893
528,-2.3536062400471245,-1392.4021115805458,0.35421058535575867,0.0,0.19907063245773315,0.0,0.42211592197418213,0.0,0.975397139787674,0.0,883.4073443966918,204.68408544221893
529,-4.313106237286554,-1396.7152178178324,0.3527388870716095,0.0,0.18591776490211487,0.0,0.4190031588077545,0.0,0.9576598107814789,0.0,884.3650042074732,204.68408544221893
530,-4.008070945739746,-1400.723288763572,1.0087475776672363,0.0,0.678961992263794,0.0,0.4166030287742615,0.0,2.1043125987052917,0.0,886.4693168061785,204.68408544221893
531,-4.004946708679199,-1404.7282354722513,1.1293994188308716,0.0,1.0830142498016357,0.0,1.1017980575561523,0.0,3.3142117261886597,0.0,889.7835285323672,204.68408544221893
532,-4.187625885009766,-1408.915861357261,1.5146108865737915,0.0,0.1617041975259781,0.0,0.8335616588592529,0.0,2.5098767429590225,0.0,892.2934052753262,204.68408544221893
533,-4.412363052368164,-1413.3282244096292,1.1027988195419312,0.0,0.06879137456417084,0.0,1.5330225229263306,0.0,2.7046127170324326,0.0,894.9980179923587,204.68408544221893
534,-2.792290210723877,-1416.120514620353,0.7418354153633118,0.0,0.39522475004196167,0.0,1.0780268907546997,0.0,2.215087056159973,0.0,897.2131050485186,204.68408544221893
535,-5.1648945808410645,-1421.2854092011942,0.0,0.7440622448921204,1.104069709777832,0.0,1.4791371822357178,0.0,1.8391446471214294,0.0,899.0522496956401,204.68408544221893
536,-7.0550079345703125,-1428.3404171357645,0.0,1.2500628232955933,3.4368324279785156,0.0,0.09068102389574051,0.0,2.277450628578663,0.0,901.3297003242187,204.68408544221893
537,-14.463132858276367,-1442.8035499940408,0.9159989953041077,0.0,9.483011245727539,0.0,0.55313640832901,0.0,10.952146649360657,0.0,912.2818469735794,204.68408544221893
538,-8.526200294494629,-1451.3297502885355,5.693210124969482,0.0,0.6947081685066223,0.0,0.052134547382593155,0.0,6.440052840858698,0.0,918.7218998144381,204.68408544221893
539,-0.08785665099188565,-1451.4176069395273,0.0,0.5509868264198303,0.0,0.028513267636299133,0.0,0.005043815355747938,0.0,0.5845439094118774,918.7218998144381,205.2686293516308
540,-0.7044104894026667,-1452.12201742893,0.0,1.6443443298339844,0.0,0.05578075349330902,0.0,0.03754008561372757,0.0,1.737665168941021,918.7218998144381,207.00629452057183
541,-0.15843251330416064,-1452.280449942234,0.0,2.209998846054077,0.0,0.20704808831214905,0.0,1.6381877660751343,0.0,4.0552347004413605,918.7218998144381,211.0615292210132
542,-1.5352647304534912,-1453.8157146726876,1.5352647304534912,0.0,0.0,0.2279820740222931,0.0,1.289861798286438,0.017420858144760132,0.0,918.7393206725828,211.0615292210132
543,-5.249382942914963,-1459.0650976156026,5.122460842132568,0.0,0.0,0.4879048764705658,0.1269221007823944,0.0,4.761478066444397,0.0,923.5007987390272,211.0615292210132
544,-0.5738170146942139,-1459.6389146302968,0.0,0.15906870365142822,0.0,2.2189652919769287,0.5738170146942139,0.0,0.0,1.804216980934143,923.5007987390272,212.86574620194733
545,-0.5278604328632355,-1460.16677506316,0.1552869975566864,0.0,0.0,0.5397773385047913,0.3725734353065491,0.0,0.0,0.011916905641555786,923.5007987390272,212.8776631075889
546,-2.7946566343307495,-1462.9614316974908,0.53883957862854,0.0,0.7438445091247559,0.0,1.5119725465774536,0.0,2.7946566343307495,0.0,926.295455373358,212.8776631075889
547,-2.3333906829357147,-1465.2948223804265,1.2478946447372437,0.0,0.35911455750465393,0.0,0.7263814806938171,0.0,2.3333906829357147,0.0,928.6288460562937,212.8776631075889
548,-2.5574778020381927,-1467.8523001824647,1.317481517791748,0.0,0.4793415367603302,0.0,0.7606547474861145,0.0,2.5574778020381927,0.0,931.1863238583319,212.8776631075889
549,-2.3829416036605835,-1470.2352417861252,1.0641010999679565,0.0,0.5022775530815125,0.0,0.8165629506111145,0.0,2.3829416036605835,0.0,933.5692654619925,212.8776631075889
550,-1.32433220744133,-1471.5595739935666,0.4215100109577179,0.0,0.19325745105743408,0.0,0.709564745426178,0.0,1.32433220744133,0.0,934.8935976694338,212.8776631075889
551,-1.0865674912929535,-1472.6461414848595,0.3560788035392761,0.0,0.3036712408065796,0.0,0.4268174469470978,0.0,1.0865674912929535,0.0,935.9801651607268,212.8776631075889
552,-2.1198595386752648,-1474.7660010235347,0.35421058535575867,0.0,0.18733297288417816,0.0,0.4224299192428589,0.0,0.9639734774827957,0.0,936.9441386382096,212.8776631075889
553,-4.277915814783791,-1479.0439168383184,0.3527388870716095,0.0,0.41434183716773987,0.0,0.6592432856559753,0.0,1.4263240098953247,0.0,938.3704626481049,212.8776631075889
554,-3.1878342628479004,-1482.2317511011663,1.104862928390503,0.0,0.6930983066558838,0.0,0.8342258930206299,0.0,2.6321871280670166,0.0,941.0026497761719,212.8776631075889
555,-3.3007972240448,-1485.532548325211,1.1169562339782715,0.0,0.6590067148208618,0.0,0.9569395184516907,0.0,2.732902467250824,0.0,943.7355522434227,212.8776631075889
556,-4.447865962982178,-1489.9804142881933,1.2834686040878296,0.0,0.19677786529064178,0.0,1.2384374141693115,0.0,2.718683883547783,0.0,946.4542361269705,212.8776631075889
557,-3.185338258743286,-1493.1657525469366,0.7417224645614624,0.0,0.6044078469276428,0.0,1.2783904075622559,0.0,2.624520719051361,0.0,949.0787568460219,212.8776631075889
558,-2.6176724433898926,-1495.7834249903265,0.852156937122345,0.0,0.7704269289970398,0.0,0.47872230410575867,0.0,2.1013061702251434,0.0,951.180063016247,212.8776631075889
559,-3.7298574447631836,-1499.5132824350896,0.022483883425593376,0.0,1.7896188497543335,0.0,0.09781907498836517,0.0,1.909921808168292,0.0,953.0899848244153,212.8776631075889
560,-2.1023433208465576,-1501.6156257559362,0.0,0.2742091119289398,0.7764625549316406,0.0,0.19937077164649963,0.0,0.7016242146492004,0.0,953.7916090390645,212.8776631075889
561,-1.5809266567230225,-1503.1965524126592,0.0,0.7288286089897156,0.26171445846557617,0.0,0.11428000777959824,0.0,0.0,0.35283414274454117,953.7916090390645,213.23049725033343
562,-1.3792531490325928,-1504.5758055616918,0.0,0.016489902511239052,0.8997969031333923,0.0,0.1566145271062851,0.0,1.0399215277284384,0.0,954.8315305667929,213.23049725033343
563,-2.021405289921157,-1506.597210851613,0.0,1.932206153869629,0.0,0.8026078343391418,0.35155725479125977,0.0,0.0,2.383256733417511,954.8315305667929,215.61375398375094
564,-6.182089502074377,-1512.7793003536874,4.120516777038574,0.0,0.7605963349342346,0.0,0.0,0.8482314348220825,4.032881677150726,0.0,958.8644122439437,215.61375398375094
565,-0.9884350021956335,-1513.7677353558831,0.8784191608428955,0.0,0.0,0.09195384383201599,0.0,2.0168299674987793,0.0,1.2303646504878998,958.8644122439437,216.84411863423884
566,0.0,-1513.7677353558831,0.0,1.0875006914138794,0.0,0.20255598425865173,0.0,1.0296295881271362,0.0,2.3196862637996674,958.8644122439437,219.1638048980385
567,0.0,-1513.7677353558831,0.0,0.7357885837554932,0.0,0.8027613162994385,0.0,0.27781611680984497,0.0,1.8163660168647766,958.8644122439437,220.98017091490328
568,-1.7789454460144043,-1515.5466808018975,0.0,0.25515425205230713,0.0,1.0924055576324463,1.7789454460144043,0.0,0.4313856363296509,0.0,959.2957978802733,220.98017091490328
569,-2.666534423828125,-1518.2132152257257,0.9289909601211548,0.0,1.3803174495697021,0.0,0.35722601413726807,0.0,2.666534423828125,0.0,961.9623323041014,220.98017091490328
570,-1.7140252031385899,-1519.9272404288643,0.419117271900177,0.0,0.05905461683869362,0.0,1.2358533143997192,0.0,1.7140252031385899,0.0,963.67635750724,220.98017091490328
571,-1.5655874609947205,-1521.492827889859,0.5895200371742249,0.0,0.0,0.2011999487876892,0.9760674238204956,0.0,1.3643875122070312,0.0,965.0407450194471,220.98017091490328
572,-2.0430452823638916,-1523.5358731722229,0.6107581257820129,0.0,0.36172670125961304,0.0,1.0705604553222656,0.0,2.0430452823638916,0.0,967.083790301811,220.98017091490328
573,-2.4461169838905334,-1525.9819901561134,0.7614776492118835,0.0,0.19623863697052002,0.0,1.4884006977081299,0.0,2.4461169838905334,0.0,969.5299072857015,220.98017091490328
574,-3.2185028195381165,-1529.2004929756515,2.038154125213623,0.0,0.19325745105743408,0.0,0.9870912432670593,0.0,3.2185028195381165,0.0,972.7484101052396,220.98017091490328
575,-1.091298684477806,-1530.2917916601293,0.37498530745506287,0.0,0.18901224434375763,0.0,0.5273011326789856,0.0,1.091298684477806,0.0,973.8397087897174,220.98017091490328
576,-1.755486283161089,-1532.0472779432905,0.3568393290042877,0.0,0.18733283877372742,0.0,0.4547356069087982,0.0,0.9989077746868134,0.0,974.8386165644042,220.98017091490328
577,-2.8102479153177278,-1534.8575258586081,0.3527388870716095,0.0,0.18591830134391785,0.0,0.42040467262268066,0.0,0.959061861038208,0.0,975.7976784254424,220.98017091490328
578,-3.366151466215003,-1538.2236773248233,0.3514370918273926,0.0,0.18461598455905914,0.0,0.41668131947517395,0.0,0.9527343958616257,0.0,976.750412821304,220.98017091490328
579,-3.105724590048499,-1541.3294019148718,0.35007867217063904,0.0,0.20002931356430054,0.0,0.41886255145072937,0.0,0.968970537185669,0.0,977.7193833584897,220.98017091490328
580,-3.4304419334594876,-1544.7598438483312,0.6100125312805176,0.0,1.1817612648010254,0.0,1.0698976516723633,0.0,2.8616714477539062,0.0,980.5810548062436,220.98017091490328
581,-6.898413379484415,-1551.6582572278157,3.9432358741760254,0.0,0.2564220726490021,0.0,1.2105412483215332,0.0,5.410199195146561,0.0,985.9912540013902,220.98017091490328
582,-4.718547515700671,-1556.3768047435165,0.8935863971710205,0.0,0.0,0.29076260328292847,0.7996931672096252,0.0,1.4025169610977173,0.0,987.3937709624879,220.98017091490328
583,-4.739755623255135,-1561.1165603667716,0.8430626392364502,0.0,0.32802775502204895,0.0,0.0,0.11826010793447495,1.0528302863240242,0.0,988.4466012488119,220.98017091490328
584,-4.515268335411697,-1565.6318287021834,0.0,0.08978129178285599,0.37908220291137695,0.0,0.021540949121117592,0.0,0.31084186024963856,0.0,988.7574431090616,220.98017091490328
585,-3.9267352888095006,-1569.558563990993,0.0,0.4998004138469696,0.3465421497821808,0.0,0.44038182497024536,0.0,0.28712356090545654,0.0,989.044566669967,220.98017091490328
586,-2.6318949950638717,-1572.190458986057,0.3174455463886261,0.0,0.35085994005203247,0.0,0.0008387576672248542,0.0,0.6691442441078834,0.0,989.7137109140749,220.98017091490328
587,-3.206490732983021,-1575.3969497190399,0.0,0.8096776008605957,1.1495132446289062,0.0,0.8755228519439697,0.0,1.2153584957122803,0.0,990.9290694097872,220.98017091490328
588,-1.483726239625426,-1576.8806759586653,0.0,0.9252549409866333,0.0,0.7313488721847534,0.6750030517578125,0.0,0.0,0.9816007614135742,990.9290694097872,221.96177167631686
589,-0.07447594591829608,-1576.9551519045835,0.0,0.7582007050514221,0.027538316324353218,0.0,0.0,0.7716074585914612,0.0,1.50226984731853,990.9290694097872,223.4640415236354
590,-0.1957819676026702,-1577.1509338721862,0.1887591928243637,0.0,0.007022774778306484,0.0,0.0,1.0087960958480835,0.0,0.8130141282454133,990.9290694097872,224.2770556518808
591,-0.6912001073360443,-1577.8421339795223,0.0,0.6151168942451477,0.04044690728187561,0.0,0.6507532000541687,0.0,0.0760832130908966,0.0,991.0051526228781,224.2770556518808
592,-0.05079980567097664,-1577.8929337851932,0.05079980567097664,0.0,0.0,0.06697840243577957,0.0,1.43280029296875,0.0,1.448978889733553,991.0051526228781,225.72603454161435
593,-0.4816820602864027,-1578.3746158454796,0.0,0.07371017336845398,0.026100127026438713,0.0,0.455581933259964,0.0,0.4079718869179487,0.0,991.413124509796,225.72603454161435
594,-1.272297352552414,-1579.646913198032,0.30708345770835876,0.0,0.15865206718444824,0.0,0.8065618276596069,0.0,1.272297352552414,0.0,992.6854218623484,225.72603454161435
595,-3.865754336118698,-1583.5126675341508,2.314897060394287,0.0,0.35625216364860535,0.0,1.1946051120758057,0.0,3.865754336118698,0.0,996.5511761984671,225.72603454161435
596,-2.12335804104805,-1585.6360255751988,0.610758900642395,0.0,0.41281142830848694,0.0,1.099787712097168,0.0,2.12335804104805,0.0,998.6745342395152,225.72603454161435
597,-2.74401393532753,-1588.3800395105263,1.5398399829864502,0.0,0.3876185119152069,0.0,0.8165554404258728,0.0,2.74401393532753,0.0,1001.4185481748427,225.72603454161435
598,-2.4040527939796448,-1590.784092304506,1.5008540153503418,0.0,0.19325745105743408,0.0,0.7099413275718689,0.0,2.4040527939796448,0.0,1003.8226009688224,225.72603454161435
599,-0.9720643013715744,-1591.7561566058775,0.3560788035392761,0.0,0.18901224434375763,0.0,0.42697325348854065,0.0,0.9720643013715744,0.0,1004.794665270194,225.72603454161435
600,-2.0466692952991137,-1593.8028259011767,0.35421058535575867,0.0,0.18733283877372742,0.0,0.42326635122299194,0.0,0.964809775352478,0.0,1005.7594750455464,225.72603454161435
601,-3.5176193237444915,-1597.320445224921,0.3527388870716095,0.0,0.18591824173927307,0.0,0.5005932450294495,0.0,1.039250373840332,0.0,1006.7987254193868,225.72603454161435
602,-4.764678048257169,-1602.0851232731782,0.35143721103668213,0.0,0.18462048470973969,0.0,0.4037274122238159,0.0,0.9397851079702377,0.0,1007.738510527357,225.72603454161435
603,-4.458925724029541,-1606.5440489972077,1.6307475566864014,0.0,0.8669940233230591,0.0,1.1854255199432373,0.0,3.6831670999526978,0.0,1011.4216776273097,225.72603454161435
604,-5.727020263671875,-1612.2710692608796,1.9865632057189941,0.0,0.0,0.01426270604133606,1.609447717666626,0.0,3.581748217344284,0.0,1015.003425844654,225.72603454161435
605,-4.1041647765680604,-1616.3752340374476,1.391593098640442,0.0,0.6717275381088257,0.0,1.2519031763076782,0.0,3.315223813056946,0.0,1018.3186496577109,225.72603454161435
606,-2.992281436920166,-1619.3675154743678,0.43565690517425537,0.0,0.5140677094459534,0.0,0.4903903305530548,0.0,1.4401149451732635,0.0,1019.7587646028842,225.72603454161435
607,-3.124833331355116,-1622.492348805723,0.0,0.3435456454753876,0.9393964409828186,0.0,0.34928977489471436,0.0,0.9451405704021454,0.0,1020.7039051732863,225.72603454161435
608,-3.7370848655700684,-1626.229433671293,0.0,0.32447996735572815,0.0,0.1781168431043625,0.19704867899417877,0.0,0.0,0.30554813146591187,1020.7039051732863,226.03158267308027
609,-4.897859573364258,-1631.1272932446573,1.4582053422927856,0.0,0.0,0.17588314414024353,1.599967122077942,0.0,2.882289320230484,0.0,1023.5861944935168,226.03158267308027
610,-1.595862155461199,-1632.7231554001185,0.5111491084098816,0.0,0.894077479839325,0.0,0.0,0.307426393032074,1.0978001952171326,0.0,1024.683994688734,226.03158267308027
611,-1.856596779562953,-1634.5797521796815,0.0,1.0723572969436646,0.9403738379478455,0.0,0.0,0.47145721316337585,0.0,0.603440672159195,1024.683994688734,226.63502334523946
612,-2.438630049824421,-1637.018382229506,0.0,3.4515297412872314,0.0,2.36714243888855,0.26904672384262085,0.0,0.0,5.54962545633316,1024.683994688734,232.18464880157262
613,-0.07807875382433269,-1637.0964609833302,0.0,0.9164679646492004,0.0,0.575820803642273,0.0,0.34604862332344055,0.0,1.838337391614914,1024.683994688734,234.02298619318753
614,0.0,-1637.0964609833302,0.0,1.0116024017333984,0.0,0.22340743243694305,0.0,1.0730279684066772,0.0,2.3080378025770187,1024.683994688734,236.33102399576455
615,0.0,-1637.0964609833302,0.0,0.8532128930091858,0.0,0.17444145679473877,0.0,1.6305725574493408,0.0,2.6582269072532654,1024.683994688734,238.98925090301782
616,0.0,-1637.0964609833302,0.0,0.5380383729934692,0.0,0.173508882522583,0.0,0.41329535841941833,0.0,1.1248426139354706,1024.683994688734,240.1140935169533
617,-1.148989886045456,-1638.2454508693756,0.38442274928092957,0.0,0.0,0.028112348169088364,0.7645671367645264,0.0,1.1208775378763676,0.0,1025.8048722266103,240.1140935169533
618,-1.5588949024677277,-1639.8043457718434,0.3678765594959259,0.0,0.38846760988235474,0.0,0.802550733089447,0.0,1.5588949024677277,0.0,1027.363767129078,240.1140935169533
619,-1.6117551922798157,-1641.4161009641232,0.7303415536880493,0.0,0.15819144248962402,0.0,0.7232221961021423,0.0,1.6117551922798157,0.0,1028.9755223213579,240.1140935169533
620,-2.816710740327835,-1644.232811704451,1.3891408443450928,0.0,0.35700443387031555,0.0,1.0705654621124268,0.0,2.816710740327835,0.0,1031.7922330616857,240.1140935169533
621,-1.7468451857566833,-1645.9796568902077,0.45421919226646423,0.0,0.3876185119152069,0.0,0.9050074815750122,0.0,1.7468451857566833,0.0,1033.5390782474424,240.1140935169533
622,-5.9845302402973175,-1651.964187130505,0.4215100109577179,0.0,4.011590003967285,0.0,1.5514302253723145,0.0,5.9845302402973175,0.0,1039.5236084877397,240.1140935169533
623,-1.4146488904953003,-1653.3788360210003,0.3560788035392761,0.0,0.30236607789993286,0.0,0.7562040090560913,0.0,1.4146488904953003,0.0,1040.938257378235,240.1140935169533
624,-4.406203934195933,-1657.7850399551962,0.35421058535575867,0.0,0.18733283877372742,0.0,1.5970816612243652,0.0,2.1386250853538513,0.0,1043.0768824635888,240.1140935169533
625,-5.491927146911621,-1663.2769671021078,0.3527388870716095,0.0,0.18591776490211487,0.0,0.4169948697090149,0.0,0.9556515216827393,0.0,1044.0325339852716,240.1140935169533
626,-3.3870654106140137,-1666.6640325127219,0.5754416584968567,0.0,0.5934038162231445,0.0,0.39827120304107666,0.0,1.5671166777610779,0.0,1045.5996506630327,240.1140935169533
627,-2.6220295429229736,-1669.2860620556448,1.0055499076843262,0.0,0.41325366497039795,0.0,0.7170588970184326,0.0,2.1358624696731567,0.0,1047.7355131327058,240.1140935169533
628,-2.688235282897949,-1671.9742973385428,0.8603627681732178,0.0,0.39411795139312744,0.0,0.9405372142791748,0.0,2.19501793384552,0.0,1049.9305310665513,240.1140935169533
629,-6.212307453155518,-1678.1866047916983,0.9745156764984131,0.0,0.2860090732574463,0.0,3.6308646202087402,0.0,4.8913893699646,0.0,1054.821920436516,240.1140935169533
630,-4.286157131195068,-1682.4727619228934,0.9579024910926819,0.0,1.0818824768066406,0.0,1.5233254432678223,0.0,3.5631104111671448,0.0,1058.385030847683,240.1140935169533
631,-3.1602845191955566,-1685.633046442089,0.0,0.38359302282333374,0.7097846865653992,0.0,0.3305692970752716,0.0,0.656760960817337,0.0,1059.0417918085004,240.1140935169533
632,-4.235361099243164,-1689.868407541332,1.141751766204834,0.0,1.0148088932037354,0.0,1.287631630897522,0.0,3.4441922903060913,0.0,1062.4859840988065,240.1140935169533
633,-2.8096718788146973,-1692.6780794201468,0.0,0.6630342602729797,0.8416820764541626,0.0,0.7379137277603149,0.0,0.9165615439414978,0.0,1063.402545642748,240.1140935169533
634,-1.4406045363286903,-1694.1186839564755,0.0,0.9955720901489258,0.0,0.4100278913974762,0.0,0.3434182405471802,0.0,1.7490182220935822,1063.402545642748,241.86311173904687
635,-1.523228645324707,-1695.6419126018002,0.0,1.164355754852295,0.055698223412036896,0.0,0.0,0.5658258199691772,0.0,1.6744833514094353,1063.402545642748,243.5375950904563
636,-3.024983196419035,-1698.6668957982192,0.0,2.1289567947387695,0.0,1.9152135848999023,0.0,0.40287506580352783,0.0,4.4470454454422,1063.402545642748,247.9846405358985
637,-0.27820273078942465,-1698.9450985290086,0.0,3.1151089668273926,0.0,0.3473106324672699,0.0,0.7949500679969788,0.0,4.257369667291641,1063.402545642748,252.24201020319015
638,0.0,-1698.9450985290086,0.0,0.9733622670173645,0.0,0.30119627714157104,0.0,0.7886004447937012,0.0,2.0631589889526367,1063.402545642748,254.30516919214278
639,0.0,-1698.9450985290086,0.0,0.6973904967308044,0.0,0.2286708652973175,0.0,1.0782735347747803,0.0,2.004334896802902,1063.402545642748,256.3095040889457
640,-0.41181886196136475,-1699.35691739097,0.41181886196136475,0.0,0.0,0.20805931091308594,0.0,1.6355597972869873,0.0,1.4318002462387085,1063.402545642748,257.7413043351844
641,-0.31945550441741943,-1699.6763728953874,0.31945550441741943,0.0,0.0,0.05981559306383133,0.0,0.926010012626648,0.0,0.6663701012730598,1063.402545642748,258.40767443645746
642,-2.438092350959778,-1702.1144652463472,0.5453435778617859,0.0,1.1327673196792603,0.0,0.7599814534187317,0.0,2.438092350959778,0.0,1065.8406379937078,258.40767443645746
643,-9.343379348516464,-1711.4578445948637,0.5176286101341248,0.0,0.35864773392677307,0.0,8.467103004455566,0.0,9.343379348516464,0.0,1075.1840173422243,258.40767443645746
644,-2.463055670261383,-1713.920900265125,0.8479079008102417,0.0,0.36468249559402466,0.0,1.2504652738571167,0.0,2.463055670261383,0.0,1077.6470730124856,258.40767443645746
645,-5.710536688566208,-1719.6314369536913,4.1328816413879395,0.0,0.3876185119152069,0.0,1.1900365352630615,0.0,5.710536688566208,0.0,1083.3576097010518,258.40767443645746
646,-1.5736335515975952,-1721.2050705052889,0.4215100109577179,0.0,0.44255486130714417,0.0,0.7095686793327332,0.0,1.5736335515975952,0.0,1084.9312432526494,258.40767443645746
647,-1.1184548884630203,-1722.3235253937519,0.3560788035392761,0.0,0.23568828403949738,0.0,0.5266878008842468,0.0,1.1184548884630203,0.0,1086.0496981411125,258.40767443645746
648,-3.9103547737924655,-1726.2338801675444,0.35421058535575867,0.0,0.2998753786087036,0.0,0.45272940397262573,0.0,1.106815367937088,0.0,1087.1565135090495,258.40767443645746
649,-2.7935070239962143,-1729.0273871915406,0.38374024629592896,0.0,0.1859189122915268,0.0,0.7208536863327026,0.0,1.2905128449201584,0.0,1088.4470263539697,258.40767443645746
650,-2.057772268878493,-1731.0851594604192,0.5519265532493591,0.0,0.332586407661438,0.0,0.7667144536972046,0.0,1.6512274146080017,0.0,1090.0982537685777,258.40767443645746
651,-2.833986759185791,-1733.919146219605,0.8748054504394531,0.0,0.41272467374801636,0.0,1.0417063236236572,0.0,2.3292364478111267,0.0,1092.4274902163888,258.40767443645746
652,-3.663517951965332,-1737.5826641715703,0.6251740455627441,0.0,0.1642468422651291,0.0,1.1125497817993164,0.0,1.9019706696271896,0.0,1094.329460886016,258.40767443645746
653,-3.942544937133789,-1741.525209108704,1.4562630653381348,0.0,0.33916541934013367,0.0,1.3099708557128906,0.0,3.105399340391159,0.0,1097.4348602264072,258.40767443645746
654,-6.486504554748535,-1748.0117136634526,3.2305033206939697,0.0,0.9363174438476562,0.0,0.8255779147148132,0.0,4.992398679256439,0.0,1102.4272589056636,258.40767443645746
655,-4.419861316680908,-1752.4315749801335,0.0,0.16698011755943298,0.9387587904930115,0.0,0.8049059510231018,0.0,1.5766846239566803,0.0,1104.0039435296203,258.40767443645746
656,-9.91463851928711,-1762.3462134994206,1.6114453077316284,0.0,1.817578911781311,0.0,3.6411120891571045,0.0,7.070136308670044,0.0,1111.0740798382903,258.40767443645746
657,-10.681318283081055,-1773.0275317825017,0.39490798115730286,0.0,0.0,0.10598660260438919,6.343989849090576,0.0,6.63291122764349,0.0,1117.7069910659338,258.40767443645746
658,-2.7598864467442668,-1775.787418229246,0.0,0.9431443214416504,0.0,0.37486475706100464,1.2997570037841797,0.0,0.0,0.018252074718475342,1117.7069910659338,258.42592651117593
659,-0.7866096069980386,-1776.574027836244,0.0,0.2425043284893036,0.3669433891773224,0.0,0.38280725479125977,0.0,0.5072463154792786,0.0,1118.214237381413,258.42592651117593
660,-1.8275234474405313,-1778.4015512836847,0.0,1.8044973611831665,0.0,1.9938340187072754,0.16100794076919556,0.0,0.0,3.6373234391212463,1118.214237381413,262.0632499502972
661,-0.43345127677283424,-1778.8350025604575,0.0,3.007267475128174,0.0,0.45434555411338806,0.24901850521564484,0.0,0.0,3.212594524025917,1118.214237381413,265.2758444743231
662,-0.4715328514575958,-1779.306535411915,0.4715328514575958,0.0,0.0,0.2784641683101654,0.0,0.7426332831382751,0.0,0.5495645999908447,1118.214237381413,265.82540907431394
663,0.0,-1779.306535411915,0.0,0.8783159852027893,0.0,0.18615493178367615,0.0,0.9933585524559021,0.0,2.0578294694423676,1118.214237381413,267.8832385437563
664,-0.008904332295060158,-1779.3154397442102,0.008904332295060158,0.0,0.0,0.17176029086112976,0.0,0.2827402949333191,0.0,0.4455962534993887,1118.214237381413,268.3288347972557
665,0.0,-1779.3154397442102,0.0,0.07415510714054108,0.0,0.04232902079820633,0.0,1.1610832214355469,0.0,1.2775673493742943,1118.214237381413,269.60640214663
666,-0.6733137965202332,-1779.9887535407304,0.40967029333114624,0.0,0.2636435031890869,0.0,0.0,0.2811458110809326,0.39216798543930054,0.0,1118.6064053668524,269.60640214663
667,-4.138092219829559,-1784.12684576056,2.1317970752716064,0.0,0.3581891655921936,0.0,1.6481059789657593,0.0,4.138092219829559,0.0,1122.744497586682,269.60640214663
668,-2.1577840447425842,-1786.2846298053025,0.7031155824661255,0.0,0.36468249559402466,0.0,1.089985966682434,0.0,2.1577840447425842,0.0,1124.9022816314246,269.60640214663
669,-16.44182488322258,-1802.726454688525,7.0275139808654785,0.0,0.3876185119152069,0.0,9.026692390441895,0.0,16.44182488322258,0.0,1141.3441065146471,269.60640214663
670,-2.530956506729126,-1805.2574111952542,0.4215100109577179,0.0,0.44215521216392517,0.0,1.667291283607483,0.0,2.530956506729126,0.0,1143.8750630213763,269.60640214663
671,-1.7284856736660004,-1806.9858968689202,0.37498530745506287,0.0,0.7011880874633789,0.0,0.6523122787475586,0.0,1.7284856736660004,0.0,1145.6035486950423,269.60640214663
672,-2.837253272397865,-1809.8231501413181,0.3568393290042877,0.0,0.19907070696353912,0.0,1.1838476657867432,0.0,1.73975770175457,0.0,1147.3433063967968,269.60640214663
673,-3.8848114916062517,-1813.7079616329245,0.34507817029953003,0.0,0.7501540184020996,0.0,0.3472699820995331,0.0,1.4425021708011627,0.0,1148.785808567598,269.60640214663
674,-4.918153442113587,-1818.6261150750381,2.0959830284118652,0.0,0.5483458042144775,0.0,1.338201880455017,0.0,3.98253071308136,0.0,1152.7683392806794,269.60640214663
675,-3.450494259978468,-1822.0766093350167,0.6082589626312256,0.0,0.0,0.028277188539505005,1.5445187091827393,0.0,2.12450048327446,0.0,1154.8928397639538,269.60640214663
676,-1.6027302742004395,-1823.679339609217,0.5437899231910706,0.0,0.21619203686714172,0.0,0.46313467621803284,0.0,1.2231166362762451,0.0,1156.11595640023,269.60640214663
677,-3.630497932434082,-1827.3098375416512,1.0306297540664673,0.0,0.21876627206802368,0.0,0.5066630244255066,0.0,1.7560590505599976,0.0,1157.87201545079,269.60640214663
678,-4.445382118225098,-1831.7552196598763,1.5558578968048096,0.0,1.391573429107666,0.0,0.4773329496383667,0.0,3.4247642755508423,0.0,1161.296779726341,269.60640214663
679,-2.910943031311035,-1834.6661626911873,0.9288403987884521,0.0,0.8384546041488647,0.0,0.5884196162223816,0.0,2.3557146191596985,0.0,1163.6524943455006,269.60640214663
680,-1.1933925151824951,-1835.8595552063698,0.4006911516189575,0.0,0.3703015148639679,0.0,0.2257772833108902,0.0,0.9967699497938156,0.0,1164.6492642952944,269.60640214663
681,-2.189805507659912,-1838.0493607140297,0.4392951726913452,0.0,0.7043338418006897,0.0,0.10784142464399338,0.0,1.2514704391360283,0.0,1165.9007347344304,269.60640214663
682,-1.9137016195070982,-1839.9630623335368,0.0,0.8918763399124146,0.8386897444725037,0.0,0.0,0.08650707453489304,0.0,0.13969366997480392,1165.9007347344304,269.7460958166048
683,-2.7954590712441023,-1842.7585214047808,0.0,0.2107851654291153,0.3533530533313751,0.0,1.626574993133545,0.0,1.7691428810358047,0.0,1167.6698776154662,269.7460958166048
684,-1.0738335025645054,-1843.8323549073452,0.0,2.0929923057556152,0.0,2.2149875164031982,0.0,0.27623870968818665,0.0,4.584218531847,1167.6698776154662,274.3303143484518
685,-0.09400480045752697,-1843.9263597078027,0.0,2.821746826171875,0.0,0.3082233965396881,0.0,0.7295730113983154,0.0,3.8595432341098785,1167.6698776154662,278.1898575825617
686,0.0,-1843.9263597078027,0.0,1.5723023414611816,0.0,0.23463253676891327,0.0,0.43854618072509766,0.0,2.2454810589551926,1167.6698776154662,280.43533864151686
687,0.0,-1843.9263597078027,0.0,0.9335511326789856,0.0,0.21109865605831146,0.0,0.6057747006416321,0.0,1.7504244893789291,1167.6698776154662,282.1857631308958
688,-0.4294658899307251,-1844.3558255977334,0.4294658899307251,0.0,0.0,0.1713041365146637,0.0,1.609385371208191,0.0,1.3512236177921295,1167.6698776154662,283.5369867486879
689,-1.3497511148452759,-1845.7055767125787,1.3497511148452759,0.0,0.0,0.018549371510744095,0.0,0.5461143851280212,0.7850873582065105,0.0,1168.4549649736728,283.5369867486879
690,-10.019587397575378,-1855.725164110154,1.4444351196289062,0.0,0.7158244848251343,0.0,7.859327793121338,0.0,10.019587397575378,0.0,1178.4745523712481,283.5369867486879
691,-2.1160890758037567,-1857.8412531859578,1.0972508192062378,0.0,0.09410354495048523,0.0,0.9247347116470337,0.0,2.1160890758037567,0.0,1180.590641447052,283.5369867486879
692,-1.5550709664821625,-1859.39632415244,0.4469726085662842,0.0,0.3473612368106842,0.0,0.7607371211051941,0.0,1.5550709664821625,0.0,1182.145712413534,283.5369867486879
693,-1.6586288809776306,-1861.0549530334176,0.45421919226646423,0.0,0.3876185119152069,0.0,0.8167911767959595,0.0,1.6586288809776306,0.0,1183.8043412945117,283.5369867486879
694,-1.8844010829925537,-1862.9393541164102,0.57329261302948,0.0,0.19325745105743408,0.0,1.1178510189056396,0.0,1.8844010829925537,0.0,1185.6887423775042,283.5369867486879
695,-1.6542626768350601,-1864.5936167932452,0.3560788035392761,0.0,0.18901224434375763,0.0,1.1091716289520264,0.0,1.6542626768350601,0.0,1187.3430050543393,283.5369867486879
696,-1.553661487649639,-1866.1472782808949,0.35421058535575867,0.0,0.18733283877372742,0.0,0.42226648330688477,0.0,0.9638099074363708,0.0,1188.3068149617757,283.5369867486879
697,-3.0458218375722117,-1869.193100118467,0.3527388870716095,0.0,0.18591783940792084,0.0,0.419158399105072,0.0,0.9578151255846024,0.0,1189.2646300873603,283.5369867486879
698,-5.432226918048707,-1874.6253270365157,0.3514370918273926,0.0,0.18461598455905914,0.0,0.41660335659980774,0.0,0.9526564329862595,0.0,1190.2172865203465,283.5369867486879
699,-2.661681652069092,-1877.2870086885848,0.37996068596839905,0.0,0.38169968128204346,0.0,1.4389251470565796,0.0,2.200585514307022,0.0,1192.4178720346536,283.5369867486879
700,-4.757102966308594,-1882.0441116548934,0.3234289586544037,0.0,0.032286614179611206,0.0,1.246823787689209,0.0,1.6025393605232239,0.0,1194.0204113951768,283.5369867486879
701,-3.086599349975586,-1885.130711004869,0.6059508323669434,0.0,0.5556700229644775,0.0,1.3810882568359375,0.0,2.5427091121673584,0.0,1196.5631205073441,283.5369867486879
702,-4.0427751541137695,-1889.1734861589828,0.8625901937484741,0.0,2.0079729557037354,0.0,0.4864095449447632,0.0,3.3569726943969727,0.0,1199.920093201741,283.5369867486879
703,-4.340846061706543,-1893.5143322206893,0.6819432973861694,0.0,1.3720300197601318,0.0,0.3207665681838989,0.0,2.3747398853302,0.0,1202.2948330870713,283.5369867486879
704,-3.1870920658111572,-1896.7014242865005,0.6725462675094604,0.0,0.36130577325820923,0.0,0.3045942485332489,0.0,1.3384462893009186,0.0,1203.6332793763722,283.5369867486879
705,-5.133034413268881,-1901.8344586997694,2.309082269668579,0.0,0.0,0.7053478956222534,0.8458696603775024,0.0,2.449604034423828,0.0,1206.082883410796,283.5369867486879
706,-4.23222184601424,-1906.0666805457836,0.8659619092941284,0.0,0.0,0.44870784878730774,0.0,0.6004404425621033,0.0,0.1831863820552826,1206.082883410796,283.7201731307432
707,-2.1524674111422226,-1908.2191479569258,0.0,1.0868643522262573,0.0,0.23760955035686493,0.0,0.9101106524467468,0.0,2.234584555029869,1206.082883410796,285.9547576857731
708,-1.8445274692701064,-1910.063675426196,0.0,1.1632137298583984,0.8604338765144348,0.0,0.0,1.5599186420440674,0.0,1.862698495388031,1206.082883410796,287.8174561811611
709,-0.47072545885129513,-1910.5344008850473,0.0,0.9385051727294922,0.3932203948497772,0.0,0.0,0.2859772741794586,0.0,0.8312620520591736,1206.082883410796,288.6487182332203
710,-0.45112913846969604,-1910.985530023517,0.0,0.5056313276290894,0.45112913846969604,0.0,0.0,0.47904282808303833,0.0,0.5335450172424316,1206.082883410796,289.1822632504627
711,-0.002140653785318136,-1910.9876706773023,0.0,0.6964846849441528,0.002140653785318136,0.0,0.0,0.09830903261899948,0.0,0.7926530637778342,1206.082883410796,289.97491631424055
712,-0.10474548488855362,-1911.0924161621908,0.0,0.03524324670433998,0.0,1.0367511510849,0.10474548488855362,0.0,0.0,0.9672489129006863,1206.082883410796,290.94216522714123
713,-0.8638500273227692,-1911.9562661895136,0.20622381567955017,0.0,0.0,2.034161329269409,0.657626211643219,0.0,0.0,1.17031130194664,1206.082883410796,292.11247652908787
714,-2.024268925189972,-1913.9805351147036,0.36093831062316895,0.0,0.42034584283828735,0.0,1.2429847717285156,0.0,2.024268925189972,0.0,1208.107152335986,292.11247652908787
715,-2.3054184317588806,-1916.2859535464625,0.861149787902832,0.0,0.46824032068252563,0.0,0.976028323173523,0.0,2.3054184317588806,0.0,1210.412570767745,292.11247652908787
716,-2.642518699169159,-1918.9284722456316,1.2025023698806763,0.0,0.36468249559402466,0.0,1.075333833694458,0.0,2.642518699169159,0.0,1213.055089466914,292.11247652908787
717,-3.461022228002548,-1922.3894944736342,1.5637325048446655,0.0,0.3876185119152069,0.0,1.5096712112426758,0.0,3.461022228002548,0.0,1216.5161116949166,292.11247652908787
718,-3.3803562223911285,-1925.7698506960253,0.4215100109577179,0.0,0.19325745105743408,0.0,2.7655887603759766,0.0,3.3803562223911285,0.0,1219.8964679173077,292.11247652908787
