episode,episode_reward,epsilon
1,-5765.057114232797,0.9704455335485082
2,-5767.096791971475,0.9417645335842487
