episode,episode_reward,epsilon
1,-6382.488837778568,0.9704455335485082
2,-6377.316683515906,0.9417645335842487
