episode,episode_reward,epsilon
1,-15952.553180882896,0.9704455335485082
2,-16420.07492430776,0.9417645335842487
