episode,episode_reward,epsilon
1,-4675.48927799684,0.9704455335485082
2,-4603.90440889925,0.9417645335842487
