episode,episode_reward,epsilon
1,-13172.092933892913,0.9704455335485082
2,-12988.24126570858,0.9417645335842487
