episode,episode_reward,epsilon
1,-4261.8045806926675,0.9704455335485082
2,-4234.074036965147,0.9417645335842487
