episode,episode_reward,epsilon
1,-13792.085735426983,0.9704455335485082
2,-13461.241869626567,0.9417645335842487
