episode,episode_reward,epsilon
1,-4284.565201938152,0.9704455335485082
2,-4199.838203579187,0.9417645335842487
