episode,episode_reward,epsilon
1,-3855.222258595209,0.9704455335485082
2,-3797.709107906663,0.9417645335842487
