episode,episode_reward,epsilon
1,-6741.831030052533,0.9704455335485082
2,-6796.210252755563,0.9417645335842487
