episode,episode_reward,epsilon
1,-4401.114724334795,0.9704455335485082
2,-4335.479697326198,0.9417645335842487
