time_step,reward,all_rewards,grid_import_Building_1_kwh,export_Building_1_kwh,grid_import_Building_2_kwh,export_Building_2_kwh,grid_import_Building_3_kwh,export_Building_3_kwh,grid_import_kwh,export_kwh,cumulative_grid_import_kwh,cumulative_export_kwh
0,-1.2643084526062012,-1.2643084526062012,2.033644199371338,0.0,0.5619984865188599,0.0,1.689454197883606,0.0,4.285096883773804,0.0,4.285096883773804,0.0
1,-0.1526956409215927,-1.4170040935277939,0.8462807536125183,0.0,0.18591776490211487,0.0,0.47319296002388,0.0,1.5053914785385132,0.0,5.790488362312317,0.0
2,-0.0928565189242363,-1.5098606124520302,0.7249863147735596,0.0,0.18461598455905914,0.0,0.4455188810825348,0.0,1.3551211804151535,0.0,7.14560954272747,0.0
3,-0.05251587927341461,-1.5623764917254448,0.6327978372573853,0.0,0.1873515099287033,0.0,0.433448851108551,0.0,1.2535981982946396,0.0,8.39920774102211,0.0
4,-0.04916585236787796,-1.6115423440933228,0.6071555614471436,0.0,0.20223666727542877,0.0,0.4351603388786316,0.0,1.244552567601204,0.0,9.643760308623314,0.0
5,-0.24413816630840302,-1.8556805104017258,1.00062894821167,0.0,0.23087537288665771,0.0,0.49980950355529785,0.0,1.7313138246536255,0.0,11.37507413327694,0.0
6,-0.7074480056762695,-2.5631285160779953,1.607621669769287,0.0,0.24817126989364624,0.0,1.033126950263977,0.0,2.8889198899269104,0.0,14.26399402320385,0.0
7,-1.763502597808838,-4.326631113886833,0.5342340469360352,0.0,0.3452141582965851,0.0,0.8840543627738953,0.0,1.7635025680065155,0.0,16.027496591210365,0.0
8,-9.774259567260742,-14.100890681147575,4.653266429901123,0.0,2.933849573135376,0.0,2.187143325805664,0.0,9.774259328842163,0.0,25.80175592005253,0.0
9,-3.2866463661193848,-17.38753704726696,0.48263463377952576,0.0,0.6722479462623596,0.0,2.1317636966705322,0.0,3.2866462767124176,0.0,29.088402196764946,0.0
10,-1.9179718494415283,-19.30550889670849,0.0,0.3569531738758087,0.6334824562072754,0.0,1.284489393234253,0.0,1.5610186755657196,0.0,30.649420872330666,0.0
11,-3.455195903778076,-22.760704800486565,1.8172708749771118,0.0,0.6685148477554321,0.0,0.969410240650177,0.0,3.455195963382721,0.0,34.10461683571339,0.0
12,-1.9672014713287354,-24.7279062718153,0.26597872376441956,0.0,0.9704316258430481,0.0,0.7307910919189453,0.0,1.967201441526413,0.0,36.0718182772398,0.0
13,-0.28255409002304077,-25.01046036183834,0.0,0.26564109325408936,0.28255409002304077,0.0,0.0,0.6318330764770508,0.0,0.6149200797080994,36.0718182772398,0.6149200797080994
14,-0.4761016145348549,-25.486561976373196,0.0768645778298378,0.0,0.3992370367050171,0.0,0.0,0.07937953621149063,0.39672207832336426,0.0,36.468540355563164,0.6149200797080994
15,-1.3265159130096436,-26.81307788938284,0.16432055830955505,0.0,1.0962364673614502,0.0,0.06595885753631592,0.0,1.3265158832073212,0.0,37.795056238770485,0.6149200797080994
16,-0.2912794053554535,-27.104357294738293,0.0,0.1696302890777588,0.2912794053554535,0.0,0.0,0.2320985496044159,0.0,0.11044943332672119,37.795056238770485,0.7253695130348206
17,-1.050235629081726,-28.15459292382002,0.1799376904964447,0.0,0.3064201772212982,0.0,0.15006080269813538,0.0,0.6364186704158783,0.0,38.43147490918636,0.7253695130348206
18,-2.5602521896362305,-30.71484511345625,0.4625154137611389,0.0,0.16118374466896057,0.0,0.7676620483398438,0.0,1.3913612067699432,0.0,39.82283611595631,0.7253695130348206
19,-4.676103591918945,-35.390948705375195,1.0769085884094238,0.0,0.3912005126476288,0.0,0.9811120629310608,0.0,2.4492211639881134,0.0,42.27205727994442,0.7253695130348206
20,-4.538349151611328,-39.92929785698652,0.5288646817207336,0.0,0.780853271484375,0.0,1.0705604553222656,0.0,2.3802784085273743,0.0,44.652335688471794,0.7253695130348206
21,-6.351798057556152,-46.281095914542675,0.9365671873092651,0.0,0.3876185119152069,0.0,1.962751865386963,0.0,3.286937564611435,0.0,47.93927325308323,0.7253695130348206
22,-2.5829672813415527,-48.86406319588423,0.4215100109577179,0.0,0.19325745105743408,0.0,1.9681999683380127,0.0,2.5829674303531647,0.0,50.522240683436394,0.7253695130348206
23,-2.5820488929748535,-51.44611208885908,0.3560788035392761,0.0,0.18901224434375763,0.0,2.0369577407836914,0.0,2.582048788666725,0.0,53.10428947210312,0.7253695130348206
24,0.05792165547609329,-51.38819043338299,0.35421058535575867,0.0,0.18733283877372742,0.0,0.42208048701286316,0.0,0.9636239111423492,0.0,54.06791338324547,0.7253695130348206
25,0.0627312883734703,-51.32545914500952,0.3527388870716095,0.0,0.17920845746994019,0.0,0.41900184750556946,0.0,0.9509491920471191,0.0,55.01886257529259,0.7253695130348206
26,0.06816182285547256,-51.257297322154045,0.3514370918273926,0.0,0.16868312656879425,0.0,0.4166029393672943,0.0,0.9367231577634811,0.0,55.95558573305607,0.7253695130348206
27,-0.24740052223205566,-51.5046978443861,0.35007867217063904,0.0,0.1873515099287033,0.0,1.1875500679016113,0.0,1.7249802500009537,0.0,57.68056598305702,0.7253695130348206
28,-0.35450416803359985,-51.8592020124197,1.3546943664550781,0.0,0.20223666727542877,0.0,0.4351603388786316,0.0,1.9920913726091385,0.0,59.67265735566616,0.7253695130348206
29,-0.3965413570404053,-52.255743369460106,1.3658525943756104,0.0,0.23087537288665771,0.0,0.49980950355529785,0.0,2.096537470817566,0.0,61.76919482648373,0.7253695130348206
30,-0.371141254901886,-52.62688462436199,1.3301458358764648,0.0,0.24327263236045837,0.0,0.4589728116989136,0.0,2.032391279935837,0.0,63.80158610641956,0.7253695130348206
31,-3.0472214221954346,-55.67410604655743,1.1053740978240967,0.0,0.7555338144302368,0.0,1.186313509941101,0.0,3.0472214221954346,0.0,66.848807528615,0.7253695130348206
32,-6.363886833190918,-62.037992879748344,0.6659061908721924,0.0,4.513418674468994,0.0,1.1845614910125732,0.0,6.36388635635376,0.0,73.21269388496876,0.7253695130348206
33,-0.3876694291830063,-62.42566230893135,0.0,0.4318349361419678,0.13957519829273224,0.0,0.24809423089027405,0.0,0.0,0.04416550695896149,73.21269388496876,0.769535019993782
34,-0.06265433132648468,-62.488316640257835,0.06265433132648468,0.0,0.0,1.0477455854415894,0.0,0.018229525536298752,0.0,1.0033207796514034,73.21269388496876,1.7728557996451855
35,-0.3224653899669647,-62.8107820302248,0.3224653899669647,0.0,0.0,1.2396326065063477,0.0,0.21491865813732147,0.0,1.1320858746767044,73.21269388496876,2.90494167432189
36,-6.582389831542969,-69.39317186176777,5.824774742126465,0.0,0.5106744170188904,0.0,0.24694044888019562,0.0,6.582389608025551,0.0,79.79508349299431,2.90494167432189
37,-1.7521350383758545,-71.14530690014362,1.7521350383758545,0.0,0.0,0.17027628421783447,0.0,0.596929669380188,0.984929084777832,0.0,80.78001257777214,2.90494167432189
38,0.0,-71.14530690014362,0.0,0.5143934488296509,0.0,0.05979296937584877,0.0,0.06400222331285477,0.0,0.6381886415183544,80.78001257777214,3.5431303158402443
39,-0.7720916271209717,-71.9173985272646,0.0,0.6550762057304382,0.7720916271209717,0.0,0.0,0.24682287871837616,0.0,0.1298074573278427,80.78001257777214,3.672937773168087
40,-1.1289808750152588,-73.04637940227985,0.447745680809021,0.0,0.19314506649971008,0.0,0.4880902171134949,0.0,1.128980964422226,0.0,81.90899354219437,3.672937773168087
41,-1.6198176145553589,-74.66619701683521,0.0,0.14580199122428894,0.553185224533081,0.0,0.3666064143180847,0.0,0.7739896476268768,0.0,82.68298318982124,3.672937773168087
42,-4.729994773864746,-79.39619179069996,1.109107494354248,0.0,0.2910788059234619,0.0,1.074630618095398,0.0,2.474816918373108,0.0,85.15780010819435,3.672937773168087
43,-3.1882262229919434,-82.5844180136919,0.7583456039428711,0.0,0.21914196014404297,0.0,0.7263814806938171,0.0,1.7038690447807312,0.0,86.86166915297508,3.672937773168087
44,-5.667172431945801,-88.2515904456377,2.2908387184143066,0.0,0.20169100165367126,0.0,0.4507490396499634,0.0,2.9432787597179413,0.0,89.80494791269302,3.672937773168087
45,-2.842447280883789,-91.09403772652149,0.6353296637535095,0.0,0.19623863697052002,0.0,0.6992846727371216,0.0,1.5308529734611511,0.0,91.33580088615417,3.672937773168087
46,-1.4290204048156738,-92.52305813133717,0.5435421466827393,0.0,0.19325745105743408,0.0,0.6922207474708557,0.0,1.429020345211029,0.0,92.7648212313652,3.672937773168087
47,-0.9907427430152893,-93.51380087435246,0.37498530745506287,0.0,0.18901224434375763,0.0,0.4267451763153076,0.0,0.9907427281141281,0.0,93.75556395947933,3.672937773168087
48,0.05231087654829025,-93.46148999780416,0.35421058535575867,0.0,0.18733283877372742,0.0,0.42208048701286316,0.0,0.9636239111423492,0.0,94.71918787062168,3.672937773168087
49,0.05444546043872833,-93.40704453736544,0.3527388870716095,0.0,0.18591776490211487,0.0,0.41900184750556946,0.0,0.9576584994792938,0.0,95.67684637010098,3.672937773168087
50,0.056195251643657684,-93.35084928572178,0.3514370918273926,0.0,0.18461598455905914,0.0,0.4166029393672943,0.0,0.952656015753746,0.0,96.62950238585472,3.672937773168087
51,0.06059187650680542,-93.29025740921497,0.3348560631275177,0.0,0.1873515099287033,0.0,0.4188297688961029,0.0,0.9410373419523239,0.0,97.57053972780704,3.672937773168087
52,0.04235472530126572,-93.24790268391371,0.34860697388648987,0.0,0.20223666727542877,0.0,0.4351603388786316,0.0,0.9860039800405502,0.0,98.5565437078476,3.672937773168087
53,0.0047214701771736145,-93.24318121373653,0.3487769067287445,0.0,0.23087537288665771,0.0,0.49980950355529785,0.0,1.0794617831707,0.0,99.6360054910183,3.672937773168087
54,0.03948748856782913,-93.2036937251687,0.30258339643478394,0.0,0.23897044360637665,0.0,0.4503684341907501,0.0,0.9919222742319107,0.0,100.6279277652502,3.672937773168087
55,-1.1287806034088135,-94.33247432857752,0.5197288393974304,0.0,0.2986651062965393,0.0,0.31038662791252136,0.0,1.128780573606491,0.0,101.7567083388567,3.672937773168087
56,-3.554551839828491,-97.88702616840601,0.794775664806366,0.0,1.8937938213348389,0.0,0.8659823536872864,0.0,3.554551839828491,0.0,105.31126017868519,3.672937773168087
57,-2.343339055776596,-100.2303652241826,0.0,0.5403615236282349,1.917726993560791,0.0,0.42561206221580505,0.0,1.8029775321483612,0.0,107.11423771083355,3.672937773168087
58,-6.6453094482421875,-106.8756746724248,1.210247278213501,0.0,3.249906301498413,0.0,2.1851561069488525,0.0,6.645309686660767,0.0,113.75954739749432,3.672937773168087
59,0.0,-106.8756746724248,0.0,1.0440349578857422,0.0,0.15369483828544617,0.0,0.3224382996559143,0.0,1.5201680958271027,113.75954739749432,5.19310586899519
60,0.0,-106.8756746724248,0.0,1.0866937637329102,0.0,1.0988116264343262,0.0,0.11811089515686035,0.0,2.3036162853240967,113.75954739749432,7.496722154319286
61,-7.003236293792725,-113.87891096621752,0.0,0.7644610404968262,0.0,0.18946334719657898,7.003236293792725,0.0,6.0493119060993195,0.0,119.80885930359364,7.496722154319286
62,0.0,-113.87891096621752,0.0,0.6829460859298706,0.0,0.16892418265342712,0.0,0.05988061800599098,0.0,0.9117508865892887,119.80885930359364,8.408473040908575
63,-2.0864264369010925,-115.96533740311861,1.561369776725769,0.0,0.0,0.013574364595115185,0.5250566601753235,0.0,2.0728520723059773,0.0,121.88171137589961,8.408473040908575
64,-2.13383150100708,-118.09916890412569,0.9007319211959839,0.0,0.011278570629656315,0.0,1.2218209505081177,0.0,2.133831442333758,0.0,124.01554281823337,8.408473040908575
65,-1.8721145391464233,-119.97128344327211,0.14395681023597717,0.0,0.21786905825138092,0.0,0.6827080249786377,0.0,1.0445338934659958,0.0,125.06007671169937,8.408473040908575
66,-6.315454959869385,-126.2867384031415,0.9867361783981323,0.0,0.313500314950943,0.0,1.9659061431884766,0.0,3.266142636537552,0.0,128.32621934823692,8.408473040908575
67,-4.811817169189453,-131.09855557233095,0.8331621885299683,0.0,0.35911455750465393,0.0,1.3219858407974243,0.0,2.5142625868320465,0.0,130.84048193506896,8.408473040908575
68,-4.061739921569824,-135.16029549390078,0.6107575297355652,0.0,0.36468249559402466,0.0,1.1637225151062012,0.0,2.139162540435791,0.0,132.97964447550476,8.408473040908575
69,-4.3298869132995605,-139.49018240720034,0.6353296637535095,0.0,0.4478263854980469,0.0,1.1900190114974976,0.0,2.273175060749054,0.0,135.2528195362538,8.408473040908575
70,-1.111764669418335,-140.60194707661867,0.48252609372138977,0.0,0.19325745105743408,0.0,0.4359810948371887,0.0,1.1117646396160126,0.0,136.36458417586982,8.408473040908575
71,-1.48699951171875,-142.08894658833742,0.8712420463562012,0.0,0.18901224434375763,0.0,0.4267451763153076,0.0,1.4869994670152664,0.0,137.8515836428851,8.408473040908575
72,0.04464184492826462,-142.04430474340916,0.3594680726528168,0.0,0.18733283877372742,0.0,0.42208048701286316,0.0,0.9688813984394073,0.0,138.8204650413245,8.408473040908575
73,0.04888780415058136,-141.99541693925858,0.3527388870716095,0.0,0.18591776490211487,0.0,0.41900184750556946,0.0,0.9576584994792938,0.0,139.7781235408038,8.408473040908575
74,0.050645969808101654,-141.94477096945047,0.3514370918273926,0.0,0.18461598455905914,0.0,0.4166029393672943,0.0,0.952656015753746,0.0,140.73077955655754,8.408473040908575
75,0.055050939321517944,-141.88972003012896,0.3348560631275177,0.0,0.1873515099287033,0.0,0.4188297688961029,0.0,0.9410373419523239,0.0,141.67181689850986,8.408473040908575
76,0.036822132766246796,-141.8528978973627,0.34860697388648987,0.0,0.20223666727542877,0.0,0.4351603388786316,0.0,0.9860039800405502,0.0,142.6578208785504,8.408473040908575
77,-0.4195631146430969,-142.2724610120058,1.3677350282669067,0.0,0.23087537288665771,0.0,0.5277521014213562,0.0,2.1263625025749207,0.0,144.78418338112533,8.408473040908575
78,-0.58016037940979,-142.8526213914156,0.3598918616771698,0.0,0.25422030687332153,0.0,1.9131399393081665,0.0,2.527252107858658,0.0,147.311435488984,8.408473040908575
79,-11.737028121948242,-154.58964951336384,4.734346389770508,0.0,4.12573766708374,0.0,2.876943826675415,0.0,11.737027883529663,0.0,159.04846337251365,8.408473040908575
80,-0.99751216173172,-155.58716167509556,0.0,1.2281895875930786,0.6259528994560242,0.0,0.3715592622756958,0.0,0.0,0.23067742586135864,159.04846337251365,8.639150466769934
81,-0.5314039587974548,-156.118565633893,0.0,1.7157762050628662,0.0,0.5258198380470276,0.5314039587974548,0.0,0.0,1.710192084312439,159.04846337251365,10.349342551082373
82,-1.8929898738861084,-158.01155550777912,0.09223128855228424,0.0,0.8632230758666992,0.0,0.9375355243682861,0.0,1.8929898887872696,0.0,160.94145326130092,10.349342551082373
83,-5.285558342933655,-163.29711385071278,0.0,0.3503643572330475,3.492887258529663,0.0,1.7926710844039917,0.0,4.935193985700607,0.0,165.87664724700153,10.349342551082373
84,-0.08615544438362122,-163.3832692950964,0.0,0.48728668689727783,0.0,0.6676325798034668,0.08615544438362122,0.0,0.0,1.0687638223171234,165.87664724700153,11.418106373399496
85,-0.08687037974596024,-163.47013967484236,0.0,0.10344289988279343,0.08687037974596024,0.0,0.0,0.06797640770673752,0.0,0.08454892784357071,165.87664724700153,11.502655301243067
86,0.0,-163.47013967484236,0.0,0.5747829079627991,0.0,1.361009955406189,0.0,0.2017921507358551,0.0,2.137585014104843,165.87664724700153,13.64024031534791
87,-0.006768382620066404,-163.47690805746242,0.0,0.6318455934524536,0.006768382620066404,0.0,0.0,0.15831618010997772,0.0,0.7833933909423649,165.87664724700153,14.423633706290275
88,-0.19390042126178741,-163.6708084787242,0.0,0.3609931766986847,0.19390042126178741,0.0,0.0,0.052840862423181534,0.0,0.2199336178600788,165.87664724700153,14.643567324150354
89,-4.789861679077148,-168.46067015780136,0.9598867297172546,0.0,1.2953776121139526,0.0,0.25194022059440613,0.0,2.5072045624256134,0.0,168.38385180942714,14.643567324150354
90,-2.820065498352051,-171.2807356561534,0.398721843957901,0.0,0.29576143622398376,0.0,0.827755868434906,0.0,1.5222391486167908,0.0,169.90609095804393,14.643567324150354
91,-3.386138677597046,-174.66687433375046,0.5945645570755005,0.0,0.4842626452445984,0.0,0.7263814806938171,0.0,1.805208683013916,0.0,171.71129964105785,14.643567324150354
92,-3.899425506591797,-178.56629984034225,0.9364479184150696,0.0,0.36468249559402466,0.0,0.7606547474861145,0.0,2.0617851614952087,0.0,173.77308480255306,14.643567324150354
93,-3.273838520050049,-181.8401383603923,0.5447744131088257,0.0,0.3876185119152069,0.0,0.8165318369865417,0.0,1.7489247620105743,0.0,175.52200956456363,14.643567324150354
94,-1.9517195224761963,-183.7918578828685,0.6589604616165161,0.0,0.3296126127243042,0.0,0.963146448135376,0.0,1.9517195224761963,0.0,177.47372908703983,14.643567324150354
95,-1.1967880725860596,-184.98864595545456,0.3560788035392761,0.0,0.3141602873802185,0.0,0.5265489816665649,0.0,1.1967880725860596,0.0,178.6705171596259,14.643567324150354
96,0.04951532930135727,-184.9391306261532,0.35421058535575867,0.0,0.18733283877372742,0.0,0.45272377133369446,0.0,0.9942671954631805,0.0,179.66478435508907,14.643567324150354
97,0.06469573080539703,-184.8744348953478,0.3527388870716095,0.0,0.18591776490211487,0.0,0.41699478030204773,0.0,0.9556514322757721,0.0,180.62043578736484,14.643567324150354
98,0.06562841683626175,-184.80880647851154,0.3514370918273926,0.0,0.18461598455905914,0.0,0.4166029393672943,0.0,0.952656015753746,0.0,181.5730918031186,14.643567324150354
99,0.063921719789505,-184.74488475872204,0.35007867217063904,0.0,0.1873515099287033,0.0,0.4188297688961029,0.0,0.9562599509954453,0.0,182.52935175411403,14.643567324150354
100,-0.31061941385269165,-185.05550417257473,1.2545539140701294,0.0,0.20223666727542877,0.0,0.4351603388786316,0.0,1.8919509202241898,0.0,184.42130267433822,14.643567324150354
101,0.0036877915263175964,-185.0518163810484,0.3468944728374481,0.0,0.23087537288665771,0.0,0.5277521014213562,0.0,1.105521947145462,0.0,185.52682462148368,14.643567324150354
102,-0.2638776898384094,-185.31569407088682,1.0784878730773926,0.0,0.2409534454345703,0.0,0.45433443784713745,0.0,1.7737757563591003,0.0,187.30060037784278,14.643567324150354
103,-2.8315629959106445,-188.14725706679747,1.406815528869629,0.0,1.11617112159729,0.0,0.3085762858390808,0.0,2.8315629363059998,0.0,190.13216331414878,14.643567324150354
104,-0.5558802485466003,-188.70313731534407,0.26671406626701355,0.0,0.23807062208652496,0.0,0.05109556391835213,0.0,0.5558802522718906,0.0,190.68804356642067,14.643567324150354
105,-0.23039452731609344,-188.93353184266016,0.0,0.4958544075489044,0.23039452731609344,0.0,0.0,0.13957266509532928,0.0,0.40503254532814026,190.68804356642067,15.048599869478494
106,0.0,-188.93353184266016,0.0,1.0164076089859009,0.0,0.015333311632275581,0.0,0.3945979177951813,0.0,1.4263388384133577,190.68804356642067,16.47493870789185
107,-0.5092339515686035,-189.44276579422876,0.0,0.9263487458229065,0.5092339515686035,0.0,0.0,0.5706278085708618,0.0,0.9877426028251648,190.68804356642067,17.462681310717016
108,-0.8749681711196899,-190.31773396534845,0.06056636571884155,0.0,0.0,0.012424386106431484,0.8144018054008484,0.0,0.8625437850132585,0.0,191.55058735143393,17.462681310717016
109,-0.4304117262363434,-190.7481456915848,0.0,0.7738717198371887,0.4304117262363434,0.0,0.0,0.4543624222278595,0.0,0.7978224158287048,191.55058735143393,18.26050372654572
110,-0.30191564559936523,-191.05006133718416,0.0,0.8958898782730103,0.30191564559936523,0.0,0.0,0.5466712713241577,0.0,1.1406455039978027,191.55058735143393,19.401149230543524
111,-0.9676889181137085,-192.01775025529787,0.0,0.5852379202842712,0.9676889181137085,0.0,0.0,0.34786614775657654,0.03458485007286072,0.0,191.5851722015068,19.401149230543524
112,0.0,-192.01775025529787,0.0,0.48445454239845276,0.0,0.14671702682971954,0.0,0.1763022094964981,0.0,0.8074737787246704,191.5851722015068,20.208623009268194
113,-3.080765724182129,-195.09851597948,0.8948801755905151,0.0,0.08385171741247177,0.0,0.6723393201828003,0.0,1.6510712131857872,0.0,193.23624341469258,20.208623009268194
114,-3.940922737121582,-199.03943871660158,0.37103885412216187,0.0,0.15303760766983032,0.0,1.5570083856582642,0.0,2.0810848474502563,0.0,195.31732826214284,20.208623009268194
115,-7.572383880615234,-206.61182259721681,0.7546690702438354,0.0,0.21914196014404297,0.0,2.9229397773742676,0.0,3.896750807762146,0.0,199.21407906990498,20.208623009268194
116,-4.552694320678711,-211.16451691789553,0.4469718635082245,0.0,0.36468249559402466,0.0,1.5751867294311523,0.0,2.3868410885334015,0.0,201.60092015843838,20.208623009268194
117,-2.167795419692993,-213.33231233758852,0.3636639416217804,0.0,0.3876185119152069,0.0,0.4430446922779083,0.0,1.1943271458148956,0.0,202.79524730425328,20.208623009268194
118,-1.6358888149261475,-214.96820115251467,0.5967347025871277,0.0,0.3296126127243042,0.0,0.7095414996147156,0.0,1.6358888149261475,0.0,204.43113611917943,20.208623009268194
119,-1.2080751657485962,-216.17627631826326,0.5923177599906921,0.0,0.18901224434375763,0.0,0.4267451763153076,0.0,1.2080751806497574,0.0,205.63921129982919,20.208623009268194
120,0.05549507588148117,-216.12078124238178,0.35421058535575867,0.0,0.18733283877372742,0.0,0.42208048701286316,0.0,0.9636239111423492,0.0,206.60283521097153,20.208623009268194
121,0.05762431025505066,-216.06315693212673,0.3527388870716095,0.0,0.18591776490211487,0.0,0.41900184750556946,0.0,0.9576584994792938,0.0,207.56049371045083,20.208623009268194
122,0.059368737041950226,-216.00378819508478,0.3514370918273926,0.0,0.18461598455905914,0.0,0.4166029393672943,0.0,0.952656015753746,0.0,208.51314972620457,20.208623009268194
123,0.06634080410003662,-215.93744739098474,0.35007867217063904,0.0,0.1873515099287033,0.0,0.39715519547462463,0.0,0.934585377573967,0.0,209.44773510377854,20.208623009268194
124,0.04551754146814346,-215.8919298495166,0.34860697388648987,0.0,0.20223666727542877,0.0,0.4351603388786316,0.0,0.9860039800405502,0.0,210.4337390838191,20.208623009268194
125,-0.23357383906841278,-216.125503688585,0.9524089097976685,0.0,0.23087537288665771,0.0,0.49980950355529785,0.0,1.683093786239624,0.0,212.11683287005872,20.208623009268194
126,-4.860483169555664,-220.98598685814068,5.020469665527344,0.0,0.29751452803611755,0.0,7.931743621826172,0.0,13.249727815389633,0.0,225.36656068544835,20.208623009268194
127,-1.0115041732788086,-221.9974910314195,0.10226792097091675,0.0,0.28070199489593506,0.0,0.628534197807312,0.0,1.0115041136741638,0.0,226.3780647991225,20.208623009268194
128,-0.7270533442497253,-222.7245443756692,0.0,0.21943727135658264,0.26006796956062317,0.0,0.4669853746891022,0.0,0.5076160728931427,0.0,226.88568087201566,20.208623009268194
129,-4.702228546142578,-227.4267729218118,4.173412322998047,0.0,0.13157224655151367,0.0,0.39724376797676086,0.0,4.702228337526321,0.0,231.58790920954198,20.208623009268194
130,-0.21567924320697784,-227.64245216501877,0.0,0.837080717086792,0.10908318310976028,0.0,0.10659606009721756,0.0,0.0,0.6214014738798141,231.58790920954198,20.83002448314801
131,-0.010712550953030586,-227.6531647159718,0.0,1.1622930765151978,0.010712550953030586,0.0,0.0,0.5703308582305908,0.0,1.721911383792758,231.58790920954198,22.551935866940767
132,-0.7721798047423363,-228.42534452071413,0.0,1.1904658079147339,0.6802657246589661,0.0,0.09191408008337021,0.0,0.0,0.4182860031723976,231.58790920954198,22.970221870113164
133,-0.3051246106624603,-228.7304691313766,0.0,1.2007795572280884,0.3051246106624603,0.0,0.0,0.06330440938472748,0.0,0.9589593559503555,231.58790920954198,23.92918122606352
134,-0.2884477972984314,-229.01891692867503,0.0,0.6445506811141968,0.2884477972984314,0.0,0.0,0.046737685799598694,0.0,0.4028405696153641,231.58790920954198,24.332021795678884
135,-0.9306524991989136,-229.94956942787394,0.0,0.895548939704895,0.9306524991989136,0.0,0.0,0.42193904519081116,0.0,0.3868354856967926,231.58790920954198,24.718857281375676
136,0.0,-229.94956942787394,0.0,0.5875452160835266,0.0,0.17033067345619202,0.0,0.22352951765060425,0.0,0.9814054071903229,231.58790920954198,25.700262688566
137,-3.650402784347534,-233.59997221222147,1.7877622842788696,0.0,0.0,0.018772907555103302,0.14659564197063446,0.0,1.9155850186944008,0.0,233.50349422823638,25.700262688566
138,-3.7907111644744873,-237.39068337669596,0.918773353099823,0.0,0.2831476926803589,0.0,0.8025283813476562,0.0,2.004449427127838,0.0,235.50794365536422,25.700262688566
139,-4.948697090148926,-242.3393804668449,1.6380316019058228,0.0,0.21908357739448547,0.0,0.7262647151947021,0.0,2.5833798944950104,0.0,238.09132354985923,25.700262688566
140,-20.238121032714844,-262.57750149955973,7.694016456604004,0.0,0.20169100165367126,0.0,2.332322120666504,0.0,10.228029578924179,0.0,248.3193531287834,25.700262688566
141,-3.3673722743988037,-265.94487377395853,0.7798219323158264,0.0,0.19623863697052002,0.0,0.8165318369865417,0.0,1.7925924062728882,0.0,250.1119455350563,25.700262688566
142,-1.050748586654663,-266.9956223606132,0.4215100109577179,0.0,0.19325745105743408,0.0,0.4359810948371887,0.0,1.0507485568523407,0.0,251.16269409190863,25.700262688566
143,-0.9718362092971802,-267.9674585699104,0.3560788035392761,0.0,0.18901224434375763,0.0,0.4267451763153076,0.0,0.9718362241983414,0.0,252.13453031610698,25.700262688566
144,0.04942864924669266,-267.9180299206637,0.35421058535575867,0.0,0.18733283877372742,0.0,0.42208048701286316,0.0,0.9636239111423492,0.0,253.09815422724932,25.700262688566
145,-0.12966251373291016,-268.0476924343966,0.5866090059280396,0.0,0.18591776490211487,0.0,0.6382042765617371,0.0,1.4107310473918915,0.0,254.50888527464122,25.700262688566
146,-0.029294155538082123,-268.0769865899347,0.33876895904541016,0.0,0.18461598455905914,0.0,0.6358053684234619,0.0,1.1591903120279312,0.0,255.66807558666915,25.700262688566
147,-0.021291732788085938,-268.09827832272276,0.3348560631275177,0.0,0.1873515099287033,0.0,0.6163576245307922,0.0,1.1385651975870132,0.0,256.80664078425616,25.700262688566
148,0.021949343383312225,-268.07632897933945,0.34860697388648987,0.0,0.20223666727542877,0.0,0.4790008068084717,0.0,1.0298444479703903,0.0,257.83648523222655,25.700262688566
149,0.003361441195011139,-268.07296753814444,0.3450120687484741,0.0,0.23087537288665771,0.0,0.49980950355529785,0.0,1.0756969451904297,0.0,258.912182177417,25.700262688566
150,-0.9253655672073364,-268.9983331053518,1.2575488090515137,0.0,0.8152798414230347,0.0,1.3240694999694824,0.0,3.3968981504440308,0.0,262.309080327861,25.700262688566
151,-1.3315662145614624,-270.32989931991324,0.3870762586593628,0.0,0.20606835186481476,0.0,0.738421618938446,0.0,1.3315662294626236,0.0,263.64064655732363,25.700262688566
152,-1.9629350900650024,-272.29283440997824,1.4906659126281738,0.0,0.16592095792293549,0.0,0.30634817481040955,0.0,1.9629350453615189,0.0,265.60358160268515,25.700262688566
153,-0.19011560082435608,-272.4829500108026,0.0,0.5706719756126404,0.19011560082435608,0.0,0.0,0.02427547238767147,0.0,0.4048318471759558,265.60358160268515,26.105094535741955
154,-0.2923145890235901,-272.7752645998262,0.0,0.7727327942848206,0.2923145890235901,0.0,0.0,0.27234557271003723,0.0,0.7527637779712677,265.60358160268515,26.857858313713223
155,-6.1134819984436035,-278.8887465982698,4.530760765075684,0.0,1.58272123336792,0.0,0.0,0.3817722201347351,5.731709778308868,0.0,271.335291380994,26.857858313713223
156,-0.7119631171226501,-279.60070971539244,0.0,0.03266453742980957,0.42088937759399414,0.0,0.291073739528656,0.0,0.6792985796928406,0.0,272.01458996068686,26.857858313713223
157,-0.3178994357585907,-279.91860915115103,0.0,0.49131590127944946,0.3178994357585907,0.0,0.0,0.2801191210746765,0.0,0.4535355865955353,272.01458996068686,27.311393900308758
158,-0.2706677317619324,-280.18927688291296,0.0,0.7494138479232788,0.2706677317619324,0.0,0.0,0.6091670989990234,0.0,1.0879132151603699,272.01458996068686,28.399307115469128
159,0.0,-280.18927688291296,0.0,0.59209144115448,0.0,0.2047167718410492,0.0,0.6147118210792542,0.0,1.4115200340747833,272.01458996068686,29.81082714954391
160,-0.041530692018568516,-280.23080757493153,0.03444037213921547,0.0,0.0,0.16462194919586182,0.007090319879353046,0.0,0.0,0.1230912571772933,272.01458996068686,29.933918406721205
161,-3.8917994499206543,-284.1226070248522,1.4606693983078003,0.0,0.0,0.006396973039954901,0.5929064154624939,0.0,2.0471788407303393,0.0,274.0617688014172,29.933918406721205
162,-5.812931060791016,-289.9355380856432,1.0783368349075317,0.0,0.1577356457710266,0.0,1.7780084609985352,0.0,3.0140809416770935,0.0,277.0758497430943,29.933918406721205
163,-4.021490573883057,-293.95702865952626,0.6995631456375122,0.0,0.21890221536159515,0.0,1.1998350620269775,0.0,2.118300423026085,0.0,279.1941501661204,29.933918406721205
164,-5.5182085037231445,-299.4752371632494,1.4313558340072632,0.0,0.36468249559402466,0.0,1.0705604553222656,0.0,2.8665987849235535,0.0,282.06074895104393,29.933918406721205
165,-3.647195816040039,-303.12243297928944,0.5447744131088257,0.0,0.19623863697052002,0.0,1.1900190114974976,0.0,1.9310320615768433,0.0,283.9917810126208,29.933918406721205
166,-0.9897325038909912,-304.11216548318043,0.3604939579963684,0.0,0.19325745105743408,0.0,0.4359810948371887,0.0,0.9897325038909912,0.0,284.98151351651177,29.933918406721205
167,-0.9718362092971802,-305.0840016924776,0.3560788035392761,0.0,0.18901224434375763,0.0,0.4267451763153076,0.0,0.9718362241983414,0.0,285.9533497407101,29.933918406721205
168,0.04356537014245987,-305.04043632233515,0.35421058535575867,0.0,0.18733283877372742,0.0,0.42208048701286316,0.0,0.9636239111423492,0.0,286.91697365185246,29.933918406721205
169,0.04571154713630676,-304.99472477519885,0.3527388870716095,0.0,0.18591776490211487,0.0,0.41900184750556946,0.0,0.9576584994792938,0.0,287.87463215133175,29.933918406721205
170,0.04747287184000015,-304.94725190335885,0.3514370918273926,0.0,0.18461598455905914,0.0,0.4166029393672943,0.0,0.952656015753746,0.0,288.8272881670855,29.933918406721205
171,0.04579193890094757,-304.9014599644579,0.35007867217063904,0.0,0.1873515099287033,0.0,0.4188297688961029,0.0,0.9562599509954453,0.0,289.78354811808094,29.933918406721205
172,0.03365533798933029,-304.86780462646857,0.34860697388648987,0.0,0.20223666727542877,0.0,0.4351603388786316,0.0,0.9860039800405502,0.0,290.7695520981215,29.933918406721205
173,-1.0310710668563843,-305.89887569332495,2.916538715362549,0.0,0.23087537288665771,0.0,0.49980950355529785,0.0,3.6472235918045044,0.0,294.416775689926,29.933918406721205
174,-0.27538228034973145,-306.1742579736747,0.384336918592453,0.0,0.23963414132595062,0.0,1.133434534072876,0.0,1.7574055939912796,0.0,296.1741812839173,29.933918406721205
175,-1.402383804321289,-307.576641777996,0.1516353189945221,0.0,0.7369452714920044,0.0,0.513803243637085,0.0,1.4023838341236115,0.0,297.5765651180409,29.933918406721205
176,-1.577296495437622,-309.1539382734336,1.1688817739486694,0.0,0.20974469184875488,0.0,0.19867007434368134,0.0,1.5772965401411057,0.0,299.153861658182,29.933918406721205
177,-0.18657486140727997,-309.3405131348409,0.0,0.6238800287246704,0.18657486140727997,0.0,0.0,0.031356967985630035,0.0,0.4686621353030205,299.153861658182,30.402580542024225
178,-0.03914664313197136,-309.37965977797285,0.0,0.9074476957321167,0.03914664313197136,0.0,0.0,0.2856380045413971,0.0,1.1539390571415424,299.153861658182,31.556519599165767
179,-0.19224512577056885,-309.5719049037434,0.0,1.0420626401901245,0.19224512577056885,0.0,0.0,0.45010045170783997,0.0,1.2999179661273956,299.153861658182,32.85643756529316
180,-0.5964974611997604,-310.1684023649432,0.0,1.1424123048782349,0.4565299153327942,0.0,0.13996754586696625,0.0,0.0,0.5459148436784744,299.153861658182,33.40235240897164
181,-0.34409284591674805,-310.5124952108599,0.0,0.8901332020759583,0.34409284591674805,0.0,0.0,0.5087555646896362,0.0,1.0547959208488464,299.153861658182,34.457148329820484
182,-0.33308976888656616,-310.8455849797465,0.0,0.9799602627754211,0.33308976888656616,0.0,0.0,0.48432299494743347,0.0,1.1311934888362885,299.153861658182,35.58834181865677
183,0.0,-310.8455849797465,0.0,0.8368264436721802,0.0,0.16624821722507477,0.0,0.3632165491580963,0.0,1.3662912100553513,299.153861658182,36.954633028712124
184,0.0,-310.8455849797465,0.0,0.556738018989563,0.0,0.1549270749092102,0.0,0.19272230565547943,0.0,0.9043873995542526,299.153861658182,37.859020428266376
185,-0.49802568554878235,-311.3436106652953,0.0,0.008356096222996712,0.0,0.009429455734789371,0.3552579879760742,0.0,0.33747243601828814,0.0,299.4913340942003,37.859020428266376
186,-2.616368532180786,-313.95997919747606,0.6814900636672974,0.0,0.1543160378932953,0.0,0.5785647034645081,0.0,1.4143708050251007,0.0,300.9057048992254,37.859020428266376
187,-5.574590682983398,-319.53456988045946,1.0584359169006348,0.0,0.35834044218063354,0.0,1.476647138595581,0.0,2.8934234976768494,0.0,303.79912839690223,37.859020428266376
188,-5.836523056030273,-325.37109293648973,0.8434675931930542,0.0,0.36468249559402466,0.0,1.816180944442749,0.0,3.024331033229828,0.0,306.82345943013206,37.859020428266376
189,-4.27998685836792,-329.65107979485765,0.5447744131088257,0.0,0.3876185119152069,0.0,1.3136118650436401,0.0,2.2460047900676727,0.0,309.06946422019973,37.859020428266376
190,-1.871687650680542,-331.5227674455382,0.3604939579963684,0.0,0.3296126127243042,0.0,1.1815810203552246,0.0,1.8716875910758972,0.0,310.94115181127563,37.859020428266376
191,-1.22037672996521,-332.7431441755034,0.3560788035392761,0.0,0.18901224434375763,0.0,0.6752856969833374,0.0,1.2203767448663712,0.0,312.161528556142,37.859020428266376
192,-0.08872167021036148,-332.83186584571376,0.6707591414451599,0.0,0.18733283877372742,0.0,0.42208048701286316,0.0,1.2801724672317505,0.0,313.44170102337375,37.859020428266376
193,-0.005702540278434753,-332.8375683859922,0.34507817029953003,0.0,0.307964563369751,0.0,0.41900184750556946,0.0,1.0720445811748505,0.0,314.5137456045486,37.859020428266376
194,0.041821204125881195,-332.7957471818663,0.3514370918273926,0.0,0.18461598455905914,0.0,0.4166029393672943,0.0,0.952656015753746,0.0,315.46640162030235,37.859020428266376
195,0.040148258209228516,-332.7555989236571,0.35007867217063904,0.0,0.1873515099287033,0.0,0.4188297688961029,0.0,0.9562599509954453,0.0,316.4226615712978,37.859020428266376
196,0.028019629418849945,-332.72757929423824,0.34860697388648987,0.0,0.20223666727542877,0.0,0.4351603388786316,0.0,0.9860039800405502,0.0,317.40866555133834,37.859020428266376
197,-0.009594209492206573,-332.73717350373045,0.3487769067287445,0.0,0.23087537288665771,0.0,0.49980950355529785,0.0,1.0794617831707,0.0,318.48812733450904,37.859020428266376
198,-0.32693010568618774,-333.06410360941663,1.1771295070648193,0.0,0.24088947474956512,0.0,0.4542064964771271,0.0,1.8722254782915115,0.0,320.36035281280056,37.859020428266376
199,-0.9122757911682129,-333.97637940058485,0.09793445467948914,0.0,0.3024880588054657,0.0,0.5118532776832581,0.0,0.9122757911682129,0.0,321.27262860396877,37.859020428266376
200,-1.9017574787139893,-335.87813687929884,1.3969422578811646,0.0,0.24484512209892273,0.0,0.25997012853622437,0.0,1.9017575085163116,0.0,323.1743861124851,37.859020428266376
201,-0.29184219241142273,-336.16997907171026,0.0,0.6303125619888306,0.23515954613685608,0.0,0.05668264627456665,0.0,0.0,0.33847036957740784,323.1743861124851,38.197490797843784
202,-0.11333481408655643,-336.2833138857968,0.0,0.9267101287841797,0.10197068750858307,0.0,0.011364126577973366,0.0,0.0,0.8133753146976233,323.1743861124851,39.01086611254141
203,-0.2947581708431244,-336.57807205663994,0.0,0.5439062714576721,0.1573142409324646,0.0,0.1374439299106598,0.0,0.0,0.24914810061454773,323.1743861124851,39.260014213155955
204,-0.008087906055152416,-336.5861599626951,0.0,0.35866621136665344,0.008087906055152416,0.0,0.0,0.16686540842056274,0.0,0.5174437137320638,323.1743861124851,39.77745792688802
205,-4.995195211842656,-341.58135517453775,0.0,0.08942629396915436,0.025905432179570198,0.0,4.969289779663086,0.0,4.905768917873502,0.0,328.0801550303586,39.77745792688802
206,-1.3493021428585052,-342.93065731739625,0.487641304731369,0.0,0.0,0.1010127067565918,0.8616608381271362,0.0,1.2482894361019135,0.0,329.3284444664605,39.77745792688802
207,-0.40926867723464966,-343.3399259946309,0.1957930475473404,0.0,0.05972663313150406,0.0,0.1537490040063858,0.0,0.40926868468523026,0.0,329.7377131511457,39.77745792688802
208,-0.23267818614840508,-343.5726041807793,0.0,0.24827715754508972,0.04585401341319084,0.0,0.18682417273521423,0.0,0.0,0.015598971396684647,329.7377131511457,39.7930568982847
209,-1.9721142053604126,-345.5447183861397,0.1961147040128708,0.0,0.1650208830833435,0.0,0.729783296585083,0.0,1.0909188836812973,0.0,330.828632034827,39.7930568982847
210,-4.823540210723877,-350.3682585968636,0.3991195857524872,0.0,0.29596030712127686,0.0,1.8214954137802124,0.0,2.5165753066539764,0.0,333.345207341481,39.7930568982847
211,-5.408984184265137,-355.77724278112873,0.9786856770515442,0.0,0.3576768636703491,0.0,1.472878098487854,0.0,2.8092406392097473,0.0,336.15444798069075,39.7930568982847
212,-3.8826165199279785,-359.6598593010567,0.6107575297355652,0.0,0.36468249559402466,0.0,1.0705604553222656,0.0,2.0460004806518555,0.0,338.2004484613426,39.7930568982847
213,-4.216662883758545,-363.87652218481526,0.6353296637535095,0.0,0.3876185119152069,0.0,1.1900190114974976,0.0,2.212967187166214,0.0,340.4134156485088,39.7930568982847
214,-2.384705066680908,-366.26122725149617,0.48252609372138977,0.0,0.9190770387649536,0.0,0.9831019043922424,0.0,2.384705036878586,0.0,342.7981206853874,39.7930568982847
215,-1.0096492767333984,-367.27087652822956,0.3938917815685272,0.0,0.18901224434375763,0.0,0.4267451763153076,0.0,1.0096492022275925,0.0,343.807769887615,39.7930568982847
216,0.03136688470840454,-367.23950964352116,0.3568393290042877,0.0,0.18733283877372742,0.0,0.42208048701286316,0.0,0.9662526547908783,0.0,344.7740225424059,39.7930568982847
217,0.03764450550079346,-367.20186513802037,0.34507817029953003,0.0,0.18591776490211487,0.0,0.41900184750556946,0.0,0.9499977827072144,0.0,345.7240203251131,39.7930568982847
218,-0.05075151473283768,-367.2526166527532,0.5692089200019836,0.0,0.18461598455905914,0.0,0.4166029393672943,0.0,1.170427843928337,0.0,346.8944481690414,39.7930568982847
219,0.034691959619522095,-367.2179246931337,0.35007867217063904,0.0,0.1873515099287033,0.0,0.4188297688961029,0.0,0.9562599509954453,0.0,347.85070812003687,39.7930568982847
220,0.022570960223674774,-367.19535373291,0.34860697388648987,0.0,0.20223666727542877,0.0,0.4351603388786316,0.0,0.9860039800405502,0.0,348.8367121000774,39.7930568982847
221,-0.5680839419364929,-367.7634376748465,1.7313987016677856,0.0,0.23087537288665771,0.0,0.49980950355529785,0.0,2.462083578109741,0.0,351.29879567818716,39.7930568982847
222,0.021057724952697754,-367.7423799498938,0.30128347873687744,0.0,0.2383204847574234,0.0,0.44906851649284363,0.0,0.9886724799871445,0.0,352.2874681581743,39.7930568982847
223,-0.5891687870025635,-368.33154873689637,0.057517584413290024,0.0,0.20612981915473938,0.0,0.3255213499069214,0.0,0.5891687534749508,0.0,352.87663691164926,39.7930568982847
224,-0.21486059576272964,-368.5464093326591,0.0,0.39134976267814636,0.1452266275882721,0.0,0.06963396817445755,0.0,0.0,0.17648916691541672,352.87663691164926,39.96954606520012
225,-0.2449120432138443,-368.79132137587294,0.0,0.7491872310638428,0.2449120432138443,0.0,0.0,0.11053763329982758,0.0,0.614812821149826,352.87663691164926,40.584358886349946
226,-0.10591587424278259,-368.8972372501157,0.0,0.9638462066650391,0.10591587424278259,0.0,0.0,0.16139096021652222,0.0,1.0193212926387787,352.87663691164926,41.603680178988725
227,-0.6419174894690514,-369.5391547395848,0.0,0.1521635353565216,0.5350982546806335,0.0,0.10681923478841782,0.0,0.48975395411252975,0.0,353.3663908657618,41.603680178988725
228,-1.0493011474609375,-370.5884558870457,0.03376428410410881,0.0,0.6010804772377014,0.0,0.414456307888031,0.0,1.0493010692298412,0.0,354.4156919349916,41.603680178988725
229,-8.26733597368002,-378.85579186072573,0.0,1.003985047340393,8.180971145629883,0.0,0.08636482805013657,0.0,7.263350926339626,0.0,361.67904286133125,41.603680178988725
230,0.0,-378.85579186072573,0.0,1.0160142183303833,0.0,0.1581920087337494,0.0,0.5203769207000732,0.0,1.694583147764206,361.67904286133125,43.29826332675293
231,0.0,-378.85579186072573,0.0,0.6432213187217712,0.0,0.04518565908074379,0.0,0.31277215480804443,0.0,1.0011791326105595,361.67904286133125,44.29944245936349
232,-5.730368614196777,-384.5861604749225,4.113112926483154,0.0,0.0,0.008898989297449589,1.617255687713623,0.0,5.721469624899328,0.0,367.4005124862306,44.29944245936349
233,-1.0765557289123535,-385.66271620383486,0.07977397739887238,0.0,0.14066290855407715,0.0,0.4213652014732361,0.0,0.6418020874261856,0.0,368.04231457365677,44.29944245936349
234,-4.685549259185791,-390.34826546302065,1.3207228183746338,0.0,0.5330559015274048,0.0,0.592465341091156,0.0,2.4462440609931946,0.0,370.48855863464996,44.29944245936349
235,-4.879324436187744,-395.2275898992084,0.8556849360466003,0.0,0.3578053414821625,0.0,1.3295866250991821,0.0,2.543076902627945,0.0,373.0316355372779,44.29944245936349
236,-3.75940203666687,-398.98699193587527,1.1676297187805176,0.0,0.36468249559402466,0.0,0.4507490396499634,0.0,1.9830612540245056,0.0,375.0146967913024,44.29944245936349
237,-4.018526554107666,-403.00551848998293,0.6075669527053833,0.0,0.19623863697052002,0.0,1.3087632656097412,0.0,2.1125688552856445,0.0,377.12726564658806,44.29944245936349
238,-1.6575520038604736,-404.6630704938434,1.028313398361206,0.0,0.19325745105743408,0.0,0.4359810948371887,0.0,1.6575519442558289,0.0,378.7848175908439,44.29944245936349
239,-0.9718362092971802,-405.6349067031406,0.3560788035392761,0.0,0.18901224434375763,0.0,0.4267451763153076,0.0,0.9718362241983414,0.0,379.7566538150422,44.29944245936349
240,0.027120299637317657,-405.60778640350327,0.35421058535575867,0.0,0.18733283877372742,0.0,0.42208048701286316,0.0,0.9636239111423492,0.0,380.7202777261846,44.29944245936349
241,0.029289543628692627,-405.5784968598746,0.3527388870716095,0.0,0.18591776490211487,0.0,0.41900184750556946,0.0,0.9576584994792938,0.0,381.67793622566387,44.29944245936349
242,0.0310739204287529,-405.5474229394458,0.3514370918273926,0.0,0.18461598455905914,0.0,0.4166029393672943,0.0,0.952656015753746,0.0,382.6305922414176,44.29944245936349
243,0.0294160395860672,-405.51800689985976,0.35007867217063904,0.0,0.1873515099287033,0.0,0.4188297688961029,0.0,0.9562599509954453,0.0,383.58685219241306,44.29944245936349
244,0.02245069295167923,-405.4955562069081,0.3357362449169159,0.0,0.20223666727542877,0.0,0.4351603388786316,0.0,0.9731332510709763,0.0,384.55998544348404,44.29944245936349
245,-0.030720509588718414,-405.5262767164968,0.3468944728374481,0.0,0.23087537288665771,0.0,0.5277521014213562,0.0,1.105521947145462,0.0,385.6655073906295,44.29944245936349
246,-1.3673759698867798,-406.8936526863836,0.3362347483634949,0.0,0.24239176511764526,0.0,3.8679957389831543,0.0,4.446622252464294,0.0,390.1121296430938,44.29944245936349
247,-1.8766727447509766,-408.77032543113455,1.1351090669631958,0.0,0.21149376034736633,0.0,0.5300699472427368,0.0,1.876672774553299,0.0,391.9888024176471,44.29944245936349
248,-2.2600769996643066,-411.03040243079886,0.7994797825813293,0.0,1.0725849866867065,0.0,0.38801226019859314,0.0,2.260077029466629,0.0,394.2488794471137,44.29944245936349
249,-0.9932252466678619,-412.0236276774667,0.0,0.16169406473636627,0.2862636148929596,0.0,0.7069616317749023,0.0,0.8315311819314957,0.0,395.0804106290452,44.29944245936349
250,0.0,-412.0236276774667,0.0,0.5522568821907043,0.0,0.01259163673967123,0.0,0.14417864382266998,0.0,0.7090271627530456,395.0804106290452,45.008469622116536
251,0.0,-412.0236276774667,0.0,0.8463038802146912,0.0,0.06984102725982666,0.0,0.48367542028427124,0.0,1.399820327758789,395.0804106290452,46.408289949875325
252,0.0,-412.0236276774667,0.0,0.07288040965795517,0.0,0.08553756773471832,0.0,0.5123308897018433,0.0,0.6707488670945168,395.0804106290452,47.07903881696984
253,-0.7348304037004709,-412.7584580811672,0.0,1.0048272609710693,0.7111999988555908,0.0,0.023630404844880104,0.0,0.0,0.2699968572705984,395.0804106290452,47.34903567424044
254,-5.5499420166015625,-418.30840009776875,5.203329086303711,0.0,0.3234153687953949,0.0,0.023197468370199203,0.0,5.549941923469305,0.0,400.6303525525145,47.34903567424044
255,0.0,-418.30840009776875,0.0,0.8221708536148071,0.0,0.15892040729522705,0.0,0.3485609292984009,0.0,1.329652190208435,400.6303525525145,48.678687864448875
256,-0.19316093623638153,-418.50156103400514,0.19316093623638153,0.0,0.0,0.12396221607923508,0.0,0.13079260289669037,0.0,0.061593882739543915,400.6303525525145,48.74028174718842
257,-1.3579684495925903,-419.8595294835977,0.5760786533355713,0.0,0.006998308934271336,0.0,0.1981380730867386,0.0,0.7812150353565812,0.0,401.4115675878711,48.74028174718842
258,-3.3958852291107178,-423.25541471270844,0.836626410484314,0.0,0.15649878978729248,0.0,0.8069952130317688,0.0,1.8001204133033752,0.0,403.2116880011745,48.74028174718842
259,-3.231874942779541,-426.487289655488,0.5181800127029419,0.0,0.2190180867910385,0.0,0.9808642864227295,0.0,1.71806238591671,0.0,404.9297503870912,48.74028174718842
260,-3.7241742610931396,-430.2114639165811,0.4469718635082245,0.0,0.20169100165367126,0.0,1.3154963254928589,0.0,1.9641591906547546,0.0,406.89390957774594,48.74028174718842
261,-17.023502349853516,-447.23496626643464,0.3636639416217804,0.0,0.19623863697052002,0.0,8.05386734008789,0.0,8.613769918680191,0.0,415.50767949642614,48.74028174718842
262,-1.263292908668518,-448.49825917510316,0.3604939579963684,0.0,0.19325745105743408,0.0,0.7095414996147156,0.0,1.263292908668518,0.0,416.77097240509465,48.74028174718842
263,-1.9203650951385498,-450.4186242702417,0.8147399425506592,0.0,0.18901224434375763,0.0,0.9166128635406494,0.0,1.9203650504350662,0.0,418.6913374555297,48.74028174718842
264,0.02199668437242508,-450.3966275858693,0.35421058535575867,0.0,0.18733283877372742,0.0,0.42208048701286316,0.0,0.9636239111423492,0.0,419.65496136667207,48.74028174718842
265,0.024173066020011902,-450.37245451984927,0.3527388870716095,0.0,0.18591776490211487,0.0,0.41900184750556946,0.0,0.9576584994792938,0.0,420.61261986615136,48.74028174718842
266,0.02596455067396164,-450.3464899691753,0.3514370918273926,0.0,0.18461598455905914,0.0,0.4166029393672943,0.0,0.952656015753746,0.0,421.5652758819051,48.74028174718842
267,0.02431376278400421,-450.3221762063913,0.35007867217063904,0.0,0.1873515099287033,0.0,0.4188297688961029,0.0,0.9562599509954453,0.0,422.52153583290055,48.74028174718842
268,0.012207217514514923,-450.3099689888768,0.34860697388648987,0.0,0.20223666727542877,0.0,0.4351603388786316,0.0,0.9860039800405502,0.0,423.5075398129411,48.74028174718842
269,-0.03580860048532486,-450.3457775893621,0.3468944728374481,0.0,0.23087537288665771,0.0,0.5277521014213562,0.0,1.105521947145462,0.0,424.61306176008657,48.74028174718842
270,-0.006920516490936279,-450.35269810585305,0.3350120782852173,0.0,0.24178043007850647,0.0,0.45598840713500977,0.0,1.0327809154987335,0.0,425.6458426755853,48.74028174718842
271,-0.6494573354721069,-451.00215544132516,0.11037639528512955,0.0,0.20860640704631805,0.0,0.33047452569007874,0.0,0.6494573280215263,0.0,426.2953000036068,48.74028174718842
272,-0.4473426192998886,-451.44949806062505,0.0,0.30443722009658813,0.29079610109329224,0.0,0.15654651820659637,0.0,0.14290539920330048,0.0,426.4382054028101,48.74028174718842
273,-0.865479126572609,-452.31497718719766,0.0,0.48703962564468384,0.7553882002830505,0.0,0.11009092628955841,0.0,0.3784395009279251,0.0,426.81664490373805,48.74028174718842
274,-0.017429426312446594,-452.3324066135101,0.017429426312446594,0.0,0.0,0.007893882691860199,0.0,0.3797190487384796,0.0,0.3701835051178932,426.81664490373805,49.11046525230631
275,-0.008054452948272228,-452.3404610664584,0.008054452948272228,0.0,0.0,0.03747405856847763,0.0,0.418941468000412,0.0,0.4483610736206174,426.81664490373805,49.55882632592693
276,-0.2801665812730789,-452.62062764773145,0.0,0.11086805909872055,0.13605967164039612,0.0,0.1441069096326828,0.0,0.16929852217435837,0.0,426.9859434259124,49.55882632592693
277,-0.5139166116714478,-453.1345442594029,0.0,1.0237867832183838,0.5139166116714478,0.0,0.0,0.09319671243429184,0.0,0.6030668839812279,426.9859434259124,50.16189320990816
278,-0.3557765278965235,-453.4903207872994,0.0,1.038109540939331,0.32646992802619934,0.0,0.029306599870324135,0.0,0.0,0.6823330130428076,426.9859434259124,50.844226222950965
279,-1.1855446100234985,-454.6758653973229,1.1855446100234985,0.0,0.0,0.1454814225435257,0.0,0.49624112248420715,0.5438220649957657,0.0,427.5297654909082,50.844226222950965
280,-5.212719917297363,-459.8885853146203,5.212719917297363,0.0,0.0,0.15689289569854736,0.0,0.19665394723415375,4.859173074364662,0.0,432.38893856527284,50.844226222950965
281,-3.454263210296631,-463.3428485249169,0.9082015156745911,0.0,0.266985148191452,0.0,0.6529245972633362,0.0,1.8281112611293793,0.0,434.2170498264022,50.844226222950965
282,-4.803011417388916,-468.14585994230583,1.3047536611557007,0.0,0.27689045667648315,0.0,0.9207901358604431,0.0,2.502434253692627,0.0,436.71948408009484,50.844226222950965
283,-10.633951187133789,-478.7798111294396,1.331661581993103,0.0,0.3581482172012329,0.0,3.7280430793762207,0.0,5.417852878570557,0.0,442.1373369586654,50.844226222950965
284,-9.278701782226562,-488.0585129116662,1.1457839012145996,0.0,0.36468249559402466,0.0,3.229710578918457,0.0,4.740176975727081,0.0,446.8775139343925,50.844226222950965
285,-10.404913902282715,-498.4634268139489,0.6824634075164795,0.0,0.507914125919342,0.0,4.112854480743408,0.0,5.30323201417923,0.0,452.1807459485717,50.844226222950965
286,-9.114017486572266,-507.57744430052117,0.588736891746521,0.0,0.3296126127243042,0.0,8.19566822052002,0.0,9.114017724990845,0.0,461.29476367356256,50.844226222950965
287,-1.7031110525131226,-509.2805553530343,0.3560788035392761,0.0,0.18901224434375763,0.0,1.15802001953125,0.0,1.7031110674142838,0.0,462.99787474097684,50.844226222950965
288,-0.08000955730676651,-509.36056491034105,0.35421058535575867,0.0,0.18733283877372742,0.0,0.6647070646286011,0.0,1.2062504887580872,0.0,464.2041252297349,50.844226222950965
289,0.019224293529987335,-509.34134061681107,0.3527388870716095,0.0,0.18591776490211487,0.0,0.41900184750556946,0.0,0.9576584994792938,0.0,465.1617837292142,50.844226222950965
290,-0.07476069033145905,-509.4161013071425,0.3514370918273926,0.0,0.42407429218292236,0.0,0.4166029393672943,0.0,1.1921143233776093,0.0,466.35389805259183,50.844226222950965
291,0.01937870681285858,-509.39672260032967,0.35007867217063904,0.0,0.1873515099287033,0.0,0.4188297688961029,0.0,0.9562599509954453,0.0,467.3101580035873,50.844226222950965
292,0.0072789788246154785,-509.38944362150505,0.34860697388648987,0.0,0.20223666727542877,0.0,0.4351603388786316,0.0,0.9860039800405502,0.0,468.2961619836278,50.844226222950965
293,-0.030305929481983185,-509.41974955098704,0.3487769067287445,0.0,0.23087537288665771,0.0,0.49980950355529785,0.0,1.0794617831707,0.0,469.3756237667985,50.844226222950965
294,-0.38377830386161804,-509.80352785484865,0.3086540102958679,0.0,0.24200575053691864,0.0,1.4119789600372314,0.0,1.962638720870018,0.0,471.33826248766854,50.844226222950965
295,-4.315550327301025,-514.1190781821497,0.052045077085494995,0.0,0.30349618196487427,0.0,3.9600090980529785,0.0,4.315550357103348,0.0,475.6538128447719,50.844226222950965
296,-0.2745041623711586,-514.3935823445208,0.0,0.30276864767074585,0.1651078164577484,0.0,0.10939634591341019,0.0,0.0,0.02826448529958725,475.6538128447719,50.87249070825055
297,-0.15505149960517883,-514.548633844126,0.0,0.6869267225265503,0.15505149960517883,0.0,0.0,0.0944036915898323,0.0,0.6262789145112038,475.6538128447719,51.498769622761756
298,-0.17815127596259117,-514.7267851200886,0.0,0.9478568434715271,0.018942054361104965,0.0,0.1592092216014862,0.0,0.0,0.7697055675089359,475.6538128447719,52.26847519027069
299,-0.2190306931734085,-514.945815813262,0.0,0.976818859577179,0.2190306931734085,0.0,0.0,0.38485661149024963,0.0,1.14264477789402,475.6538128447719,53.41111996816471
300,0.0,-514.945815813262,0.0,0.052428409457206726,0.0,0.0753115639090538,0.0,1.7104240655899048,0.0,1.8381640389561653,475.6538128447719,55.24928400712088
301,-0.32555055618286133,-515.2713663694449,0.0,1.1599277257919312,0.32555055618286133,0.0,0.0,0.04335174709558487,0.0,0.8777289167046547,475.6538128447719,56.12701292382553
302,-0.3646077811717987,-515.6359741506167,0.0,1.032222032546997,0.32941368222236633,0.0,0.03519409894943237,0.0,0.0,0.6676142513751984,475.6538128447719,56.79462717520073
303,-0.21156826615333557,-515.84754241677,0.21156826615333557,0.0,0.0,0.17652453482151031,0.0,0.3837691843509674,0.0,0.34872545301914215,475.6538128447719,57.14335262821987
304,-0.5642350912094116,-516.4117775079794,0.5642350912094116,0.0,0.0,0.1597829908132553,0.0,0.01962175779044628,0.38483034260571003,0.0,476.0386431873776,57.14335262821987
305,-0.05360710620880127,-516.4653846141882,0.0,0.03628847002983093,0.0,0.023395642638206482,0.1373501718044281,0.0,0.07766605913639069,0.0,476.116309246514,57.14335262821987
306,-2.331580877304077,-518.7969654914923,0.43507087230682373,0.0,0.27634379267692566,0.0,0.5648555755615234,0.0,1.2762702405452728,0.0,477.39257948705927,57.14335262821987
307,-6.63297176361084,-525.4299372551031,1.6135226488113403,0.0,0.35911455750465393,0.0,1.4542618989944458,0.0,3.42689910531044,0.0,480.8194785923697,57.14335262821987
308,-5.084161758422852,-530.514099013526,1.2238845825195312,0.0,0.6678882837295532,0.0,0.7606547474861145,0.0,2.652427613735199,0.0,483.4719062061049,57.14335262821987
309,-4.330537796020508,-534.8446368095465,0.45421919226646423,0.0,0.3876185119152069,0.0,1.433711290359497,0.0,2.275548994541168,0.0,485.7474552006461,57.14335262821987
310,-3.4184024333953857,-538.2630392429419,0.4215100109577179,0.0,1.2874383926391602,0.0,1.70945405960083,0.0,3.418402463197708,0.0,489.1658576638438,57.14335262821987
311,-1.930327296257019,-540.1933665391989,0.8293225765228271,0.0,0.18901224434375763,0.0,0.9119924306869507,0.0,1.9303272515535355,0.0,491.0961849153973,57.14335262821987
312,0.05487508326768875,-540.1384914559312,0.35421058535575867,0.0,0.18733283877372742,0.0,0.42208048701286316,0.0,0.9636239111423492,0.0,492.05980882653967,57.14335262821987
313,0.009326130151748657,-540.1291653257795,0.3527388870716095,0.0,0.3050944209098816,0.0,0.41900184750556946,0.0,1.0768351554870605,0.0,493.1366439820267,57.14335262821987
314,0.058733709156513214,-540.070431616623,0.3514370918273926,0.0,0.18461598455905914,0.0,0.4166029393672943,0.0,0.952656015753746,0.0,494.0892999977805,57.14335262821987
315,0.05702845752239227,-540.0134031591006,0.35007867217063904,0.0,0.1873515099287033,0.0,0.4188297688961029,0.0,0.9562599509954453,0.0,495.0455599487759,57.14335262821987
316,0.04486752301454544,-539.968535636086,0.34860697388648987,0.0,0.20223666727542877,0.0,0.4351603388786316,0.0,0.9860039800405502,0.0,496.03156392881647,57.14335262821987
317,0.007974423468112946,-539.9605612126179,0.3468944728374481,0.0,0.23087537288665771,0.0,0.49980950355529785,0.0,1.0775793492794037,0.0,497.10914327809587,57.14335262821987
318,-0.17822882533073425,-540.1387900379486,0.773635745048523,0.0,0.30857521295547485,0.0,0.4602200984954834,0.0,1.5424310564994812,0.0,498.65157433459535,57.14335262821987
319,-3.418715715408325,-543.557505753357,2.5825929641723633,0.0,0.3204438388347626,0.0,0.515678882598877,0.0,3.418715685606003,0.0,502.07029002020136,57.14335262821987
320,-3.9426229000091553,-547.5001286533661,0.6898077726364136,0.0,1.6266350746154785,0.0,1.6261799335479736,0.0,3.9426227807998657,0.0,506.0129128010012,57.14335262821987
321,-0.13882970809936523,-547.6389583614655,0.0,0.7193703055381775,0.13882970809936523,0.0,0.0,0.1268472671508789,0.0,0.7073878645896912,506.0129128010012,57.850740492809564
322,-0.34943366050720215,-547.9883920219727,0.0,1.0019334554672241,0.34943366050720215,0.0,0.0,0.3801237940788269,0.0,1.0326235890388489,506.0129128010012,58.88336408184841
323,-0.4951842725276947,-548.4835762945004,0.0,1.07184898853302,0.4951842725276947,0.0,0.0,1.162658452987671,0.0,1.7393231689929962,506.0129128010012,60.62268725084141
324,-1.8500466346740723,-550.3336229291745,1.2137436866760254,0.0,0.549249529838562,0.0,0.08705343306064606,0.0,1.8500466495752335,0.0,507.86295945057645,60.62268725084141
325,-1.4453874826431274,-551.7790104118176,1.071484088897705,0.0,0.3567659854888916,0.0,0.017137436196208,0.0,1.4453875105828047,0.0,509.30834696115926,60.62268725084141
326,-0.30976638197898865,-552.0887767937966,0.0,1.0266070365905762,0.30976638197898865,0.0,0.0,0.004100480116903782,0.0,0.7209411347284913,509.30834696115926,61.3436283855699
327,0.0,-552.0887767937966,0.0,0.755424439907074,0.0,0.17553649842739105,0.0,0.3817931115627289,0.0,1.312754049897194,509.30834696115926,62.656382435467094
328,0.0,-552.0887767937966,0.0,0.4753243625164032,0.0,0.17008362710475922,0.0,0.22303542494773865,0.0,0.8684434145689011,509.30834696115926,63.524825850035995
329,-1.4210515022277832,-553.5098282960244,0.0,0.10436397790908813,0.6834409832954407,0.0,0.13748127222061157,0.0,0.7165582776069641,0.0,510.0249052387662,63.524825850035995
330,-2.474231719970703,-555.984060015995,0.42546793818473816,0.0,0.1426600068807602,0.0,0.7793176174163818,0.0,1.3474455624818802,0.0,511.3723508012481,63.524825850035995
331,-6.564236164093018,-562.5482961800881,0.7432829141616821,0.0,0.5349542498588562,0.0,2.1141438484191895,0.0,3.392381012439728,0.0,514.7647318136878,63.524825850035995
332,-6.505153656005859,-569.0534498360939,0.6107575297355652,0.0,0.36468249559402466,0.0,2.3873331546783447,0.0,3.3627731800079346,0.0,518.1275049936958,63.524825850035995
333,-3.277589797973633,-572.3310396340676,0.5447744131088257,0.0,0.3876185119152069,0.0,0.8165318369865417,0.0,1.7489247620105743,0.0,519.8764297557063,63.524825850035995
334,-1.8352100849151611,-574.1662497189827,0.5866143703460693,0.0,0.3296126127243042,0.0,0.9189830422401428,0.0,1.8352100253105164,0.0,521.7116397810169,63.524825850035995
335,-1.6963133811950684,-575.8625631001778,0.3560788035392761,0.0,0.18901224434375763,0.0,1.1512223482131958,0.0,1.6963133960962296,0.0,523.4079531771131,63.524825850035995
336,0.05427386611700058,-575.8082892340608,0.35421058535575867,0.0,0.18733283877372742,0.0,0.42208048701286316,0.0,0.9636239111423492,0.0,524.3715770882554,63.524825850035995
337,0.05639547109603882,-575.7518937629648,0.3527388870716095,0.0,0.18591776490211487,0.0,0.41900184750556946,0.0,0.9576584994792938,0.0,525.3292355877347,63.524825850035995
338,0.05813229829072952,-575.693761464674,0.3514370918273926,0.0,0.18461598455905914,0.0,0.4166029393672943,0.0,0.952656015753746,0.0,526.2818916034885,63.524825850035995
339,0.05642692744731903,-575.6373345372267,0.35007867217063904,0.0,0.1873515099287033,0.0,0.4188297688961029,0.0,0.9562599509954453,0.0,527.2381515544839,63.524825850035995
340,-0.38110122084617615,-576.0184357580729,1.412024736404419,0.0,0.20223666727542877,0.0,0.4351603388786316,0.0,2.0494217425584793,0.0,529.2875732970424,63.524825850035995
341,0.00812571495771408,-576.0103100431152,0.3450120687484741,0.0,0.23087537288665771,0.0,0.49980950355529785,0.0,1.0756969451904297,0.0,530.3632702422328,63.524825850035995
342,-0.0533372238278389,-576.063647266943,0.3177548944950104,0.0,0.31123512983322144,0.0,0.5997075438499451,0.0,1.2286975681781769,0.0,531.591967810411,63.524825850035995
343,-2.263230562210083,-578.3268778291531,0.10976297408342361,0.0,0.30840232968330383,0.0,1.8450653553009033,0.0,2.2632306590676308,0.0,533.8551984694786,63.524825850035995
344,-6.9965500831604,-585.3234279123135,0.6695652604103088,0.0,5.495115280151367,0.0,0.8318696022033691,0.0,6.996550142765045,0.0,540.8517486122437,63.524825850035995
345,-2.4181222915649414,-587.7415502038784,0.0,0.6684800982475281,2.043917655944824,0.0,0.3742046356201172,0.0,1.7496421933174133,0.0,542.6013908055611,63.524825850035995
346,-0.5046385526657104,-588.2461887565441,0.0,0.8657894134521484,0.5046385526657104,0.0,0.0,0.06333417445421219,0.0,0.4244850352406502,542.6013908055611,63.949310885276645
347,-1.0554454326629639,-589.3016341892071,0.0,1.0811127424240112,1.0554454326629639,0.0,0.0,0.3135860860347748,0.0,0.33925339579582214,542.6013908055611,64.28856428107247
348,0.0,-589.3016341892071,0.0,0.04821130260825157,0.0,0.09675797820091248,0.0,0.534771740436554,0.0,0.679741021245718,542.6013908055611,64.96830530231819
349,-0.33753201563376933,-589.6391662048409,0.0,1.0898463726043701,0.3370285630226135,0.0,0.000503452611155808,0.0,0.0,0.7523143569706008,542.6013908055611,65.72061965928879
350,-0.6670625358819962,-590.3062287407229,0.0,0.026807889342308044,0.5093199014663696,0.0,0.15774263441562653,0.0,0.6402546465396881,0.0,543.2416454521008,65.72061965928879
351,0.0,-590.3062287407229,0.0,0.7100706696510315,0.0,0.12786495685577393,0.0,0.4610081911087036,0.0,1.298943817615509,543.2416454521008,67.0195634769043
352,0.0,-590.3062287407229,0.0,0.4796273708343506,0.0,0.14430344104766846,0.0,0.17147503793239594,0.0,0.795405849814415,543.2416454521008,67.81496932671871
353,-2.8756494522094727,-593.1818781929323,1.1732442378997803,0.0,0.0,0.006549097131937742,0.3733997941017151,0.0,1.5400949348695576,0.0,544.7817403869703,67.81496932671871
354,-3.221442699432373,-596.4033208923647,0.5882323384284973,0.0,0.1490902453660965,0.0,0.982153594493866,0.0,1.7194761782884598,0.0,546.5012165652588,67.81496932671871
355,-3.360917568206787,-599.7642384605715,0.5922967791557312,0.0,0.21800805628299713,0.0,0.9788442850112915,0.0,1.7891491204500198,0.0,548.2903656857088,67.81496932671871
356,-4.3555521965026855,-604.1197906570742,0.6107575297355652,0.0,0.36468249559402466,0.0,1.3109619617462158,0.0,2.2864019870758057,0.0,550.5767676727846,67.81496932671871
357,-6.861364364624023,-610.9811550216982,2.3350934982299805,0.0,0.3876185119152069,0.0,0.8165318369865417,0.0,3.539243847131729,0.0,554.1160115199164,67.81496932671871
358,-1.3243088722229004,-612.3054638939211,0.4215100109577179,0.0,0.19325745105743408,0.0,0.7095414996147156,0.0,1.3243089616298676,0.0,555.4403204815462,67.81496932671871
359,-3.03863525390625,-615.3440991478274,0.3560788035392761,0.0,0.18901224434375763,0.0,2.493544101715088,0.0,3.0386351495981216,0.0,558.4789556311443,67.81496932671871
360,0.04802814871072769,-615.2960709991166,0.35421058535575867,0.0,0.18733283877372742,0.0,0.42208048701286316,0.0,0.9636239111423492,0.0,559.4425795422867,67.81496932671871
361,0.0029195472598075867,-615.2931514518568,0.3527388870716095,0.0,0.3040156662464142,0.0,0.41900184750556946,0.0,1.0757564008235931,0.0,560.5183359431103,67.81496932671871
362,0.051904432475566864,-615.2412470193813,0.3514370918273926,0.0,0.18461598455905914,0.0,0.4166029393672943,0.0,0.952656015753746,0.0,561.470991958864,67.81496932671871
363,0.05020800232887268,-615.1910390170524,0.35007867217063904,0.0,0.1873515099287033,0.0,0.4188297688961029,0.0,0.9562599509954453,0.0,562.4272519098595,67.81496932671871
364,0.04941488802433014,-615.1416241290281,0.3357362449169159,0.0,0.18670983612537384,0.0,0.4351603388786316,0.0,0.9576064199209213,0.0,563.3848583297804,67.81496932671871
365,-0.001975245773792267,-615.1435993748019,0.3468944728374481,0.0,0.238742396235466,0.0,0.49980950355529785,0.0,1.085446372628212,0.0,564.4703047024086,67.81496932671871
366,-0.0158187597990036,-615.1594181346009,0.34379640221595764,0.0,0.310851514339447,0.0,0.4647727310657501,0.0,1.1194206476211548,0.0,565.5897253500298,67.81496932671871
367,-2.5528438091278076,-617.7122619437287,1.8698327541351318,0.0,0.3233182430267334,0.0,0.35969290137290955,0.0,2.552843898534775,0.0,568.1425692485645,67.81496932671871
368,-0.7520660758018494,-618.4643280195305,0.0,0.1338678002357483,0.3272620737552643,0.0,0.4248040020465851,0.0,0.6181982755661011,0.0,568.7607675241306,67.81496932671871
369,-0.9698960781097412,-619.4342240976403,0.14676064252853394,0.0,0.42874759435653687,0.0,0.394387811422348,0.0,0.9698960483074188,0.0,569.7306635724381,67.81496932671871
370,-0.3049616366624832,-619.7391857343027,0.0,0.43650850653648376,0.16584628820419312,0.0,0.1391153484582901,0.0,0.0,0.13154686987400055,569.7306635724381,67.94651619659271
371,-0.08802532404661179,-619.8272110583493,0.0,0.9015223383903503,0.08802532404661179,0.0,0.0,0.004361285828053951,0.0,0.8178583001717925,569.7306635724381,68.7643744967645
372,-2.8227717876434326,-622.6499828459928,2.5415303707122803,0.0,0.09124017506837845,0.0,0.19000130891799927,0.0,2.822771854698658,0.0,572.5534354271367,68.7643744967645
373,0.0,-622.6499828459928,0.0,0.9138545989990234,0.0,0.043571170419454575,0.0,0.39401775598526,0.0,1.351443525403738,572.5534354271367,70.11581802216824
374,-0.03735210373997688,-622.6873349497328,0.0,0.6446906328201294,0.03735210373997688,0.0,0.0,0.2543701231479645,0.0,0.861708652228117,572.5534354271367,70.97752667439636
375,0.0,-622.6873349497328,0.0,0.6583986282348633,0.0,0.1270235776901245,0.0,0.11020905524492264,0.0,0.8956312611699104,572.5534354271367,71.87315793556627
376,-3.09195077419281,-625.7792857239256,2.581608533859253,0.0,0.0,0.03169924393296242,0.5103422403335571,0.0,3.0602515302598476,0.0,575.6136869573966,71.87315793556627
377,-3.399219512939453,-629.178505236865,1.5050020217895508,0.0,0.11727970838546753,0.0,0.1846233606338501,0.0,1.8069050908088684,0.0,577.4205920482054,71.87315793556627
378,-3.57218074798584,-632.7506859848509,0.8175526261329651,0.0,0.2798459529876709,0.0,0.7959249019622803,0.0,1.8933234810829163,0.0,579.3139155292884,71.87315793556627
379,-5.409481048583984,-638.1601670334348,0.9985082149505615,0.0,0.3572947680950165,0.0,1.4561080932617188,0.0,2.8119110763072968,0.0,582.1258266055956,71.87315793556627
380,-7.138077735900879,-645.2982447693357,1.52295982837677,0.0,0.36468249559402466,0.0,1.7885050773620605,0.0,3.6761474013328552,0.0,585.8019740069285,71.87315793556627
381,-5.489048004150391,-650.7872927734861,0.9929230809211731,0.0,0.6686283349990845,0.0,1.1900190114974976,0.0,2.851570427417755,0.0,588.6535444343463,71.87315793556627
382,-1.3853249549865723,-652.1726177284727,0.48252609372138977,0.0,0.19325745105743408,0.0,0.7095414996147156,0.0,1.3853250443935394,0.0,590.0388694787398,71.87315793556627
383,-0.9718362092971802,-653.1444539377699,0.3560788035392761,0.0,0.18901224434375763,0.0,0.4267451763153076,0.0,0.9718362241983414,0.0,591.0107057029381,71.87315793556627
384,0.04199294000864029,-653.1024609977612,0.35421058535575867,0.0,0.18733283877372742,0.0,0.42208048701286316,0.0,0.9636239111423492,0.0,591.9743296140805,71.87315793556627
385,0.044132083654403687,-653.0583289141068,0.3527388870716095,0.0,0.18591776490211487,0.0,0.41900184750556946,0.0,0.9576584994792938,0.0,592.9319881135598,71.87315793556627
386,0.04588641971349716,-653.0124424943933,0.3514370918273926,0.0,0.18461598455905914,0.0,0.4166029393672943,0.0,0.952656015753746,0.0,593.8846441293135,71.87315793556627
387,0.04419852793216705,-652.9682439664612,0.35007867217063904,0.0,0.1873515099287033,0.0,0.4188297688961029,0.0,0.9562599509954453,0.0,594.840904080309,71.87315793556627
388,-0.032323405146598816,-653.0005673716078,0.34860697388648987,0.0,0.36318257451057434,0.0,0.4351603388786316,0.0,1.1469498872756958,0.0,595.9878539675847,71.87315793556627
389,-0.01989763230085373,-653.0204650039086,0.3487769067287445,0.0,0.238742396235466,0.0,0.5277521014213562,0.0,1.1152714043855667,0.0,597.1031253719702,71.87315793556627
390,-1.4697097539901733,-654.4901747578988,0.30403462052345276,0.0,5.153005599975586,0.0,0.7201549410820007,0.0,6.177195161581039,0.0,603.2803205335513,71.87315793556627
391,-1.5059199184179306,-655.9960946763167,0.12697218358516693,0.0,0.0,0.8508626818656921,1.3789477348327637,0.0,0.6550572365522385,0.0,603.9353777701035,71.87315793556627
392,-1.1490395665168762,-657.1451342428336,0.25774627923965454,0.0,0.0,1.106259822845459,0.8912932872772217,0.0,0.042779743671417236,0.0,603.9781575137749,71.87315793556627
393,-1.2901738286018372,-658.4353080714354,0.0,0.27717259526252747,0.4282969832420349,0.0,0.8618768453598022,0.0,1.0130012333393097,0.0,604.9911587471142,71.87315793556627
394,-3.3091602325439453,-661.7444683039794,0.49159470200538635,0.0,0.8380383849143982,0.0,1.979527235031128,0.0,3.3091603219509125,0.0,608.3003190690652,71.87315793556627
395,-0.7341304421424866,-662.4785987461219,0.0,0.35644495487213135,0.2166476845741272,0.0,0.5174827575683594,0.0,0.3776854872703552,0.0,608.6780045563355,71.87315793556627
396,-7.166900634765625,-669.6454993808875,5.3932013511657715,0.0,0.17484444379806519,0.0,1.5988550186157227,0.0,7.166900813579559,0.0,615.8449053699151,71.87315793556627
397,-0.34171247482299805,-669.9872118557105,0.0,0.06488997489213943,0.1906745284795761,0.0,0.15103794634342194,0.0,0.2768224999308586,0.0,616.1217278698459,71.87315793556627
398,-0.0801943987607956,-670.0674062544713,0.0,0.3616254925727844,0.0801943987607956,0.0,0.0,0.04360410198569298,0.0,0.3250351957976818,616.1217278698459,72.19819313136395
399,-0.7797586619853973,-670.8471649164567,0.6481359601020813,0.0,0.13162270188331604,0.0,0.0,0.13371360301971436,0.646045058965683,0.0,616.7677729288116,72.19819313136395
400,-1.2503453493118286,-672.0975102657685,0.9426003694534302,0.0,0.13181371986865997,0.0,0.1759311854839325,0.0,1.2503452748060226,0.0,618.0181182036176,72.19819313136395
401,-2.3543834686279297,-674.4518937343964,0.20092672109603882,0.0,0.5062978267669678,0.0,0.5769218802452087,0.0,1.2841464281082153,0.0,619.3022646317258,72.19819313136395
402,-3.3566012382507324,-677.8084949726472,0.5019849538803101,0.0,0.4273751974105835,0.0,0.8558346629142761,0.0,1.7851948142051697,0.0,621.087459445931,72.19819313136395
403,-4.456637859344482,-682.2651328319917,0.8840000033378601,0.0,0.47447291016578674,0.0,0.9766800999641418,0.0,2.3351530134677887,0.0,623.4226124593988,72.19819313136395
404,-4.137704849243164,-686.4028376812348,0.9750229120254517,0.0,0.20169100165367126,0.0,0.9989123344421387,0.0,2.1756262481212616,0.0,625.5982387075201,72.19819313136395
405,-4.5539093017578125,-690.9567469829926,0.5447744131088257,0.0,0.784104585647583,0.0,1.0547893047332764,0.0,2.383668303489685,0.0,627.9819070110098,72.19819313136395
406,-1.8265050649642944,-692.7832520479569,0.48252609372138977,0.0,0.19325745105743408,0.0,1.150721549987793,0.0,1.8265050947666168,0.0,629.8084121057764,72.19819313136395
407,-0.9907427430152893,-693.7739947909722,0.37498530745506287,0.0,0.18901224434375763,0.0,0.4267451763153076,0.0,0.9907427281141281,0.0,630.7991548338905,72.19819313136395
408,-0.15014025568962097,-693.9241350466618,0.3568393290042877,0.0,0.18733283877372742,0.0,0.8965155482292175,0.0,1.4406877160072327,0.0,632.2398425498977,72.19819313136395
409,0.045896515250205994,-693.8782385314116,0.34507817029953003,0.0,0.18591776490211487,0.0,0.41900184750556946,0.0,0.9499977827072144,0.0,633.189840332605,72.19819313136395
410,0.04966164380311966,-693.8285768876085,0.33876895904541016,0.0,0.18461598455905914,0.0,0.4166029393672943,0.0,0.9399878829717636,0.0,634.1298282155767,72.19819313136395
411,0.04291428625583649,-693.7856626013527,0.35007867217063904,0.0,0.1873515099287033,0.0,0.4188297688961029,0.0,0.9562599509954453,0.0,635.0860881665722,72.19819313136395
412,0.030778460204601288,-693.7548841411481,0.34860697388648987,0.0,0.20223666727542877,0.0,0.4351603388786316,0.0,0.9860039800405502,0.0,636.0720921466127,72.19819313136395
413,-1.080289363861084,-694.8351735050092,3.0323939323425293,0.0,0.23087537288665771,0.0,0.49980950355529785,0.0,3.763078808784485,0.0,639.8351709553972,72.19819313136395
414,-0.8326218724250793,-695.6677953774342,0.967478334903717,0.0,1.4486463069915771,0.0,0.7271917462348938,0.0,3.143316388130188,0.0,642.9784873435274,72.19819313136395
415,-1.1755759716033936,-696.8433713490376,0.14348652958869934,0.0,0.3252641260623932,0.0,0.7068252563476562,0.0,1.1755759119987488,0.0,644.1540632555261,72.19819313136395
416,-0.6840652823448181,-697.5274366313824,0.0,0.09780334681272507,0.36970365047454834,0.0,0.3143616318702698,0.0,0.586261935532093,0.0,644.7403251910582,72.19819313136395
417,-1.8017152547836304,-699.3291518861661,0.0,0.31128448247909546,1.5204766988754272,0.0,0.2812385559082031,0.0,1.490430772304535,0.0,646.2307559633628,72.19819313136395
418,-3.46262788772583,-702.7917797738919,0.04975142702460289,0.0,0.39060747623443604,0.0,3.0222690105438232,0.0,3.462627913802862,0.0,649.6933838771656,72.19819313136395
419,-0.2256956547498703,-703.0174754286418,0.0,0.6721116900444031,0.2256956547498703,0.0,0.0,0.08014948666095734,0.0,0.5265655219554901,649.6933838771656,72.72475865331944
420,-1.3396545052528381,-704.3571299338946,0.0,0.5201259255409241,0.8061240315437317,0.0,0.5335304737091064,0.0,0.8195285797119141,0.0,650.5129124568775,72.72475865331944
421,-3.24307600595057,-707.6002059398452,3.225623846054077,0.0,0.017452159896492958,0.0,0.0,0.39251062273979187,2.8505653832107782,0.0,653.3634778400883,72.72475865331944
422,-0.018596366047859192,-707.618802305893,0.0,0.7522566914558411,0.018596366047859192,0.0,0.0,0.3343563377857208,0.0,1.0680166631937027,653.3634778400883,73.79277531651314
423,-0.08419080823659897,-707.7029931141296,0.0,0.5776183605194092,0.08419080823659897,0.0,0.0,0.2285773903131485,0.0,0.7220049425959587,653.3634778400883,74.5147802591091
424,-0.19494475424289703,-707.8979378683725,0.0,0.12970088422298431,0.19494475424289703,0.0,0.0,0.11474152654409409,0.0,0.049497656524181366,653.3634778400883,74.56427791563328
425,-1.4929687976837158,-709.3909066660563,0.4581303596496582,0.0,0.06991371512413025,0.0,0.32396888732910156,0.0,0.85201296210289,0.0,654.2154908021912,74.56427791563328
426,-2.285663366317749,-711.676570032374,0.3383907973766327,0.0,0.29136690497398376,0.0,0.6185441017150879,0.0,1.2483018040657043,0.0,655.4637926062569,74.56427791563328
427,-6.775549411773682,-718.4521194441477,2.412489175796509,0.0,0.3575150668621063,0.0,0.7231824994087219,0.0,3.493186742067337,0.0,658.9569793483242,74.56427791563328
428,-4.115416049957275,-722.567535494105,0.6107575297355652,0.0,0.48174363374710083,0.0,1.0705604553222656,0.0,2.1630616188049316,0.0,661.1200409671292,74.56427791563328
429,-8.502523422241211,-731.0700589163462,3.152406930923462,0.0,0.3876185119152069,0.0,0.8165318369865417,0.0,4.356557279825211,0.0,665.4765982469544,74.56427791563328
430,-1.1727807521820068,-732.2428396685282,0.5435421466827393,0.0,0.19325745105743408,0.0,0.4359810948371887,0.0,1.172780692577362,0.0,666.6493789395317,74.56427791563328
431,-1.2279577255249023,-733.4707973940531,0.37498530745506287,0.0,0.18901224434375763,0.0,0.6639602184295654,0.0,1.227957770228386,0.0,667.8773367097601,74.56427791563328
432,0.03503689914941788,-733.4357604949037,0.35421058535575867,0.0,0.18733283877372742,0.0,0.42208048701286316,0.0,0.9636239111423492,0.0,668.8409606209025,74.56427791563328
433,0.037191808223724365,-733.3985686866799,0.3527388870716095,0.0,0.18591776490211487,0.0,0.41900184750556946,0.0,0.9576584994792938,0.0,669.7986191203818,74.56427791563328
434,0.03896189481019974,-733.3596067918697,0.3514370918273926,0.0,0.18461598455905914,0.0,0.4166029393672943,0.0,0.952656015753746,0.0,670.7512751361355,74.56427791563328
435,-0.3163633942604065,-733.6759701861301,1.2342115640640259,0.0,0.1873515099287033,0.0,0.4188297688961029,0.0,1.840392842888832,0.0,672.5916679790244,74.56427791563328
436,0.02516188472509384,-733.650808301405,0.34860697388648987,0.0,0.20223666727542877,0.0,0.4351603388786316,0.0,0.9860039800405502,0.0,673.5776719590649,74.56427791563328
437,-0.01245114952325821,-733.6632594509283,0.3487769067287445,0.0,0.23087537288665771,0.0,0.49980950355529785,0.0,1.0794617831707,0.0,674.6571337422356,74.56427791563328
438,-0.538442850112915,-734.2017023010412,0.3447021245956421,0.0,0.26002979278564453,0.0,1.789135217666626,0.0,2.3938671350479126,0.0,677.0510008772835,74.56427791563328
439,-7.204122543334961,-741.4058248443762,0.216424360871315,0.0,6.503270149230957,0.0,0.48442813754081726,0.0,7.204122647643089,0.0,684.2551235249266,74.56427791563328
440,-2.5417733192443848,-743.9475981636206,0.3642098307609558,0.0,1.3781979084014893,0.0,0.7993655204772949,0.0,2.54177325963974,0.0,686.7968967845663,74.56427791563328
441,-2.9246504306793213,-746.8722485942999,0.9722576141357422,0.0,1.4065701961517334,0.0,0.5458226203918457,0.0,2.9246504306793213,0.0,689.7215472152457,74.56427791563328
442,-0.7915750741958618,-747.6638236684958,0.0,0.17037689685821533,0.38516879081726074,0.0,0.4064062833786011,0.0,0.6211981773376465,0.0,690.3427453925833,74.56427791563328
443,-0.5790823698043823,-748.2429060383001,0.0,0.32057175040245056,0.30769190192222595,0.0,0.27139046788215637,0.0,0.25851061940193176,0.0,690.6012560119852,74.56427791563328
444,-1.6828042268753052,-749.9257102651754,0.31805720925331116,0.0,0.6301204562187195,0.0,0.7346265316009521,0.0,1.6828041970729828,0.0,692.2840602090582,74.56427791563328
445,-2.421798914670944,-752.3475091798464,0.0,0.05283172428607941,2.031580924987793,0.0,0.39021798968315125,0.0,2.368967190384865,0.0,694.6530273994431,74.56427791563328
446,-6.617661952972412,-758.9651711328188,0.5093734264373779,0.0,5.668200492858887,0.0,0.4400879144668579,0.0,6.617661833763123,0.0,701.2706892332062,74.56427791563328
447,-0.8805026412010193,-759.8456737740198,0.1317143589258194,0.0,0.3180221915245056,0.0,0.43076610565185547,0.0,0.8805026561021805,0.0,702.1511918893084,74.56427791563328
448,-0.7068620920181274,-760.5525358660379,0.18129943311214447,0.0,0.27478674054145813,0.0,0.25077593326568604,0.0,0.7068621069192886,0.0,702.8580539962277,74.56427791563328
449,-1.7949683666229248,-762.3475042326609,0.41424134373664856,0.0,0.20186926424503326,0.0,0.3855234682559967,0.0,1.0016340762376785,0.0,703.8596880724654,74.56427791563328
450,-3.620452404022217,-765.9679566366831,0.7868546843528748,0.0,0.21277660131454468,0.0,0.914688229560852,0.0,1.9143195152282715,0.0,705.7740075876936,74.56427791563328
451,-5.068253040313721,-771.0362096769968,1.6971893310546875,0.0,0.21762558817863464,0.0,0.7233487367630005,0.0,2.6381636559963226,0.0,708.41217124369,74.56427791563328
452,-5.3042402267456055,-776.3404499037424,1.0530593395233154,0.0,0.36468249559402466,0.0,1.3383591175079346,0.0,2.7561009526252747,0.0,711.1682721963152,74.56427791563328
453,-4.567291259765625,-780.907741163508,0.856479287147522,0.0,0.3876185119152069,0.0,1.1434723138809204,0.0,2.3875701129436493,0.0,713.5558423092589,74.56427791563328
454,-1.508088231086731,-782.4158293945948,0.6426564455032349,0.0,0.19325745105743408,0.0,0.672174334526062,0.0,1.508088231086731,0.0,715.0639305403456,74.56427791563328
455,-1.429183006286621,-783.8450124008814,0.577232837677002,0.0,0.18901224434375763,0.0,0.6629379987716675,0.0,1.429183080792427,0.0,716.493113621138,74.56427791563328
456,-0.2990948259830475,-784.1441072268644,0.35421058535575867,0.0,0.30339986085891724,0.0,1.1276911497116089,0.0,1.7853015959262848,0.0,718.2784152170643,74.56427791563328
457,-0.5027337670326233,-784.6468409938971,1.4537259340286255,0.0,0.18591776490211487,0.0,0.6541962623596191,0.0,2.2938399612903595,0.0,720.5722551783547,74.56427791563328
458,0.03351660817861557,-784.6133243857184,0.3514370918273926,0.0,0.18461598455905914,0.0,0.4166029393672943,0.0,0.952656015753746,0.0,721.5249111941084,74.56427791563328
459,0.031852126121520996,-784.5814722595969,0.35007867217063904,0.0,0.1873515099287033,0.0,0.4188297688961029,0.0,0.9562599509954453,0.0,722.4811711451039,74.56427791563328
460,-0.28265267610549927,-784.8641249357024,1.1220662593841553,0.0,0.20223666727542877,0.0,0.4176623523235321,0.0,1.7419652789831161,0.0,724.223136424087,74.56427791563328
461,-0.8391312956809998,-785.7032562313834,1.5058200359344482,0.0,0.23087537288665771,0.0,1.3959107398986816,0.0,3.1326061487197876,0.0,727.3557425728068,74.56427791563328
462,-0.08963613957166672,-785.7928923709551,0.4037284255027771,0.0,0.24932989478111267,0.0,0.6052549481391907,0.0,1.2583132684230804,0.0,728.6140558412299,74.56427791563328
463,-12.584855079650879,-798.377747450606,5.842350006103516,0.0,4.039055824279785,0.0,2.703449249267578,0.0,12.584855079650879,0.0,741.1989109208807,74.56427791563328
464,-1.3451309204101562,-799.7228783710161,0.0,0.49187538027763367,0.0,1.0367469787597656,1.3451309204101562,0.0,0.0,0.18349143862724304,741.1989109208807,74.74776935426053
465,-0.5145954489707947,-800.2374738199869,0.0,1.5890079736709595,0.0,1.0037553310394287,0.5145954489707947,0.0,0.0,2.0781678557395935,741.1989109208807,76.82593721000012
466,-0.6084807217121124,-800.845954541699,0.0,0.3374662697315216,0.3241373300552368,0.0,0.2843433916568756,0.0,0.2710144519805908,0.0,741.4699253728613,76.82593721000012
467,-2.4674863815307617,-803.3134409232298,0.23606261610984802,0.0,1.9468432664871216,0.0,0.2845804989337921,0.0,2.4674863815307617,0.0,743.9374117543921,76.82593721000012
468,-1.9770705997943878,-805.2905115230242,0.0,0.46407976746559143,1.8432271480560303,0.0,0.13384345173835754,0.0,1.5129908323287964,0.0,745.4504025867209,76.82593721000012
469,-0.20891905575990677,-805.4994305787841,0.0,0.4984409213066101,0.09319945424795151,0.0,0.11571960151195526,0.0,0.0,0.28952186554670334,745.4504025867209,77.11545907554682
470,-0.12002205476164818,-805.6194526335457,0.0,0.468612402677536,0.048087555915117264,0.0,0.07193449884653091,0.0,0.0,0.34859034791588783,745.4504025867209,77.46404942346271
471,-0.2097473293542862,-805.8291999629,0.0,0.30463698506355286,0.2097473293542862,0.0,0.0,0.005585257429629564,0.0,0.10047491313889623,745.4504025867209,77.56452433660161
472,-1.770021677017212,-807.5992216399172,0.9905862808227539,0.0,0.44379138946533203,0.0,0.3356439471244812,0.0,1.7700216174125671,0.0,747.2204242041335,77.56452433660161
473,-5.382236480712891,-812.9814581206301,1.3733482360839844,0.0,0.1300397366285324,0.0,1.2997767925262451,0.0,2.803164765238762,0.0,750.0235889693722,77.56452433660161
474,-3.3507156372070312,-816.3321737578372,0.434172123670578,0.0,0.4899592995643616,0.0,0.8632060885429382,0.0,1.7873375117778778,0.0,751.8109264811501,77.56452433660161
475,-4.081459045410156,-820.4136328032473,0.8138371706008911,0.0,0.3586408793926239,0.0,0.9801647067070007,0.0,2.1526427567005157,0.0,753.9635692378506,77.56452433660161
476,-5.78827428817749,-826.2019070914248,0.7490856647491455,0.0,0.48074960708618164,0.0,1.7761483192443848,0.0,3.005983591079712,0.0,756.9695528289303,77.56452433660161
477,-9.517868995666504,-835.7197760870913,1.5551320314407349,0.0,0.3876185119152069,0.0,2.927964210510254,0.0,4.870714753866196,0.0,761.8402675827965,77.56452433660161
478,-3.197922468185425,-838.9176985552767,0.8619459867477417,0.0,0.3296126127243042,0.0,2.006363868713379,0.0,3.197922468185425,0.0,765.0381900509819,77.56452433660161
479,-3.1299304962158203,-842.0476290514925,2.2038090229034424,0.0,0.23568828403949738,0.0,0.6904333233833313,0.0,3.129930630326271,0.0,768.1681206813082,77.56452433660161
480,-0.027899034321308136,-842.0755280858139,0.5761474967002869,0.0,0.18733283877372742,0.0,0.42208048701286316,0.0,1.1855608224868774,0.0,769.3536815037951,77.56452433660161
481,0.06299754977226257,-842.0125305360416,0.3527388870716095,0.0,0.18591776490211487,0.0,0.41900184750556946,0.0,0.9576584994792938,0.0,770.3113400032744,77.56452433660161
482,0.06473460048437119,-841.9477959355572,0.3514370918273926,0.0,0.18461598455905914,0.0,0.4166029393672943,0.0,0.952656015753746,0.0,771.2639960190281,77.56452433660161
483,-0.3528591990470886,-842.3006551346043,0.35007867217063904,0.0,0.1873515099287033,0.0,1.458551287651062,0.0,1.9959814697504044,0.0,773.2599774887785,77.56452433660161
484,-0.10516545921564102,-842.40582059382,0.7561901807785034,0.0,0.20223666727542877,0.0,0.4176623523235321,0.0,1.3760892003774643,0.0,774.636066689156,77.56452433660161
485,0.002798624336719513,-842.4030219694832,0.3468944728374481,0.0,0.23087537288665771,0.0,0.5277521014213562,0.0,1.105521947145462,0.0,775.7415886363015,77.56452433660161
486,-0.06457331031560898,-842.4675952797988,0.3077986538410187,0.0,0.24157807230949402,0.0,0.7239189743995667,0.0,1.2732957005500793,0.0,777.0148843368515,77.56452433660161
487,-2.540097236633301,-845.0076925164321,0.06792356073856354,0.0,0.2113327980041504,0.0,2.260840892791748,0.0,2.540097251534462,0.0,779.554981588386,77.56452433660161
488,-0.5931573957204819,-845.6008499121526,0.0,0.2953050136566162,0.19324900209903717,0.0,0.3999083936214447,0.0,0.29785238206386566,0.0,779.8528339704499,77.56452433660161
489,-0.17388348281383514,-845.7747333949665,0.0,0.6492627263069153,0.17388348281383514,0.0,0.0,0.05673970654606819,0.0,0.5321189500391483,779.8528339704499,78.09664328664076
490,-4.7797417640686035,-850.5544751590351,2.380997657775879,0.0,1.2087827920913696,0.0,1.189961314201355,0.0,4.7797417640686035,0.0,784.6325757345185,78.09664328664076
491,-8.844761848449707,-859.3992370074848,0.0,1.1146240234375,4.955622673034668,0.0,3.889139175415039,0.0,7.730137825012207,0.0,792.3627135595307,78.09664328664076
492,-0.9075162410736084,-860.3067532485584,0.0,2.268847942352295,0.5602028369903564,0.0,0.34731340408325195,0.0,0.0,1.3613317012786865,792.3627135595307,79.45797498791944
493,0.0,-860.3067532485584,0.0,0.9523171186447144,0.0,0.9952946305274963,0.0,1.179934024810791,0.0,3.1275457739830017,792.3627135595307,82.58552076190244
494,-0.2135375291109085,-860.5202907776693,0.0,0.3910040557384491,0.0,1.031821370124817,0.2135375291109085,0.0,0.0,1.2092878967523575,792.3627135595307,83.7948086586548
495,0.0,-860.5202907776693,0.0,0.526594340801239,0.0,0.08385220915079117,0.0,0.3597262501716614,0.0,0.9701728001236916,792.3627135595307,84.7649814587785
496,0.0,-860.5202907776693,0.0,0.3957573473453522,0.0,0.0744367241859436,0.0,0.2145540714263916,0.0,0.6847481429576874,792.3627135595307,85.44972960173618
497,-0.42812028527259827,-860.9484110629419,0.02223338931798935,0.0,0.039968591183423996,0.0,0.26407864689826965,0.0,0.326280627399683,0.0,792.6889941869304,85.44972960173618
498,-8.879486083984375,-869.8278971469263,3.070821762084961,0.0,0.8911504149436951,0.0,0.5899243950843811,0.0,4.551896572113037,0.0,797.2408907590434,85.44972960173618
499,-3.9821226596832275,-873.8100198066095,1.0269628763198853,0.0,0.35601088404655457,0.0,0.7201741337776184,0.0,2.1031478941440582,0.0,799.3440386531875,85.44972960173618
500,-3.5403902530670166,-877.3504100596765,0.4469718635082245,0.0,0.36468249559402466,0.0,1.0705604553222656,0.0,1.8822148144245148,0.0,801.226253467612,85.44972960173618
501,-5.315662860870361,-882.6660729205469,1.3314045667648315,0.0,0.3876185119152069,0.0,1.050761342048645,0.0,2.7697844207286835,0.0,803.9960378883407,85.44972960173618
502,-1.5796260833740234,-884.2456990039209,0.5798031091690063,0.0,0.3296126127243042,0.0,0.6702104210853577,0.0,1.5796261429786682,0.0,805.5756640313193,85.44972960173618
503,-1.0874227285385132,-885.3331217324594,0.3560788035392761,0.0,0.30459877848625183,0.0,0.4267451763153076,0.0,1.0874227583408356,0.0,806.6630867896602,85.44972960173618
504,0.06156342476606369,-885.2715583076933,0.35421058535575867,0.0,0.18733283877372742,0.0,0.42208048701286316,0.0,0.9636239111423492,0.0,807.6267107008025,85.44972960173618
505,0.01763727515935898,-885.253921032534,0.3527388870716095,0.0,0.3010348379611969,0.0,0.41900184750556946,0.0,1.0727755725383759,0.0,808.6994862733409,85.44972960173618
506,0.0654200091958046,-885.1885010233382,0.3514370918273926,0.0,0.18461598455905914,0.0,0.4166029393672943,0.0,0.952656015753746,0.0,809.6521422890946,85.44972960173618
507,0.06371374428272247,-885.1247872790555,0.35007867217063904,0.0,0.1873515099287033,0.0,0.4188297688961029,0.0,0.9562599509954453,0.0,810.6084022400901,85.44972960173618
508,0.05670008808374405,-885.0680871909717,0.3357362449169159,0.0,0.20223666727542877,0.0,0.4351603388786316,0.0,0.9731332510709763,0.0,811.581535491161,85.44972960173618
509,-0.6403893232345581,-885.7084765142063,1.9565691947937012,0.0,0.23087537288665771,0.0,0.5277521014213562,0.0,2.715196669101715,0.0,814.2967321602628,85.44972960173618
510,-3.2666149139404297,-888.9750914281467,0.7452424764633179,0.0,0.25650835037231445,0.0,8.278350830078125,0.0,9.280101656913757,0.0,823.5768338171765,85.44972960173618
511,-2.1382293701171875,-891.1133207982639,0.15855766832828522,0.0,1.4071950912475586,0.0,0.5724765062332153,0.0,2.138229265809059,0.0,825.7150630829856,85.44972960173618
512,-2.038938283920288,-893.1522590821842,0.16519969701766968,0.0,0.1806737631559372,0.0,1.69306480884552,0.0,2.038938269019127,0.0,827.7540013520047,85.44972960173618
513,-0.7754702121019363,-893.9277292942861,0.0,0.6769324541091919,0.16004861891269684,0.0,0.6154215931892395,0.0,0.09853775799274445,0.0,827.8525391099975,85.44972960173618
514,-0.007497816812247038,-893.9352271110984,0.0,0.4888811707496643,0.007497816812247038,0.0,0.0,0.34893566370010376,0.0,0.830319017637521,827.8525391099975,86.2800486193737
515,-0.7460956540307961,-894.6813227651292,0.7456040382385254,0.0,0.0004916157922707498,0.0,0.0,0.3399659991264343,0.4061296549043618,0.0,828.2586687649018,86.2800486193737
516,-1.7819493412971497,-896.4632721064263,0.0,0.7536830306053162,0.9956260323524475,0.0,0.7863233089447021,0.0,1.0282663106918335,0.0,829.2869350755936,86.2800486193737
517,-0.31467965245246887,-896.7779517588788,0.0,1.1816695928573608,0.31467965245246887,0.0,0.0,0.04419435188174248,0.0,0.9111842922866344,829.2869350755936,87.19123291166034
518,-0.30211779475212097,-897.0800695536309,0.0,1.0419042110443115,0.30211779475212097,0.0,0.0,0.5462669730186462,0.0,1.2860533893108368,829.2869350755936,88.47728630097117
519,0.0,-897.0800695536309,0.0,0.42597800493240356,0.0,0.20423081517219543,0.0,0.2646235227584839,0.0,0.8948323428630829,829.2869350755936,89.37211864383426
520,0.0,-897.0800695536309,0.0,0.5193469524383545,0.0,0.19209492206573486,0.0,0.26705801486968994,0.0,0.9784998893737793,829.2869350755936,90.35061853320803
521,0.03086262196302414,-897.0492069316679,0.0,0.07843213528394699,0.0,0.04446747526526451,0.09520650655031204,0.0,0.0,0.02769310399889946,829.2869350755936,90.37831163720693
522,-1.9827641248703003,-899.0319710565382,0.4168977439403534,0.0,0.1383749097585678,0.0,0.5466824173927307,0.0,1.101955071091652,0.0,830.3888901466853,90.37831163720693
523,-5.203536510467529,-904.2355075670057,0.5939352512359619,0.0,0.2188272923231125,0.0,1.8995139598846436,0.0,2.712276503443718,0.0,833.101166650129,90.37831163720693
524,-7.108144760131836,-911.3436523271375,1.2660026550292969,0.0,1.3279529809951782,0.0,1.0705604553222656,0.0,3.6645160913467407,0.0,836.7656827414758,90.37831163720693
525,-4.671731948852539,-916.0153842759901,0.6353296637535095,0.0,0.3876185119152069,0.0,1.4232971668243408,0.0,2.4462453424930573,0.0,839.2119280839688,90.37831163720693
526,-1.4606640338897705,-917.4760483098798,0.4215100109577179,0.0,0.3296126127243042,0.0,0.7095414996147156,0.0,1.4606641232967377,0.0,840.6725922072656,90.37831163720693
527,-1.0374188423156738,-918.5134671521955,0.37498530745506287,0.0,0.23568828403949738,0.0,0.4267451763153076,0.0,1.0374187678098679,0.0,841.7100109750754,90.37831163720693
528,0.05060065537691116,-918.4628664968186,0.35421058535575867,0.0,0.19907063245773315,0.0,0.42208048701286316,0.0,0.975361704826355,0.0,842.6853726799018,90.37831163720693
529,0.05742540955543518,-918.4054410872632,0.3527388870716095,0.0,0.18591776490211487,0.0,0.41900184750556946,0.0,0.9576584994792938,0.0,843.6430311793811,90.37831163720693
530,0.05917023867368698,-918.3462708485895,0.3514370918273926,0.0,0.18461598455905914,0.0,0.4166029393672943,0.0,0.952656015753746,0.0,844.5956871951348,90.37831163720693
531,-0.034253478050231934,-918.3805243266397,0.35007867217063904,0.0,0.4166674017906189,0.0,0.4188297688961029,0.0,1.1855758428573608,0.0,845.7812630379922,90.37831163720693
532,0.045319847762584686,-918.3352044788771,0.34860697388648987,0.0,0.20223666727542877,0.0,0.4351603388786316,0.0,0.9860039800405502,0.0,846.7672670180327,90.37831163720693
533,0.007681660354137421,-918.327522818523,0.3487769067287445,0.0,0.23087537288665771,0.0,0.49980950355529785,0.0,1.0794617831707,0.0,847.8467288012034,90.37831163720693
534,-0.12205466628074646,-918.4495774848037,0.7116307616233826,0.0,0.2397024929523468,0.0,0.45183253288269043,0.0,1.4031657874584198,0.0,849.2498945886618,90.37831163720693
535,-2.268202781677246,-920.717780266481,0.10145055502653122,0.0,0.5448907613754272,0.0,1.6218613386154175,0.0,2.268202655017376,0.0,851.5180972436792,90.37831163720693
536,-2.902154177427292,-923.6199344439083,0.0,0.3353753387928009,2.6300389766693115,0.0,0.27211520075798035,0.0,2.566778838634491,0.0,854.0848760823137,90.37831163720693
537,-11.729255676269531,-935.3491901201778,1.628270149230957,0.0,9.169386863708496,0.0,0.9315988421440125,0.0,11.729255855083466,0.0,865.8141319373972,90.37831163720693
538,-5.664942145347595,-941.0141322655254,5.049230098724365,0.0,0.61571204662323,0.0,0.0,0.031604867428541183,5.633337277919054,0.0,871.4474692153162,90.37831163720693
539,0.0,-941.0141322655254,0.0,1.144559621810913,0.0,0.03349335119128227,0.0,0.015048542991280556,0.0,1.193101515993476,871.4474692153162,91.57141315320041
540,-0.3689352869987488,-941.3830675525242,0.0,0.4473486542701721,0.0,0.056489020586013794,0.3689352869987488,0.0,0.0,0.13490238785743713,871.4474692153162,91.70631554105785
541,0.0,-941.3830675525242,0.0,0.8032835125923157,0.0,0.20749174058437347,0.0,0.5003226399421692,0.0,1.5110978931188583,871.4474692153162,93.2174134341767
542,-1.5716594457626343,-942.9547269982868,1.5716594457626343,0.0,0.0,0.22840949892997742,0.0,0.2740533947944641,1.0691965520381927,0.0,872.5166657673544,93.2174134341767
543,-5.249531164765358,-948.2042581630521,5.1226091384887695,0.0,0.0,0.14496320486068726,0.12692202627658844,0.0,5.104567959904671,0.0,877.6212337272591,93.2174134341767
544,-0.5736870169639587,-948.7779451800161,0.0,0.15906882286071777,0.0,0.1092294305562973,0.5736870169639587,0.0,0.30538876354694366,0.0,877.926622490806,93.2174134341767
545,-1.0276516675949097,-949.805596847611,0.15528148412704468,0.0,0.09507961571216583,0.0,0.3725731670856476,0.0,0.6229342669248581,0.0,878.5495567577309,93.2174134341767
546,-5.371166229248047,-955.1767630768591,0.538820743560791,0.0,0.7438444495201111,0.0,1.5119638442993164,0.0,2.7946290373802185,0.0,881.3441857951111,93.2174134341767
547,-4.448814392089844,-959.6255774689489,1.247894525527954,0.0,0.35911455750465393,0.0,0.7263814806938171,0.0,2.333390563726425,0.0,883.6775763588375,93.2174134341767
548,-4.897113800048828,-964.5226912689977,1.317481517791748,0.0,0.4793415367603302,0.0,0.7606547474861145,0.0,2.5574778020381927,0.0,886.2350541608757,93.2174134341767
549,-4.5481038093566895,-969.0707950783544,1.0641010999679565,0.0,0.5022775530815125,0.0,0.8165318369865417,0.0,2.3829104900360107,0.0,888.6179646509117,93.2174134341767
550,-1.3243088722229004,-970.3951039505773,0.4215100109577179,0.0,0.19325745105743408,0.0,0.7095414996147156,0.0,1.3243089616298676,0.0,889.9422736125416,93.2174134341767
551,-1.0864951610565186,-971.4815991116338,0.3560788035392761,0.0,0.3036712408065796,0.0,0.4267451763153076,0.0,1.0864952206611633,0.0,891.0287688332028,93.2174134341767
552,0.04923880845308304,-971.4323603031808,0.35421058535575867,0.0,0.18733283877372742,0.0,0.42208048701286316,0.0,0.9636239111423492,0.0,891.9923927443451,93.2174134341767
553,-0.03999248147010803,-971.4723527846509,0.3527388870716095,0.0,0.41434162855148315,0.0,0.41900184750556946,0.0,1.186082363128662,0.0,893.1784751074738,93.2174134341767
554,0.0581977441906929,-971.4141550404602,0.33876895904541016,0.0,0.18461598455905914,0.0,0.4166029393672943,0.0,0.9399878829717636,0.0,894.1184629904456,93.2174134341767
555,0.05144168436527252,-971.3627133560949,0.35007867217063904,0.0,0.1873515099287033,0.0,0.4188297688961029,0.0,0.9562599509954453,0.0,895.074722941441,93.2174134341767
556,0.0392972007393837,-971.3234161553555,0.34860697388648987,0.0,0.20223666727542877,0.0,0.4351603388786316,0.0,0.9860039800405502,0.0,896.0607269214815,93.2174134341767
557,0.0016675814986228943,-971.3217485738569,0.3487769067287445,0.0,0.23087537288665771,0.0,0.49980950355529785,0.0,1.0794617831707,0.0,897.1401887046522,93.2174134341767
558,0.02065577358007431,-971.3010928002768,0.33445003628730774,0.0,0.2414994090795517,0.0,0.4554263651371002,0.0,1.0313758105039597,0.0,898.1715645151562,93.2174134341767
559,-1.37713623046875,-972.6782290307456,0.053132280707359314,0.0,0.8090472221374512,0.0,0.5149567723274231,0.0,1.3771362751722336,0.0,899.5487007903284,93.2174134341767
560,-2.6570751667022705,-975.3353041974478,0.6876819133758545,0.0,0.8118748068809509,0.0,1.1575183868408203,0.0,2.6570751070976257,0.0,902.2057758974261,93.2174134341767
561,-0.46248841285705566,-975.7977926103049,0.0,0.7332850098609924,0.22979986667633057,0.0,0.2326885461807251,0.0,0.0,0.27079659700393677,902.2057758974261,93.48821003118064
562,-0.8974553346633911,-976.6952479449683,0.0,0.01716652140021324,0.8974553346633911,0.0,0.0,0.05302396044135094,0.8272648528218269,0.0,903.0330407502479,93.48821003118064
563,0.0,-976.6952479449683,0.0,1.0357462167739868,0.0,0.1403072625398636,0.0,0.27347901463508606,0.0,1.4495324939489365,903.0330407502479,94.93774252512958
564,-5.222996097058058,-981.9182440420263,5.169285297393799,0.0,0.05371079966425896,0.0,0.0,0.30404436588287354,4.918951731175184,0.0,907.9519924814231,94.93774252512958
565,-1.9370598793029785,-983.8553039213293,1.9370598793029785,0.0,0.0,0.13482186198234558,0.0,0.5260208249092102,1.2762171924114227,0.0,909.2282096738345,94.93774252512958
566,0.0,-983.8553039213293,0.0,1.0548300743103027,0.0,0.20560972392559052,0.0,0.6152123808860779,0.0,1.8756521791219711,909.2282096738345,96.81339470425155
567,0.0,-983.8553039213293,0.0,0.7357444763183594,0.0,0.11498678475618362,0.0,0.27781617641448975,0.0,1.1285474374890327,909.2282096738345,97.94194214174058
568,-2.7038031220436096,-986.5591070433729,0.0,0.2551598846912384,0.9248583912849426,0.0,1.778944730758667,0.0,2.448643237352371,0.0,911.6768529111869,97.94194214174058
569,-2.532890558242798,-989.0919976016157,0.9289909601211548,0.0,0.08785857260227203,0.0,0.35722601413726807,0.0,1.3740755468606949,0.0,913.0509284580476,97.94194214174058
570,-5.099769592285156,-994.1917671939009,0.41911715269088745,0.0,1.0024840831756592,0.0,1.2358533143997192,0.0,2.657454550266266,0.0,915.7083830083138,97.94194214174058
571,-3.629340410232544,-997.8211076041334,0.5895199179649353,0.0,0.35659223794937134,0.0,0.9760674238204956,0.0,1.9221795797348022,0.0,917.6305625880486,97.94194214174058
572,-3.877102851867676,-1001.6982104560011,0.6107575297355652,0.0,0.36468249559402466,0.0,1.0705604553222656,0.0,2.0460004806518555,0.0,919.6765630687005,97.94194214174058
573,-4.67745304107666,-1006.3756634970778,0.7614763379096985,0.0,0.19623863697052002,0.0,1.4884002208709717,0.0,2.44611519575119,0.0,922.1226782644517,97.94194214174058
574,-3.2183518409729004,-1009.5940153380507,2.038153886795044,0.0,0.19325745105743408,0.0,0.986940324306488,0.0,3.218351662158966,0.0,925.3410299266106,97.94194214174058
575,-1.0905466079711914,-1010.6845619460219,0.37498530745506287,0.0,0.18901224434375763,0.0,0.5265489816665649,0.0,1.0905465334653854,0.0,926.431576460076,97.94194214174058
576,0.03007587045431137,-1010.6544860755675,0.3568393290042877,0.0,0.18733283877372742,0.0,0.45272377133369446,0.0,0.9968959391117096,0.0,927.4284723991877,97.94194214174058
577,0.04553121328353882,-1010.608954862284,0.3527388870716095,0.0,0.18591776490211487,0.0,0.41900184750556946,0.0,0.9576584994792938,0.0,928.386130898667,97.94194214174058
578,0.04729292541742325,-1010.5616619368666,0.3514370918273926,0.0,0.18461598455905914,0.0,0.4166029393672943,0.0,0.952656015753746,0.0,929.3387869144208,97.94194214174058
579,0.0456123948097229,-1010.5160495420569,0.35007867217063904,0.0,0.1873515099287033,0.0,0.4188297688961029,0.0,0.9562599509954453,0.0,930.2950468654162,97.94194214174058
580,0.03347613662481308,-1010.482573405432,0.34860697388648987,0.0,0.20223666727542877,0.0,0.4351603388786316,0.0,0.9860039800405502,0.0,931.2810508454568,97.94194214174058
581,-1.1935288906097412,-1011.6761022960418,3.3222358226776123,0.0,0.23087537288665771,0.0,0.49980950355529785,0.0,4.052920699119568,0.0,935.3339715445763,97.94194214174058
582,-0.6483739614486694,-1012.3244762574905,1.3316127061843872,0.0,0.6040012836456299,0.0,0.7538245916366577,0.0,2.689438581466675,0.0,938.023410126043,97.94194214174058
583,-2.161489486694336,-1014.4859657441848,1.1802514791488647,0.0,0.358120322227478,0.0,0.6231178045272827,0.0,2.1614896059036255,0.0,940.1848997319466,97.94194214174058
584,-0.9075264930725098,-1015.3934922372573,0.0,0.07904624193906784,0.37908220291137695,0.0,0.5284442901611328,0.0,0.8284802511334419,0.0,941.0133799830801,97.94194214174058
585,-0.6259900331497192,-1016.019482270407,0.0,0.4998004138469696,0.3465421497821808,0.0,0.27944788336753845,0.0,0.12618961930274963,0.0,941.1395696023828,97.94194214174058
586,-1.28302800655365,-1017.3025102769607,0.3174455463886261,0.0,0.35085994005203247,0.0,0.614722490310669,0.0,1.2830279767513275,0.0,942.4225975791342,97.94194214174058
587,-0.3065478503704071,-1017.6090581273311,0.0,0.8096776008605957,0.06313899159431458,0.0,0.24340885877609253,0.0,0.0,0.5031297504901886,942.4225975791342,98.44507189223077
588,-1.380350947380066,-1018.9894090747111,0.0,0.9252549409866333,0.7926629781723022,0.0,0.5876879692077637,0.0,0.4550960063934326,0.0,942.8776935855276,98.44507189223077
589,-0.930052787065506,-1019.9194618617767,0.0,0.8178094029426575,0.6103869676589966,0.0,0.3196658194065094,0.0,0.11224338412284851,0.0,942.9899369696504,98.44507189223077
590,-1.0999375581741333,-1021.0193994199508,0.24066291749477386,0.0,0.5701536536216736,0.0,0.28912094235420227,0.0,1.0999375134706497,0.0,944.0898744831211,98.44507189223077
591,-0.04044690728187561,-1021.0598463272327,0.0,0.6151168942451477,0.04044690728187561,0.0,0.0,0.3160651922225952,0.0,0.8907351791858673,944.0898744831211,99.33580707141664
592,-0.05079980567097664,-1021.1106461329036,0.05079980567097664,0.0,0.0,0.06697840243577957,0.0,0.01682497002184391,0.0,0.03300356678664684,944.0898744831211,99.36881063820329
593,-0.7508854269981384,-1021.8615315599018,0.0,0.07371017336845398,0.026100127026438713,0.0,0.455544114112854,0.0,0.40793406777083874,0.0,944.4978085508919,99.36881063820329
594,-2.3320631980895996,-1024.1935947579914,0.30708345770835876,0.0,0.15865206718444824,0.0,0.8064391613006592,0.0,1.2721746861934662,0.0,945.7699832370854,99.36881063820329
595,-7.519113540649414,-1031.7127082986408,2.3147993087768555,0.0,0.35625216364860535,0.0,1.1945897340774536,0.0,3.8656412065029144,0.0,949.6356244435883,99.36881063820329
596,-4.034660339355469,-1035.7473686379963,0.6107575297355652,0.0,0.41281142830848694,0.0,1.0997874736785889,0.0,2.123356431722641,0.0,951.758980875311,99.36881063820329
597,-5.2760443687438965,-1041.0234130067402,1.539839744567871,0.0,0.3876185119152069,0.0,0.8165318369865417,0.0,2.7439900934696198,0.0,954.5029709687806,99.36881063820329
598,-2.4036529064178467,-1043.427065913158,1.5008540153503418,0.0,0.19325745105743408,0.0,0.7095414996147156,0.0,2.4036529660224915,0.0,956.9066239348031,99.36881063820329
599,-0.9718362092971802,-1044.3989021224552,0.3560788035392761,0.0,0.18901224434375763,0.0,0.4267451763153076,0.0,0.9718362241983414,0.0,957.8784601590014,99.36881063820329
600,0.03772579878568649,-1044.3611763236695,0.35421058535575867,0.0,0.18733283877372742,0.0,0.42208048701286316,0.0,0.9636239111423492,0.0,958.8420840701438,99.36881063820329
601,0.03988030552864075,-1044.3212960181409,0.3527388870716095,0.0,0.18591776490211487,0.0,0.41900184750556946,0.0,0.9576584994792938,0.0,959.799742569623,99.36881063820329
602,0.0416499599814415,-1044.2796460581594,0.3514370918273926,0.0,0.18461598455905914,0.0,0.4166029393672943,0.0,0.952656015753746,0.0,960.7523985853768,99.36881063820329
603,-0.12305594980716705,-1044.4027020079666,0.7576619386672974,0.0,0.1873515099287033,0.0,0.4188297688961029,0.0,1.3638432174921036,0.0,962.1162418028689,99.36881063820329
604,-0.37161189317703247,-1044.7743139011436,1.347259283065796,0.0,0.20223666727542877,0.0,0.4351603388786316,0.0,1.9846562892198563,0.0,964.1008980920888,99.36881063820329
605,-0.2566601634025574,-1045.0309740645462,0.9380737543106079,0.0,0.23087537288665771,0.0,0.5277521014213562,0.0,1.6967012286186218,0.0,965.7975993207074,99.36881063820329
606,-0.2904391884803772,-1045.3214132530265,1.0610169172286987,0.0,0.2490430623292923,0.0,0.4705136716365814,0.0,1.7805736511945724,0.0,967.578172971902,99.36881063820329
607,-1.317131519317627,-1046.6385447723442,0.759421706199646,0.0,0.21481603384017944,0.0,0.3428937792778015,0.0,1.317131519317627,0.0,968.8953044912196,99.36881063820329
608,-0.6515290886163712,-1047.2900738609605,0.0,0.30828598141670227,0.1623491495847702,0.0,0.48917993903160095,0.0,0.3432431071996689,0.0,969.2385475984192,99.36881063820329
609,-1.454508289694786,-1048.7445821506553,0.0,0.43275222182273865,0.17460213601589203,0.0,1.279906153678894,0.0,1.0217560678720474,0.0,970.2603036662913,99.36881063820329
610,-0.020695986226201057,-1048.7652781368815,0.0,0.5142026543617249,0.020695986226201057,0.0,0.0,0.3225393295288086,0.0,0.8160459976643324,970.2603036662913,100.18485663586762
611,-3.2282899618148804,-1051.9935680986964,0.0,0.8544731736183167,1.622597575187683,0.0,1.6056923866271973,0.0,2.3738167881965637,0.0,972.6341204544879,100.18485663586762
612,-0.7615859508514404,-1052.7551540495479,0.0,1.0591528415679932,0.4981596767902374,0.0,0.263426274061203,0.0,0.0,0.29756689071655273,972.6341204544879,100.48242352658417
613,-0.45576104521751404,-1053.2109150947654,0.0,0.8234636783599854,0.38624855875968933,0.0,0.06951248645782471,0.0,0.0,0.3677026331424713,972.6341204544879,100.85012615972664
614,-0.3397235572338104,-1053.5506386519992,0.0,1.0116024017333984,0.3397235572338104,0.0,0.0,0.21245795488357544,0.0,0.8843367993831635,972.6341204544879,101.7344629591098
615,0.0,-1053.5506386519992,0.0,0.8532128930091858,0.0,0.17444145679473877,0.0,0.3796030282974243,0.0,1.4072573781013489,972.6341204544879,103.14172033721115
616,0.0,-1053.5506386519992,0.0,0.5380384922027588,0.0,0.17350901663303375,0.0,0.4126986563205719,0.0,1.1242461651563644,972.6341204544879,104.26596650236752
617,-2.08833909034729,-1055.6389777423465,0.38442274928092957,0.0,0.0,0.028112348169088364,0.7645670771598816,0.0,1.1208774782717228,0.0,973.7549979327596,104.26596650236752
618,-2.434239387512207,-1058.0732171298587,0.36787644028663635,0.0,0.15145640075206757,0.0,0.8025505542755127,0.0,1.3218833953142166,0.0,975.0768813280738,104.26596650236752
619,-3.412782669067383,-1061.485999798926,0.7303415536880493,0.0,0.35753491520881653,0.0,0.7232221961021423,0.0,1.8110986649990082,0.0,976.8879799930728,104.26596650236752
620,-5.439465522766113,-1066.9254653216922,1.3891406059265137,0.0,0.36468249559402466,0.0,1.0705604553222656,0.0,2.824383556842804,0.0,979.7123635499156,104.26596650236752
621,-3.1075499057769775,-1070.0330152274691,0.45421919226646423,0.0,0.3876185119152069,0.0,0.8165318369865417,0.0,1.658369541168213,0.0,981.3707330910838,104.26596650236752
622,-6.057295322418213,-1076.0903105498874,0.4215100109577179,0.0,4.011590003967285,0.0,1.6241950988769531,0.0,6.057295113801956,0.0,987.4280282048858,104.26596650236752
623,-1.4146983623504639,-1077.5050089122378,0.3560788035392761,0.0,0.30236607789993286,0.0,0.7562534809112549,0.0,1.4146983623504639,0.0,988.8427265672362,104.26596650236752
624,-0.43774473667144775,-1077.9427536489093,0.35421058535575867,0.0,0.18733283877372742,0.0,1.5970796346664429,0.0,2.138623058795929,0.0,990.9813496260322,104.26596650236752
625,0.03521987795829773,-1077.907533770951,0.3527388870716095,0.0,0.18591776490211487,0.0,0.41699478030204773,0.0,0.9556514322757721,0.0,991.9370010583079,104.26596650236752
626,0.043527282774448395,-1077.8640064881765,0.3514370918273926,0.0,0.18461598455905914,0.0,0.39827069640159607,0.0,0.9343237727880478,0.0,992.871324831096,104.26596650236752
627,-1.7812615633010864,-1079.6452680514776,2.374443292617798,0.0,1.3136134147644043,0.0,1.8076807260513306,0.0,5.495737433433533,0.0,998.3670622645295,104.26596650236752
628,0.029408030211925507,-1079.6158600212657,0.34860697388648987,0.0,0.20223666727542877,0.0,0.4176623523235321,0.0,0.9685059934854507,0.0,999.335568258015,104.26596650236752
629,-0.8762587904930115,-1080.4921188117587,0.3487769067287445,0.0,0.23087537288665771,0.0,2.652463912963867,0.0,3.2321161925792694,0.0,1002.5676844505942,104.26596650236752
630,-0.08373622596263885,-1080.5758550377213,0.34246259927749634,0.0,0.31018462777137756,0.0,0.5976065397262573,0.0,1.2502537667751312,0.0,1003.8179382173694,104.26596650236752
631,-1.214921236038208,-1081.7907762737595,0.3763113021850586,0.0,0.3105776011943817,0.0,0.5280323624610901,0.0,1.2149212658405304,0.0,1005.0328594832099,104.26596650236752
632,-1.8856636881828308,-1083.6764399619424,0.0,0.37374255061149597,0.8361832499504089,0.0,1.0494804382324219,0.0,1.5119211375713348,0.0,1006.5447806207812,104.26596650236752
633,-0.9846715927124023,-1084.6611115546548,0.0,0.7184192538261414,0.2372327446937561,0.0,0.7474388480186462,0.0,0.266252338886261,0.0,1006.8110329596675,104.26596650236752
634,-0.08819844573736191,-1084.7493100003921,0.0,0.9992810487747192,0.08819844573736191,0.0,0.0,0.3774714171886444,0.0,1.2885540202260017,1006.8110329596675,105.55452052259352
635,-0.2831929922103882,-1085.0325029926025,0.0,1.164985179901123,0.2831929922103882,0.0,0.0,0.5730229616165161,0.0,1.454815149307251,1006.8110329596675,107.00933567190077
636,0.0,-1085.0325029926025,0.0,1.2253801822662354,0.0,0.14808499813079834,0.0,0.40855467319488525,0.0,1.782019853591919,1006.8110329596675,108.79135552549269
637,-0.28371769189834595,-1085.3162206845009,0.0,1.243593454360962,0.28371769189834595,0.0,0.0,0.10611827671527863,0.0,1.0659940391778946,1006.8110329596675,109.85734956467059
638,-0.26193469762802124,-1085.578155382129,0.0,0.6936972141265869,0.26193469762802124,0.0,0.0,0.09976386278867722,0.0,0.5315263792872429,1006.8110329596675,110.38887594395783
639,0.0,-1085.578155382129,0.0,0.697390615940094,0.0,0.22867107391357422,0.0,0.6626204252243042,0.0,1.5886821150779724,1006.8110329596675,111.9775580590358
640,-0.41181862354278564,-1085.9899740056717,0.41181862354278564,0.0,0.0,0.20805951952934265,0.0,0.4817996621131897,0.0,0.2780405580997467,1006.8110329596675,112.25559861713555
641,-0.5609620213508606,-1086.5509360270225,0.31945550441741943,0.0,0.0,0.05981559306383133,0.0645102709531784,0.0,0.3241501823067665,0.0,1007.1351831419743,112.25559861713555
642,-4.669105052947998,-1091.2200410799705,0.5452353954315186,0.0,1.1327673196792603,0.0,0.7599798440933228,0.0,2.4379825592041016,0.0,1009.5731657011784,112.25559861713555
643,-18.47962760925293,-1109.6996686892235,0.517493724822998,0.0,0.35864752531051636,0.0,8.467048645019531,0.0,9.343189895153046,0.0,1018.9163555963314,112.25559861713555
644,-4.719457626342773,-1114.4191263155662,0.8479077816009521,0.0,0.36468249559402466,0.0,1.2504595518112183,0.0,2.463049829006195,0.0,1021.3794054253376,112.25559861713555
645,-11.214506149291992,-1125.6336324648582,4.1328816413879395,0.0,0.3876185119152069,0.0,1.1900190114974976,0.0,5.710519164800644,0.0,1027.0899245901383,112.25559861713555
646,-1.5736063718795776,-1127.2072388367378,0.4215100109577179,0.0,0.44255486130714417,0.0,0.7095414996147156,0.0,1.5736063718795776,0.0,1028.6635309620178,112.25559861713555
647,-1.1183160543441772,-1128.325554891082,0.3560788035392761,0.0,0.23568828403949738,0.0,0.5265489816665649,0.0,1.1183160692453384,0.0,1029.7818470312632,112.25559861713555
648,-0.030309394001960754,-1128.355864285084,0.35421058535575867,0.0,0.2998753786087036,0.0,0.45272377133369446,0.0,1.1068097352981567,0.0,1030.8886567665613,112.25559861713555
649,0.029134511947631836,-1128.3267297731363,0.3527388870716095,0.0,0.18591776490211487,0.0,0.41900184750556946,0.0,0.9576584994792938,0.0,1031.8463152660406,112.25559861713555
650,0.030919216573238373,-1128.295810556563,0.3514370918273926,0.0,0.18461598455905914,0.0,0.4166029393672943,0.0,0.952656015753746,0.0,1032.7989712817944,112.25559861713555
651,0.029261663556098938,-1128.266548893007,0.35007867217063904,0.0,0.1873515099287033,0.0,0.4188297688961029,0.0,0.9562599509954453,0.0,1033.7552312327898,112.25559861713555
652,0.017148375511169434,-1128.2494005174958,0.34860697388648987,0.0,0.20223666727542877,0.0,0.4351603388786316,0.0,0.9860039800405502,0.0,1034.7412352128304,112.25559861713555
653,-0.42803341150283813,-1128.6774339289987,1.3677350282669067,0.0,0.23087537288665771,0.0,0.49980950355529785,0.0,2.0984199047088623,0.0,1036.8396551175392,112.25559861713555
654,-1.0912725925445557,-1129.7687065215432,2.7056221961975098,0.0,0.24639129638671875,0.0,0.8039667010307312,0.0,3.7559801936149597,0.0,1040.5956353111542,112.25559861713555
655,-2.589261531829834,-1132.357968053373,1.1488118171691895,0.0,0.21834512054920197,0.0,1.2221044301986694,0.0,2.589261367917061,0.0,1043.1848966790712,112.25559861713555
656,-5.179886817932129,-1137.5378548713052,0.0,0.36626678705215454,0.500525951385498,0.0,4.679360866546631,0.0,4.813620030879974,0.0,1047.9985167099512,112.25559861713555
657,-6.507904872298241,-1144.0457597436034,0.0,0.7502269148826599,0.14646469056606293,0.0,6.361440181732178,0.0,5.757677957415581,0.0,1053.7561946673668,112.25559861713555
658,-0.8990600951947272,-1144.9448198387981,0.0,0.9725360870361328,0.006602431181818247,0.0,0.8924576640129089,0.0,0.0,0.07347599184140563,1053.7561946673668,112.32907460897695
659,0.0,-1144.9448198387981,0.0,0.24473510682582855,0.0,0.09424187988042831,0.0,0.35691264271736145,0.0,0.6958896294236183,1053.7561946673668,113.02496423840057
660,-0.5612882971763611,-1145.5061081359745,0.12692871689796448,0.0,0.4343595802783966,0.0,0.0,0.29645630717277527,0.2648319900035858,0.0,1054.0210266573704,113.02496423840057
661,-1.2740995585918427,-1146.7802076945663,0.0,1.1207208633422852,0.34515395760536194,0.0,0.9289456009864807,0.0,0.1533786952495575,0.0,1054.17440535262,113.02496423840057
662,-1.0211588442325592,-1147.801366538799,0.7364920973777771,0.0,0.2846667468547821,0.0,0.0,0.05429979786276817,0.966859046369791,0.0,1055.1412643989897,113.02496423840057
663,0.0,-1147.801366538799,0.0,0.8766398429870605,0.0,0.18615493178367615,0.0,0.5775881409645081,0.0,1.6403829157352448,1055.1412643989897,114.66534715413582
664,-0.00890298467129469,-1147.8102695234702,0.00890298467129469,0.0,0.0,0.1717604249715805,0.0,0.22638903558254242,0.0,0.38924647588282824,1055.1412643989897,115.05459363001864
665,0.005419790744781494,-1147.8048497327254,0.0,0.07415522634983063,0.0,0.04232902079820633,0.0994834154844284,0.0,0.0,0.01700083166360855,1055.1412643989897,115.07159446168225
666,-2.221256732940674,-1150.026106465666,0.40967029333114624,0.0,0.2636435031890869,0.0,0.539454996585846,0.0,1.212768793106079,0.0,1056.3540331920958,115.07159446168225
667,-8.072003364562988,-1158.098109830229,2.1317942142486572,0.0,0.3581891655921936,0.0,1.6481059789657593,0.0,4.13808935880661,0.0,1060.4921225509024,115.07159446168225
668,-4.111414909362793,-1162.2095247395919,0.7031154632568359,0.0,0.36468249559402466,0.0,1.0899442434310913,0.0,2.157742202281952,0.0,1062.6498647531844,115.07159446168225
669,-32.67950439453125,-1194.8890291341231,7.0275139808654785,0.0,0.3876185119152069,0.0,9.026601791381836,0.0,16.44173428416252,0.0,1079.091599037347,115.07159446168225
670,-2.520822763442993,-1197.409851897566,0.4215100109577179,0.0,0.44215521216392517,0.0,1.65715754032135,0.0,2.520822763442993,0.0,1081.61242180079,115.07159446168225
671,-1.602722406387329,-1199.0125743039534,0.37498530745506287,0.0,0.7011880874633789,0.0,0.5265489816665649,0.0,1.6027223765850067,0.0,1083.215144177375,115.07159446168225
672,0.016102515161037445,-1198.9964717887924,0.3568393290042877,0.0,0.19907063245773315,0.0,0.42208048701286316,0.0,0.977990448474884,0.0,1084.1931346258498,115.07159446168225
673,-0.19860433042049408,-1199.195076119213,0.34507817029953003,0.0,0.7501539587974548,0.0,0.41900184750556946,0.0,1.5142339766025543,0.0,1085.7073686024523,115.07159446168225
674,-0.5589371919631958,-1199.754013311176,1.7011696100234985,0.0,0.2967706322669983,0.0,0.4166029393672943,0.0,2.414543181657791,0.0,1088.1219117841101,115.07159446168225
675,0.02416720986366272,-1199.7298461013124,0.35007867217063904,0.0,0.1873515099287033,0.0,0.4188297688961029,0.0,0.9562599509954453,0.0,1089.0781717351056,115.07159446168225
676,0.012060962617397308,-1199.717785138695,0.34860697388648987,0.0,0.20223666727542877,0.0,0.4351603388786316,0.0,0.9860039800405502,0.0,1090.0641757151461,115.07159446168225
677,-0.02553045004606247,-1199.743315588741,0.3487769067287445,0.0,0.23087537288665771,0.0,0.49980950355529785,0.0,1.0794617831707,0.0,1091.1436374983168,115.07159446168225
678,-0.614435076713562,-1200.3577506654547,1.0169463157653809,0.0,1.0625839233398438,0.0,0.47167298197746277,0.0,2.5512032210826874,0.0,1093.6948407193995,115.07159446168225
679,-5.941379547119141,-1206.2991302125738,0.21681378781795502,0.0,5.1417388916015625,0.0,0.5828270316123962,0.0,5.941379711031914,0.0,1099.6362204304314,115.07159446168225
680,-0.4406924843788147,-1206.7398226969526,0.0,0.1919764280319214,0.22050392627716064,0.0,0.22018855810165405,0.0,0.2487160563468933,0.0,1099.8849364867783,115.07159446168225
681,-0.7578384280204773,-1207.497661124973,0.4022056460380554,0.0,0.25337982177734375,0.0,0.10225296765565872,0.0,0.7578384354710579,0.0,1100.6427749222494,115.07159446168225
682,-0.3820599615573883,-1207.8797210865305,0.0,0.8945507407188416,0.3820599615573883,0.0,0.0,0.0920955017209053,0.0,0.6045862808823586,1100.6427749222494,115.67618074256461
683,-1.620985984802246,-1209.5007070713327,0.0,0.21135073900222778,0.0,0.030194442719221115,1.620985984802246,0.0,1.3794408030807972,0.0,1102.0222157253302,115.67618074256461
684,0.0,-1209.5007070713327,0.0,1.1891871690750122,0.0,1.0029011964797974,0.0,0.2818286418914795,0.0,2.473917007446289,1102.0222157253302,118.1500977500109
685,0.0,-1209.5007070713327,0.0,1.1782113313674927,0.0,1.1387624740600586,0.0,0.04073614627122879,0.0,2.35770995169878,1102.0222157253302,120.50780770170968
686,-0.5828261971473694,-1210.08353326848,0.0,1.0789623260498047,0.3221888542175293,0.0,0.2606373429298401,0.0,0.0,0.4961361289024353,1102.0222157253302,121.00394383061212
687,0.0,-1210.08353326848,0.0,0.9265273213386536,0.0,0.21109865605831146,0.0,0.1729283630847931,0.0,1.3105543404817581,1102.0222157253302,122.31449817109387
688,-0.4294658899307251,-1210.5129991584108,0.4294658899307251,0.0,0.0,0.1713041365146637,0.0,0.4082888960838318,0.0,0.15012714266777039,1102.0222157253302,122.46462531376164
689,-2.7902796268463135,-1213.3032787852571,1.3497508764266968,0.0,0.0,0.018549572676420212,0.14704230427742004,0.0,1.4782436080276966,0.0,1103.5004593333579,122.46462531376164
690,-19.083147048950195,-1232.3864258342073,1.4444351196289062,0.0,0.14266453683376312,0.0,8.056076049804688,0.0,9.643175706267357,0.0,1113.1436350396252,122.46462531376164
691,-5.035571098327637,-1237.421996932535,1.0972508192062378,0.0,0.5973512530326843,0.0,0.9247347116470337,0.0,2.619336783885956,0.0,1115.7629718235112,122.46462531376164
692,-2.9416182041168213,-1240.3636151366518,0.4469718635082245,0.0,0.36468249559402466,0.0,0.7606547474861145,0.0,1.5723091065883636,0.0,1117.3352809300995,122.46462531376164
693,-3.1138410568237305,-1243.4774561934755,0.45421919226646423,0.0,0.3876185119152069,0.0,0.8165318369865417,0.0,1.658369541168213,0.0,1118.9936504712678,122.46462531376164
694,-1.8843421936035156,-1245.361798387079,0.57329261302948,0.0,0.19325745105743408,0.0,1.1177921295166016,0.0,1.8843421936035156,0.0,1120.8779926648713,122.46462531376164
695,-1.6536635160446167,-1247.0154619031237,0.3560788035392761,0.0,0.18901224434375763,0.0,1.1085724830627441,0.0,1.653663530945778,0.0,1122.531656195817,122.46462531376164
696,0.019736044108867645,-1246.9957258590148,0.35421058535575867,0.0,0.18733283877372742,0.0,0.42208048701286316,0.0,0.9636239111423492,0.0,1123.4952801069594,122.46462531376164
697,0.021919310092926025,-1246.9738065489219,0.3527388870716095,0.0,0.18591776490211487,0.0,0.41900184750556946,0.0,0.9576584994792938,0.0,1124.4529386064387,122.46462531376164
698,0.023717664182186127,-1246.9500888847397,0.3514370918273926,0.0,0.18461598455905914,0.0,0.4166029393672943,0.0,0.952656015753746,0.0,1125.4055946221924,122.46462531376164
699,0.022073738276958466,-1246.9280151464627,0.35007867217063904,0.0,0.1873515099287033,0.0,0.4188297688961029,0.0,0.9562599509954453,0.0,1126.3618545731879,122.46462531376164
700,0.00997404009103775,-1246.9180411063717,0.34860697388648987,0.0,0.20223666727542877,0.0,0.4351603388786316,0.0,0.9860039800405502,0.0,1127.3478585532284,122.46462531376164
701,-0.027610845863819122,-1246.9456519522355,0.3487769067287445,0.0,0.23087537288665771,0.0,0.49980950355529785,0.0,1.0794617831707,0.0,1128.4273203363991,122.46462531376164
702,-0.0010654851794242859,-1246.946717437415,0.3108523190021515,0.0,0.24310490489006042,0.0,0.4586373567581177,0.0,1.0125945806503296,0.0,1129.4399149170495,122.46462531376164
703,-1.8209704160690308,-1248.767687853484,1.3067142963409424,0.0,0.20033147931098938,0.0,0.3139246702194214,0.0,1.8209704458713531,0.0,1131.2608853629208,122.46462531376164
704,-1.3224836587905884,-1250.0901715122745,0.7592211961746216,0.0,0.2643275260925293,0.0,0.2989349663257599,0.0,1.3224836885929108,0.0,1132.5833690515137,122.46462531376164
705,-2.9930005073547363,-1253.0831720196293,1.9054900407791138,0.0,0.24723315238952637,0.0,0.8402770757675171,0.0,2.9930002689361572,0.0,1135.5763693204499,122.46462531376164
706,-1.3152621164917946,-1254.398434136121,1.2209644317626953,0.0,0.09429768472909927,0.0,0.0,0.18462733924388885,1.1306347772479057,0.0,1136.7070040976978,122.46462531376164
707,-0.0017803049413487315,-1254.4002144410624,0.0,1.0740123987197876,0.0017803049413487315,0.0,0.0,0.3524157404899597,0.0,1.4246478342683986,1136.7070040976978,123.88927314803004
708,-0.06494231522083282,-1254.4651567562832,0.0,1.1632142066955566,0.06494231522083282,0.0,0.0,0.057513393461704254,0.0,1.155785284936428,1136.7070040976978,125.04505843296647
709,0.0,-1254.4651567562832,0.0,0.9385082721710205,0.0,0.16362735629081726,0.0,0.25184541940689087,0.0,1.3539810478687286,1136.7070040976978,126.3990394808352
710,0.0,-1254.4651567562832,0.0,0.5056313276290894,0.0,0.13752496242523193,0.0,0.47904282808303833,0.0,1.1221991181373596,1136.7070040976978,127.52123859897256
711,0.0,-1254.4651567562832,0.0,0.6964879035949707,0.0,0.025233205407857895,0.0,0.09830903261899948,0.0,0.8200301416218281,1136.7070040976978,128.3412687405944
712,-0.10400160402059555,-1254.5691583603038,0.0,0.03524324670433998,0.0,0.09797130525112152,0.10400160402059555,0.0,0.0,0.02921294793486595,1136.7070040976978,128.37048168852925
713,-1.5784856081008911,-1256.1476439684047,0.20622381567955017,0.0,0.025920702144503593,0.0,0.6575417518615723,0.0,0.889686269685626,0.0,1137.5966903673834,128.37048168852925
714,-4.007869720458984,-1260.1555136888637,0.3609231412410736,0.0,0.5004211664199829,0.0,1.242984414100647,0.0,2.1043287217617035,0.0,1139.7010190891451,128.37048168852925
715,-4.409700393676758,-1264.5652140825405,0.861149787902832,0.0,0.46824032068252563,0.0,0.9758043885231018,0.0,2.3051944971084595,0.0,1142.0062135862536,128.37048168852925
716,-5.0749006271362305,-1269.6401147096767,1.2025023698806763,0.0,0.36468249559402466,0.0,1.0705604553222656,0.0,2.6377453207969666,0.0,1144.6439589070505,128.37048168852925
717,-5.788303852081299,-1275.428418561758,1.5637325048446655,0.0,0.3876185119152069,0.0,1.0430465936660767,0.0,2.994397610425949,0.0,1147.6383565174765,128.37048168852925
718,-3.2800660133361816,-1278.7084845750942,0.4215100109577179,0.0,0.19325745105743408,0.0,2.6652984619140625,0.0,3.2800659239292145,0.0,1150.9184224414057,128.37048168852925
