time_step,reward,all_rewards,grid_import_Building_1_kwh,export_Building_1_kwh,grid_import_Building_2_kwh,export_Building_2_kwh,grid_import_Building_3_kwh,export_Building_3_kwh,grid_import_kwh,export_kwh,cumulative_grid_import_kwh,cumulative_export_kwh
0,-5.265020516915225,-5.265020516915225,2.033644199371338,0.0,0.5619984865188599,0.0,1.689454197883606,0.0,4.285096883773804,0.0,4.285096883773804,0.0
1,-3.2178145246587033,-8.482835041573928,0.8462807536125183,0.0,0.18591776490211487,0.0,0.47319296002388,0.0,1.5053914785385132,0.0,5.790488362312317,0.0
2,-3.5578388578963764,-12.040673899470304,0.7249863147735596,0.0,0.18461598455905914,0.0,0.4455188810825348,0.0,1.3551211804151535,0.0,7.14560954272747,0.0
3,-5.5487676106546076,-17.589441510124914,0.6327978372573853,0.0,0.1873515099287033,0.0,0.433448851108551,0.0,1.2535981982946396,0.0,8.39920774102211,0.0
4,-5.881938934326172,-23.471380444451086,0.6071555614471436,0.0,0.20223666727542877,0.0,0.4351603388786316,0.0,1.244552567601204,0.0,9.643760308623314,0.0
5,-6.53942346572876,-30.010803910179845,1.00062894821167,0.0,0.23087537288665771,0.0,0.49980950355529785,0.0,1.7313138246536255,0.0,11.37507413327694,0.0
6,-8.102548599243164,-38.11335250942301,1.607621669769287,0.0,0.24817126989364624,0.0,1.033126950263977,0.0,2.8889198899269104,0.0,14.26399402320385,0.0
7,-6.583591461181641,-44.69694397060465,0.5342340469360352,0.0,0.3452141582965851,0.0,0.8840543627738953,0.0,1.7635025680065155,0.0,16.027496591210365,0.0
8,-17.398468017578125,-62.095411988182775,4.653266429901123,0.0,2.933849573135376,0.0,2.187143325805664,0.0,9.774259328842163,0.0,25.80175592005253,0.0
9,-8.640545845031738,-70.73595783321451,0.48263463377952576,0.0,0.6722479462623596,0.0,2.1317636966705322,0.0,3.2866462767124176,0.0,29.088402196764946,0.0
10,-7.043096542358398,-77.77905437557291,0.0,0.3569531738758087,0.6334824562072754,0.0,1.284489393234253,0.0,1.5610186755657196,0.0,30.649420872330666,0.0
11,-7.931988184328331,-85.71104255990124,1.8172708749771118,0.0,0.6685148477554321,0.0,0.969410240650177,0.0,3.455195963382721,0.0,34.10461683571339,0.0
12,-4.23628045814509,-89.94732301804633,0.26597872376441956,0.0,0.9704316258430481,0.0,0.7307910919189453,0.0,1.967201441526413,0.0,36.0718182772398,0.0
13,0.0,-89.94732301804633,0.0,1.293045997619629,0.0,0.2805768847465515,0.0,0.6318330764770508,0.0,2.205455958843231,36.0718182772398,2.205455958843231
14,0.0,-89.94732301804633,0.0,0.95054030418396,0.0,0.163893923163414,0.0,0.7738050222396851,0.0,1.888239249587059,36.0718182772398,4.09369520843029
15,-1.3265158832073212,-91.27383890125365,0.16432055830955505,0.0,1.0962364673614502,0.0,0.06595885753631592,0.0,1.3265158832073212,0.0,37.39833416044712,4.09369520843029
16,-0.2912794053554535,-91.56511830660911,0.0,0.1696302890777588,0.2912794053554535,0.0,0.0,0.2320985496044159,0.0,0.11044943332672119,37.39833416044712,4.204144641757011
17,-0.6364186704158783,-92.20153697702499,0.1799376904964447,0.0,0.3064201772212982,0.0,0.15006080269813538,0.0,0.6364186704158783,0.0,38.034752830863,4.204144641757011
18,-1.3913612067699432,-93.59289818379493,0.4625154137611389,0.0,0.16118374466896057,0.0,0.7676620483398438,0.0,1.3913612067699432,0.0,39.42611403763294,4.204144641757011
19,-2.4492211639881134,-96.04211934778304,1.0769085884094238,0.0,0.3912005126476288,0.0,0.9811120629310608,0.0,2.4492211639881134,0.0,41.875335201621056,4.204144641757011
20,-2.3802784085273743,-98.42239775631042,0.5288646817207336,0.0,0.780853271484375,0.0,1.0705604553222656,0.0,2.3802784085273743,0.0,44.25561361014843,4.204144641757011
21,-5.571899056434631,-103.99429681274505,1.9639720916748047,0.0,0.9507495164871216,0.0,2.657177448272705,0.0,5.571899056434631,0.0,49.82751266658306,4.204144641757011
22,-4.867928624153137,-108.86222543689819,1.448914885520935,0.0,0.7563884258270264,0.0,2.662625312805176,0.0,4.867928624153137,0.0,54.6954412907362,4.204144641757011
23,-4.867009937763214,-113.7292353746614,1.383483648300171,0.0,0.7521432042121887,0.0,2.7313830852508545,0.0,4.867009937763214,0.0,59.56245122849941,4.204144641757011
24,-4.343591406057779,-118.07282678071918,1.3816155195236206,0.0,0.7504638433456421,0.0,1.1165059804916382,0.0,3.248585343360901,0.0,62.81103657186031,4.204144641757011
25,-9.834789714934045,-127.90761649565323,3.554816246032715,0.0,3.3812859058380127,0.0,1.9707965850830078,0.0,8.906898736953735,0.0,71.71793530881405,4.204144641757011
26,-2.6941534759671257,-130.60176997162034,0.3514370918273926,0.0,0.16868312656879425,0.0,0.4166029393672943,0.0,0.9367231577634811,0.0,72.65465846657753,4.204144641757011
27,-4.565525054931641,-135.16729502655198,0.35007867217063904,0.0,0.1873515099287033,0.0,1.1875500679016113,0.0,1.7249802500009537,0.0,74.37963871657848,4.204144641757011
28,-4.927340507507324,-140.0946355340593,1.3546943664550781,0.0,0.20223666727542877,0.0,0.4351603388786316,0.0,1.9920913726091385,0.0,76.37173008918762,4.204144641757011
29,-5.0695576667785645,-145.16419320083787,1.3658525943756104,0.0,0.23087537288665771,0.0,0.49980950355529785,0.0,2.096537470817566,0.0,78.46826756000519,4.204144641757011
30,-4.669992446899414,-149.83418564773729,0.0,0.047654762864112854,0.0,1.1898976564407349,0.0,0.9063526391983032,0.0,2.143905058503151,78.46826756000519,6.348049700260162
31,-6.714064598083496,-156.54825024582078,0.0,1.4331380128860474,0.0,1.266248106956482,0.4677984118461609,0.0,0.0,2.2315877079963684,78.46826756000519,8.57963740825653
32,-8.41100025177002,-164.9592504975908,0.0,0.371807336807251,2.437044620513916,0.0,0.49013590812683105,0.0,2.555373191833496,0.0,81.02364075183868,8.57963740825653
33,-8.940299034118652,-173.89954953170945,2.768331289291382,0.0,3.332940101623535,0.0,1.799170970916748,0.0,7.900442361831665,0.0,88.92408311367035,8.57963740825653
34,-2.1982154846191406,-176.0977650163286,0.2160319685935974,0.0,0.5366774201393127,0.0,1.141411542892456,0.0,1.8941209316253662,0.0,90.81820404529572,8.57963740825653
35,-0.7944045370913668,-176.89216955341996,0.3307456970214844,0.0,0.231516033411026,0.0,0.0,0.1660853773355484,0.396176353096962,0.0,91.21438039839268,8.57963740825653
36,-5.7059623157298835,-182.59813186914985,3.894463300704956,0.0,0.0,0.9773421287536621,0.0,0.8659595251083374,2.0511616468429565,0.0,93.26554204523563,8.57963740825653
37,-0.6814809441566467,-183.2796128133065,0.6814809441566467,0.0,0.0,1.676586389541626,0.0,1.0640321969985962,0.0,2.0591376423835754,93.26554204523563,10.638775050640106
38,-0.9359683096408844,-184.21558112294738,0.4717845320701599,0.0,0.4641837775707245,0.0,0.0,0.3477395176887512,0.5882287919521332,0.0,93.85377083718777,10.638775050640106
39,-2.155153900384903,-186.3707350233323,0.3723286986351013,0.0,1.335222601890564,0.0,0.44760259985923767,0.0,2.155153900384903,0.0,96.00892473757267,10.638775050640106
40,-3.4139423966407776,-189.78467741997306,1.4751505851745605,0.0,0.7562760710716248,0.0,1.1825157403945923,0.0,3.4139423966407776,0.0,99.42286713421345,10.638775050640106
41,-1.9426348805427551,-191.72731230051582,0.881602942943573,0.0,0.0,0.00994577631354332,1.0610319375991821,0.0,1.9326891042292118,0.0,101.35555623844266,10.638775050640106
42,-2.474816918373108,-194.20212921888893,1.109107494354248,0.0,0.2910788059234619,0.0,1.074630618095398,0.0,2.474816918373108,0.0,103.83037315681577,10.638775050640106
43,-1.7038690447807312,-195.90599826366966,0.7583456039428711,0.0,0.21914196014404297,0.0,0.7263814806938171,0.0,1.7038690447807312,0.0,105.5342422015965,10.638775050640106
44,-2.9432787597179413,-198.8492770233876,2.2908387184143066,0.0,0.20169100165367126,0.0,0.4507490396499634,0.0,2.9432787597179413,0.0,108.47752096131444,10.638775050640106
45,-1.5308529734611511,-200.38012999684875,0.6353296637535095,0.0,0.19623863697052002,0.0,0.6992846727371216,0.0,1.5308529734611511,0.0,110.00837393477559,10.638775050640106
46,-1.429020345211029,-201.80915034205978,0.5435421466827393,0.0,0.19325745105743408,0.0,0.6922207474708557,0.0,1.429020345211029,0.0,111.43739427998662,10.638775050640106
47,-3.275704085826874,-205.08485442788665,1.4023902416229248,0.0,0.7521432042121887,0.0,1.1211706399917603,0.0,3.275704085826874,0.0,114.7130983658135,10.638775050640106
48,-1.5087017739730704,-206.5935562018597,0.35421058535575867,0.0,0.18733283877372742,0.0,0.42208048701286316,0.0,0.9636239111423492,0.0,115.67672227695584,10.638775050640106
49,-2.019485168290553,-208.61304137015026,0.3527388870716095,0.0,0.18591776490211487,0.0,0.41900184750556946,0.0,0.9576584994792938,0.0,116.63438077643514,10.638775050640106
50,-3.4068794696028877,-212.01992083975315,0.3514370918273926,0.0,0.18461598455905914,0.0,0.4166029393672943,0.0,0.952656015753746,0.0,117.58703679218888,10.638775050640106
51,-4.514225731957701,-216.53414657171086,0.3348560631275177,0.0,0.1873515099287033,0.0,0.4188297688961029,0.0,0.9410373419523239,0.0,118.5280741341412,10.638775050640106
52,-5.542745590209961,-222.07689216192082,0.34860697388648987,0.0,0.20223666727542877,0.0,0.4351603388786316,0.0,0.9860039800405502,0.0,119.51407811418176,10.638775050640106
53,-5.66925573348999,-227.74614789541081,0.3487769067287445,0.0,0.23087537288665771,0.0,0.49980950355529785,0.0,1.0794617831707,0.0,120.59353989735246,10.638775050640106
54,-5.551419258117676,-233.2975671535285,0.30258339643478394,0.0,0.23897044360637665,0.0,0.4503684341907501,0.0,0.9919222742319107,0.0,121.58546217158437,10.638775050640106
55,-5.736518859863281,-239.03408601339177,0.5197288393974304,0.0,0.2986651062965393,0.0,0.31038662791252136,0.0,1.128780573606491,0.0,122.71424274519086,10.638775050640106
56,-8.20229582349303,-247.2363818368848,0.794775664806366,0.0,1.3306628465652466,0.0,0.8659823536872864,0.0,2.991420865058899,0.0,125.70566361024976,10.638775050640106
57,-4.947004443673632,-252.1833862805584,0.0,0.5403615236282349,1.3545960187911987,0.0,0.42561206221580505,0.0,1.239846557378769,0.0,126.94551016762853,10.638775050640106
58,-12.473839184439896,-264.6572254649983,3.26505708694458,0.0,1.737468957901001,0.0,3.574007034301758,0.0,8.576533079147339,0.0,135.52204324677587,10.638775050640106
59,-2.793246173826776,-267.4504716388251,0.0,1.0440349578857422,1.274584412574768,0.0,0.0,0.3224382996559143,0.0,0.09188884496688843,135.52204324677587,10.730663895606995
60,-1.8762058501259744,-269.3266774889511,0.0,0.05928888916969299,0.9288931488990784,0.0,0.5763145089149475,0.0,1.4459187686443329,0.0,136.9679620154202,10.730663895606995
61,-7.003236293792725,-276.3299137827438,0.0,0.7644610404968262,0.0,0.18274803459644318,7.003236293792725,0.0,6.056027218699455,0.0,143.02398923411965,10.730663895606995
62,0.0,-276.3299137827438,0.0,0.6829460859298706,0.0,0.16892418265342712,0.0,0.05988061800599098,0.0,0.9117508865892887,143.02398923411965,11.642414782196283
63,-2.0864264369010925,-278.4163402196449,1.561369776725769,0.0,0.0,0.013574364595115185,0.5250566601753235,0.0,2.0728520723059773,0.0,145.09684130642563,11.642414782196283
64,-2.133831442333758,-280.55017166197865,0.9007319211959839,0.0,0.011278570629656315,0.0,1.2218209505081177,0.0,2.133831442333758,0.0,147.2306727487594,11.642414782196283
65,-1.0445338934659958,-281.59470555544465,0.14395681023597717,0.0,0.21786905825138092,0.0,0.6827080249786377,0.0,1.0445338934659958,0.0,148.27520664222538,11.642414782196283
66,-3.266142636537552,-284.8608481919822,0.9867361783981323,0.0,0.313500314950943,0.0,1.9659061431884766,0.0,3.266142636537552,0.0,151.54134927876294,11.642414782196283
67,-2.5142625868320465,-287.37511077881425,0.8331621885299683,0.0,0.35911455750465393,0.0,1.3219858407974243,0.0,2.5142625868320465,0.0,154.05561186559498,11.642414782196283
68,-2.139162540435791,-289.51427331925004,0.6107575297355652,0.0,0.36468249559402466,0.0,1.1637225151062012,0.0,2.139162540435791,0.0,156.19477440603077,11.642414782196283
69,-2.273175060749054,-291.7874483799991,0.6353296637535095,0.0,0.4478263854980469,0.0,1.1900190114974976,0.0,2.273175060749054,0.0,158.46794946677983,11.642414782196283
70,-1.1117646396160126,-292.8992130196151,0.48252609372138977,0.0,0.19325745105743408,0.0,0.4359810948371887,0.0,1.1117646396160126,0.0,159.57971410639584,11.642414782196283
71,-1.4869994670152664,-294.38621248663037,0.8712420463562012,0.0,0.18901224434375763,0.0,0.4267451763153076,0.0,1.4869994670152664,0.0,161.0667135734111,11.642414782196283
72,-1.1773459681267364,-295.5635584547571,0.3594680726528168,0.0,0.18733283877372742,0.0,0.42208048701286316,0.0,0.9688813984394073,0.0,162.03559497185051,11.642414782196283
73,-1.4692820414552068,-297.0328404962123,0.3527388870716095,0.0,0.18591776490211487,0.0,0.41900184750556946,0.0,0.9576584994792938,0.0,162.9932534713298,11.642414782196283
74,-1.6780487636085755,-298.7108892598209,0.3514370918273926,0.0,0.18461598455905914,0.0,0.4166029393672943,0.0,0.952656015753746,0.0,163.94590948708355,11.642414782196283
75,-5.628381573829018,-304.3392708336499,1.3622609376907349,0.0,0.7504824995994568,0.0,1.113255262374878,0.0,3.2259986996650696,0.0,167.17190818674862,11.642414782196283
76,-5.887845345628055,-310.22711617927797,1.376011848449707,0.0,0.7653676271438599,0.0,1.1295857429504395,0.0,3.2709652185440063,0.0,170.44287340529263,11.642414782196283
77,-7.014342202913554,-317.2414583821915,2.3951399326324463,0.0,0.79400634765625,0.0,1.222177505493164,0.0,4.41132378578186,0.0,174.8541971910745,11.642414782196283
78,-5.938564521374683,-323.1800229035662,0.3598918616771698,0.0,0.25422030687332153,0.0,1.9131399393081665,0.0,2.527252107858658,0.0,177.38144929893315,11.642414782196283
79,-6.503378478868013,-329.6834013824342,1.5279717445373535,0.0,0.9242570400238037,0.0,1.3235547542572021,0.0,3.7757835388183594,0.0,181.1572328377515,11.642414782196283
80,-6.511865532752752,-336.195266915187,0.14558805525302887,0.0,1.4911385774612427,0.0,1.722813367843628,0.0,3.3595400005578995,0.0,184.5167728383094,11.642414782196283
81,-9.739248456395782,-345.9345153715828,0.8276567459106445,0.0,3.5792148113250732,0.0,1.2277990579605103,0.0,5.634670615196228,0.0,190.15144345350564,11.642414782196283
82,-6.205469538649163,-352.13998491023193,1.1301755905151367,0.0,0.4622315764427185,0.0,1.6319609880447388,0.0,3.224368155002594,0.0,193.37581160850823,11.642414782196283
83,-13.795190367746805,-365.9351752779787,3.7592551708221436,0.0,2.55346417427063,0.0,4.572293758392334,0.0,10.885013103485107,0.0,204.26082471199334,11.642414782196283
84,-2.055504345533499,-367.9906796235122,0.5401182174682617,0.0,0.19740678369998932,0.0,0.8143599033355713,0.0,1.5518849045038223,0.0,205.81270961649716,11.642414782196283
85,0.0,-367.9906796235122,0.0,0.10344289988279343,0.0,0.8460567593574524,0.0,1.4066860675811768,0.0,2.3561857268214226,205.81270961649716,13.998600509017706
86,0.0,-367.9906796235122,0.0,0.5747829079627991,0.0,1.9827628135681152,0.0,0.2252945899963379,0.0,2.782840311527252,205.81270961649716,16.781440820544958
87,-0.03208257630467415,-368.0227621998169,0.0,0.6318455934524536,0.03208257630467415,0.0,0.0,0.15823568403720856,0.0,0.757998701184988,205.81270961649716,17.539439521729946
88,-0.19390042126178741,-368.2166626210787,0.0,0.3609931766986847,0.19390042126178741,0.0,0.0,0.052840862423181534,0.0,0.2199336178600788,205.81270961649716,17.759373139590025
89,-2.5072045624256134,-370.7238671835043,0.9598867297172546,0.0,1.2953776121139526,0.0,0.25194022059440613,0.0,2.5072045624256134,0.0,208.31991417892277,17.759373139590025
90,-1.4840953648090363,-372.20796254831333,0.398721843957901,0.0,0.25761765241622925,0.0,0.827755868434906,0.0,1.4840953648090363,0.0,209.8040095437318,17.759373139590025
91,-1.8047355115413666,-374.0126980598547,0.5945645570755005,0.0,0.48378947377204895,0.0,0.7263814806938171,0.0,1.8047355115413666,0.0,211.60874505527318,17.759373139590025
92,-2.0617851614952087,-376.0744832213499,0.9364479184150696,0.0,0.36468249559402466,0.0,0.7606547474861145,0.0,2.0617851614952087,0.0,213.67053021676838,17.759373139590025
93,-4.033886075019836,-380.10836929636974,1.5721793174743652,0.0,0.9507495164871216,0.0,1.5109572410583496,0.0,4.033886075019836,0.0,217.70441629178822,17.759373139590025
94,-4.236680865287781,-384.3450501616575,1.6863653659820557,0.0,0.8927435874938965,0.0,1.6575719118118286,0.0,4.236680865287781,0.0,221.941097157076,17.759373139590025
95,-3.4817493557929993,-387.8267995174505,1.383483648300171,0.0,0.8772912621498108,0.0,1.2209744453430176,0.0,3.4817493557929993,0.0,225.422846512869,17.759373139590025
96,-2.5698930826149597,-390.3966926000655,0.35421058535575867,0.0,0.18733283877372742,0.0,0.45272377133369446,0.0,0.9942671954631805,0.0,226.41711370833218,17.759373139590025
97,-4.129762114493385,-394.52645471455884,0.3527388870716095,0.0,0.18591776490211487,0.0,0.41699478030204773,0.0,0.9556514322757721,0.0,227.37276514060795,17.759373139590025
98,-5.491665840148926,-400.01812055470776,0.3514370918273926,0.0,0.18461598455905914,0.0,0.4166029393672943,0.0,0.952656015753746,0.0,228.3254211563617,17.759373139590025
99,-5.496883392333984,-405.51500394704175,0.35007867217063904,0.0,0.1873515099287033,0.0,0.4188297688961029,0.0,0.9562599509954453,0.0,229.28168110735714,17.759373139590025
100,-6.76041841506958,-412.2754223621113,1.2545539140701294,0.0,0.20223666727542877,0.0,0.4351603388786316,0.0,1.8919509202241898,0.0,231.17363202758133,17.759373139590025
101,-5.69909143447876,-417.9745137965901,0.3468944728374481,0.0,0.23087537288665771,0.0,0.5277521014213562,0.0,1.105521947145462,0.0,232.2791539747268,17.759373139590025
102,-15.85567855834961,-433.8301923549397,4.160702705383301,0.0,1.9303463697433472,0.0,2.5376107692718506,0.0,8.628659844398499,0.0,240.9078138191253,17.759373139590025
103,-17.284042358398438,-451.11423471333813,4.489030361175537,0.0,2.8055639266967773,0.0,2.391852855682373,0.0,9.686447143554688,0.0,250.59426096267998,17.759373139590025
104,-9.765754699707031,-460.87998941304517,3.4721946716308594,0.0,3.4390957355499268,0.0,1.6026772260665894,0.0,8.513967633247375,0.0,259.10822859592736,17.759373139590025
105,-2.769644260406494,-463.64963367345166,0.0,0.4958544075489044,0.23039452731609344,0.0,0.0,0.13957266509532928,0.0,0.40503254532814026,259.10822859592736,18.164405684918165
106,-2.75309419631958,-466.40272786977124,0.0,1.0164076089859009,0.0,0.015333311632275581,0.0,0.3945979177951813,0.0,1.4263388384133577,259.10822859592736,19.590744523331523
107,-3.2808431406935914,-469.68357101046485,0.0,0.9263487458229065,0.5092339515686035,0.0,0.0,0.5706278085708618,0.0,0.9877426028251648,259.10822859592736,20.578487126156688
108,-1.584465400619682,-471.26803641108455,0.0,2.3442158699035645,0.0,0.012424386106431484,0.0,1.2549421787261963,0.0,3.6115824347361922,259.10822859592736,24.19006956089288
109,-0.21576078236103058,-471.4837971934456,0.0,1.258091926574707,0.0,0.1327192634344101,0.21576078236103058,0.0,0.0,1.1750504076480865,259.10822859592736,25.365119968540967
110,-0.2689363956451416,-471.7527335890907,0.12118221819400787,0.0,0.0,0.26121532917022705,0.14775417745113373,0.0,0.007721066474914551,0.0,259.1159496624023,25.365119968540967
111,-2.5105565786361694,-474.2632901677269,1.469571828842163,0.0,0.0,0.15857301652431488,1.0409847497940063,0.0,2.3519835621118546,0.0,261.4679332245141,25.365119968540967
112,0.0,-474.2632901677269,0.0,0.48445454239845276,0.0,0.14671702682971954,0.0,0.1763022094964981,0.0,0.8074737787246704,261.4679332245141,26.172593747265637
113,-1.6510712131857872,-475.9143613809127,0.8948801755905151,0.0,0.08385171741247177,0.0,0.6723393201828003,0.0,1.6510712131857872,0.0,263.1190044376999,26.172593747265637
114,-1.928047239780426,-477.8424086206931,0.37103885412216187,0.0,0.0,1.286433219909668,1.5570083856582642,0.0,0.6416140198707581,0.0,263.7606184575707,26.172593747265637
115,-3.677608847618103,-481.5200174683112,0.7546690702438354,0.0,0.0,1.2318785190582275,2.9229397773742676,0.0,2.4457303285598755,0.0,266.20634878613055,26.172593747265637
116,-2.3868410885334015,-483.9068585568446,0.4469718635082245,0.0,0.36468249559402466,0.0,1.5751867294311523,0.0,2.3868410885334015,0.0,268.59318987466395,26.172593747265637
117,-3.4733383655548096,-487.3801969223994,1.3910688161849976,0.0,0.9447994232177734,0.0,1.1374701261520386,0.0,3.4733383655548096,0.0,272.06652824021876,26.172593747265637
118,-3.9208409190177917,-491.3010378414172,1.6241395473480225,0.0,0.8927344679832458,0.0,1.4039669036865234,0.0,3.9208409190177917,0.0,275.98736915923655,26.172593747265637
119,-3.493036448955536,-494.79407429037275,1.619722604751587,0.0,0.7521432042121887,0.0,1.1211706399917603,0.0,3.493036448955536,0.0,279.4804056081921,26.172593747265637
120,-1.7590345291937997,-496.55310881956655,0.35421058535575867,0.0,0.18733283877372742,0.0,0.42208048701286316,0.0,0.9636239111423492,0.0,280.44402951933444,26.172593747265637
121,-3.9853696475038354,-500.5384784670704,0.3527388870716095,0.0,0.18591776490211487,0.0,0.41900184750556946,0.0,0.9576584994792938,0.0,281.40168801881373,26.172593747265637
122,-5.444425054719778,-505.98290352179015,0.3514370918273926,0.0,0.18461598455905914,0.0,0.4166029393672943,0.0,0.952656015753746,0.0,282.3543440345675,26.172593747265637
123,-5.466879844665527,-511.4497833664557,0.35007867217063904,0.0,0.1873515099287033,0.0,0.39715519547462463,0.0,0.934585377573967,0.0,283.28892941214144,26.172593747265637
124,-5.536647319793701,-516.9864306862494,0.34860697388648987,0.0,0.20223666727542877,0.0,0.4351603388786316,0.0,0.9860039800405502,0.0,284.274933392182,26.172593747265637
125,-6.478069305419922,-523.4644999916693,0.9524089097976685,0.0,0.23087537288665771,0.0,0.49980950355529785,0.0,1.683093786239624,0.0,285.9580271784216,26.172593747265637
126,-31.347471237182617,-554.8119712288519,8.10268497467041,0.0,1.9869074821472168,0.0,10.015020370483398,0.0,20.104612827301025,0.0,306.06264000572264,26.172593747265637
127,-10.375762939453125,-565.187734168305,3.3036506175994873,0.0,3.481376886367798,0.0,2.1801159381866455,0.0,8.96514344215393,0.0,315.0277834478766,26.172593747265637
128,-2.4363832473754883,-567.6241174156805,0.0,0.06599344313144684,0.4153324365615845,0.0,1.6427184343338013,0.0,1.992057427763939,0.0,317.0198408756405,26.172593747265637
129,-8.167196273803711,-575.7913136894842,4.173412322998047,0.0,0.13157224655151367,0.0,0.39724376797676086,0.0,4.702228337526321,0.0,321.72206921316683,26.172593747265637
130,-2.364173412322998,-578.1554871018072,0.0,0.837080717086792,0.10908318310976028,0.0,0.10659606009721756,0.0,0.0,0.6214014738798141,321.72206921316683,26.79399522114545
131,-1.8303249788465727,-579.9858120806538,0.0,1.1622930765151978,0.010712550953030586,0.0,0.0,0.5703308582305908,0.0,1.721911383792758,321.72206921316683,28.51590660493821
132,-0.7346865553437587,-580.7204986359975,0.0,2.119969367980957,0.11713474243879318,0.0,0.0,0.6025114059448242,0.0,2.605346031486988,321.72206921316683,31.121252636425197
133,0.0,-580.7204986359975,0.0,2.236741781234741,0.0,0.25800636410713196,0.0,0.7577298879623413,0.0,3.2524780333042145,321.72206921316683,34.37373066972941
134,-0.34247204661369324,-581.0629706826112,0.34247204661369324,0.0,0.0,0.2746831774711609,0.0,0.7411631345748901,0.0,0.6733742654323578,321.72206921316683,35.04710493516177
135,-2.126172721385956,-583.1891434039972,1.159260869026184,0.0,0.0,0.1956094652414322,0.9669118523597717,0.0,1.9305632561445236,0.0,323.65263246931136,35.04710493516177
136,0.0,-583.1891434039972,0.0,0.5875452160835266,0.0,1.1344269514083862,0.0,0.22352951765060425,0.0,1.945501685142517,323.65263246931136,36.99260662030429
137,-1.934357926249504,-585.1235013302467,1.7877622842788696,0.0,0.0,2.0461552143096924,0.14659564197063446,0.0,0.0,0.1117972880601883,323.65263246931136,37.104403908364475
138,-1.4019436687231064,-586.5254449989698,0.918773353099823,0.0,0.24498161673545837,0.0,0.238188698887825,0.0,1.4019436687231064,0.0,325.05457613803446,37.104403908364475
139,-1.8571151793003082,-588.3825601782701,1.6380316019058228,0.0,0.21908357739448547,0.0,0.0,0.765538215637207,1.0915769636631012,0.0,326.14615310169756,37.104403908364475
140,-9.846230238676071,-598.2287904169461,7.694016456604004,0.0,0.20169100165367126,0.0,1.950522780418396,0.0,9.846230238676071,0.0,335.99238334037364,37.104403908364475
141,-1.7925924062728882,-600.021382823219,0.7798219323158264,0.0,0.19623863697052002,0.0,0.8165318369865417,0.0,1.7925924062728882,0.0,337.7849757466465,37.104403908364475
142,-3.3357099294662476,-603.3570927526853,1.448914885520935,0.0,0.7563884258270264,0.0,1.1304066181182861,0.0,3.3357099294662476,0.0,341.12068567611277,37.104403908364475
143,-3.25679749250412,-606.6138902451894,1.383483648300171,0.0,0.7521432042121887,0.0,1.1211706399917603,0.0,3.25679749250412,0.0,344.3774831686169,37.104403908364475
144,-2.4463063378801415,-609.0601965830696,0.35421058535575867,0.0,0.18733283877372742,0.0,0.42208048701286316,0.0,0.9636239111423492,0.0,345.34110707975924,37.104403908364475
145,-3.671135761513799,-612.7313323445834,0.5866090059280396,0.0,0.18591776490211487,0.0,0.6382042765617371,0.0,1.4107310473918915,0.0,346.75183812715113,37.104403908364475
146,-4.26684255446385,-616.9981748990473,0.33876895904541016,0.0,0.18461598455905914,0.0,0.6358053684234619,0.0,1.1591903120279312,0.0,347.91102843917906,37.104403908364475
147,-5.261567265613159,-622.2597421646605,0.3348560631275177,0.0,0.1873515099287033,0.0,0.6163576245307922,0.0,1.1385651975870132,0.0,349.0495936367661,37.104403908364475
148,-5.59442138671875,-627.8541635513792,0.34860697388648987,0.0,0.20223666727542877,0.0,0.4790008068084717,0.0,1.0298444479703903,0.0,350.07943808473647,37.104403908364475
149,-14.910770416259766,-642.764933967639,3.427227020263672,0.0,1.9202682971954346,0.0,2.583085775375366,0.0,7.930581092834473,0.0,358.01001917757094,37.104403908364475
150,-8.790651321411133,-651.5555852890501,1.2575488090515137,0.0,0.8152798414230347,0.0,1.3240694999694824,0.0,3.3968981504440308,0.0,361.40691732801497,37.104403908364475
151,-10.808349609375,-662.3639348984251,3.5885846614837646,0.0,3.407210111618042,0.0,2.289846181869507,0.0,9.285640954971313,0.0,370.6925582829863,37.104403908364475
152,-4.285409927368164,-666.6493448257933,1.6441168785095215,0.0,0.32121118903160095,0.0,1.4770240783691406,0.0,3.442352145910263,0.0,374.13491042889655,37.104403908364475
153,-2.255073308944702,-668.904418134738,0.0,0.5706719756126404,0.19011560082435608,0.0,0.0,0.02427547238767147,0.0,0.4048318471759558,374.13491042889655,37.50923575554043
154,-2.532177209854126,-671.4365953445921,0.0,0.7727327942848206,0.2923145890235901,0.0,0.0,0.27234557271003723,0.0,0.7527637779712677,374.13491042889655,38.2619995335117
155,-7.206576777860393,-678.6431721224525,4.629794120788574,0.0,0.0,0.09773512184619904,0.0,0.19157540798187256,4.340483590960503,0.0,378.47539401985705,38.2619995335117
156,-1.1727767379514396,-679.815948860404,0.0,2.097508668899536,0.0,0.14224159717559814,0.0,1.1054059267044067,0.0,3.345156192779541,378.47539401985705,41.60715572629124
157,0.0,-679.815948860404,0.0,0.5317339301109314,0.0,0.2452315241098404,0.0,0.8668622374534607,0.0,1.6438276916742325,378.47539401985705,43.25098341796547
158,-0.36324939876794815,-680.1791982591719,0.27799102663993835,0.0,0.0,0.2924632430076599,0.0852583721280098,0.0,0.07078615576028824,0.0,378.54618017561734,43.25098341796547
159,0.0,-680.1791982591719,0.0,0.59209144115448,0.0,1.1406768560409546,0.0,0.6147118210792542,0.0,2.3474801182746887,378.54618017561734,45.59846353624016
160,-0.041530692018568516,-680.2207289511905,0.03444037213921547,0.0,0.0,2.228346109390259,0.007090319879353046,0.0,0.0,2.1868154173716903,378.54618017561734,47.78527895361185
161,-2.053575813770294,-682.2743047649608,1.4606693983078003,0.0,0.0,0.04541641101241112,0.5929064154624939,0.0,2.008159402757883,0.0,380.5543395783752,47.78527895361185
162,-3.0140809416770935,-685.2883857066379,1.0783368349075317,0.0,0.1577356457710266,0.0,1.7780084609985352,0.0,3.0140809416770935,0.0,383.5684205200523,47.78527895361185
163,-2.118300423026085,-687.406686129664,0.6995631456375122,0.0,0.21890221536159515,0.0,1.1998350620269775,0.0,2.118300423026085,0.0,385.6867209430784,47.78527895361185
164,-2.8665987849235535,-690.2732849145875,1.4313558340072632,0.0,0.36468249559402466,0.0,1.0705604553222656,0.0,2.8665987849235535,0.0,388.55331972800195,47.78527895361185
165,-4.215993344783783,-694.4892782593713,1.5721793174743652,0.0,0.7593695521354675,0.0,1.8844444751739502,0.0,4.215993344783783,0.0,392.76931307278574,47.78527895361185
166,-3.2746939659118652,-697.7639722252832,1.3878989219665527,0.0,0.7563884258270264,0.0,1.1304066181182861,0.0,3.2746939659118652,0.0,396.0440070386976,47.78527895361185
167,-3.25679749250412,-701.0207697177873,1.383483648300171,0.0,0.7521432042121887,0.0,1.1211706399917603,0.0,3.25679749250412,0.0,399.3008045312017,47.78527895361185
168,-3.824057298831624,-704.8448270166189,1.3816155195236206,0.0,0.7504638433456421,0.0,1.1165059804916382,0.0,3.248585343360901,0.0,402.5493898745626,47.78527895361185
169,-5.238083080908662,-710.0829100975275,1.3801437616348267,0.0,0.7490487098693848,0.0,1.1134272813796997,0.0,3.242619752883911,0.0,405.79200962744653,47.78527895361185
170,-2.9194233261518696,-713.0023334236794,0.3514370918273926,0.0,0.18461598455905914,0.0,0.4166029393672943,0.0,0.952656015753746,0.0,406.7446656432003,47.78527895361185
171,-5.4986348152160645,-718.5009682388954,0.35007867217063904,0.0,0.1873515099287033,0.0,0.4188297688961029,0.0,0.9562599509954453,0.0,407.7009255941957,47.78527895361185
172,-5.539137363433838,-724.0401056023293,0.34860697388648987,0.0,0.20223666727542877,0.0,0.4351603388786316,0.0,0.9860039800405502,0.0,408.6869295742363,47.78527895361185
173,-9.132131576538086,-733.1722371788674,2.916538715362549,0.0,0.23087537288665771,0.0,0.49980950355529785,0.0,3.6472235918045044,0.0,412.3341531660408,47.78527895361185
174,-6.58122444152832,-739.7534616203957,0.384336918592453,0.0,0.23963414132595062,0.0,1.133434534072876,0.0,1.7574055939912796,0.0,414.09155876003206,47.78527895361185
175,-10.904500961303711,-750.6579625816994,3.353192090988159,0.0,3.9381422996520996,0.0,2.065613269805908,0.0,9.356947660446167,0.0,423.4485064204782,47.78527895361185
176,-3.778280735015869,-754.4362433167153,1.3223353624343872,0.0,0.3650379478931427,0.0,1.3816514015197754,0.0,3.0690247118473053,0.0,426.51753113232553,47.78527895361185
177,-2.2686688899993896,-756.7049122067147,0.0,0.6238800287246704,0.18657486140727997,0.0,0.0,0.031356967985630035,0.0,0.4686621353030205,426.51753113232553,48.25394108891487
178,-2.2119754402486675,-758.9168876469633,0.0,0.9074476957321167,0.03914664313197136,0.0,0.0,0.2856380045413971,0.0,1.1539390571415424,426.51753113232553,49.407880146056414
179,-1.5056625859434631,-760.4225502329068,0.0,1.0420626401901245,0.19224512577056885,0.0,0.0,0.45010045170783997,0.0,1.2999179661273956,426.51753113232553,50.70779811218381
180,-0.34248349570670017,-760.7650337286135,0.0,2.0721113681793213,0.0,0.10660106688737869,0.0,0.5544579029083252,0.0,2.733170337975025,426.51753113232553,53.440968450158834
181,0.0,-760.7650337286135,0.0,1.9258406162261963,0.0,0.21903814375400543,0.0,0.3365819752216339,0.0,2.4814607352018356,426.51753113232553,55.92242918536067
182,-0.007068647537380457,-760.7721023761509,0.007068647537380457,0.0,0.0,0.23004119098186493,0.0,1.2349547147750854,0.0,1.45792725821957,426.51753113232553,57.38035644358024
183,0.0,-760.7721023761509,0.0,0.8368264436721802,0.0,1.1292678117752075,0.0,0.8650976419448853,0.0,2.831191897392273,426.51753113232553,60.21154834097251
184,0.0,-760.7721023761509,0.0,0.556738018989563,0.0,2.1837000846862793,0.0,0.19272230565547943,0.0,2.9331604093313217,426.51753113232553,63.144708750303835
185,-0.3552579879760742,-761.127360364127,0.0,0.008356096222996712,0.0,0.04762808233499527,0.3552579879760742,0.0,0.29927380941808224,0.0,426.8168049417436,63.144708750303835
186,-1.4143708050251007,-762.5417311691521,0.6814900636672974,0.0,0.1543160378932953,0.0,0.5785647034645081,0.0,1.4143708050251007,0.0,428.2311757467687,63.144708750303835
187,-2.8934234976768494,-765.4351546668289,1.0584359169006348,0.0,0.35834044218063354,0.0,1.476647138595581,0.0,2.8934234976768494,0.0,431.12459924444556,63.144708750303835
188,-3.024331033229828,-768.4594857000587,0.8434675931930542,0.0,0.36468249559402466,0.0,1.816180944442749,0.0,3.024331033229828,0.0,434.1489302776754,63.144708750303835
189,-4.53096616268158,-772.9904518627403,1.5721793174743652,0.0,0.9507495164871216,0.0,2.0080373287200928,0.0,4.53096616268158,0.0,438.67989644035697,63.144708750303835
190,-4.156648874282837,-777.1471007370232,1.3878989219665527,0.0,0.8927435874938965,0.0,1.8760063648223877,0.0,4.156648874282837,0.0,442.8365453146398,63.144708750303835
191,-3.5053380131721497,-780.6524387501953,1.383483648300171,0.0,0.7521432042121887,0.0,1.36971116065979,0.0,3.5053380131721497,0.0,446.34188332781196,63.144708750303835
192,-5.194280618226282,-785.8467193684215,1.6981639862060547,0.0,0.7504638433456421,0.0,1.1165059804916382,0.0,3.565133810043335,0.0,449.9070171378553,63.144708750303835
193,-4.787965287263207,-790.6346846556847,0.34507817029953003,0.0,0.307964563369751,0.0,0.41900184750556946,0.0,1.0720445811748505,0.0,450.97906171903014,63.144708750303835
194,-5.491857528686523,-796.1265421843713,0.3514370918273926,0.0,0.18461598455905914,0.0,0.4166029393672943,0.0,0.952656015753746,0.0,451.9317177347839,63.144708750303835
195,-5.497074127197266,-801.6236163115685,0.35007867217063904,0.0,0.1873515099287033,0.0,0.4188297688961029,0.0,0.9562599509954453,0.0,452.88797768577933,63.144708750303835
196,-5.53757905960083,-807.1611953711694,0.34860697388648987,0.0,0.20223666727542877,0.0,0.4351603388786316,0.0,0.9860039800405502,0.0,453.8739816658199,63.144708750303835
197,-5.664097309112549,-812.8252926802819,0.3487769067287445,0.0,0.23087537288665771,0.0,0.49980950355529785,0.0,1.0794617831707,0.0,454.9534434489906,63.144708750303835
198,-6.734678268432617,-819.5599709487145,1.1771295070648193,0.0,0.24088947474956512,0.0,0.4542064964771271,0.0,1.8722254782915115,0.0,456.8256689272821,63.144708750303835
199,-5.439095497131348,-824.9990664458459,0.09793445467948914,0.0,0.3024880588054657,0.0,0.5118532776832581,0.0,0.9122757911682129,0.0,457.7379447184503,63.144708750303835
200,-11.57852840423584,-836.5775948500817,4.598466396331787,0.0,3.4460830688476562,0.0,1.8116575479507446,0.0,9.856207013130188,0.0,467.5941517315805,63.144708750303835
201,-1.9200719220875895,-838.4976667721693,0.0,0.4768604040145874,0.3904554545879364,0.0,1.2357192039489746,0.0,1.1493142545223236,0.0,468.7434659861028,63.144708750303835
202,-0.39502573116395157,-838.8926925033333,0.0,0.9184289574623108,0.11010830104351044,0.0,0.060982074588537216,0.0,0.0,0.7473385818302631,468.7434659861028,63.8920473321341
203,-0.4248966008624317,-839.3175891041957,0.0,0.5429936647415161,0.15821796655654907,0.0,0.14550812542438507,0.0,0.0,0.23926757276058197,468.7434659861028,64.13131490489468
204,-0.460756615918656,-839.7783457201143,0.0,0.23325005173683167,0.0,0.35948970913887024,0.11266935616731644,0.0,0.0,0.48007040470838547,468.7434659861028,64.61138530960307
205,-4.512053489685059,-844.2903992097994,0.0,1.1612776517868042,0.0,1.4814703464508057,4.512053489685059,0.0,1.8693054914474487,0.0,470.61277147755027,64.61138530960307
206,-0.44638511538505554,-844.7367843251844,0.44638511538505554,0.0,0.0,0.14019209146499634,0.0,0.13219872117042542,0.1739943027496338,0.0,470.7867657802999,64.61138530960307
207,-0.40926868468523026,-845.1460530098697,0.1957930475473404,0.0,0.05972663313150406,0.0,0.1537490040063858,0.0,0.40926868468523026,0.0,471.19603446498513,64.61138530960307
208,-0.23267818614840508,-845.3787311960181,0.0,0.24827715754508972,0.04585401341319084,0.0,0.18682417273521423,0.0,0.0,0.015598971396684647,471.19603446498513,64.62698428099975
209,-1.0909188836812973,-846.4696500796994,0.1961147040128708,0.0,0.1650208830833435,0.0,0.729783296585083,0.0,1.0909188836812973,0.0,472.28695334866643,64.62698428099975
210,-2.5165753066539764,-848.9862253863533,0.3991195857524872,0.0,0.29596030712127686,0.0,1.8214954137802124,0.0,2.5165753066539764,0.0,474.8035286553204,64.62698428099975
211,-2.8092406392097473,-851.7954660255631,0.9786856770515442,0.0,0.3576768636703491,0.0,1.472878098487854,0.0,2.8092406392097473,0.0,477.61276929453015,64.62698428099975
212,-2.0460004806518555,-853.8414665062149,0.6107575297355652,0.0,0.36468249559402466,0.0,1.0705604553222656,0.0,2.0460004806518555,0.0,479.658769775182,64.62698428099975
213,-2.212967187166214,-856.0544336933812,0.6353296637535095,0.0,0.3876185119152069,0.0,1.1900190114974976,0.0,2.212967187166214,0.0,481.8717369623482,64.62698428099975
214,-4.669666409492493,-860.7241001028736,1.509930968284607,0.0,1.482208013534546,0.0,1.6775274276733398,0.0,4.669666409492493,0.0,486.5414033718407,64.62698428099975
215,-3.294610559940338,-864.018710662814,1.4212967157363892,0.0,0.7521432042121887,0.0,1.1211706399917603,0.0,3.294610559940338,0.0,489.83601393178105,64.62698428099975
216,-2.1206537322258496,-866.1393643950398,0.3568393290042877,0.0,0.18733283877372742,0.0,0.42208048701286316,0.0,0.9662526547908783,0.0,490.80226658657193,64.62698428099975
217,-3.0128578990061863,-869.152222294046,0.34507817029953003,0.0,0.18591776490211487,0.0,0.41900184750556946,0.0,0.9499977827072144,0.0,491.75226436927915,64.62698428099975
218,-5.791119575500488,-874.9433418695465,0.5692089200019836,0.0,0.18461598455905914,0.0,0.4166029393672943,0.0,1.170427843928337,0.0,492.9226922132075,64.62698428099975
219,-5.502335548400879,-880.4456774179474,0.35007867217063904,0.0,0.1873515099287033,0.0,0.4188297688961029,0.0,0.9562599509954453,0.0,493.87895216420293,64.62698428099975
220,-5.542832374572754,-885.9885097925202,0.34860697388648987,0.0,0.20223666727542877,0.0,0.4351603388786316,0.0,0.9860039800405502,0.0,494.8649561442435,64.62698428099975
221,-7.535881996154785,-893.524391788675,1.7313987016677856,0.0,0.23087537288665771,0.0,0.49980950355529785,0.0,2.462083578109741,0.0,497.3270397223532,64.62698428099975
222,-5.547118663787842,-899.0715104524628,0.30128347873687744,0.0,0.2383204847574234,0.0,0.44906851649284363,0.0,0.9886724799871445,0.0,498.31571220234036,64.62698428099975
223,-9.807113647460938,-908.8786240999237,3.2589375972747803,0.0,3.407503604888916,0.0,1.8776965141296387,0.0,8.544137716293335,0.0,506.8598499186337,64.62698428099975
224,-1.8205009698867798,-910.6991250698105,0.0,0.2379031628370285,0.3005300760269165,0.0,1.264237642288208,0.0,1.326864555478096,0.0,508.1867144741118,64.62698428099975
225,-0.5373068845234329,-911.236431954334,0.0,0.740906834602356,0.2530495524406433,0.0,0.0,0.06028857082128525,0.0,0.5481458529829979,508.1867144741118,65.17513013398275
226,-0.46140027410815376,-911.6978322284422,0.0,0.9629337191581726,0.1068195104598999,0.0,0.0,0.15329454839229584,0.0,1.0094087570905685,508.1867144741118,66.18453889107332
227,-1.286832036351813,-912.984664264794,0.0,2.081655740737915,0.0,0.9588440656661987,0.0,1.0025447607040405,0.0,4.043044567108154,508.1867144741118,70.22758345818147
228,-1.137891289838124,-914.1225555546321,0.0,3.092768430709839,0.0,2.0324246883392334,0.0,1.4317619800567627,0.0,6.556955099105835,508.1867144741118,76.7845385572873
229,-8.14179515838623,-922.2643507130183,0.0,1.0452380180358887,8.14179515838623,0.0,0.0,0.6080606579780579,6.488496482372284,0.0,514.6752109564841,76.7845385572873
230,-0.4163296967744827,-922.6806804097928,0.011390730738639832,0.0,0.4049389660358429,0.0,0.0,0.7801652550697327,0.0,0.36383555829524994,514.6752109564841,77.14837411558256
231,-1.2683299779891968,-923.949010387782,0.3841835856437683,0.0,0.5179452896118164,0.0,0.36620110273361206,0.0,1.2683299779891968,0.0,515.9435409344733,77.14837411558256
232,-8.006430983543396,-931.9554413713254,5.140517711639404,0.0,0.5542320013046265,0.0,2.3116812705993652,0.0,8.006430983543396,0.0,523.9499719180167,77.14837411558256
233,-0.6418020874261856,-932.5972434587516,0.07977397739887238,0.0,0.14066290855407715,0.0,0.4213652014732361,0.0,0.6418020874261856,0.0,524.5917740054429,77.14837411558256
234,-2.4462440609931946,-935.0434875197448,1.3207228183746338,0.0,0.5330559015274048,0.0,0.592465341091156,0.0,2.4462440609931946,0.0,527.038018066436,77.14837411558256
235,-2.543076902627945,-937.5865644223727,0.8556849360466003,0.0,0.3578053414821625,0.0,1.3295866250991821,0.0,2.543076902627945,0.0,529.581094969064,77.14837411558256
236,-1.9830612540245056,-939.5696256763972,1.1676297187805176,0.0,0.36468249559402466,0.0,0.4507490396499634,0.0,1.9830612540245056,0.0,531.5641562230885,77.14837411558256
237,-2.1125688552856445,-941.6821945316829,0.6075669527053833,0.0,0.19623863697052002,0.0,1.3087632656097412,0.0,2.1125688552856445,0.0,533.6767250783741,77.14837411558256
238,-3.9425132274627686,-945.6247077591456,2.055718183517456,0.0,0.7563884258270264,0.0,1.1304066181182861,0.0,3.9425132274627686,0.0,537.6192383058369,77.14837411558256
239,-3.2567973732948303,-948.8815051324405,1.383483648300171,0.0,0.7521432042121887,0.0,1.1211705207824707,0.0,3.2567973732948303,0.0,540.8760356791317,77.14837411558256
240,-2.0137997676227615,-950.8953049000633,0.35421058535575867,0.0,0.18733283877372742,0.0,0.42208048701286316,0.0,0.9636239111423492,0.0,541.8396595902741,77.14837411558256
241,-3.1445543384396935,-954.0398592385029,0.3527388870716095,0.0,0.18591776490211487,0.0,0.41900184750556946,0.0,0.9576584994792938,0.0,542.7973180897534,77.14837411558256
242,-3.3002606527142655,-957.3401198912172,0.3514370918273926,0.0,0.18461598455905914,0.0,0.4166029393672943,0.0,0.952656015753746,0.0,543.7499741055071,77.14837411558256
243,-4.842630803349257,-962.1827506945665,0.35007867217063904,0.0,0.1873515099287033,0.0,0.4188297688961029,0.0,0.9562599509954453,0.0,544.7062340565026,77.14837411558256
244,-5.51891565322876,-967.7016663477953,0.3357362449169159,0.0,0.20223666727542877,0.0,0.4351603388786316,0.0,0.9731332510709763,0.0,545.6793673075736,77.14837411558256
245,-5.697992324829102,-973.3996586726244,0.3468944728374481,0.0,0.23087537288665771,0.0,0.5277521014213562,0.0,1.105521947145462,0.0,546.784889254719,77.14837411558256
246,-10.208829879760742,-983.6084885523851,0.3362347483634949,0.0,0.24239176511764526,0.0,3.8679957389831543,0.0,4.446622252464294,0.0,551.2315115071833,77.14837411558256
247,-6.739749908447266,-990.3482384608324,1.1351090669631958,0.0,0.21149376034736633,0.0,0.5300699472427368,0.0,1.876672774553299,0.0,553.1081842817366,77.14837411558256
248,-12.062435150146484,-1002.4106736109788,4.001027584075928,0.0,4.2740864753723145,0.0,1.939560890197754,0.0,10.214674949645996,0.0,563.3228592313826,77.14837411558256
249,-3.5449962938504136,-1005.9556699048293,0.0,0.16169406473636627,0.2862636148929596,0.0,0.7069616317749023,0.0,0.8315311819314957,0.0,564.1543904133141,77.14837411558256
250,-2.0738121513968792,-1008.0294820562261,0.0,0.5522568821907043,0.0,0.01259163673967123,0.0,0.14417864382266998,0.0,0.7090271627530456,564.1543904133141,77.8574012783356
251,-1.7064414321839423,-1009.7359234884101,0.0,0.8463038802146912,0.0,0.06984102725982666,0.0,0.48367542028427124,0.0,1.399820327758789,564.1543904133141,79.25722160609439
252,-0.7744916713794596,-1010.5104151597895,0.0,2.4775965213775635,0.0,0.08553756773471832,0.0,0.5123308897018433,0.0,3.075464978814125,564.1543904133141,82.33268658490852
253,-0.14806900918483734,-1010.6584841689744,0.0,1.4891281127929688,0.14806900918483734,0.0,0.0,0.6707950830459595,0.0,2.011854186654091,564.1543904133141,84.3445407715626
254,-6.220397472381592,-1016.878881641356,6.220397472381592,0.0,0.0,0.2397156059741974,0.0,0.6712279915809631,5.309453874826431,0.0,569.4638442881405,84.3445407715626
255,0.0,-1016.878881641356,0.0,0.8221708536148071,0.0,1.595382809638977,0.0,1.7149033546447754,0.0,4.13245701789856,569.4638442881405,88.47699778946117
256,-0.19316093623638153,-1017.0720425775924,0.19316093623638153,0.0,0.0,1.5786261558532715,0.0,0.13079260289669037,0.0,1.5162578225135803,569.4638442881405,89.99325561197475
257,-0.7749272538349032,-1017.8469698314273,0.5760786533355713,0.0,0.0007105274125933647,0.0,0.1981380730867386,0.0,0.7749272538349032,0.0,570.2387715419754,89.99325561197475
258,-1.7785456776618958,-1019.6255155090892,0.836626410484314,0.0,0.15649878978729248,0.0,0.7854204773902893,0.0,1.7785456776618958,0.0,572.0173172196373,89.99325561197475
259,-1.71806238591671,-1021.3435778950059,0.5181800127029419,0.0,0.2190180867910385,0.0,0.9808642864227295,0.0,1.71806238591671,0.0,573.735379605554,89.99325561197475
260,-1.9641591906547546,-1023.3077370856606,0.4469718635082245,0.0,0.20169100165367126,0.0,1.3154963254928589,0.0,1.9641591906547546,0.0,575.6995387962088,89.99325561197475
261,-10.898731350898743,-1034.2064684365594,1.3910688161849976,0.0,0.7593696117401123,0.0,8.748292922973633,0.0,10.898731350898743,0.0,586.5982701471075,89.99325561197475
262,-1.263292908668518,-1035.4697613452279,0.3604939579963684,0.0,0.19325745105743408,0.0,0.7095414996147156,0.0,1.263292908668518,0.0,587.8615630557761,89.99325561197475
263,-4.2053263783454895,-1039.6750877235734,1.8421448469161987,0.0,0.7521432042121887,0.0,1.611038327217102,0.0,4.2053263783454895,0.0,592.0668894341215,89.99325561197475
264,-2.156348940670484,-1041.831436664244,0.35421058535575867,0.0,0.18733283877372742,0.0,0.42208048701286316,0.0,0.9636239111423492,0.0,593.0305133452639,89.99325561197475
265,-4.769684408489581,-1046.6011210727336,0.3527388870716095,0.0,0.18591776490211487,0.0,0.41900184750556946,0.0,0.9576584994792938,0.0,593.9881718447432,89.99325561197475
266,-5.489319801330566,-1052.0904408740641,0.3514370918273926,0.0,0.18461598455905914,0.0,0.4166029393672943,0.0,0.952656015753746,0.0,594.9408278604969,89.99325561197475
267,-5.494540214538574,-1057.5849810886027,0.35007867217063904,0.0,0.1873515099287033,0.0,0.4188297688961029,0.0,0.9562599509954453,0.0,595.8970878114924,89.99325561197475
268,-5.5350494384765625,-1063.1200305270793,0.34860697388648987,0.0,0.20223666727542877,0.0,0.4351603388786316,0.0,0.9860039800405502,0.0,596.8830917915329,89.99325561197475
269,-5.696752548217773,-1068.816783075297,0.3468944728374481,0.0,0.23087537288665771,0.0,0.5277521014213562,0.0,1.105521947145462,0.0,597.9886137386784,89.99325561197475
270,-5.59890604019165,-1074.4156891154887,0.3350120782852173,0.0,0.24178043007850647,0.0,0.45598840713500977,0.0,1.0327809154987335,0.0,599.0213946541771,89.99325561197475
271,-5.081772327423096,-1079.4974614429118,0.11037639528512955,0.0,0.20860640704631805,0.0,0.33047452569007874,0.0,0.6494573280215263,0.0,599.6708519821987,89.99325561197475
272,-9.203228950500488,-1088.7006903934123,2.8968348503112793,0.0,3.491781234741211,0.0,1.7079894542694092,0.0,8.0966055393219,0.0,607.7674575215206,89.99325561197475
273,-3.5561680793762207,-1092.2568584727885,0.0,0.48703962564468384,0.7553882002830505,0.0,0.11009092628955841,0.0,0.3784395009279251,0.0,608.1458970224485,89.99325561197475
274,-1.7521640367097346,-1094.0090225094982,0.017429426312446594,0.0,0.0,0.007893882691860199,0.0,0.3797190487384796,0.0,0.3701835051178932,608.1458970224485,90.36343911709264
275,-2.3048313946258645,-1096.313853904124,0.008054452948272228,0.0,0.0,0.03747405856847763,0.0,0.418941468000412,0.0,0.4483610736206174,608.1458970224485,90.81180019071326
276,-2.365405639037068,-1098.6792595431612,0.0,2.5156326293945312,0.13605967164039612,0.0,0.0,1.9294049739837646,0.0,4.3089779317379,608.1458970224485,95.12077812245116
277,-0.576833963394165,-1099.2560935065553,0.0,1.508028507232666,0.0,0.04921433702111244,0.576833963394165,0.0,0.0,0.9804088808596134,608.1458970224485,96.10118700331077
278,0.0,-1099.2560935065553,0.0,0.021038532257080078,0.0,0.23666104674339294,0.0,0.6651188731193542,0.0,0.9228184521198273,608.1458970224485,97.0240054554306
279,-1.1855446100234985,-1100.4416381165788,1.1855446100234985,0.0,0.0,1.5819523334503174,0.0,0.49624112248420715,0.0,0.892648845911026,608.1458970224485,97.91665430134162
280,-5.212719917297363,-1105.6543580338762,5.212719917297363,0.0,0.0,1.6115468740463257,0.0,0.19665394723415375,3.404519096016884,0.0,611.5504161184654,97.91665430134162
281,-1.8281112611293793,-1107.4824692950056,0.9082015156745911,0.0,0.266985148191452,0.0,0.6529245972633362,0.0,1.8281112611293793,0.0,613.3785273795947,97.91665430134162
282,-2.4963315427303314,-1109.978800837736,1.3047536611557007,0.0,0.2707877457141876,0.0,0.9207901358604431,0.0,2.4963315427303314,0.0,615.8748589223251,97.91665430134162
283,-5.417841583490372,-1115.3966424212263,1.331661581993103,0.0,0.358136922121048,0.0,3.7280430793762207,0.0,5.417841583490372,0.0,621.2927005058154,97.91665430134162
284,-4.740176975727081,-1120.1368193969533,1.1457839012145996,0.0,0.36468249559402466,0.0,3.229710578918457,0.0,4.740176975727081,0.0,626.0328774815425,97.91665430134162
285,-7.5881935358047485,-1127.725012932758,1.709868311882019,0.0,1.071045160293579,0.0,4.80728006362915,0.0,7.5881935358047485,0.0,633.6210710173473,97.91665430134162
286,-11.398979187011719,-1139.1239921197698,1.6161417961120605,0.0,0.8927435874938965,0.0,8.890093803405762,0.0,11.398979187011719,0.0,645.020050204359,97.91665430134162
287,-3.9880723357200623,-1143.1120644554899,1.383483648300171,0.0,0.7521432042121887,0.0,1.8524454832077026,0.0,3.9880723357200623,0.0,649.0081225400791,97.91665430134162
288,-5.074966201346509,-1148.1870306568364,1.3816155195236206,0.0,0.7504638433456421,0.0,1.3591325283050537,0.0,3.4912118911743164,0.0,652.4993344312534,97.91665430134162
289,-6.018006879220149,-1154.2050375360566,1.3801437616348267,0.0,0.7490487098693848,0.0,1.1134272813796997,0.0,3.242619752883911,0.0,655.7419541841373,97.91665430134162
290,-5.549590448058289,-1159.754627984115,0.3514370918273926,0.0,0.42407429218292236,0.0,0.4166029393672943,0.0,1.1921143233776093,0.0,656.9340685075149,97.91665430134162
291,-5.4962005615234375,-1165.2508285456383,0.35007867217063904,0.0,0.1873515099287033,0.0,0.4188297688961029,0.0,0.9562599509954453,0.0,657.8903284585103,97.91665430134162
292,-5.536707401275635,-1170.787535946914,0.34860697388648987,0.0,0.20223666727542877,0.0,0.4351603388786316,0.0,0.9860039800405502,0.0,658.8763324385509,97.91665430134162
293,-5.66322660446167,-1176.4507625513756,0.3487769067287445,0.0,0.23087537288665771,0.0,0.49980950355529785,0.0,1.0794617831707,0.0,659.9557942217216,97.91665430134162
294,-6.855866432189941,-1183.3066289835656,0.3086540102958679,0.0,0.24200575053691864,0.0,1.4119789600372314,0.0,1.962638720870018,0.0,661.9184329425916,97.91665430134162
295,-7.288125038146973,-1190.5947540217126,0.052045077085494995,0.0,0.30349618196487427,0.0,3.260481595993042,0.0,3.6160228550434113,0.0,665.534455797635,97.91665430134162
296,-8.554180543430066,-1199.1489345651426,2.898472785949707,0.0,3.3658812046051025,0.0,1.2849693298339844,0.0,7.549323320388794,0.0,673.0837791180238,97.91665430134162
297,-2.350051164627075,-1201.4989857297696,0.0,0.6869267225265503,0.15505149960517883,0.0,0.0,0.0944036915898323,0.0,0.6262789145112038,673.0837791180238,98.54293321585283
298,-2.437309741973877,-1203.9362954717435,0.0,0.9478568434715271,0.018942054361104965,0.0,0.1592092216014862,0.0,0.0,0.7697055675089359,673.0837791180238,99.31263878336176
299,-1.6144918152537802,-1205.5507872869973,0.0,0.976818859577179,0.2190306931734085,0.0,0.0,0.38485661149024963,0.0,1.14264477789402,673.0837791180238,100.45528356125578
300,-1.032729465783782,-1206.5835167527812,0.0,2.457282781600952,0.0,0.0753115639090538,0.0,0.4918789267539978,0.0,3.0244732722640038,673.0837791180238,103.47975683351979
301,0.0,-1206.5835167527812,0.0,1.644059658050537,0.0,0.23758043348789215,0.0,0.7168779969215393,0.0,2.5985180884599686,673.0837791180238,106.07827492197976
302,0.0,-1206.5835167527812,0.0,1.042550802230835,0.0,0.23371729254722595,0.0,0.6592313647270203,0.0,1.9354994595050812,673.0837791180238,108.01377438148484
303,-0.21156826615333557,-1206.7950850189345,0.21156826615333557,0.0,0.0,1.6130567789077759,0.0,0.9228092432022095,0.0,2.32429775595665,673.0837791180238,110.33807213744149
304,-0.5642350912094116,-1207.359320110144,0.5642350912094116,0.0,0.0,1.6143624782562256,0.0,1.5098682641983032,0.0,2.559995651245117,673.0837791180238,112.8980677886866
305,-0.1373501718044281,-1207.4966702819484,0.0,0.03628847002983093,0.0,0.029679780825972557,0.1373501718044281,0.0,0.07138192094862461,0.0,673.1551610389724,112.8980677886866
306,-0.8636991530656815,-1208.360369435014,0.43507087230682373,0.0,0.27634379267692566,0.0,0.15228448808193207,0.0,0.8636991530656815,0.0,674.0188601920381,112.8980677886866
307,-3.42689910531044,-1211.7872685403245,1.6135226488113403,0.0,0.35911455750465393,0.0,1.4542618989944458,0.0,3.42689910531044,0.0,677.4457592973486,112.8980677886866
308,-2.652427613735199,-1214.4396961540597,1.2238845825195312,0.0,0.6678882837295532,0.0,0.7606547474861145,0.0,2.652427613735199,0.0,680.0981869110838,112.8980677886866
309,-4.557118773460388,-1218.99681492752,1.4816241264343262,0.0,0.9507495164871216,0.0,2.1247451305389404,0.0,4.557118773460388,0.0,684.6553056845441,112.8980677886866
310,-5.703364014625549,-1224.7001789421456,1.448914885520935,0.0,1.850569486618042,0.0,2.4038796424865723,0.0,5.703364014625549,0.0,690.3586696991697,112.8980677886866
311,-4.215288579463959,-1228.9154675216096,1.8567274808883667,0.0,0.7521432042121887,0.0,1.6064178943634033,0.0,4.215288579463959,0.0,694.5739582786337,112.8980677886866
312,-3.229487142501155,-1232.1449546641106,0.35421058535575867,0.0,0.18733283877372742,0.0,0.42208048701286316,0.0,0.9636239111423492,0.0,695.537582189776,112.8980677886866
313,-4.431457802277379,-1236.576412466388,0.3527388870716095,0.0,0.3050944209098816,0.0,0.41900184750556946,0.0,1.0768351554870605,0.0,696.6144173452631,112.8980677886866
314,-5.488454818725586,-1242.0648672851137,0.3514370918273926,0.0,0.18461598455905914,0.0,0.4166029393672943,0.0,0.952656015753746,0.0,697.5670733610168,112.8980677886866
315,-5.49367618560791,-1247.5585434707216,0.35007867217063904,0.0,0.1873515099287033,0.0,0.4188297688961029,0.0,0.9562599509954453,0.0,698.5233333120123,112.8980677886866
316,-5.534187316894531,-1253.0927307876161,0.34860697388648987,0.0,0.20223666727542877,0.0,0.4351603388786316,0.0,0.9860039800405502,0.0,699.5093372920528,112.8980677886866
317,-5.658169269561768,-1258.750900057178,0.3468944728374481,0.0,0.23087537288665771,0.0,0.49980950355529785,0.0,1.0775793492794037,0.0,700.5869166413322,112.8980677886866
318,-6.286074161529541,-1265.0369742187074,0.773635745048523,0.0,0.30857521295547485,0.0,0.4602200984954834,0.0,1.5424310564994812,0.0,702.1293476978317,112.8980677886866
319,-8.819413185119629,-1273.856387403827,2.5825929641723633,0.0,0.3204438388347626,0.0,0.515678882598877,0.0,3.418715685606003,0.0,705.5480633834377,112.8980677886866
320,-7.852230072021484,-1281.7086174758485,0.0,0.337597131729126,1.0635040998458862,0.0,1.46341872215271,0.0,2.18932569026947,0.0,707.7373890737072,112.8980677886866
321,-4.985033988952637,-1286.6936514648012,0.0,0.7193703055381775,0.13882970809936523,0.0,0.0,0.1268472671508789,0.0,0.7073878645896912,707.7373890737072,113.6054556532763
322,-5.6454362869262695,-1292.3390877517274,0.0,1.0019334554672241,0.34943366050720215,0.0,0.0,0.3801237940788269,0.0,1.0326235890388489,707.7373890737072,114.63807924231514
323,-5.687809891801241,-1298.0268976435286,0.0,0.04444405809044838,3.1332170963287354,0.0,1.0715645551681519,0.0,4.160337593406439,0.0,711.8977266671136,114.63807924231514
324,-2.6403953926935215,-1300.6672930362222,1.2137436866760254,0.0,0.0,0.013881473802030087,0.0,0.6073720455169678,0.5924901673570275,0.0,712.4902168344706,114.63807924231514
325,-2.098889112472534,-1302.7661821486947,2.098889112472534,0.0,0.0,0.2063649743795395,0.0,0.6544471383094788,1.238076999783516,0.0,713.7282938342541,114.63807924231514
326,-0.0007978593348525465,-1302.7669800080296,0.0007978593348525465,0.0,0.0,0.25336459279060364,0.0,0.6985259652137756,0.0,0.9510926986695267,713.7282938342541,115.58917194098467
327,0.0,-1302.7669800080296,0.0,0.755424439907074,0.0,1.608527421951294,0.0,1.760630488395691,0.0,4.124582350254059,713.7282938342541,119.71375429123873
328,0.0,-1302.7669800080296,0.0,0.4753243625164032,0.0,1.628951907157898,0.0,0.2474246770143509,0.0,2.351700946688652,713.7282938342541,122.06545523792738
329,-0.8144537806510925,-1303.5814337886807,0.0,0.10436397790908813,0.676972508430481,0.0,0.13748127222061157,0.0,0.7100898027420044,0.0,714.4383836369962,122.06545523792738
330,-1.3474455624818802,-1304.9288793511625,0.42546793818473816,0.0,0.1426600068807602,0.0,0.7793176174163818,0.0,1.3474455624818802,0.0,715.785829199478,122.06545523792738
331,-3.392381012439728,-1308.3212603636023,0.7432829141616821,0.0,0.5349542498588562,0.0,2.1141438484191895,0.0,3.392381012439728,0.0,719.1782102119178,122.06545523792738
332,-3.3627731800079346,-1311.6840335436102,0.6107575297355652,0.0,0.36468249559402466,0.0,2.3873331546783447,0.0,3.3627731800079346,0.0,722.5409833919257,122.06545523792738
333,-4.033886075019836,-1315.71791961863,1.5721793174743652,0.0,0.9507495164871216,0.0,1.5109572410583496,0.0,4.033886075019836,0.0,726.5748694669455,122.06545523792738
334,-4.120171427726746,-1319.8380910463568,1.6140192747116089,0.0,0.8927435874938965,0.0,1.6134085655212402,0.0,4.120171427726746,0.0,730.6950408946723,122.06545523792738
335,-3.981274664402008,-1323.8193657107588,1.383483648300171,0.0,0.7521432042121887,0.0,1.8456478118896484,0.0,3.981274664402008,0.0,734.6763155590743,122.06545523792738
336,-2.9370374638854786,-1326.7564031746442,0.35421058535575867,0.0,0.18733283877372742,0.0,0.42208048701286316,0.0,0.9636239111423492,0.0,735.6399394702166,122.06545523792738
337,-5.4969658851623535,-1332.2533690598066,0.3527388870716095,0.0,0.18591776490211487,0.0,0.41900184750556946,0.0,0.9576584994792938,0.0,736.5975979696959,122.06545523792738
338,-5.490567207336426,-1337.743936267143,0.3514370918273926,0.0,0.18461598455905914,0.0,0.4166029393672943,0.0,0.952656015753746,0.0,737.5502539854497,122.06545523792738
339,-5.495786190032959,-1343.239722457176,0.35007867217063904,0.0,0.1873515099287033,0.0,0.4188297688961029,0.0,0.9562599509954453,0.0,738.5065139364451,122.06545523792738
340,-6.614316140909036,-1349.854038598085,1.412024736404419,0.0,0.20223666727542877,0.0,0.4351603388786316,0.0,2.0494217425584793,0.0,740.5559356790036,122.06545523792738
341,-14.911825180053711,-1364.7658637781387,3.4272265434265137,0.0,1.9202682971954346,0.0,2.5830860137939453,0.0,7.9305808544158936,0.0,748.4865165334195,122.06545523792738
342,-5.864635467529297,-1370.630499245668,0.3177548944950104,0.0,0.31123512983322144,0.0,0.5997075438499451,0.0,1.2286975681781769,0.0,749.7152141015977,122.06545523792738
343,-7.2616071701049805,-1377.892106415773,0.10976297408342361,0.0,0.30840232968330383,0.0,1.8450653553009033,0.0,2.2632306590676308,0.0,751.9784447606653,122.06545523792738
344,-13.651941299438477,-1391.5440477152115,0.6695652604103088,0.0,5.495115280151367,0.0,0.8318696022033691,0.0,6.996550142765045,0.0,758.9749949034303,122.06545523792738
345,-7.939645767211914,-1399.4836934824234,0.0,0.6684800982475281,2.043917655944824,0.0,0.3742046356201172,0.0,1.7496421933174133,0.0,760.7246370967478,122.06545523792738
346,-5.539530277252197,-1405.0232237596756,0.0,0.8657894134521484,0.5046385526657104,0.0,0.0,0.06333417445421219,0.0,0.4244850352406502,760.7246370967478,122.48994027316803
347,-5.205315523578869,-1410.2285392832546,0.0,1.0811127424240112,1.0554454326629639,0.0,0.0,0.3135860860347748,0.0,0.33925339579582214,760.7246370967478,122.82919366896385
348,-1.6867330532169986,-1411.9152723364716,0.0,1.0756162405014038,0.0,0.09675797820091248,0.0,0.534771740436554,0.0,1.7071459591388702,760.7246370967478,124.53633962810272
349,0.0,-1411.9152723364716,0.0,0.06244146451354027,0.0,0.22610242664813995,0.0,0.6939219832420349,0.0,0.9824658744037151,760.7246370967478,125.51880550250644
350,-1.0005970001220703,-1412.9158693365937,1.0005970001220703,0.0,0.0,0.053811050951480865,0.0,0.5366828441619873,0.41010310500860214,0.0,761.1347402017564,125.51880550250644
351,0.0,-1412.9158693365937,0.0,0.7100706696510315,0.0,0.12786495685577393,0.0,0.4610081911087036,0.0,1.298943817615509,761.1347402017564,126.81774932012195
352,0.0,-1412.9158693365937,0.0,0.4796273708343506,0.0,0.14430344104766846,0.0,0.17147503793239594,0.0,0.795405849814415,761.1347402017564,127.61315516993636
353,-1.5466440320014954,-1414.4625133685952,1.1732442378997803,0.0,0.0,0.006549097131937742,0.3733997941017151,0.0,1.5400949348695576,0.0,762.6748351366259,127.61315516993636
354,-1.7194761782884598,-1416.1819895468836,0.5882323384284973,0.0,0.1490902453660965,0.0,0.982153594493866,0.0,1.7194761782884598,0.0,764.3943113149144,127.61315516993636
355,-1.7891491204500198,-1417.9711386673337,0.5922967791557312,0.0,0.21800805628299713,0.0,0.9788442850112915,0.0,1.7891491204500198,0.0,766.1834604353644,127.61315516993636
356,-2.2864019870758057,-1420.2575406544095,0.6107575297355652,0.0,0.36468249559402466,0.0,1.3109619617462158,0.0,2.2864019870758057,0.0,768.4698624224402,127.61315516993636
357,-3.539243847131729,-1423.7967845015412,2.3350934982299805,0.0,0.3876185119152069,0.0,0.8165318369865417,0.0,3.539243847131729,0.0,772.0091062695719,127.61315516993636
358,-3.609270215034485,-1427.4060547165757,1.448914885520935,0.0,0.7563884258270264,0.0,1.4039669036865234,0.0,3.609270215034485,0.0,775.6183764846064,127.61315516993636
359,-5.323596298694611,-1432.7296510152703,1.383483648300171,0.0,0.7521432042121887,0.0,3.187969446182251,0.0,5.323596298694611,0.0,780.941972783301,127.61315516993636
360,-3.1330327251105423,-1435.8626837403808,0.35421058535575867,0.0,0.18733283877372742,0.0,0.42208048701286316,0.0,0.9636239111423492,0.0,781.9055966944434,127.61315516993636
361,-5.028056748701657,-1440.8907404890824,0.3527388870716095,0.0,0.3040156662464142,0.0,0.41900184750556946,0.0,1.0757564008235931,0.0,782.981353095267,127.61315516993636
362,-3.9505680942129215,-1444.8413085832954,0.3514370918273926,0.0,0.18461598455905914,0.0,0.4166029393672943,0.0,0.952656015753746,0.0,783.9340091110207,127.61315516993636
363,-5.091489591925843,-1449.9327981752213,0.35007867217063904,0.0,0.1873515099287033,0.0,0.4188297688961029,0.0,0.9562599509954453,0.0,784.8902690620162,127.61315516993636
364,-5.463448528981704,-1455.396246704203,0.3357362449169159,0.0,0.18670983612537384,0.0,0.4351603388786316,0.0,0.9576064199209213,0.0,785.8478754819371,127.61315516993636
365,-5.679214000701904,-1461.0754607049048,0.3468944728374481,0.0,0.238742396235466,0.0,0.49980950355529785,0.0,1.085446372628212,0.0,786.9333218545653,127.61315516993636
366,-5.725419998168945,-1466.8008807030737,0.34379640221595764,0.0,0.310851514339447,0.0,0.4647727310657501,0.0,1.1194206476211548,0.0,788.0527425021864,127.61315516993636
367,-7.660881042480469,-1474.4617617455542,1.8698327541351318,0.0,0.3233182430267334,0.0,0.35969290137290955,0.0,2.552843898534775,0.0,790.6055864007212,127.61315516993636
368,-9.804891210340232,-1484.2666529558944,3.071166753768921,0.0,3.5300710201263428,0.0,1.977059245109558,0.0,8.578297019004822,0.0,799.183883419726,127.61315516993636
369,-2.94462909506377,-1487.2112820509583,0.30040407180786133,0.0,0.5841304063796997,0.0,1.5914576053619385,0.0,2.4759920835494995,0.0,801.6598755032755,127.61315516993636
370,-3.396916745470972,-1490.6081987964292,0.0,1.3631095886230469,0.0,0.7901725769042969,0.0,0.3499646782875061,0.0,2.50324684381485,801.6598755032755,130.1164020137512
371,-1.821127343302347,-1492.4293261397315,0.09481967985630035,0.0,1.1155756711959839,0.0,0.5685818195343018,0.0,1.778977170586586,0.0,803.4388526738621,130.1164020137512
372,-4.019496318364004,-1496.4488224580955,2.5333030223846436,0.0,0.0,0.4225383996963501,0.44582539796829224,0.0,2.5565900206565857,0.0,805.9954426945187,130.1164020137512
373,0.0,-1496.4488224580955,0.0,1.8148995637893677,0.0,1.3692710399627686,0.0,0.9165332913398743,0.0,4.1007038950920105,805.9954426945187,134.21710590884322
374,-0.9180853962898254,-1497.3669078543853,0.34790468215942383,0.0,0.5701807141304016,0.0,0.0,0.4499500095844269,0.46813538670539856,0.0,806.4635780812241,134.21710590884322
375,-1.3893300890922546,-1498.7562379434776,0.36900627613067627,0.0,0.4361073970794678,0.0,0.5842164158821106,0.0,1.3893300890922546,0.0,807.8529081703164,134.21710590884322
376,-3.09195077419281,-1501.8481887176704,2.581608533859253,0.0,0.0,0.03169924393296242,0.5103422403335571,0.0,3.0602515302598476,0.0,810.9131597005762,134.21710590884322
377,-1.8069050908088684,-1503.6550938084793,1.5050020217895508,0.0,0.11727970838546753,0.0,0.1846233606338501,0.0,1.8069050908088684,0.0,812.7200647913851,134.21710590884322
378,-1.8933234810829163,-1505.5484172895622,0.8175526261329651,0.0,0.2798459529876709,0.0,0.7959249019622803,0.0,1.8933234810829163,0.0,814.613388272468,134.21710590884322
379,-2.8119110763072968,-1508.3603283658695,0.9985082149505615,0.0,0.3572947680950165,0.0,1.4561080932617188,0.0,2.8119110763072968,0.0,817.4252993487753,134.21710590884322
380,-3.6761474013328552,-1512.0364757672023,1.52295982837677,0.0,0.36468249559402466,0.0,1.7885050773620605,0.0,3.6761474013328552,0.0,821.1014467501082,134.21710590884322
381,-2.851570427417755,-1514.88804619462,0.9929230809211731,0.0,0.6686283349990845,0.0,1.1900190114974976,0.0,2.851570427417755,0.0,823.9530171775259,134.21710590884322
382,-1.3853250443935394,-1516.2733712390136,0.48252609372138977,0.0,0.19325745105743408,0.0,0.7095414996147156,0.0,1.3853250443935394,0.0,825.3383422219194,134.21710590884322
383,-3.25679749250412,-1519.5301687315177,1.383483648300171,0.0,0.7521432042121887,0.0,1.1211706399917603,0.0,3.25679749250412,0.0,828.5951397144236,134.21710590884322
384,-2.379294678562087,-1521.9094634100798,0.35421058535575867,0.0,0.18733283877372742,0.0,0.42208048701286316,0.0,0.9636239111423492,0.0,829.5587636255659,134.21710590884322
385,-2.9225772127671332,-1524.832040622847,0.3527388870716095,0.0,0.18591776490211487,0.0,0.41900184750556946,0.0,0.9576584994792938,0.0,830.5164221250452,134.21710590884322
386,-5.718821116742113,-1530.5508617395892,1.3788419961929321,0.0,0.7477469444274902,0.0,1.1110284328460693,0.0,3.2376173734664917,0.0,833.7540394985117,134.21710590884322
387,-6.129101935805513,-1536.6799636753947,1.377483606338501,0.0,0.7504824995994568,0.0,1.113255262374878,0.0,3.2412213683128357,0.0,836.9952608668245,134.21710590884322
388,-3.878187614500166,-1540.5581512898948,0.34860697388648987,0.0,0.36318257451057434,0.0,0.4351603388786316,0.0,1.1469498872756958,0.0,838.1422107541002,134.21710590884322
389,-5.067238566338715,-1545.6253898562336,0.3487769067287445,0.0,0.238742396235466,0.0,0.5277521014213562,0.0,1.1152714043855667,0.0,839.2574821584858,134.21710590884322
390,-9.127399420839879,-1554.7527892770736,0.30403462052345276,0.0,4.5670013427734375,0.0,0.7201549410820007,0.0,5.591190904378891,0.0,844.8486730628647,134.21710590884322
391,-4.501001287003293,-1559.2537905640768,0.12697218358516693,0.0,0.0,0.8478896021842957,1.3789477348327637,0.0,0.658030316233635,0.0,845.5067033790983,134.21710590884322
392,-9.076224413643292,-1568.33001497772,3.459036111831665,0.0,2.013195037841797,0.0,2.4434404373168945,0.0,7.9156715869903564,0.0,853.4223749660887,134.21710590884322
393,-2.909003175147452,-1571.2390181528676,0.0,0.12373194843530655,0.5104576945304871,0.0,2.05545711517334,0.0,2.4421828612685204,0.0,855.8645578273572,134.21710590884322
394,-1.5827531389194136,-1572.821771291787,0.0,1.4625134468078613,0.0,0.6702595949172974,0.7962037324905396,0.0,0.0,1.3365693092346191,855.8645578273572,135.55367521807784
395,-1.4195811753675684,-1574.2413524671545,0.0,2.423464775085449,0.0,1.8351842164993286,0.0,0.8376253843307495,0.0,5.096274375915527,855.8645578273572,140.64994959399337
396,-9.389188021744616,-1583.630540488899,6.380135536193848,0.0,0.6992358565330505,0.0,1.6341090202331543,0.0,8.713480412960052,0.0,864.5780382403173,140.64994959399337
397,-2.639748792173213,-1586.270289281072,0.9625149369239807,0.0,0.7538055181503296,0.0,0.8454633951187134,0.0,2.5617838501930237,0.0,867.1398220905103,140.64994959399337
398,-1.959926187992096,-1588.2302154690642,0.6657794117927551,0.0,0.6433253884315491,0.0,0.6508213877677917,0.0,1.959926187992096,0.0,869.0997482785024,140.64994959399337
399,-2.9310064911842346,-1591.1612219602484,1.6755409240722656,0.0,0.6947537064552307,0.0,0.5607118606567383,0.0,2.9310064911842346,0.0,872.0307547696866,140.64994959399337
400,-1.2503452748060226,-1592.4115672350545,0.9426003694534302,0.0,0.13181371986865997,0.0,0.1759311854839325,0.0,1.2503452748060226,0.0,873.2811000444926,140.64994959399337
401,-1.2841464281082153,-1593.6957136631627,0.20092672109603882,0.0,0.5062978267669678,0.0,0.5769218802452087,0.0,1.2841464281082153,0.0,874.5652464726008,140.64994959399337
402,-1.7851948142051697,-1595.4809084773678,0.5019849538803101,0.0,0.4273751974105835,0.0,0.8558346629142761,0.0,1.7851948142051697,0.0,876.350441286806,140.64994959399337
403,-2.3351530134677887,-1597.8160614908356,0.8840000033378601,0.0,0.47447291016578674,0.0,0.9766800999641418,0.0,2.3351530134677887,0.0,878.6855943002738,140.64994959399337
404,-2.1756262481212616,-1599.991687738957,0.9750229120254517,0.0,0.20169100165367126,0.0,0.9989123344421387,0.0,2.1756262481212616,0.0,880.8612205483951,140.64994959399337
405,-2.383668303489685,-1602.3753560424466,0.5447744131088257,0.0,0.784104585647583,0.0,1.0547893047332764,0.0,2.383668303489685,0.0,883.2448888518848,140.64994959399337
406,-1.8265050947666168,-1604.2018611372132,0.48252609372138977,0.0,0.19325745105743408,0.0,1.150721549987793,0.0,1.8265050947666168,0.0,885.0713939466514,140.64994959399337
407,-3.275704085826874,-1607.47756522304,1.4023902416229248,0.0,0.7521432042121887,0.0,1.1211706399917603,0.0,3.275704085826874,0.0,888.3470980324782,140.64994959399337
408,-2.5737222616728537,-1610.051287484713,0.3568393290042877,0.0,0.18733283877372742,0.0,0.8965155482292175,0.0,1.4406877160072327,0.0,889.7877857484855,140.64994959399337
409,-3.5879159823335627,-1613.6392034670464,0.34507817029953003,0.0,0.18591776490211487,0.0,0.41900184750556946,0.0,0.9499977827072144,0.0,890.7377835311927,140.64994959399337
410,-3.7554787279800514,-1617.3946821950265,0.33876895904541016,0.0,0.18461598455905914,0.0,0.4166029393672943,0.0,0.9399878829717636,0.0,891.6777714141645,140.64994959399337
411,-3.7025745050996,-1621.097256700126,0.35007867217063904,0.0,0.1873515099287033,0.0,0.4188297688961029,0.0,0.9562599509954453,0.0,892.6340313651599,140.64994959399337
412,-3.4788769387074914,-1624.5761336388337,0.34860697388648987,0.0,0.20223666727542877,0.0,0.4351603388786316,0.0,0.9860039800405502,0.0,893.6200353452004,140.64994959399337
413,-7.640232915909741,-1632.2163665547434,3.0323939323425293,0.0,0.23087537288665771,0.0,0.49980950355529785,0.0,3.763078808784485,0.0,897.3831141539849,140.64994959399337
414,-12.916594391077941,-1645.1329609458214,4.168774604797363,0.0,4.649853706359863,0.0,2.279094696044922,0.0,11.097723007202148,0.0,908.4808371611871,140.64994959399337
415,-3.2389678955078125,-1648.3719288413292,0.29692766070365906,0.0,0.4805598855018616,0.0,1.8925666809082031,0.0,2.6700542271137238,0.0,911.1508913883008,140.64994959399337
416,-0.9945526386219804,-1649.3664814799513,0.0,0.08952583372592926,0.37783756852149963,0.0,0.36425164341926575,0.0,0.6525633782148361,0.0,911.8034547665156,140.64994959399337
417,-3.3143931158697897,-1652.680874595821,0.0,0.31128448247909546,1.5204766988754272,0.0,0.2812385559082031,0.0,1.490430772304535,0.0,913.2938855388202,140.64994959399337
418,-2.190122905022284,-1654.8709975008433,0.1718250811100006,0.0,0.019420279189944267,0.0,0.9523301124572754,0.0,1.1435754727572203,0.0,914.4374610115774,140.64994959399337
419,-3.8775038097706647,-1658.7485013106138,0.0,0.7121981978416443,0.0,0.7138869166374207,2.003127098083496,0.0,0.5770419836044312,0.0,915.0145029951818,140.64994959399337
420,-2.193503815746046,-1660.9420051263598,0.4661293029785156,0.0,1.3301856517791748,0.0,0.0,0.160894975066185,1.6354199796915054,0.0,916.6499229748733,140.64994959399337
421,-3.3306010450688475,-1664.2726061714286,3.225623846054077,0.0,0.017452159896492958,0.0,0.0,0.825638473033905,2.417437532916665,0.0,919.06736050779,140.64994959399337
422,-0.018596366047859192,-1664.2912025374765,0.0,0.7522566914558411,0.018596366047859192,0.0,0.0,1.5362275838851929,0.0,2.2698879092931747,919.06736050779,142.91983750328654
423,-0.08419080823659897,-1664.375393345713,0.0,0.5776183605194092,0.08419080823659897,0.0,0.0,1.1425572633743286,0.0,1.6359848156571388,919.06736050779,144.55582231894368
424,-0.19494475424289703,-1664.570338099956,0.0,0.12970088422298431,0.19494475424289703,0.0,0.0,0.11474152654409409,0.0,0.049497656524181366,919.06736050779,144.60531997546786
425,-0.85201296210289,-1665.4223510620589,0.4581303596496582,0.0,0.06991371512413025,0.0,0.32396888732910156,0.0,0.85201296210289,0.0,919.9193734698929,144.60531997546786
426,-1.2483018040657043,-1666.6706528661246,0.3383907973766327,0.0,0.29136690497398376,0.0,0.6185441017150879,0.0,1.2483018040657043,0.0,921.1676752739586,144.60531997546786
427,-3.493186742067337,-1670.163839608192,2.412489175796509,0.0,0.3575150668621063,0.0,0.7231824994087219,0.0,3.493186742067337,0.0,924.6608620160259,144.60531997546786
428,-2.1630616188049316,-1672.3269012269968,0.6107575297355652,0.0,0.48174363374710083,0.0,1.0705604553222656,0.0,2.1630616188049316,0.0,926.8239236348309,144.60531997546786
429,-4.356557279825211,-1676.683458506822,3.152406930923462,0.0,0.3876185119152069,0.0,0.8165318369865417,0.0,4.356557279825211,0.0,931.1804809146561,144.60531997546786
430,-1.172780692577362,-1677.8562391993994,0.5435421466827393,0.0,0.19325745105743408,0.0,0.4359810948371887,0.0,1.172780692577362,0.0,932.3532616072334,144.60531997546786
431,-1.227957770228386,-1679.0841969696278,0.37498530745506287,0.0,0.18901224434375763,0.0,0.6639602184295654,0.0,1.227957770228386,0.0,933.5812193774618,144.60531997546786
432,-1.1452433308337109,-1680.2294403004614,0.35421058535575867,0.0,0.18733283877372742,0.0,0.42208048701286316,0.0,0.9636239111423492,0.0,934.5448432886042,144.60531997546786
433,-1.3405940610358398,-1681.5700343614972,0.3527388870716095,0.0,0.18591776490211487,0.0,0.41900184750556946,0.0,0.9576584994792938,0.0,935.5025017880835,144.60531997546786
434,-1.3519537991481787,-1682.9219881606452,0.3514370918273926,0.0,0.18461598455905914,0.0,0.4166029393672943,0.0,0.952656015753746,0.0,936.4551578038372,144.60531997546786
435,-2.825318110447588,-1685.7473062710928,1.2342115640640259,0.0,0.1873515099287033,0.0,0.4188297688961029,0.0,1.840392842888832,0.0,938.295550646726,144.60531997546786
436,-2.3199442414036033,-1688.0672505124965,0.34860697388648987,0.0,0.20223666727542877,0.0,0.4351603388786316,0.0,0.9860039800405502,0.0,939.2815546267666,144.60531997546786
437,-5.5605453717065965,-1693.6277958842031,1.3761818408966064,0.0,0.79400634765625,0.0,1.1942349672317505,0.0,3.364423155784607,0.0,942.6459777825512,144.60531997546786
438,-6.530874907692777,-1700.158670791896,1.3721070289611816,0.0,0.8231607675552368,0.0,2.483560562133789,0.0,4.6788283586502075,0.0,947.3248061412014,144.60531997546786
439,-11.27843083629306,-1711.4371016281889,1.2438292503356934,0.0,7.06640100479126,0.0,1.1788536310195923,0.0,9.489083886146545,0.0,956.813890027348,144.60531997546786
440,-5.686669845841541,-1717.1237714740305,1.3916146755218506,0.0,1.941328763961792,0.0,1.4937909841537476,0.0,4.82673442363739,0.0,961.6406244509853,144.60531997546786
441,-9.237744408600278,-1726.3615158826308,3.0270674228668213,0.0,2.532832145690918,0.0,2.629099130630493,0.0,8.188998699188232,0.0,969.8296231501736,144.60531997546786
442,-4.360544001473581,-1730.7220598841043,3.031212329864502,0.0,0.38516879081726074,0.0,0.4064062833786011,0.0,3.8227874040603638,0.0,973.6524105542339,144.60531997546786
443,-0.8239124700363409,-1731.5459723541405,0.0,0.1671145111322403,0.30769190192222595,0.0,0.27139046788215637,0.0,0.41196785867214203,0.0,974.0643784129061,144.60531997546786
444,-1.5389353732989766,-1733.0849077274395,0.0,0.6088429093360901,0.6301204562187195,0.0,0.7346265316009521,0.0,0.7559040784835815,0.0,974.8202824913897,144.60531997546786
445,-2.5344865254326314,-1735.619394252872,0.0,2.1195945739746094,2.031580924987793,0.0,0.39021798968315125,0.0,0.30220434069633484,0.0,975.122486832086,144.60531997546786
446,-6.577197223901749,-1742.1965914767738,0.46890881657600403,0.0,5.668200492858887,0.0,0.4400879144668579,0.0,6.577197223901749,0.0,981.6996840559877,144.60531997546786
447,-0.8805026561021805,-1743.077094132876,0.1317143589258194,0.0,0.3180221915245056,0.0,0.43076610565185547,0.0,0.8805026561021805,0.0,982.5801867120899,144.60531997546786
448,-0.7068621069192886,-1743.7839562397953,0.18129943311214447,0.0,0.27478674054145813,0.0,0.25077593326568604,0.0,0.7068621069192886,0.0,983.2870488190092,144.60531997546786
449,-1.0016340762376785,-1744.785590316033,0.41424134373664856,0.0,0.20186926424503326,0.0,0.3855234682559967,0.0,1.0016340762376785,0.0,984.2886828952469,144.60531997546786
450,-1.9143195152282715,-1746.6999098312613,0.7868546843528748,0.0,0.21277660131454468,0.0,0.914688229560852,0.0,1.9143195152282715,0.0,986.2030024104752,144.60531997546786
451,-2.6381636559963226,-1749.3380734872576,1.6971893310546875,0.0,0.21762558817863464,0.0,0.7233487367630005,0.0,2.6381636559963226,0.0,988.8411660664715,144.60531997546786
452,-2.7561009526252747,-1752.0941744398829,1.0530593395233154,0.0,0.36468249559402466,0.0,1.3383591175079346,0.0,2.7561009526252747,0.0,991.5972670190968,144.60531997546786
453,-2.3875701129436493,-1754.4817445528265,0.856479287147522,0.0,0.3876185119152069,0.0,1.1434723138809204,0.0,2.3875701129436493,0.0,993.9848371320404,144.60531997546786
454,-1.508088231086731,-1755.9898327839132,0.6426564455032349,0.0,0.19325745105743408,0.0,0.672174334526062,0.0,1.508088231086731,0.0,995.4929253631271,144.60531997546786
455,-1.429183080792427,-1757.4190158647057,0.577232837677002,0.0,0.18901224434375763,0.0,0.6629379987716675,0.0,1.429183080792427,0.0,996.9221084439196,144.60531997546786
456,-2.2318330122204335,-1759.6508488769261,0.35421058535575867,0.0,0.30339986085891724,0.0,1.1276911497116089,0.0,1.7853015959262848,0.0,998.7074100398459,144.60531997546786
457,-3.0538914461627815,-1762.704740323089,1.4537259340286255,0.0,0.18591776490211487,0.0,0.6541962623596191,0.0,2.2938399612903595,0.0,1001.0012500011362,144.60531997546786
458,-1.7109000444832343,-1764.4156403675722,0.3514370918273926,0.0,0.18461598455905914,0.0,0.4166029393672943,0.0,0.952656015753746,0.0,1001.95390601689,144.60531997546786
459,-2.1769136993035847,-1766.592554066876,0.35007867217063904,0.0,0.1873515099287033,0.0,0.4188297688961029,0.0,0.9562599509954453,0.0,1002.9101659678854,144.60531997546786
460,-3.63286127967305,-1770.225415346549,1.1220662593841553,0.0,0.20223666727542877,0.0,0.4176623523235321,0.0,1.7419652789831161,0.0,1004.6521312468685,144.60531997546786
461,-5.227949981927704,-1775.4533653284766,1.5058200359344482,0.0,0.23087537288665771,0.0,1.3959107398986816,0.0,3.1326061487197876,0.0,1007.7847373955883,144.60531997546786
462,-6.5106996249133795,-1781.9640649533899,1.4311333894729614,0.0,0.8124608993530273,0.0,1.299680471420288,0.0,3.543274760246277,0.0,1011.3280121558346,144.60531997546786
463,-10.238186122189195,-1792.2022510755792,2.6123592853546143,0.0,0.833526074886322,0.0,3.2317538261413574,0.0,6.677639186382294,0.0,1018.0056513422169,144.60531997546786
464,-6.682317398054626,-1798.8845684736339,0.8859472870826721,0.0,0.3925790786743164,0.0,1.953189730644226,0.0,3.2317160964012146,0.0,1021.2373674386181,144.60531997546786
465,-8.74372113031355,-1807.6282896039475,1.9768822193145752,0.0,1.585813045501709,0.0,2.597871780395508,0.0,6.160567045211792,0.0,1027.3979344838299,144.60531997546786
466,-7.242999533980274,-1814.8712891379278,2.8639254570007324,0.0,3.527547597885132,0.0,0.2843433916568756,0.0,6.67581644654274,0.0,1034.0737509303726,144.60531997546786
467,-3.315784953487156,-1818.1870740914148,0.389509379863739,0.0,2.102259874343872,0.0,0.2845804989337921,0.0,2.776349753141403,0.0,1036.850100683514,144.60531997546786
468,-1.232840677786637,-1819.4199147692016,0.0,1.3811066150665283,0.8868216872215271,0.0,0.13384345173835754,0.0,0.0,0.3604414761066437,1036.850100683514,144.9657614515745
469,-0.21580067145727144,-1819.635715440659,0.0,2.5650062561035156,0.0,1.9441165924072266,0.11571960151195526,0.0,0.0,4.393403246998787,1036.850100683514,149.3591646985733
470,-0.08162329532206059,-1819.717338735981,0.0,0.5090739727020264,0.00968879647552967,0.0,0.07193449884653091,0.0,0.0,0.4274506773799658,1036.850100683514,149.78661537595326
471,-0.21591363847255707,-1819.9332523744536,0.0,0.30463698506355286,0.21591363847255707,0.0,0.0,0.005585257429629564,0.0,0.09430860402062535,1036.850100683514,149.8809239799739
472,-1.7700338661670685,-1821.7032862406206,0.9905862808227539,0.0,0.4438036382198334,0.0,0.3356439471244812,0.0,1.7700338661670685,0.0,1038.620134549681,149.8809239799739
473,-2.803164765238762,-1824.5064510058594,1.3733482360839844,0.0,0.1300397366285324,0.0,1.2997767925262451,0.0,2.803164765238762,0.0,1041.4232993149199,149.8809239799739
474,-1.7873375117778778,-1826.2937885176373,0.434172123670578,0.0,0.4899592995643616,0.0,0.8632060885429382,0.0,1.7873375117778778,0.0,1043.2106368266977,149.8809239799739
475,-2.1526427567005157,-1828.4464312743378,0.8138371706008911,0.0,0.3586408793926239,0.0,0.9801647067070007,0.0,2.1526427567005157,0.0,1045.3632795833983,149.8809239799739
476,-3.005983591079712,-1831.4524148654175,0.7490856647491455,0.0,0.48074960708618164,0.0,1.7761483192443848,0.0,3.005983591079712,0.0,1048.369263174478,149.8809239799739
477,-7.155676007270813,-1838.6080908726883,2.5825369358062744,0.0,0.9507495164871216,0.0,3.622389554977417,0.0,7.155676007270813,0.0,1055.5249391817488,149.8809239799739
478,-5.482883930206299,-1844.0909748028946,1.8893508911132812,0.0,0.8927435874938965,0.0,2.700789451599121,0.0,5.482883930206299,0.0,1061.007823111955,149.8809239799739
479,-5.41489189863205,-1849.5058667015267,3.2312138080596924,0.0,0.7988192439079285,0.0,1.3848588466644287,0.0,5.41489189863205,0.0,1066.4227150105871,149.8809239799739
480,-3.0448966563633864,-1852.55076335789,0.5761474967002869,0.0,0.18733283877372742,0.0,0.42208048701286316,0.0,1.1855608224868774,0.0,1067.608275833074,149.8809239799739
481,-4.0168201354504065,-1856.5675834933404,0.3527388870716095,0.0,0.18591776490211487,0.0,0.41900184750556946,0.0,0.9576584994792938,0.0,1068.5659343325533,149.8809239799739
482,-5.063414222324999,-1861.6309977156654,0.3514370918273926,0.0,0.18461598455905914,0.0,0.4166029393672943,0.0,0.952656015753746,0.0,1069.518590348307,149.8809239799739
483,-6.919248104095459,-1868.550245819761,0.35007867217063904,0.0,0.1873515099287033,0.0,1.458551287651062,0.0,1.9959814697504044,0.0,1071.5145718180574,149.8809239799739
484,-6.019859663670992,-1874.570105483432,0.7561901807785034,0.0,0.20223666727542877,0.0,0.4176623523235321,0.0,1.3760892003774643,0.0,1072.890661018435,149.8809239799739
485,-5.179120565488711,-1879.7492260489207,0.3468944728374481,0.0,0.23087537288665771,0.0,0.5277521014213562,0.0,1.105521947145462,0.0,1073.9961829655804,149.8809239799739
486,-5.782788650267839,-1885.5320146991885,0.3077986538410187,0.0,0.24157807230949402,0.0,0.7239189743995667,0.0,1.2732957005500793,0.0,1075.2694786661305,149.8809239799739
487,-12.441646575927734,-1897.9736612751162,3.2690439224243164,0.0,3.41239333152771,0.0,3.8143422603607178,0.0,10.495779514312744,0.0,1085.7652581804432,149.8809239799739
488,-2.3467912673950195,-1900.3204525425112,0.0,0.14187277853488922,0.34853729605674744,0.0,1.6367406845092773,0.0,1.8434052020311356,0.0,1087.6086633824743,149.8809239799739
489,-1.3060033427205258,-1901.6264558852317,0.0,0.6492627263069153,0.17388348281383514,0.0,0.0,0.05673970654606819,0.0,0.5321189500391483,1087.6086633824743,150.41304293001303
490,-4.543486932140504,-1906.1699428173722,2.270190477371216,0.0,0.2510070204734802,0.0,0.6894514560699463,0.0,3.2106489539146423,0.0,1090.819312336389,150.41304293001303
491,-8.205204673161385,-1914.3751474905337,0.2585613429546356,0.0,3.3471546173095703,0.0,3.6232588291168213,0.0,7.228974789381027,0.0,1098.04828712577,150.41304293001303
492,-0.07082073477000844,-1914.4459682253037,0.0,1.6577985286712646,0.0,0.0029281415045261383,0.0,0.3471120595932007,0.0,2.0078387297689915,1098.04828712577,152.42088165978203
493,-0.04073169606162845,-1914.4866999213652,0.0,2.0087502002716064,0.0,0.12848839163780212,0.0,0.49869394302368164,0.0,2.63593253493309,1098.04828712577,155.05681419471512
494,-0.5952630043029785,-1915.0819629256682,0.5952630043029785,0.0,0.0,0.1323862075805664,0.0,0.45656919479370117,0.0063076019287109375,0.0,1098.0545947276987,155.05681419471512
495,0.0,-1915.0819629256682,0.0,0.526594340801239,0.0,1.158776044845581,0.0,0.8276787996292114,0.0,2.5130491852760315,1098.0545947276987,157.56986337999115
496,0.0,-1915.0819629256682,0.0,0.3957573473453522,0.0,1.957678198814392,0.0,1.5123041868209839,0.0,3.865739732980728,1098.0545947276987,161.43560311297188
497,-0.2963573783636093,-1915.3783203040318,0.02223338931798935,0.0,0.010045342147350311,0.0,0.26407864689826965,0.0,0.2963573783636093,0.0,1098.3509521060623,161.43560311297188
498,-3.961972177028656,-1919.3402924810605,3.070821762084961,0.0,0.8911504149436951,0.0,0.0,0.14008259773254395,3.821889579296112,0.0,1102.1728416853584,161.43560311297188
499,-2.0920147597789764,-1921.4323072408395,1.0269628763198853,0.0,0.35601088404655457,0.0,0.7090409994125366,0.0,2.0920147597789764,0.0,1104.2648564451374,161.43560311297188
500,-1.8822148144245148,-1923.314522055264,0.4469718635082245,0.0,0.36468249559402466,0.0,1.0705604553222656,0.0,1.8822148144245148,0.0,1106.147071259562,161.43560311297188
501,-5.05474579334259,-1928.3692678486066,2.358809471130371,0.0,0.9507495164871216,0.0,1.7451868057250977,0.0,5.05474579334259,0.0,1111.2018170529045,161.43560311297188
502,-3.8645875453948975,-1932.2338553940015,1.607208013534546,0.0,0.8927435874938965,0.0,1.364635944366455,0.0,3.8645875453948975,0.0,1115.0664045982994,161.43560311297188
503,-3.3723840713500977,-1935.6062394653516,1.383483648300171,0.0,0.8677297830581665,0.0,1.1211706399917603,0.0,3.3723840713500977,0.0,1118.4387886696495,161.43560311297188
504,-2.7084052462281165,-1938.3146447115796,0.35421058535575867,0.0,0.18733283877372742,0.0,0.42208048701286316,0.0,0.9636239111423492,0.0,1119.4024125807919,161.43560311297188
505,-3.8584977994662175,-1942.1731425110459,0.3527388870716095,0.0,0.3010348379611969,0.0,0.41900184750556946,0.0,1.0727755725383759,0.0,1120.4751881533302,161.43560311297188
506,-4.109872636525598,-1946.2830151475714,0.3514370918273926,0.0,0.18461598455905914,0.0,0.4166029393672943,0.0,0.952656015753746,0.0,1121.427844169084,161.43560311297188
507,-5.4944047927856445,-1951.777419940357,0.35007867217063904,0.0,0.1873515099287033,0.0,0.4188297688961029,0.0,0.9562599509954453,0.0,1122.3841041200794,161.43560311297188
508,-5.517538547515869,-1957.294958487873,0.3357362449169159,0.0,0.20223666727542877,0.0,0.4351603388786316,0.0,0.9731332510709763,0.0,1123.3572373711504,161.43560311297188
509,-7.869678497314453,-1965.1646369851874,1.9565691947937012,0.0,0.23087537288665771,0.0,0.5277521014213562,0.0,2.715196669101715,0.0,1126.0724340402521,161.43560311297188
510,-16.732654571533203,-1981.8972915567206,0.7452424764633179,0.0,0.25650835037231445,0.0,8.278350830078125,0.0,9.280101656913757,0.0,1135.3525356971659,161.43560311297188
511,-11.896363258361816,-1993.7936548150824,3.359651803970337,0.0,4.607923984527588,0.0,2.1238677501678467,0.0,10.091443538665771,0.0,1145.4439792358316,161.43560311297188
512,-4.386482238769531,-1998.180137053852,0.3186308741569519,0.0,0.33594393730163574,0.0,2.8623855113983154,0.0,3.516960322856903,0.0,1148.9609395586886,161.43560311297188
513,-3.07014799118042,-2001.2502850450323,0.0,0.6769324541091919,0.16004861891269684,0.0,0.6154215931892395,0.0,0.09853775799274445,0.0,1149.0594773166813,161.43560311297188
514,-2.08613920211792,-2003.3364242471503,0.0,0.4888811707496643,0.007497816812247038,0.0,0.0,0.34893566370010376,0.0,0.830319017637521,1149.0594773166813,162.2659221306094
515,-2.7078002539828403,-2006.0442245011332,0.7456040382385254,0.0,0.0004916157922707498,0.0,0.0,0.3399659991264343,0.4061296549043618,0.0,1149.4656069715857,162.2659221306094
516,-0.7907940535144593,-2006.8350185546476,0.0,0.744210422039032,0.44182372093200684,0.0,0.15668225288391113,0.0,0.0,0.145704448223114,1149.4656069715857,162.4116265788325
517,-0.005274886655825169,-2006.8402934413034,0.0,2.0863916873931885,0.0,0.2484513223171234,0.0,0.7386198043823242,0.0,3.073462814092636,1149.4656069715857,165.48508939292515
518,0.0,-2006.8402934413034,0.0,2.1101903915405273,0.0,0.2610131800174713,0.0,0.28097862005233765,0.0,2.6521821916103363,1149.4656069715857,168.13727158453548
519,0.0,-2006.8402934413034,0.0,0.4671470820903778,0.0,1.140412449836731,0.0,1.4555078744888306,0.0,3.0630674064159393,1149.4656069715857,171.20033899095142
520,0.0,-2006.8402934413034,0.0,0.5193469524383545,0.0,2.2555325031280518,0.0,0.26705801486968994,0.0,3.041937470436096,1149.4656069715857,174.24227646138752
521,-0.09520650655031204,-2006.9354999478537,0.0,0.07843213528394699,0.0,0.08348016440868378,0.09520650655031204,0.0,0.0,0.06670579314231873,1149.4656069715857,174.30898225452984
522,-0.5552726536989212,-2007.4907726015526,0.4168977439403534,0.0,0.1383749097585678,0.0,0.0,0.3453216850757599,0.20995096862316132,0.0,1149.6755579402088,174.30898225452984
523,-2.6980504244565964,-2010.1888230260092,0.5939352512359619,0.0,0.2188272923231125,0.0,1.885287880897522,0.0,2.6980504244565964,0.0,1152.3736083646654,174.30898225452984
524,-4.227647066116333,-2014.4164700921256,1.2660026550292969,0.0,1.8910839557647705,0.0,1.0705604553222656,0.0,4.227647066116333,0.0,1156.6012554307817,174.30898225452984
525,-4.73120653629303,-2019.1476766284186,1.6627345085144043,0.0,0.9507495164871216,0.0,2.117722511291504,0.0,4.73120653629303,0.0,1161.3324619670748,174.30898225452984
526,-3.745625376701355,-2022.89330200512,1.448914885520935,0.0,0.8927435874938965,0.0,1.4039669036865234,0.0,3.745625376701355,0.0,1165.0780873437761,174.30898225452984
527,-3.3223801255226135,-2026.2156821306426,1.4023902416229248,0.0,0.7988192439079285,0.0,1.1211706399917603,0.0,3.3223801255226135,0.0,1168.4004674692987,174.30898225452984
528,-4.998281025745385,-2031.213963156388,1.3816155195236206,0.0,0.7622016072273254,0.0,1.1165059804916382,0.0,3.2603231072425842,0.0,1171.6607905765413,174.30898225452984
529,-4.312401269525308,-2035.5263644259132,0.3527388870716095,0.0,0.18591776490211487,0.0,0.41900184750556946,0.0,0.9576584994792938,0.0,1172.6184490760206,174.30898225452984
530,-5.489182949066162,-2041.0155473749794,0.3514370918273926,0.0,0.18461598455905914,0.0,0.4166029393672943,0.0,0.952656015753746,0.0,1173.5711050917744,174.30898225452984
531,-5.803980350494385,-2046.8195277254738,0.35007867217063904,0.0,0.4166674017906189,0.0,0.4188297688961029,0.0,1.1855758428573608,0.0,1174.7566809346317,174.30898225452984
532,-17.87370491027832,-2064.693232635752,4.458226680755615,0.0,2.4547605514526367,0.0,3.212862253189087,0.0,10.125849485397339,0.0,1184.882530420029,174.30898225452984
533,-18.000226974487305,-2082.693459610239,4.4583964347839355,0.0,2.4833993911743164,0.0,3.2775113582611084,0.0,10.21930718421936,0.0,1195.1018376042484,174.30898225452984
534,-15.352883338928223,-2098.0463429491674,3.7938456535339355,0.0,1.9290953874588013,0.0,2.535109043121338,0.0,8.258050084114075,0.0,1203.3598876883625,174.30898225452984
535,-12.07172679901123,-2110.1180697481786,3.3024327754974365,0.0,3.745643377304077,0.0,3.173253059387207,0.0,10.22132921218872,0.0,1213.5812169005512,174.30898225452984
536,-5.402763366699219,-2115.520833114878,0.0,0.181950181722641,2.785310745239258,0.0,1.4414262771606445,0.0,4.044786840677261,0.0,1217.6260037412285,174.30898225452984
537,-13.04012680053711,-2128.560959915415,0.0,0.3264199495315552,7.649531841278076,0.0,0.0,0.25027933716773987,7.072832554578781,0.0,1224.6988362958073,174.30898225452984
538,-10.539209365844727,-2139.1001692812597,6.046289920806885,0.0,1.6440072059631348,0.0,0.5385449528694153,0.0,8.228842079639435,0.0,1232.9276783754467,174.30898225452984
539,-0.2672874554591858,-2139.367456736719,0.0,1.1008756160736084,0.012251081876456738,0.0,0.004581171553581953,0.0,0.0,1.0840433626435697,1232.9276783754467,175.3930256171734
540,-0.8203219426317767,-2140.1877786793507,0.0,1.358574390411377,0.0,0.9971483945846558,0.0,0.047489579766988754,0.0,2.4032123647630215,1232.9276783754467,177.79623798193643
541,-0.24060669429095055,-2140.4283853736415,0.0,1.8630863428115845,0.0,1.7020149230957031,0.0,0.9617822766304016,0.0,4.526883542537689,1232.9276783754467,182.32312152447412
542,-2.8539473116397858,-2143.2823326852813,2.5581023693084717,0.0,0.2958449423313141,0.0,0.0,0.5667680501937866,2.287179261445999,0.0,1235.2148576368927,182.32312152447412
543,-7.389529168605804,-2150.671861853887,6.1500139236450195,0.0,0.41816776990890503,0.0,0.8213474750518799,0.0,7.389529168605804,0.0,1242.6043868054985,182.32312152447412
544,-0.5736870169639587,-2151.245548870851,0.0,0.15906882286071777,0.0,0.1092294305562973,0.5736870169639587,0.0,0.30538876354694366,0.0,1242.9097755690455,182.32312152447412
545,-0.6229342669248581,-2151.868483137776,0.15528148412704468,0.0,0.09507961571216583,0.0,0.3725731670856476,0.0,0.6229342669248581,0.0,1243.5327098359703,182.32312152447412
546,-2.7946290373802185,-2154.663112175156,0.538820743560791,0.0,0.7438444495201111,0.0,1.5119638442993164,0.0,2.7946290373802185,0.0,1246.3273388733505,182.32312152447412
547,-2.333390563726425,-2156.9965027388826,1.247894525527954,0.0,0.35911455750465393,0.0,0.7263814806938171,0.0,2.333390563726425,0.0,1248.660729437077,182.32312152447412
548,-2.5574778020381927,-2159.5539805409207,1.317481517791748,0.0,0.4793415367603302,0.0,0.7606547474861145,0.0,2.5574778020381927,0.0,1251.2182072391151,182.32312152447412
549,-4.667871832847595,-2164.2218523737683,2.091506004333496,0.0,1.0654085874557495,0.0,1.5109572410583496,0.0,4.667871832847595,0.0,1255.8860790719627,182.32312152447412
550,-1.3243089616298676,-2165.546161335398,0.4215100109577179,0.0,0.19325745105743408,0.0,0.7095414996147156,0.0,1.3243089616298676,0.0,1257.2103880335926,182.32312152447412
551,-3.371456503868103,-2168.9176178392663,1.383483648300171,0.0,0.8668022155761719,0.0,1.1211706399917603,0.0,3.371456503868103,0.0,1260.5818445374607,182.32312152447412
552,-2.1190979533329055,-2171.0367157925994,0.35421058535575867,0.0,0.18733283877372742,0.0,0.42208048701286316,0.0,0.9636239111423492,0.0,1261.545468448603,182.32312152447412
553,-5.245898842931897,-2176.2826146355314,0.3527388870716095,0.0,0.41434162855148315,0.0,0.41900184750556946,0.0,1.186082363128662,0.0,1262.7315508117317,182.32312152447412
554,-5.479987144470215,-2181.7626017800017,0.33876895904541016,0.0,0.18461598455905914,0.0,0.4166029393672943,0.0,0.9399878829717636,0.0,1263.6715386947035,182.32312152447412
555,-5.502297401428223,-2187.26489918143,0.35007867217063904,0.0,0.1873515099287033,0.0,0.4188297688961029,0.0,0.9562599509954453,0.0,1264.627798645699,182.32312152447412
556,-5.542794227600098,-2192.80769340903,0.34860697388648987,0.0,0.20223666727542877,0.0,0.4351603388786316,0.0,0.9860039800405502,0.0,1265.6138026257395,182.32312152447412
557,-18.008094787597656,-2210.8157881966276,4.4583964347839355,0.0,2.4833993911743164,0.0,3.2775113582611084,0.0,10.21930718421936,0.0,1275.8331098099588,182.32312152447412
558,-5.604729652404785,-2216.4205178490324,0.33445003628730774,0.0,0.2414994090795517,0.0,0.4554263651371002,0.0,1.0313758105039597,0.0,1276.8644856204628,182.32312152447412
559,-10.869922637939453,-2227.290440486972,3.2541511058807373,0.0,4.009995937347412,0.0,2.0671281814575195,0.0,9.331275224685669,0.0,1286.1957608451485,182.32312152447412
560,-5.520859718322754,-2232.8113002052946,0.0,1.7145271301269531,0.0,1.181467890739441,0.0,0.9256829023361206,0.0,3.8216779232025146,1286.1957608451485,186.14479944767663
561,-5.058309555053711,-2237.8696097603483,0.8695724606513977,0.0,1.8904722929000854,0.0,1.7836326360702515,0.0,4.543677389621735,0.0,1290.7394382347702,186.14479944767663
562,-2.5512075424194336,-2240.420817302768,0.05474886670708656,0.0,0.9731557965278625,0.0,1.101927638053894,0.0,2.129832301288843,0.0,1292.869270536059,186.14479944767663
563,-1.447091865405243,-2241.867909168173,0.0,1.0357462167739868,0.42753177881240845,0.0,0.0,0.27347901463508606,0.0,0.8816934525966644,1292.869270536059,187.0264929002733
564,-6.728653771242591,-2248.5965629394154,5.279343605041504,0.0,0.0,0.31613442301750183,0.0,0.10480084270238876,4.858408339321613,0.0,1297.7276788753807,187.0264929002733
565,-1.042031203603827,-2249.6385941430194,0.8852406740188599,0.0,0.0,1.6392689943313599,0.0,1.2036670446395874,0.0,1.9576953649520874,1297.7276788753807,188.98418826522538
566,-0.3184109330177307,-2249.957005076037,0.0,0.06819281727075577,0.3184109330177307,0.0,0.0,0.5502436757087708,0.0,0.3000255599617958,1297.7276788753807,189.28421382518718
567,0.0,-2249.957005076037,0.0,0.7357444763183594,0.0,0.11498678475618362,0.0,0.27781617641448975,0.0,1.1285474374890327,1297.7276788753807,190.4127612626762
568,-2.7038031220436096,-2252.6608081980808,0.0,0.2551598846912384,0.9248583912849426,0.0,1.778944730758667,0.0,2.448643237352371,0.0,1300.176322112733,190.4127612626762
569,-1.3740755468606949,-2254.0348837449415,0.9289909601211548,0.0,0.08785857260227203,0.0,0.35722601413726807,0.0,1.3740755468606949,0.0,1301.5503976595937,190.4127612626762
570,-2.657454550266266,-2256.6923382952077,0.41911715269088745,0.0,1.0024840831756592,0.0,1.2358533143997192,0.0,2.657454550266266,0.0,1304.20785220986,190.4127612626762
571,-1.9221795797348022,-2258.6145178749425,0.5895199179649353,0.0,0.35659223794937134,0.0,0.9760674238204956,0.0,1.9221795797348022,0.0,1306.1300317895948,190.4127612626762
572,-2.0460004806518555,-2260.6605183555944,0.6107575297355652,0.0,0.36468249559402466,0.0,1.0705604553222656,0.0,2.0460004806518555,0.0,1308.1760322702467,190.4127612626762
573,-2.44611519575119,-2263.1066335513456,0.7614763379096985,0.0,0.19623863697052002,0.0,1.4884002208709717,0.0,2.44611519575119,0.0,1310.6221474659978,190.4127612626762
574,-3.218351662158966,-2266.3249852135045,2.038153886795044,0.0,0.19325745105743408,0.0,0.986940324306488,0.0,3.218351662158966,0.0,1313.8404991281568,190.4127612626762
575,-1.0905465334653854,-2267.41553174697,0.37498530745506287,0.0,0.18901224434375763,0.0,0.5265489816665649,0.0,1.0905465334653854,0.0,1314.9310456616222,190.4127612626762
576,-1.7541036939311974,-2269.169635440901,0.3568393290042877,0.0,0.18733283877372742,0.0,0.45272377133369446,0.0,0.9968959391117096,0.0,1315.927941600734,190.4127612626762
577,-2.810173638456594,-2271.9798090793574,0.3527388870716095,0.0,0.18591776490211487,0.0,0.41900184750556946,0.0,0.9576584994792938,0.0,1316.8856001002132,190.4127612626762
578,-6.184318136353492,-2278.164127215711,1.3788419961929321,0.0,0.7477469444274902,0.0,1.1110284328460693,0.0,3.2376173734664917,0.0,1320.1232174736797,190.4127612626762
579,-4.029332755872883,-2282.1934599715837,0.35007867217063904,0.0,0.1873515099287033,0.0,0.4188297688961029,0.0,0.9562599509954453,0.0,1321.0794774246751,190.4127612626762
580,-5.316658986571452,-2287.510118958155,0.34860697388648987,0.0,0.20223666727542877,0.0,0.4351603388786316,0.0,0.9860039800405502,0.0,1322.0654814047157,190.4127612626762
581,-9.199518637089398,-2296.7096375952447,3.3222358226776123,0.0,0.23087537288665771,0.0,0.49980950355529785,0.0,4.052920699119568,0.0,1326.1184021038353,190.4127612626762
582,-7.170231545696403,-2303.879869140941,1.3316127061843872,0.0,0.6040012836456299,0.0,0.7538245916366577,0.0,2.689438581466675,0.0,1328.807840685302,190.4127612626762
583,-6.120720389044077,-2310.000589529985,1.1802514791488647,0.0,0.358120322227478,0.0,0.6231178045272827,0.0,2.1614896059036255,0.0,1330.9693302912056,190.4127612626762
584,-5.197442326934707,-2315.19803185692,0.0,0.07904624193906784,0.37908220291137695,0.0,0.5284442901611328,0.0,0.8284802511334419,0.0,1331.797810542339,190.4127612626762
585,-7.112631031595,-2322.310662888515,0.5276044607162476,0.0,0.9096731543540955,0.0,0.9738733172416687,0.0,2.4111509323120117,0.0,1334.208961474651,190.4127612626762
586,-6.224329249628697,-2328.5349921381435,1.3448504209518433,0.0,0.9139909148216248,0.0,1.4722214937210083,0.0,3.7310628294944763,0.0,1337.9400243041455,190.4127612626762
587,-7.326692962112887,-2335.861685100256,4.446422100067139,0.0,0.6262699961662292,0.0,0.0,0.4585525393486023,4.614139556884766,0.0,1342.5541638610302,190.4127612626762
588,-1.0717152802355776,-2336.9334003804915,0.0,1.2728437185287476,0.22953198850154877,0.0,0.0,0.10673747211694717,0.0,1.150049202144146,1342.5541638610302,191.56281046482036
589,-0.14464740640586551,-2337.0780477868975,0.0,1.3049451112747192,0.04725596308708191,0.0,0.0,0.37475964426994324,0.0,1.6324487924575806,1342.5541638610302,193.19525925727794
590,-1.264621107839048,-2338.3426688947366,1.2575984001159668,0.0,0.007022707723081112,0.0,0.0,0.40530452132225037,0.8593165865167975,0.0,1343.413480447547,193.19525925727794
591,-0.04044690728187561,-2338.3831158020184,0.0,0.6151168942451477,0.04044690728187561,0.0,0.0,0.3160651922225952,0.0,0.8907351791858673,1343.413480447547,194.0859944364638
592,-0.05079980567097664,-2338.4339156076894,0.05079980567097664,0.0,0.0,0.06697840243577957,0.0,0.01682497002184391,0.0,0.03300356678664684,1343.413480447547,194.11899800325045
593,-0.4816442411392927,-2338.9155598488287,0.0,0.07371017336845398,0.026100127026438713,0.0,0.455544114112854,0.0,0.40793406777083874,0.0,1343.8214145153179,194.11899800325045
594,-1.2721746861934662,-2340.187734535022,0.30708345770835876,0.0,0.15865206718444824,0.0,0.8064391613006592,0.0,1.2721746861934662,0.0,1345.0935892015113,194.11899800325045
595,-3.8656412065029144,-2344.053375741525,2.3147993087768555,0.0,0.35625216364860535,0.0,1.1945897340774536,0.0,3.8656412065029144,0.0,1348.9592304080143,194.11899800325045
596,-2.123356431722641,-2346.1767321732477,0.6107575297355652,0.0,0.41281142830848694,0.0,1.0997874736785889,0.0,2.123356431722641,0.0,1351.082586839737,194.11899800325045
597,-2.7439900934696198,-2348.9207222667173,1.539839744567871,0.0,0.3876185119152069,0.0,0.8165318369865417,0.0,2.7439900934696198,0.0,1353.8265769332065,194.11899800325045
598,-2.4036529660224915,-2351.32437523274,1.5008540153503418,0.0,0.19325745105743408,0.0,0.7095414996147156,0.0,2.4036529660224915,0.0,1356.230229899229,194.11899800325045
599,-3.25679749250412,-2354.581172725244,1.383483648300171,0.0,0.7521432042121887,0.0,1.1211706399917603,0.0,3.25679749250412,0.0,1359.4870273917331,194.11899800325045
600,-2.0440003874959283,-2356.62517311274,0.35421058535575867,0.0,0.18733283877372742,0.0,0.42208048701286316,0.0,0.9636239111423492,0.0,1360.4506513028755,194.11899800325045
601,-4.523867018618336,-2361.149040131358,0.3527388870716095,0.0,0.18591776490211487,0.0,0.41900184750556946,0.0,0.9576584994792938,0.0,1361.4083098023548,194.11899800325045
602,-16.16793209671958,-2377.3169722280777,5.606627464294434,0.0,4.513297080993652,0.0,3.3568429946899414,0.0,13.476767539978027,0.0,1374.8850773423328,194.11899800325045
603,-4.073179244995117,-2381.390151473073,0.7576619386672974,0.0,0.1873515099287033,0.0,0.4188297688961029,0.0,1.3638432174921036,0.0,1376.248920559825,194.11899800325045
604,-4.912501335144043,-2386.302652808217,1.347259283065796,0.0,0.20223666727542877,0.0,0.4351603388786316,0.0,1.9846562892198563,0.0,1378.2335768490448,194.11899800325045
605,-4.518723892941915,-2390.821376701159,0.9380737543106079,0.0,0.23087537288665771,0.0,0.5277521014213562,0.0,1.6967012286186218,0.0,1379.9302780776634,194.11899800325045
606,-4.806200981140137,-2395.627577682299,0.0,0.31747502088546753,0.0,1.1852881908416748,0.0,0.9101932048797607,0.0,2.412956416606903,1379.9302780776634,196.53195441985736
607,-5.704028063929101,-2401.331605746228,0.0,0.7508398294448853,0.0,1.2424291372299194,0.31846293807029724,0.0,0.0,1.6748060286045074,1379.9302780776634,198.20676044846186
608,-5.294653415679932,-2406.626259161908,0.0,0.3185550570487976,0.15595054626464844,0.0,0.48917993903160095,0.0,0.3265754282474518,0.0,1380.2568535059108,198.20676044846186
609,-10.385430335998535,-2417.0116894979064,2.7667174339294434,0.0,3.374030828475952,0.0,2.8309829235076904,0.0,8.971731185913086,0.0,1389.228584691824,198.20676044846186
610,-2.5436879698677393,-2419.555377467774,0.0,0.5142026543617249,0.020695986226201057,0.0,0.0,0.3225393295288086,0.0,0.8160459976643324,1389.228584691824,199.0228064461262
611,-1.8037108990261832,-2421.3590883668003,0.0,1.2031325101852417,0.08878889679908752,0.0,0.6849773526191711,0.0,0.0,0.42936626076698303,1389.228584691824,199.45217270689318
612,-1.294617012059676,-2422.6537053788597,0.0,2.5723838806152344,0.0,0.06497130542993546,0.0,0.2237430363893509,0.0,2.8610982224345207,1389.228584691824,202.3132709293277
613,-0.24817260574186964,-2422.9018779846015,0.19353316724300385,0.0,0.0,0.17688243091106415,0.0,0.5865018367767334,0.0,0.5698511004447937,1389.228584691824,202.8831220297725
614,-0.015802539885044098,-2422.9176805244865,0.015802539885044098,0.0,0.0,0.22340743243694305,0.0,0.18538564443588257,0.0,0.3929905369877815,1389.228584691824,203.27611256676028
615,0.0,-2422.9176805244865,0.0,0.8532128930091858,0.0,1.1354326009750366,0.0,0.3796030282974243,0.0,2.3682485222816467,1389.228584691824,205.64436108904192
616,0.0,-2422.9176805244865,0.0,0.5380384922027588,0.0,2.204902172088623,0.0,0.4126986563205719,0.0,3.1556393206119537,1389.228584691824,208.80000040965388
617,-1.1489898264408112,-2424.0666703509273,0.38442274928092957,0.0,0.0,0.0663723275065422,0.7645670771598816,0.0,1.082617498934269,0.0,1390.3112021907582,208.80000040965388
618,-1.3218833953142166,-2425.3885537462415,0.36787644028663635,0.0,0.15145640075206757,0.0,0.8025505542755127,0.0,1.3218833953142166,0.0,1391.6330855860724,208.80000040965388
619,-1.8110986649990082,-2427.1996524112405,0.7303415536880493,0.0,0.35753491520881653,0.0,0.7232221961021423,0.0,1.8110986649990082,0.0,1393.4441842510714,208.80000040965388
620,-2.824383556842804,-2430.0240359680834,1.3891406059265137,0.0,0.36468249559402466,0.0,1.0705604553222656,0.0,2.824383556842804,0.0,1396.2685678079142,208.80000040965388
621,-3.943331003189087,-2433.9673669712724,1.4816241264343262,0.0,0.9507495164871216,0.0,1.5109573602676392,0.0,3.943331003189087,0.0,1400.2118988111033,208.80000040965388
622,-8.342256903648376,-2442.309623874921,1.448914885520935,0.0,4.574721336364746,0.0,2.3186206817626953,0.0,8.342256903648376,0.0,1408.5541557147517,208.80000040965388
623,-3.699659526348114,-2446.009283401269,1.383483648300171,0.0,0.8654970526695251,0.0,1.450678825378418,0.0,3.699659526348114,0.0,1412.2538152410998,208.80000040965388
624,-7.166520436687191,-2453.175803837956,1.3816155195236206,0.0,0.7504638433456421,0.0,2.2915050983428955,0.0,4.423584461212158,0.0,1416.677399702312,208.80000040965388
625,-5.497812747955322,-2458.6736165859115,0.3527388870716095,0.0,0.18591776490211487,0.0,0.41699478030204773,0.0,0.9556514322757721,0.0,1417.6330511345877,208.80000040965388
626,-5.4693684577941895,-2464.1429850437057,0.3514370918273926,0.0,0.18461598455905914,0.0,0.39827069640159607,0.0,0.9343237727880478,0.0,1418.5673749073758,208.80000040965388
627,-14.712322235107422,-2478.855307278813,3.401848077774048,0.0,1.8767443895339966,0.0,2.502105951309204,0.0,7.7806984186172485,0.0,1426.348073325993,208.80000040965388
628,-5.516209602355957,-2484.371516881169,0.34860697388648987,0.0,0.20223666727542877,0.0,0.4176623523235321,0.0,0.9685059934854507,0.0,1427.3165793194785,208.80000040965388
629,-8.572429656982422,-2492.9439465381515,0.3487769067287445,0.0,0.23087537288665771,0.0,2.652463912963867,0.0,3.2321161925792694,0.0,1430.5486955120577,208.80000040965388
630,-5.897261619567871,-2498.8412081577194,0.34246259927749634,0.0,0.31018462777137756,0.0,0.5976065397262573,0.0,1.2502537667751312,0.0,1431.7989492788329,208.80000040965388
631,-15.104001998901367,-2513.9452101566208,3.458526134490967,0.0,1.999970555305481,0.0,2.6113085746765137,0.0,8.069805264472961,0.0,1439.8687545433058,208.80000040965388
632,-11.05112075805664,-2524.9963309146774,2.8271355628967285,0.0,4.036857604980469,0.0,2.6013946533203125,0.0,9.46538782119751,0.0,1449.3341423645034,208.80000040965388
633,-3.7957732677459717,-2528.7921041824234,0.0,0.7184192538261414,0.2372327446937561,0.0,0.7474388480186462,0.0,0.266252338886261,0.0,1449.6003947033896,208.80000040965388
634,-2.8544265674548868,-2531.6465307498784,0.0,0.9992810487747192,0.08819844573736191,0.0,0.0,0.3774714171886444,0.0,1.2885540202260017,1449.6003947033896,210.08855442987988
635,-3.2693979740142822,-2534.9159287238926,0.0,1.164985179901123,0.2831929922103882,0.0,0.0,0.5730229616165161,0.0,1.454815149307251,1449.6003947033896,211.54336957918713
636,-0.9176911317062695,-2535.833619855599,0.0,1.0708057880401611,0.00833628699183464,0.0,0.7874526977539062,0.0,0.0,0.27501680329442024,1449.6003947033896,211.81838638248155
637,-0.01394937930870429,-2535.8475692349075,0.0,1.1441556215286255,0.0,0.27941328287124634,0.0,0.8005437254905701,0.0,2.224112629890442,1449.6003947033896,214.042499012372
638,0.0,-2535.8475692349075,0.0,1.7316635847091675,0.0,0.30119627714157104,0.0,0.7941893339157104,0.0,2.827049195766449,1449.6003947033896,216.86954820813844
639,0.0,-2535.8475692349075,0.0,0.7378215193748474,0.0,1.188576340675354,0.0,1.1692858934402466,0.0,3.095683753490448,1449.6003947033896,219.9652319616289
640,-0.41181862354278564,-2536.2593878584503,0.41181862354278564,0.0,0.0,2.2408552169799805,0.0,1.884851336479187,0.0,3.713887929916382,1449.6003947033896,223.67911989154527
641,-0.38396577537059784,-2536.643353633821,0.31945550441741943,0.0,0.0,0.09810839593410492,0.0645102709531784,0.0,0.2858573794364929,0.0,1449.886252082826,223.67911989154527
642,-1.8807632625102997,-2538.524116896331,0.5452353954315186,0.0,1.1327673196792603,0.0,0.20276054739952087,0.0,1.8807632625102997,0.0,1451.7670153453364,223.67911989154527
643,-9.335196197032928,-2547.859313093364,0.517493724822998,0.0,0.35864752531051636,0.0,8.459054946899414,0.0,9.335196197032928,0.0,1461.1022115423693,223.67911989154527
644,-2.463049829006195,-2550.3223629223703,0.8479077816009521,0.0,0.36468249559402466,0.0,1.2504595518112183,0.0,2.463049829006195,0.0,1463.5652613713755,223.67911989154527
645,-7.995480418205261,-2558.3178433405756,5.1602864265441895,0.0,0.9507495164871216,0.0,1.8844444751739502,0.0,7.995480418205261,0.0,1471.5607417895808,223.67911989154527
646,-3.8585675954818726,-2562.1764109360574,1.448914885520935,0.0,1.005685806274414,0.0,1.4039669036865234,0.0,3.8585675954818726,0.0,1475.4193093850627,223.67911989154527
647,-3.403277337551117,-2565.5796882736086,1.383483648300171,0.0,0.7988192439079285,0.0,1.2209744453430176,0.0,3.403277337551117,0.0,1478.8225867226138,223.67911989154527
648,-3.907099150594333,-2569.4867874242027,0.35421058535575867,0.0,0.2998753786087036,0.0,0.45272377133369446,0.0,1.1068097352981567,0.0,1479.929396457912,223.67911989154527
649,-4.77284583873561,-2574.259633262938,0.3527388870716095,0.0,0.18591776490211487,0.0,0.41900184750556946,0.0,0.9576584994792938,0.0,1480.8870549573912,223.67911989154527
650,-5.271934340374926,-2579.5315676033133,0.3514370918273926,0.0,0.18461598455905914,0.0,0.4166029393672943,0.0,0.952656015753746,0.0,1481.839710973145,223.67911989154527
651,-5.494390487670898,-2585.025958090984,0.35007867217063904,0.0,0.1873515099287033,0.0,0.4188297688961029,0.0,0.9562599509954453,0.0,1482.7959709241404,223.67911989154527
652,-5.534900188446045,-2590.5608582794302,0.34860697388648987,0.0,0.20223666727542877,0.0,0.4351603388786316,0.0,0.9860039800405502,0.0,1483.781974904181,223.67911989154527
653,-7.037015914916992,-2597.5978741943472,1.3677350282669067,0.0,0.23087537288665771,0.0,0.49980950355529785,0.0,2.0984199047088623,0.0,1485.8803948088898,223.67911989154527
654,-9.275075912475586,-2606.872950106823,2.7056221961975098,0.0,0.24639129638671875,0.0,0.8039667010307312,0.0,3.7559801936149597,0.0,1489.6363750025048,223.67911989154527
655,-12.50468921661377,-2619.3776393234366,4.349576473236084,0.0,3.418907880783081,0.0,2.7734951972961426,0.0,10.541979551315308,0.0,1500.17835455382,223.67911989154527
656,-8.487358093261719,-2627.8649974166983,0.0,0.21285195648670197,0.6557883620262146,0.0,5.848485946655273,0.0,6.291422352194786,0.0,1506.4697769060149,223.67911989154527
657,-10.831192016601562,-2638.6961894333,0.0,0.7502269148826599,0.14646469056606293,0.0,6.361440181732178,0.0,5.757677957415581,0.0,1512.2274548634305,223.67911989154527
658,-3.0545864006397454,-2641.7507758339398,0.0,0.9725360870361328,0.006602431181818247,0.0,0.8924576640129089,0.0,0.0,0.07347599184140563,1512.2274548634305,223.75259588338668
659,-1.5200790562942936,-2643.270854890234,0.0,0.24473510682582855,0.0,0.09424187988042831,0.0,0.35691264271736145,0.0,0.6958896294236183,1512.2274548634305,224.4484855128103
660,-1.399265642344222,-2644.6701205325785,0.0,1.832094430923462,0.4343595802783966,0.0,0.0,0.29645630717277527,0.0,1.6941911578178406,1512.2274548634305,226.14267667062813
661,-0.34677678837299475,-2645.0168973209516,0.0,2.1539249420166016,0.0,0.21797701716423035,0.23452015221118927,0.0,0.0,2.1373818069696426,1512.2274548634305,228.28005847759778
662,-0.6961768269538879,-2645.7130741479054,0.6961768269538879,0.0,0.0,0.2784642279148102,0.0,0.7487252354621887,0.0,0.33101263642311096,1512.2274548634305,228.6110711140209
663,0.0,-2645.7130741479054,0.0,0.8766398429870605,0.0,1.151160717010498,0.0,1.1167552471160889,0.0,3.1445558071136475,1512.2274548634305,231.75562692113454
664,-0.00890298467129469,-2645.7219771325767,0.00890298467129469,0.0,0.0,2.197968006134033,0.0,1.7169504165649414,0.0,3.90601543802768,1512.2274548634305,235.66164235916222
665,-0.0994834154844284,-2645.821460548061,0.0,0.07415522634983063,0.0,0.04232902079820633,0.0994834154844284,0.0,0.0,0.01700083166360855,1512.2274548634305,235.67864319082582
666,-0.7633878141641617,-2646.5848483622253,0.40967029333114624,0.0,0.2262934297323227,0.0,0.12742409110069275,0.0,0.7633878141641617,0.0,1512.9908426775946,235.67864319082582
667,-4.132145375013351,-2650.7169937372387,2.1317942142486572,0.0,0.3577274978160858,0.0,1.6426236629486084,0.0,4.132145375013351,0.0,1517.122988052608,235.67864319082582
668,-2.157742202281952,-2652.8747359395206,0.7031154632568359,0.0,0.36468249559402466,0.0,1.0899442434310913,0.0,2.157742202281952,0.0,1519.28073025489,235.67864319082582
669,-18.72669517993927,-2671.60143111946,8.05491828918457,0.0,0.9507495164871216,0.0,9.721027374267578,0.0,18.72669517993927,0.0,1538.0074254348292,235.67864319082582
670,-4.805784106254578,-2676.4072152257145,1.448914885520935,0.0,1.0052862167358398,0.0,2.3515830039978027,0.0,4.805784106254578,0.0,1542.8132095410838,235.67864319082582
671,-3.8876837491989136,-2680.2948989749134,1.4023902416229248,0.0,1.2643190622329712,0.0,1.2209744453430176,0.0,3.8876837491989136,0.0,1546.7008932902827,235.67864319082582
672,-5.158398784259939,-2685.4532977591734,1.3842442035675049,0.0,0.7622016072273254,0.0,1.1165059804916382,0.0,3.2629517912864685,0.0,1549.9638450815692,235.67864319082582
673,-4.1017159823933,-2689.5550137415667,0.34507817029953003,0.0,0.7501539587974548,0.0,0.41900184750556946,0.0,1.5142339766025543,0.0,1551.4780790581717,235.67864319082582
674,-6.8062804078163115,-2696.361294149383,1.7011696100234985,0.0,0.2967706322669983,0.0,0.4166029393672943,0.0,2.414543181657791,0.0,1553.8926222398295,235.67864319082582
675,-4.104723936643417,-2700.4660180860265,0.35007867217063904,0.0,0.1873515099287033,0.0,0.4188297688961029,0.0,0.9562599509954453,0.0,1554.848882190825,235.67864319082582
676,-5.534831523895264,-2706.0008496099217,0.34860697388648987,0.0,0.20223666727542877,0.0,0.4351603388786316,0.0,0.9860039800405502,0.0,1555.8348861708655,235.67864319082582
677,-5.6613545417785645,-2711.6622041517003,0.3487769067287445,0.0,0.23087537288665771,0.0,0.49980950355529785,0.0,1.0794617831707,0.0,1556.9143479540362,235.67864319082582
678,-16.902652740478516,-2728.564856892179,4.099161148071289,0.0,2.751976728439331,0.0,2.5549495220184326,0.0,9.406087398529053,0.0,1566.3204353525653,235.67864319082582
679,-9.37973690032959,-2737.9445937925084,0.21681378781795502,0.0,4.564324855804443,0.0,0.5828270316123962,0.0,5.363965675234795,0.0,1571.6844010278,235.67864319082582
680,-5.867988586425781,-2743.812582378934,3.0089147090911865,0.0,0.37574636936187744,0.0,1.7716103792190552,0.0,5.156271457672119,0.0,1576.8406724854722,235.67864319082582
681,-3.21865177154541,-2747.0312341504796,0.4022056460380554,0.0,0.25337982177734375,0.0,0.10225296765565872,0.0,0.7578384354710579,0.0,1577.5985109209432,235.67864319082582
682,-2.9978005170347206,-2750.029034667514,0.0,0.8945507407188416,0.3820599615573883,0.0,0.0,0.0920955017209053,0.0,0.6045862808823586,1577.5985109209432,236.28322947170818
683,-3.330448657999926,-2753.3594833255142,0.0,0.21135073900222778,0.0,0.030194442719221115,1.620985984802246,0.0,1.3794408030807972,0.0,1578.977951724024,236.28322947170818
684,-0.9345059160017573,-2754.293989241516,0.0,1.540746808052063,0.0,0.12998846173286438,0.0,0.967124342918396,0.0,2.6378596127033234,1578.977951724024,238.9210890844115
685,-0.09931528493765304,-2754.393304526454,0.0,1.6604900360107422,0.0,0.24672222137451172,0.0,0.7351616024971008,0.0,2.6423738598823547,1578.977951724024,241.56346294429386
686,0.0,-2754.393304526454,0.0,0.06179951876401901,0.0,0.23463259637355804,0.0,0.43378812074661255,0.0,0.7302202358841896,1578.977951724024,242.29368318017805
687,0.0,-2754.393304526454,0.0,0.9265273213386536,0.0,1.1762040853500366,0.0,0.19479216635227203,0.0,2.297523573040962,1578.977951724024,244.591206753219
688,-0.4294658899307251,-2754.8227704163846,0.4294658899307251,0.0,0.0,2.197383165359497,0.0,0.4082888960838318,0.0,2.1762061715126038,1578.977951724024,246.76741292473162
689,-1.4967931807041168,-2756.3195635970887,1.3497508764266968,0.0,0.0,0.056685131043195724,0.14704230427742004,0.0,1.440108049660921,0.0,1580.418059773685,246.76741292473162
690,-9.643175706267357,-2765.962739303356,1.4444351196289062,0.0,0.14266453683376312,0.0,8.056076049804688,0.0,9.643175706267357,0.0,1590.0612354799523,246.76741292473162
691,-2.619336783885956,-2768.582076087242,1.0972508192062378,0.0,0.5973512530326843,0.0,0.9247347116470337,0.0,2.619336783885956,0.0,1592.6805722638383,246.76741292473162
692,-1.5723091065883636,-2770.1543851938304,0.4469718635082245,0.0,0.36468249559402466,0.0,0.7606547474861145,0.0,1.5723091065883636,0.0,1594.2528813704266,246.76741292473162
693,-3.9433308839797974,-2774.09771607781,1.4816241264343262,0.0,0.9507495164871216,0.0,1.5109572410583496,0.0,3.9433308839797974,0.0,1598.1962122544064,246.76741292473162
694,-4.1693035364151,-2778.2670196142253,1.6006975173950195,0.0,0.7563884258270264,0.0,1.8122175931930542,0.0,4.1693035364151,0.0,1602.3655157908215,246.76741292473162
695,-3.9386247992515564,-2782.205644413477,1.383483648300171,0.0,0.7521432042121887,0.0,1.8029979467391968,0.0,3.9386247992515564,0.0,1606.304140590073,246.76741292473162
696,-4.028736835106741,-2786.2343812485838,1.3816155195236206,0.0,0.7504638433456421,0.0,1.1165059804916382,0.0,3.248585343360901,0.0,1609.552725933434,246.76741292473162
697,-3.046210651630469,-2789.2805919002144,0.3527388870716095,0.0,0.18591776490211487,0.0,0.41900184750556946,0.0,0.9576584994792938,0.0,1610.5103844329133,246.76741292473162
698,-5.433177181956601,-2794.713769082171,0.3514370918273926,0.0,0.18461598455905914,0.0,0.4166029393672943,0.0,0.952656015753746,0.0,1611.463040448667,246.76741292473162
699,-5.49552059173584,-2800.209289673907,0.35007867217063904,0.0,0.1873515099287033,0.0,0.4188297688961029,0.0,0.9562599509954453,0.0,1612.4193003996625,246.76741292473162
700,-5.536028861999512,-2805.7453185359063,0.34860697388648987,0.0,0.20223666727542877,0.0,0.4351603388786316,0.0,0.9860039800405502,0.0,1613.405304379703,246.76741292473162
701,-5.662549018859863,-2811.407867554766,0.3487769067287445,0.0,0.23087537288665771,0.0,0.49980950355529785,0.0,1.0794617831707,0.0,1614.4847661628737,246.76741292473162
702,-5.572630405426025,-2816.980497960192,0.3108523190021515,0.0,0.24310490489006042,0.0,0.4586373567581177,0.0,1.0125945806503296,0.0,1615.497360743524,246.76741292473162
703,-11.467388153076172,-2828.4478861132684,4.50733757019043,0.0,3.4008290767669678,0.0,1.865430235862732,0.0,9.77359688282013,0.0,1625.2709576263442,246.76741292473162
704,-3.422987461090088,-2831.8708735743585,0.912628710269928,0.0,0.4195869266986847,0.0,1.471688985824585,0.0,2.8039046227931976,0.0,1628.0748622491374,246.76741292473162
705,-4.051300486150633,-2835.922174060509,1.9137606620788574,0.0,0.2553602457046509,0.0,0.8896413445472717,0.0,3.05876225233078,0.0,1631.1336245014681,246.76741292473162
706,-1.7859734067888813,-2837.7081474672977,1.2218763828277588,0.0,0.09520066529512405,0.0,0.0,0.17657899856567383,1.140498049557209,0.0,1632.2741225510254,246.76741292473162
707,-0.12919919289148774,-2837.8373466601893,0.0,1.0735559463500977,0.002236052183434367,0.0,0.0,0.34668806195259094,0.0,1.4180079561192542,1632.2741225510254,248.18542088085087
708,-0.36916356027278113,-2838.206510220462,0.0,2.067159652709961,0.0,0.8677992224693298,0.0,0.4729495644569397,0.0,3.4079084396362305,1632.2741225510254,251.5933293204871
709,-0.15449367430445352,-2838.3610038947663,0.0,3.0352120399475098,0.0,2.231508493423462,0.0,1.405008316040039,0.0,6.671728849411011,1632.2741225510254,258.2650581698981
710,-0.8670683205127716,-2839.228072215279,0.48057976365089417,0.0,0.38648855686187744,0.0,0.0,0.7760880589485168,0.09098026156425476,0.0,1632.3651028125896,258.2650581698981
711,-1.4649311900138855,-2840.693003405293,0.33091700077056885,0.0,0.5378977656364441,0.0,0.5961164236068726,0.0,1.4649311900138855,0.0,1633.8300340026035,258.2650581698981
712,-0.10400160402059555,-2840.7970050093136,0.0,0.03524324670433998,0.0,0.09797130525112152,0.10400160402059555,0.0,0.0,0.02921294793486595,1633.8300340026035,258.294271117833
713,-0.889686269685626,-2841.686691278999,0.20622381567955017,0.0,0.025920702144503593,0.0,0.6575417518615723,0.0,0.889686269685626,0.0,1634.7197202722891,258.294271117833
714,-2.1043287217617035,-2843.791020000761,0.3609231412410736,0.0,0.5004211664199829,0.0,1.242984414100647,0.0,2.1043287217617035,0.0,1636.8240489940508,258.294271117833
715,-2.3051944971084595,-2846.0962144978694,0.861149787902832,0.0,0.46824032068252563,0.0,0.9758043885231018,0.0,2.3051944971084595,0.0,1639.1292434911593,258.294271117833
716,-2.6377453207969666,-2848.7339598186663,1.2025023698806763,0.0,0.36468249559402466,0.0,1.0705604553222656,0.0,2.6377453207969666,0.0,1641.7669888119563,258.294271117833
717,-2.994397610425949,-2851.7283574290923,1.5637325048446655,0.0,0.3876185119152069,0.0,1.0430465936660767,0.0,2.994397610425949,0.0,1644.7613864223822,258.294271117833
718,-5.565027117729187,-2857.2933845468215,1.448914885520935,0.0,0.7563884258270264,0.0,3.3597238063812256,0.0,5.565027117729187,0.0,1650.3264135401114,258.294271117833
