time_step,reward,all_rewards,grid_import_Building_1_kwh,export_Building_1_kwh,grid_import_Building_2_kwh,export_Building_2_kwh,grid_import_Building_3_kwh,export_Building_3_kwh,grid_import_kwh,export_kwh,cumulative_grid_import_kwh,cumulative_export_kwh
0,-0.18823955738742626,-0.18823955738742626,8.43380355834961,0.0,6.962158203125,0.0,4.7914719581604,0.0,20.18743371963501,0.0,20.18743371963501,0.0
1,0.22264880542562793,0.03440924803820167,0.9996533989906311,0.0,0.34114891290664673,0.0,1.6306735277175903,0.0,2.971475839614868,0.0,23.158909559249878,0.0
2,-0.1278684373901613,-0.09345918935195963,0.7332668304443359,0.0,0.19275443255901337,0.0,0.4863971471786499,0.0,1.4124184101819992,0.0,24.571327969431877,0.0
3,-0.1392351017516824,-0.23269429110364204,0.6337104439735413,0.0,0.18825533986091614,0.0,0.4410325884819031,0.0,1.2629983723163605,0.0,25.834326341748238,0.0
4,-0.13989360846256504,-0.3725878995662071,0.6076121926307678,0.0,0.20269255340099335,0.0,0.44086283445358276,0.0,1.251167580485344,0.0,27.08549392223358,0.0
5,-0.13993188433400094,-0.512519783900208,1.0010571479797363,0.0,0.2313036024570465,0.0,0.5054057836532593,0.0,1.7377665340900421,0.0,28.823260456323624,0.0
6,-0.13993396482221465,-0.6524537487224227,1.6080482006072998,0.0,0.24859783053398132,0.0,1.038717269897461,0.0,2.895363301038742,0.0,31.718623757362366,0.0
7,-0.13993417565099664,-0.7923879243734193,0.5346603393554688,0.0,0.34564048051834106,0.0,0.889644205570221,0.0,1.7699450254440308,0.0,33.4885687828064,0.0
8,-0.3138589901429341,-1.1062469145163534,3.753683090209961,0.0,2.9342758655548096,0.0,2.1290929317474365,0.0,8.817051887512207,0.0,42.3056206703186,0.0
9,-0.42812078878143744,-1.5343677032977907,0.0,0.04034353792667389,0.672674298286438,0.0,2.2040529251098633,0.0,2.8363836854696274,0.0,45.14200435578823,0.0
10,-0.10247320599405896,-1.6368409092918497,0.6619678139686584,0.0,0.633908748626709,0.0,1.2936736345291138,0.0,2.589550197124481,0.0,47.73155455291271,0.0
11,-0.16341055212768207,-1.8002514614195317,2.3785483837127686,0.0,0.6689411997795105,0.0,0.9752033352851868,0.0,4.022692918777466,0.0,51.75424747169018,0.0
12,-0.1292565552683731,-1.9295080166879048,0.0,0.6981332302093506,0.9708579182624817,0.0,0.7363923192024231,0.0,1.0091170072555542,0.0,52.76336447894573,0.0
13,0.5297987297627728,-1.3997092869251322,0.0,3.3112716674804688,1.9466530084609985,0.0,0.0,1.0462485551834106,0.0,2.410867214202881,52.76336447894573,2.410867214202881
14,0.2710063481964877,-1.1287029387286445,0.0,0.9898314476013184,2.0834524631500244,0.0,0.0,1.9241580963134766,0.0,0.8305370807647705,52.76336447894573,3.2414042949676514
15,0.6189369581458379,-0.5097659805828065,3.364619016647339,0.0,1.0974317789077759,0.0,4.3631978034973145,0.0,8.82524859905243,0.0,61.58861307799816,3.2414042949676514
16,-0.2097943524342864,-0.719560333017093,0.0,0.016245488077402115,0.4428867697715759,0.0,2.687730550765991,0.0,3.114371832460165,0.0,64.70298491045833,3.2414042949676514
17,-0.2786952549150108,-0.9982555879321038,0.18821801245212555,0.0,0.3103484511375427,0.0,2.9368515014648438,0.0,3.435417965054512,0.0,68.13840287551284,3.2414042949676514
18,-0.14016101046880297,-1.1384165984009067,0.6979277729988098,0.0,0.0,0.3371383845806122,0.8192660808563232,0.0,1.1800554692745209,0.0,69.31845834478736,3.2414042949676514
19,-0.025877818624352678,-1.1642944170252594,2.952526092529297,0.0,0.9363230466842651,0.0,3.3868303298950195,0.0,7.2756794691085815,0.0,76.59413781389594,3.2414042949676514
20,-0.1371751354600721,-1.3014695524853315,4.480762481689453,0.0,0.7947269082069397,0.0,1.0766963958740234,0.0,6.352185785770416,0.0,82.94632359966636,3.2414042949676514
21,-0.13976536616541813,-1.4412349186507496,4.0431413650512695,0.0,0.3888791799545288,0.0,1.9760149717330933,0.0,6.408035516738892,0.0,89.35435911640525,3.2414042949676514
22,-0.13886963231603833,-1.580104550966788,0.6348626017570496,0.0,0.1937437802553177,0.0,2.125319004058838,0.0,2.953925386071205,0.0,92.30828450247645,3.2414042949676514
23,-0.13887950430914664,-1.7189840552759346,0.4833965003490448,0.0,0.1894425004720688,0.0,2.664231777191162,0.0,3.3370707780122757,0.0,95.64535528048873,3.2414042949676514
24,-0.13922795929426163,-1.8582120145701961,0.4155346751213074,0.0,0.0,0.4023294150829315,0.5319644808769226,0.0,0.5451697409152985,0.0,96.19052502140403,3.2414042949676514
25,-0.07301578121962254,-1.9312277957898187,0.0,0.35814669728279114,0.808563232421875,0.0,0.42547327280044556,0.0,0.8758898079395294,0.0,97.06641482934356,3.2414042949676514
26,0.06472178233673898,-1.8665060134530798,5.326167106628418,0.0,0.19230298697948456,0.0,0.44047850370407104,0.0,5.958948597311974,0.0,103.02536342665553,3.2414042949676514
27,-0.1273018136523545,-1.9938078271054342,4.504831314086914,0.0,0.18921589851379395,0.0,1.193770170211792,0.0,5.8878173828125,0.0,108.91318080946803,3.2414042949676514
28,-0.13818928443619077,-2.131997111541625,5.466805458068848,0.0,0.20275220274925232,0.0,0.44076576828956604,0.0,6.110323429107666,0.0,115.0235042385757,3.2414042949676514
29,-0.13883785690093875,-2.2708349684425637,5.455539703369141,0.0,0.23130793869495392,0.0,0.5054146647453308,0.0,6.192262306809425,0.0,121.21576654538512,3.2414042949676514
30,-0.13887804386181202,-2.4097130123043757,1.423121690750122,0.0,0.24370092153549194,0.0,0.4645630121231079,0.0,2.131385624408722,0.0,123.34715216979384,3.2414042949676514
31,-0.13888050040765254,-2.5485935127120283,0.07839813083410263,0.0,0.19282953441143036,0.0,0.49747809767723083,0.0,0.7687057629227638,0.0,124.11585793271661,3.2414042949676514
32,0.029316237405923484,-2.519277275306105,0.0,1.2629870176315308,3.396212339401245,0.0,0.4957258403301239,0.0,2.6289511620998383,0.0,126.74480909481645,3.2414042949676514
33,0.12565319654148577,-2.393624078764619,0.0,2.5317437648773193,1.9456199407577515,0.0,0.2536841332912445,0.0,0.0,0.33243969082832336,126.74480909481645,3.5738439857959747
34,-0.21496400703094032,-2.6085880857955592,0.021382220089435577,0.0,0.38228118419647217,0.0,0.0,0.43267184495925903,0.0,0.029008440673351288,126.74480909481645,3.602852426469326
35,0.20026916734600198,-2.4083189184495573,1.7956359386444092,0.0,0.2238471806049347,0.0,0.0,1.050961971282959,0.9685211479663849,0.0,127.71333024278283,3.602852426469326
36,0.3302012449859492,-2.078117673463608,6.596945285797119,0.0,0.0,0.04533744230866432,0.0,0.6676201820373535,5.883987661451101,0.0,133.59731790423393,3.602852426469326
37,0.30884537489768005,-1.7692722985659282,1.8335314989089966,0.0,0.0,0.16923002898693085,0.9210764169692993,0.0,2.585377886891365,0.0,136.1826957911253,3.602852426469326
38,0.03454404853654975,-1.7347282500293784,0.0,0.5093085169792175,0.0,0.05928201600909233,0.03815453127026558,0.0,0.0,0.5304360017180443,136.1826957911253,4.13328842818737
39,0.16859138174001784,-1.5661368682893606,0.0,1.5575520992279053,0.7727197408676147,0.0,0.0,0.23631323873996735,0.0,1.0211455971002579,136.1826957911253,5.154434025287628
40,-0.09692241985965189,-1.6630592881490125,0.0,1.650875210762024,0.19381283223628998,0.0,0.49395808577537537,0.0,0.0,0.9631042927503586,136.1826957911253,6.117538318037987
41,-0.18433286885887057,-1.847392157007883,0.0,0.2258080542087555,1.4148848056793213,0.0,0.37221193313598633,0.0,1.5612886846065521,0.0,137.74398447573185,6.117538318037987
42,0.5306715504549184,-1.3167206065529646,4.311969757080078,0.0,0.2915896773338318,0.0,1.0802212953567505,0.0,5.68378072977066,0.0,143.4277652055025,6.117538318037987
43,-0.10701016061366886,-1.4237307671666335,0.9693947434425354,0.0,1.9665980339050293,0.0,2.4814281463623047,0.0,5.417420923709869,0.0,148.84518612921238,6.117538318037987
44,-0.1372676935867756,-1.560998460753409,2.3013064861297607,0.0,0.3455426096916199,0.0,1.5507742166519165,0.0,4.197623312473297,0.0,153.04280944168568,6.117538318037987
45,-0.13878305324546503,-1.6997815139988741,0.8436504602432251,0.0,0.2837223708629608,0.0,3.4662439823150635,0.0,4.593616813421249,0.0,157.63642625510693,6.117538318037987
46,-0.14948949257643385,-1.849271006575308,0.544212281703949,0.0,0.15260444581508636,0.0,0.9904771447181702,0.0,1.6872938722372055,0.0,159.32372012734413,6.117538318037987
47,-0.12582534992248284,-1.9750963564977908,0.3754556179046631,0.0,0.46664655208587646,0.0,0.7065141201019287,0.0,1.5486162900924683,0.0,160.8723364174366,6.117538318037987
48,-0.13807474151531052,-2.113171098013101,1.8337962627410889,0.0,0.19169411063194275,0.0,0.4327223598957062,0.0,2.458212733268738,0.0,163.33054915070534,6.117538318037987
49,-0.13883306041940063,-2.2520041584325017,0.7637758255004883,0.0,0.18665696680545807,0.0,0.47980988025665283,0.0,1.4302426725625992,0.0,164.76079182326794,6.117538318037987
50,-0.13888000429664782,-2.3908841627291495,3.961148500442505,0.0,0.18539921939373016,0.0,0.42279669642448425,0.0,4.569344416260719,0.0,169.33013623952866,6.117538318037987
51,-0.13888293520724782,-2.5297670979363973,0.43795546889305115,0.0,0.3381340503692627,0.0,0.4247071146965027,0.0,1.2007966339588165,0.0,170.53093287348747,6.117538318037987
52,-0.15913846588773456,-2.688905563824132,3.1714720726013184,0.0,0.0,0.19904223084449768,0.44080212712287903,0.0,3.4132319688796997,0.0,173.94416484236717,6.117538318037987
53,-0.04626807258364618,-2.735173636407778,4.409613609313965,0.0,0.6626322865486145,0.0,0.5063104629516602,0.0,5.5785563588142395,0.0,179.5227212011814,6.117538318037987
54,-0.13662571353911268,-2.871799349946891,3.3882055282592773,0.0,0.2503867447376251,0.0,0.45999258756637573,0.0,4.098584860563278,0.0,183.6213060617447,6.117538318037987
55,-0.13874349239323536,-3.010542842340126,0.8971443176269531,0.0,0.2997755706310272,0.0,0.5208215713500977,0.0,1.717741459608078,0.0,185.33904752135277,6.117538318037987
56,-0.1388745370629616,-3.1494173794030877,0.7958773970603943,0.0,0.20527899265289307,0.0,0.8846855163574219,0.0,1.8858419060707092,0.0,187.22488942742348,6.117538318037987
57,0.0016945369868917592,-3.147722842416196,0.0,0.5399134755134583,0.22893112897872925,0.0,0.43724125623703003,0.0,0.12625890970230103,0.0,187.35114833712578,6.117538318037987
58,0.1448017200839079,-3.002921122332288,0.0,0.8441361784934998,0.0,0.8818802833557129,0.8019012808799744,0.0,0.0,0.9241151809692383,187.35114833712578,7.041653499007225
59,0.5191907690006033,-2.483730353331685,0.0,1.945720911026001,2.26664400100708,0.0,0.0,0.7369065880775452,0.0,0.41598349809646606,187.35114833712578,7.457636997103691
60,0.361095314894868,-2.1226350384368167,0.0,3.186344861984253,0.4018147885799408,0.0,0.0,0.8955569267272949,0.0,3.680087000131607,187.35114833712578,11.137723997235298
61,0.8853115608862567,-1.23732347755056,2.362661838531494,0.0,0.0,0.17974846065044403,8.265642166137695,0.0,10.448555544018745,0.0,197.79970388114452,11.137723997235298
62,0.08823057353332088,-1.149092904017239,0.0,0.5331770777702332,0.0,0.1672026515007019,0.0,0.006869136821478605,0.0,0.7072488660924137,197.79970388114452,11.844972863327712
63,-0.13367151985516573,-1.2827644238724047,1.5748802423477173,0.0,0.0,0.011379463598132133,0.5332953929901123,0.0,2.0967961717396975,0.0,199.89650005288422,11.844972863327712
64,-0.1387491761729196,-1.4215136000453243,1.0242475271224976,0.0,0.017069298774003983,0.0,1.2275605201721191,0.0,2.2688773460686207,0.0,202.16537739895284,11.844972863327712
65,-0.13887664612320005,-1.5603902461685244,3.3165202140808105,0.0,0.22249150276184082,0.0,0.6883083581924438,0.0,4.227320075035095,0.0,206.39269747398794,11.844972863327712
66,-0.13888432510644533,-1.6992745712749697,5.096757411956787,0.0,2.5574898719787598,0.0,4.748758316040039,0.0,12.403005599975586,0.0,218.79570307396352,11.844972863327712
67,-0.1388848521784003,-1.83815942345337,4.934030055999756,0.0,2.5499181747436523,0.0,4.096867561340332,0.0,11.58081579208374,0.0,230.37651886604726,11.844972863327712
68,-0.1388848521784003,-1.9770442756317703,3.102738857269287,0.0,2.5797200202941895,0.0,3.9441733360290527,0.0,9.62663221359253,0.0,240.0031510796398,11.844972863327712
69,-0.13888489201784676,-2.1159291676496172,0.7948685884475708,0.0,2.331362009048462,0.0,3.9730429649353027,0.0,7.0992735624313354,0.0,247.10242464207113,11.844972863327712
70,-0.13888485907584958,-2.254814026725467,0.483262836933136,0.0,2.321983575820923,0.0,3.15350341796875,0.0,5.958749830722809,0.0,253.06117447279394,11.844972863327712
71,-0.13888485907584958,-2.3936988858013164,0.897392988204956,0.0,2.423694372177124,0.0,3.209134817123413,0.0,6.530222177505493,0.0,259.59139665029943,11.844972863327712
72,-0.13888485907584958,-2.532583744877166,0.36285799741744995,0.0,2.4316790103912354,0.0,3.2020370960235596,0.0,5.996574103832245,0.0,265.5879707541317,11.844972863327712
73,-0.13994102130401664,-2.6725247661811826,0.3549433648586273,0.0,2.3932108879089355,0.0,3.1698203086853027,0.0,5.917974561452866,0.0,271.50594531558454,11.844972863327712
74,-0.13994102130401664,-2.8124657874851993,0.3518997132778168,0.0,1.6328535079956055,0.0,3.130540609359741,0.0,5.1152938306331635,0.0,276.6212391462177,11.844972863327712
75,-0.24021562426587006,-3.0526814117510694,0.33529481291770935,0.0,1.620239019393921,0.0,0.5497596859931946,0.0,2.505293518304825,0.0,279.12653266452253,11.844972863327712
76,-0.21027203813718431,-3.2629534498882538,0.34910842776298523,0.0,0.5452767610549927,0.0,0.5528748035430908,0.0,1.4472599923610687,0.0,280.5737926568836,11.844972863327712
77,0.054606778222273,-3.2083466716659808,1.3829631805419922,0.0,1.1572203636169434,0.0,0.5339561700820923,0.0,3.074139714241028,0.0,283.6479323711246,11.844972863327712
78,-0.13363933518159055,-3.3419860068475713,0.3735625445842743,0.0,0.9142144918441772,0.0,2.4254188537597656,0.0,3.713195890188217,0.0,287.36112826131284,11.844972863327712
79,-0.13955154568392247,-3.4815375525314938,0.505310595035553,0.0,0.4095847010612488,0.0,3.4123940467834473,0.0,4.327289342880249,0.0,291.6884176041931,11.844972863327712
80,-0.1023144850347486,-3.5838520375662424,0.0,0.7561712861061096,1.242046594619751,0.0,1.7285295724868774,0.0,2.214404881000519,0.0,293.9028224851936,11.844972863327712
81,-0.08091616174497762,-3.66476819931122,0.7622823119163513,0.0,0.5349541306495667,0.0,0.5389708876609802,0.0,1.8362073302268982,0.0,295.7390298154205,11.844972863327712
82,-0.27185101883599205,-3.936619218147212,0.0,0.9274742007255554,2.477416515350342,0.0,0.943125307559967,0.0,2.4930676221847534,0.0,298.23209743760526,11.844972863327712
83,-0.17500117876425814,-4.11162039691147,0.0,2.2853658199310303,2.5432136058807373,0.0,0.24718762934207916,0.0,0.5050354152917862,0.0,298.73713285289705,11.844972863327712
84,0.547227565530939,-3.5643928313805313,2.6757161617279053,0.0,0.0,0.7326017022132874,0.8199499249458313,0.0,2.763064384460449,0.0,301.5001972373575,11.844972863327712
85,0.24501408679118786,-3.3193787445893435,0.0,1.4705824851989746,1.0846905708312988,0.0,0.0,0.48246729373931885,0.0,0.8683592081069946,301.5001972373575,12.713332071434706
86,0.3194218007497098,-2.9999569438396336,1.0182600021362305,0.0,0.13833355903625488,0.0,0.24771812558174133,0.0,1.4043116867542267,0.0,302.9045089241117,12.713332071434706
87,0.02913853707810965,-2.970818406761524,0.0,0.5603991746902466,1.0117555856704712,0.0,2.6337437629699707,0.0,3.0851001739501953,0.0,305.9896090980619,12.713332071434706
88,-0.09259829223927207,-3.063416699000796,0.0,0.35642048716545105,0.21293199062347412,0.0,2.6608340740203857,0.0,2.517345577478409,0.0,308.5069546755403,12.713332071434706
89,-0.2816100602942697,-3.3450267592950658,0.9605974555015564,0.0,2.191102981567383,0.0,3.0351498126983643,0.0,6.1868502497673035,0.0,314.69380492530763,12.713332071434706
90,-0.13993965273367337,-3.484966412028739,4.508398532867432,0.0,0.29619529843330383,0.0,0.8333946466445923,0.0,5.637988477945328,0.0,320.33179340325296,12.713332071434706
91,-0.13994315280186376,-3.624909564830603,2.6544485092163086,0.0,2.3628387451171875,0.0,3.465855121612549,0.0,8.483142375946045,0.0,328.814935779199,12.713332071434706
92,-0.1399433038161919,-3.764852868646795,5.012386322021484,0.0,0.3662818670272827,0.0,0.7662845253944397,0.0,6.144952714443207,0.0,334.9598884936422,12.713332071434706
93,-0.13994335647093514,-3.90479622511773,0.5452151298522949,0.0,2.0682902336120605,0.0,0.8400091528892517,0.0,3.453514516353607,0.0,338.4134030099958,12.713332071434706
94,-0.13888717661880712,-4.043683401736537,0.6593872308731079,0.0,2.57479190826416,0.0,0.9714020490646362,0.0,4.205581188201904,0.0,342.6189841981977,12.713332071434706
95,-0.13888717661880712,-4.182570578355344,0.3565102219581604,0.0,2.17061448097229,0.0,1.6467583179473877,0.0,4.173883020877838,0.0,346.79286721907556,12.713332071434706
96,-0.13888717661880712,-4.321457754974151,0.3546451926231384,0.0,0.26630541682243347,0.0,0.6091828346252441,0.0,1.230133444070816,0.0,348.0230006631464,12.713332071434706
97,-0.13994335647093514,-4.461401111445086,0.353295236825943,0.0,0.1911417841911316,0.0,0.42403262853622437,0.0,0.968469649553299,0.0,348.9914703126997,12.713332071434706
98,-0.1432185839578788,-4.604619695402965,0.4719686806201935,0.0,0.18511274456977844,0.0,0.4238009452819824,0.0,1.0808823704719543,0.0,350.07235268317163,12.713332071434706
99,-0.13592180303317392,-4.740541498436139,4.4446330070495605,0.0,0.18797621130943298,0.0,0.43552902340888977,0.0,5.068138241767883,0.0,355.1404909249395,12.713332071434706
100,-0.13969440980318115,-4.88023590823932,5.365530967712402,0.0,0.2026689052581787,0.0,0.4421393871307373,0.0,6.010339260101318,0.0,361.15083018504083,12.713332071434706
101,-0.13992796074609748,-5.020163868985417,4.388654708862305,0.0,0.23130203783512115,0.0,0.5333431363105774,0.0,5.153299883008003,0.0,366.30413006804883,12.713332071434706
102,-0.13994243554102237,-5.1601063045264395,1.079056739807129,0.0,0.2419416457414627,0.0,0.460311621427536,0.0,1.7813100069761276,0.0,368.08544007502496,12.713332071434706
103,-0.20504595650976265,-5.365152261036203,1.4072426557540894,0.0,1.488531231880188,0.0,0.010469058528542519,0.0,2.90624294616282,0.0,370.9916830211878,12.713332071434706
104,-0.14324719360720856,-5.508399454643411,0.26714035868644714,0.0,0.26041850447654724,0.0,0.0,0.42050066590309143,0.10705819725990295,0.0,371.0987412184477,12.713332071434706
105,0.06187720244347411,-5.446522252199936,0.0,0.4954281151294708,2.4009463787078857,0.0,0.6906992793083191,0.0,2.596217542886734,0.0,373.6949587613344,12.713332071434706
106,0.12086282931742043,-5.325659422882516,0.0,1.9183610677719116,2.1416733264923096,0.0,0.0,0.3667997419834137,0.0,0.14348748326301575,373.6949587613344,12.856819554697722
107,0.055174183961147316,-5.270485238921368,0.0,0.9813969135284424,0.8212757706642151,0.0,0.0,0.5637830495834351,0.0,0.7239041924476624,373.6949587613344,13.580723747145385
108,0.25005940048110464,-5.020425838440263,0.0,3.010807514190674,0.06088913977146149,0.0,0.0,0.2946534752845764,0.0,3.2445718497037888,373.6949587613344,16.825295596849173
109,0.09212439301980534,-4.928301445420458,0.0,0.8137840032577515,0.8487808108329773,0.0,0.0,0.004634460899978876,0.030362346675246954,0.0,373.72532110800967,16.825295596849173
110,0.14365321528195532,-4.784648230138503,0.0,0.8958898782730103,1.7392009496688843,0.0,0.0,0.5323279500007629,0.3109831213951111,0.0,374.0363042294048,16.825295596849173
111,0.6230327397449762,-4.161615490393526,2.614915132522583,0.0,0.0,0.045415300875902176,0.0,0.7632056474685669,1.806294184178114,0.0,375.8425984135829,16.825295596849173
112,0.09669593541542909,-4.064919554978097,0.0,0.3310762941837311,0.0,0.14291700720787048,3.0512213706970215,0.0,2.57722806930542,0.0,378.4198264828883,16.825295596849173
113,-0.2783969890867297,-4.343316544064827,0.9031577110290527,0.0,1.409875512123108,0.0,3.3931479454040527,0.0,5.706181168556213,0.0,384.1260076514445,16.825295596849173
114,-0.1397206237003119,-4.483037167765138,3.006690502166748,0.0,0.15759015083312988,0.0,4.340314865112305,0.0,7.504595518112183,0.0,391.6306031695567,16.825295596849173
115,-0.1399316958473662,-4.622968863612504,4.8581061363220215,0.0,0.21987229585647583,0.0,5.70592737197876,0.0,10.783905804157257,0.0,402.41450897371396,16.825295596849173
116,-0.13994412342773233,-4.762912987040236,0.45101451873779297,0.0,1.4255276918411255,0.0,1.9144850969314575,0.0,3.791027307510376,0.0,406.20553628122434,16.825295596849173
117,-0.1399449132488808,-4.902857900289117,0.3641161024570465,0.0,2.3991661071777344,0.0,0.5826830267906189,0.0,3.3459652364254,0.0,409.55150151764974,16.825295596849173
118,-0.13888872164744548,-5.0417466219365625,0.5971627235412598,0.0,2.548396110534668,0.0,0.7580061554908752,0.0,3.903564989566803,0.0,413.45506650721654,16.825295596849173
119,-0.13888872164744548,-5.180635343584008,0.5927442312240601,0.0,2.403532028198242,0.0,0.43327948451042175,0.0,3.429555743932724,0.0,416.88462225114927,16.825295596849173
120,-0.13888872164744548,-5.3195240652314535,0.3585977852344513,0.0,0.18880125880241394,0.0,2.5014896392822266,0.0,3.048888683319092,0.0,419.93351093446836,16.825295596849173
121,-0.13994495316536654,-5.45946901839682,0.36497926712036133,0.0,0.18909001350402832,0.0,0.7905489802360535,0.0,1.3446182608604431,0.0,421.2781291953288,16.825295596849173
122,-0.13994492019878235,-5.599413938595603,0.5854984521865845,0.0,0.18505804240703583,0.0,0.4229925274848938,0.0,1.193549022078514,0.0,422.4716782174073,16.825295596849173
123,-0.13994492019878235,-5.739358858794386,0.36428380012512207,0.0,0.18777979910373688,0.0,0.4027450680732727,0.0,0.9548086673021317,0.0,423.42648688470945,16.825295596849173
124,-0.13994492019878235,-5.879303778993169,0.3490334153175354,0.0,0.20267610251903534,0.0,0.44075027108192444,0.0,0.9924597889184952,0.0,424.41894667362794,16.825295596849173
125,-0.13994492019878235,-6.019248699191952,0.9528353214263916,0.0,0.23130224645137787,0.0,0.505399763584137,0.0,1.6895373314619064,0.0,426.10848400508985,16.825295596849173
126,-0.13994492019878235,-6.159193619390734,8.845643043518066,0.0,0.29834800958633423,0.0,7.937335968017578,0.0,17.08132702112198,0.0,443.1898110262118,16.825295596849173
127,-0.0909483097163809,-6.250141929107115,0.0,0.7997847199440002,0.2811369299888611,0.0,0.6348744630813599,0.0,0.1162266731262207,0.0,443.30603769933805,16.825295596849173
128,0.06432305009046452,-6.185818879016651,0.7428798079490662,0.0,0.2604943513870239,0.0,0.6815916895866394,0.0,1.6849658489227295,0.0,444.9910035482608,16.825295596849173
129,-0.2750004882827932,-6.460819367299444,4.206577301025391,0.0,0.13201750814914703,0.0,0.40283364057540894,0.0,4.741428449749947,0.0,449.7324319980107,16.825295596849173
130,-0.062289191048289116,-6.523108558347733,0.0,0.8346341252326965,0.10952166467905045,0.0,0.11218590289354324,0.0,0.0,0.6129265576601028,449.7324319980107,17.438222154509276
131,0.17130149279241513,-6.351807065555318,0.0,1.1617417335510254,0.011139485985040665,0.0,0.0,0.5647410750389099,0.0,1.7153433226048946,449.7324319980107,19.15356547711417
132,0.46123481371756503,-5.890572251837753,0.0,2.092571258544922,0.0,0.7704845070838928,0.0,1.0170389413833618,0.0,3.8800947070121765,449.7324319980107,23.033660184126347
133,0.7879148975617885,-5.102657354275965,0.0,3.2998833656311035,0.7367520928382874,0.0,0.0,1.9083915948867798,0.0,4.471522867679596,449.7324319980107,27.505183051805943
134,0.19781597512006976,-4.904841379155895,0.0,0.6858031749725342,0.0,0.2389104664325714,0.0,1.7366132736206055,0.0,2.661326915025711,449.7324319980107,30.166509966831654
135,0.3956233986011517,-4.509217980554744,2.304532051086426,0.0,0.0,0.13193850219249725,0.0,0.42193904519081116,1.7506545037031174,0.0,451.48308650171384,30.166509966831654
136,-0.09665328713188381,-4.605871267686627,0.0,0.434170663356781,1.4885822534561157,0.0,0.0,0.22352951765060425,0.8308820724487305,0.0,452.3139685741626,30.166509966831654
137,-0.009568477905557649,-4.615439745592185,1.7960395812988281,0.0,0.0,0.01833571121096611,1.6983439922332764,0.0,3.4760478623211384,0.0,455.7900164364837,30.166509966831654
138,0.16193023182782396,-4.453509513764361,5.0259785652160645,0.0,0.5080977082252502,0.0,4.650962829589844,0.0,10.185039103031158,0.0,465.97505553951487,30.166509966831654
139,-0.12886681645724307,-4.582376330221605,1.7612725496292114,0.0,0.2204142063856125,0.0,0.7772534489631653,0.0,2.758940204977989,0.0,468.73399574449286,30.166509966831654
140,-0.139324782614084,-4.721701112835689,7.7536845207214355,0.0,0.2716919183731079,0.0,5.003036022186279,0.0,13.028412461280823,0.0,481.7624082057737,30.166509966831654
141,-0.13991220791799197,-4.861613320753681,0.7879703044891357,0.0,1.6900767087936401,0.0,3.5223617553710938,0.0,6.00040876865387,0.0,487.76281697442755,30.166509966831654
142,-0.1388892269731552,-5.0005025477268354,0.42194128036499023,0.0,2.4226202964782715,0.0,3.1770973205566406,0.0,6.021658897399902,0.0,493.78447587182745,30.166509966831654
143,-0.13889105793009904,-5.1393936056569345,0.35650530457496643,0.0,0.37727928161621094,0.0,0.4898271858692169,0.0,1.2236117720603943,0.0,495.00808764388785,30.166509966831654
144,-0.13889116334449003,-5.2782847690014245,0.35763677954673767,0.0,0.18848958611488342,0.0,2.950669050216675,0.0,3.496795415878296,0.0,498.50488305976614,30.166509966831654
145,-0.13994737351402708,-5.418232142515452,0.6684819459915161,0.0,0.1865103393793106,0.0,3.0769107341766357,0.0,3.9319030195474625,0.0,502.4367860793136,30.166509966831654
146,-0.13994737351402708,-5.558179516029479,4.422240257263184,0.0,0.1853785365819931,0.0,2.3093700408935547,0.0,6.916988834738731,0.0,509.35377491405234,30.166509966831654
147,-0.13994737351402708,-5.698126889543506,4.07008695602417,0.0,0.19848886132240295,0.0,3.3682491779327393,0.0,7.636824995279312,0.0,516.9905999093316,30.166509966831654
148,-0.13994737351402708,-5.838074263057533,4.448183536529541,0.0,0.20682121813297272,0.0,1.8885186910629272,0.0,6.543523445725441,0.0,523.5341233550571,30.166509966831654
149,-0.13994737351402708,-5.97802163657156,4.447614669799805,0.0,0.23130373656749725,0.0,0.5054313540458679,0.0,5.18434976041317,0.0,528.7184731154703,30.166509966831654
150,-0.13994737351402708,-6.117969010085587,5.130932807922363,0.0,0.8443468809127808,0.0,1.3296868801116943,0.0,7.304966568946838,0.0,536.0234396844171,30.166509966831654
151,-0.16565952733049588,-6.2836285374160825,0.0,0.5151042342185974,0.2399340569972992,0.0,0.7440112233161926,0.0,0.4688410460948944,0.0,536.492280730512,30.166509966831654
152,0.06433662189675138,-6.219291915519332,2.4531192779541016,0.0,0.1663474440574646,0.0,0.31193801760673523,0.0,2.9314047396183014,0.0,539.4236854701303,30.166509966831654
153,-0.12909145258188565,-6.348383368101217,0.0,0.5374506711959839,0.19061894714832306,0.0,0.0,0.018685640767216682,0.0,0.3655173648148775,539.4236854701303,30.532027331646532
154,-0.00919261272422589,-6.357575980825443,0.0,0.7702831625938416,0.2927418053150177,0.0,0.0,0.26675575971603394,0.0,0.7442971169948578,539.4236854701303,31.27632444864139
155,-0.15508133003368468,-6.512657310859128,4.531311988830566,0.0,0.0,0.10624492168426514,0.0,0.3761824667453766,4.048884600400925,0.0,543.4725700705312,31.27632444864139
156,-0.01599304042797308,-6.528650351287101,0.0,0.032230522483587265,0.0,1.0723047256469727,0.2966634929180145,0.0,0.0,0.8078717552125454,543.4725700705312,32.084196203853935
157,0.25434780444734456,-6.274302546839756,0.0,0.4908890426158905,0.0,2.0371811389923096,0.0,0.2745293974876404,0.0,2.8025995790958405,543.4725700705312,34.886795782949775
158,0.22686566625859433,-6.047436880581162,0.0,0.7489874958992004,0.0,0.5133520364761353,0.0,0.6035773754119873,0.0,1.865916907787323,543.4725700705312,36.7527126907371
159,1.0328614606966977,-5.014575419884464,0.0,0.5916650891304016,2.8900105953216553,0.0,0.0,1.0292843580245972,1.2690611481666565,0.0,544.7416312186979,36.7527126907371
160,0.14015793171927113,-4.874417488165193,0.0,0.8677694797515869,0.0,0.015165677294135094,0.4566865563392639,0.0,0.0,0.4262486007064581,544.7416312186979,37.17896129144356
161,-0.10689726105107411,-4.981314749216267,2.423919200897217,0.0,0.0015341577818617225,0.0,3.3838958740234375,0.0,5.809349232702516,0.0,550.5509804514004,37.17896129144356
162,-0.1294290843928998,-5.110743833609167,4.752374649047852,0.0,0.16974206268787384,0.0,4.561705112457275,0.0,9.483821824193,0.0,560.0348022755934,37.17896129144356
163,-0.1393173707645663,-5.250061204373733,4.804969310760498,0.0,0.23774027824401855,0.0,3.9831457138061523,0.0,9.025855302810669,0.0,569.0606575784041,37.17896129144356
164,-0.1399100211427724,-5.389971225516505,4.781992435455322,0.0,1.5204555988311768,0.0,3.852566957473755,0.0,10.155014991760254,0.0,579.2156725701643,37.17896129144356
165,-0.13994655281766244,-5.529917778334168,0.545232355594635,0.0,2.1557867527008057,0.0,1.4071342945098877,0.0,4.108153402805328,0.0,583.3238259729696,37.17896129144356
166,-0.13889262612348396,-5.668810404457652,0.36093518137931824,0.0,2.362293004989624,0.0,2.9804694652557373,0.0,5.70369765162468,0.0,589.0275236245943,37.17896129144356
167,-0.13889278424507046,-5.807703188702723,0.3565058410167694,0.0,0.53708815574646,0.0,2.9474222660064697,0.0,3.841016262769699,0.0,592.868539887364,37.17896129144356
168,-0.13889278424507046,-5.946595972947794,0.35464411973953247,0.0,0.27850744128227234,0.0,2.8129260540008545,0.0,3.4460776150226593,0.0,596.3146175023867,37.17896129144356
169,-0.13994900674088973,-6.086544979688684,0.35336410999298096,0.0,0.19408847391605377,0.0,3.1924550533294678,0.0,3.7399076372385025,0.0,600.0545251396252,37.17896129144356
170,-0.13994900674088973,-6.226493986429574,3.7863047122955322,0.0,0.1860019564628601,0.0,3.193258285522461,0.0,7.165564954280853,0.0,607.220090093906,37.17896129144356
171,-0.13994900674088973,-6.366442993170464,4.46005392074585,0.0,0.18786753714084625,0.0,0.705623984336853,0.0,5.353545442223549,0.0,612.5736355361296,37.17896129144356
172,-0.13994900674088973,-6.506391999911354,4.458632469177246,0.0,0.20277786254882812,0.0,0.5800368785858154,0.0,5.24144721031189,0.0,617.8150827464415,37.17896129144356
173,-0.13994904665737545,-6.64634104656873,7.026566028594971,0.0,0.2313147932291031,0.0,0.5431731343269348,0.0,7.801053956151009,0.0,625.6161367025925,37.17896129144356
174,-0.13994901369079127,-6.786290060259521,4.202319622039795,0.0,0.24008283019065857,0.0,1.1390739679336548,0.0,5.581476420164108,0.0,631.1976131227566,37.17896129144356
175,-0.13994901369079127,-6.926239073950312,0.15206724405288696,0.0,2.7852957248687744,0.0,3.2970948219299316,0.0,6.234457790851593,0.0,637.4320709136082,37.17896129144356
176,-0.2295367147787556,-7.155775788729068,1.169308066368103,0.0,0.0,0.2906493544578552,0.20430433750152588,0.0,1.0829630494117737,0.0,638.51503396302,37.17896129144356
177,0.1349452555655482,-7.02083053316352,0.0,1.5261192321777344,3.0118274688720703,0.0,0.0,0.025767358019948006,1.459940878674388,0.0,639.9749748416943,37.17896129144356
178,0.040760314932589026,-6.980070218230931,0.0,2.416457176208496,1.3886630535125732,0.0,0.0,0.2800484299659729,0.0,1.3078425526618958,639.9749748416943,38.48680384410545
179,-0.016655767702307533,-6.996725985933238,0.0,1.663697600364685,0.9690957069396973,0.0,0.0,0.44451090693473816,0.0,1.139112800359726,639.9749748416943,39.62591664446518
180,0.3360172742746179,-6.66070871165862,0.0,1.1424123048782349,0.0,1.0350565910339355,0.0,0.9690384268760681,0.0,3.1465073227882385,639.9749748416943,42.77242396725342
181,0.3428312574968857,-6.317877454161734,0.0,0.8901332020759583,2.782195806503296,0.0,0.0,0.05915099382400513,1.8329116106033325,0.0,641.8078864522977,42.77242396725342
182,0.8023161774499068,-5.515561276711828,2.2272255420684814,0.0,0.0,1.2675327062606812,0.0,0.4699820578098297,0.4897107779979706,0.0,642.2975972302957,42.77242396725342
183,0.6263900519767138,-4.889171224735113,0.0,0.6830665469169617,2.1929233074188232,0.0,0.0,0.7786246538162231,0.7312321066856384,0.0,643.0288293369813,42.77242396725342
184,0.44184686552081054,-4.447324359214303,0.0,0.5484471321105957,1.0217057466506958,0.0,0.0,1.3458082675933838,0.0,0.8725496530532837,643.0288293369813,43.6449736203067
185,0.3581130066469222,-4.08921135256738,0.0,0.9121950268745422,0.0,0.006018652580678463,1.8755196332931519,0.0,0.9573059538379312,0.0,643.9861352908192,43.6449736203067
186,0.1432976374260837,-3.9459137151412964,1.6796151399612427,0.0,0.0,0.7765558958053589,0.7560654878616333,0.0,1.659124732017517,0.0,645.6452600228367,43.6449736203067
187,0.030691244595570488,-3.915222470545726,1.113553762435913,0.0,1.2009319067001343,0.0,1.861907720565796,0.0,4.176393389701843,0.0,649.8216534125386,43.6449736203067
188,-0.12748128783956725,-4.042703758385294,0.8465219736099243,0.0,2.2594199180603027,0.0,1.846480369567871,0.0,4.952422261238098,0.0,654.7740756737767,43.6449736203067
189,-0.10675812901549131,-4.1494618874007845,0.5453609824180603,0.0,2.013110399246216,0.0,1.3311960697174072,0.0,3.8896674513816833,0.0,658.6637431251584,43.6449736203067
190,-0.13683884459304396,-4.286300731993828,1.1691440343856812,0.0,0.3400375247001648,0.0,1.190185546875,0.0,2.699367105960846,0.0,661.3631102311192,43.6449736203067
191,-0.13876862455069672,-4.425069356544524,0.3713434636592865,0.0,0.1900712251663208,0.0,0.6818026304244995,0.0,1.2432173192501068,0.0,662.6063275503693,43.6449736203067
192,-0.1388880189775663,-4.56395737552209,0.6711872816085815,0.0,0.24097853899002075,0.0,0.5569033026695251,0.0,1.4690691232681274,0.0,664.0753966736374,43.6449736203067
193,-0.13889544132228338,-4.7028528168443735,2.864626407623291,0.0,0.3088725209236145,0.0,2.633556365966797,0.0,5.807055294513702,0.0,669.8824519681511,43.6449736203067
194,-0.13889585608239807,-4.841748672926771,3.9068264961242676,0.0,0.1850811243057251,0.0,0.43642154335975647,0.0,4.528329163789749,0.0,674.4107811319409,43.6449736203067
195,-0.13889590878959357,-4.980644581716365,4.443410396575928,0.0,0.18779896199703217,0.0,0.42623353004455566,0.0,5.057442888617516,0.0,679.4682240205584,43.6449736203067
196,-0.13889590878959357,-5.119540490505958,4.455029010772705,0.0,0.20267854630947113,0.0,0.4417404532432556,0.0,5.099448010325432,0.0,684.5676720308838,43.6449736203067
197,-0.13889590878959357,-5.258436399295552,4.45583438873291,0.0,0.231375589966774,0.0,0.5064541697502136,0.0,5.193664148449898,0.0,689.7613361793337,43.6449736203067
198,-0.13889594862904003,-5.397332347924592,4.842740535736084,0.0,0.24136558175086975,0.0,0.46017372608184814,0.0,5.544279843568802,0.0,695.3056160229025,43.6449736203067
199,-0.13889591568704285,-5.536228263611635,0.2532432973384857,0.0,0.3030150532722473,0.0,0.5531122088432312,0.0,1.1093705594539642,0.0,696.4149865823565,43.6449736203067
200,-0.13889591568704285,-5.6751241792986775,1.3983280658721924,0.0,0.24527254700660706,0.0,0.2659192383289337,0.0,1.9095198512077332,0.0,698.3245064335642,43.6449736203067
201,0.02510725682313697,-5.65001692247554,0.0,0.6298850774765015,0.23558618128299713,0.0,0.062300365418195724,0.0,0.0,0.3319985307753086,698.3245064335642,43.97697215108201
202,0.10228056823066711,-5.547736354244873,0.0,0.9262837171554565,0.10281553119421005,0.0,0.016953669488430023,0.0,0.0,0.8065145164728165,698.3245064335642,44.783486667554826
203,0.002609931005539967,-5.545126423239333,0.0,0.543479859828949,0.15794870257377625,0.0,0.1430334448814392,0.0,0.0,0.24249771237373352,698.3245064335642,45.02598437992856
204,-0.0036296149885213513,-5.548756038227855,0.0,0.3582397997379303,0.008688664063811302,0.0,0.0,0.16127590835094452,0.0,0.5108270440250635,698.3245064335642,45.53681142395362
205,-0.1157230530040515,-5.6644790912319065,0.0,0.08899989724159241,0.02641059271991253,0.0,4.974878787994385,0.0,4.912289483472705,0.0,703.2367959170369,45.53681142395362
206,-0.11281163388034907,-5.777290725112255,0.4880754053592682,0.0,0.0,0.10018162429332733,0.8672505021095276,0.0,1.2551442831754684,0.0,704.4919402002124,45.53681142395362
207,-0.13889592258449213,-5.9161866476967475,0.19625826179981232,0.0,0.0622071698307991,0.0,0.15933863818645477,0.0,0.4178040698170662,0.0,704.9097442700295,45.53681142395362
208,-0.13889592258449213,-6.05508257028124,3.777484893798828,0.0,1.5713920593261719,0.0,2.919618844985962,0.0,8.268495798110962,0.0,713.1782400681404,45.53681142395362
209,-0.13889592258449213,-6.193978492865732,0.25533249974250793,0.0,0.16935375332832336,0.0,0.7353729009628296,0.0,1.1600591540336609,0.0,714.3382992221741,45.53681142395362
210,-0.13889592258449213,-6.332874415450224,4.453619956970215,0.0,0.2963881194591522,0.0,1.8270851373672485,0.0,6.577093213796616,0.0,720.9153924359707,45.53681142395362
211,-0.13889592258449213,-6.471770338034716,5.085212707519531,0.0,0.3581080436706543,0.0,1.4784951210021973,0.0,6.921815872192383,0.0,727.8372083081631,45.53681142395362
212,-0.1388959624239386,-6.6106663004586546,0.611233115196228,0.0,2.543846607208252,0.0,1.0857070684432983,0.0,4.240786790847778,0.0,732.0779950990109,45.53681142395362
213,-0.1388959294819414,-6.7495622299405955,0.6357598304748535,0.0,2.053408622741699,0.0,1.1991956233978271,0.0,3.88836407661438,0.0,735.9663591756253,45.53681142395362
214,-0.1388959294819414,-6.888458159422537,0.4829528331756592,0.0,1.7597863674163818,0.0,1.0051133632659912,0.0,3.2478525638580322,0.0,739.2142117394833,45.53681142395362
215,-0.1388959294819414,-7.027354088904479,0.39431828260421753,0.0,1.1851589679718018,0.0,0.459308922290802,0.0,2.0387861728668213,0.0,741.2529979123501,45.53681142395362
216,-0.1388959294819414,-7.166250018386421,0.3582141399383545,0.0,0.18876518309116364,0.0,2.3485093116760254,0.0,2.8954886347055435,0.0,744.1484865470557,45.53681142395362
217,-0.1388959294819414,-7.305145947868363,0.36289554834365845,0.0,0.18663470447063446,0.0,3.1145646572113037,0.0,3.6640949100255966,0.0,747.8125814570813,45.53681142395362
218,-0.1388959294819414,-7.444041877350305,2.06040620803833,0.0,0.18509265780448914,0.0,0.4231940805912018,0.0,2.668692946434021,0.0,750.4812744035153,45.53681142395362
219,-0.13889596932138787,-7.582937846671693,4.459963321685791,0.0,0.18779796361923218,0.0,0.4687618017196655,0.0,5.116523087024689,0.0,755.59779749054,45.53681142395362
220,-0.13889593637939068,-7.721833783051084,4.4576497077941895,0.0,0.20271863043308258,0.0,0.453022837638855,0.0,5.113391175866127,0.0,760.7111886664061,45.53681142395362
221,-0.13889593637939068,-7.860729719430474,5.8216400146484375,0.0,0.2313263863325119,0.0,0.5056585669517517,0.0,6.558624967932701,0.0,767.2698136343388,45.53681142395362
222,-0.13889593637939068,-7.999625655809865,1.0633536577224731,0.0,0.2389504760503769,0.0,0.4546824097633362,0.0,1.7569865435361862,0.0,769.026800177875,45.53681142395362
223,-0.13889593637939068,-8.138521592189257,0.05827841907739639,0.0,0.20655861496925354,0.0,0.3311682939529419,0.0,0.5960053279995918,0.0,769.6228055058746,45.53681142395362
224,-0.037118357739901464,-8.175639949929158,0.0,0.3908959627151489,0.16518789529800415,0.0,0.07523039728403091,0.0,0.0,0.15047767013311386,769.6228055058746,45.687289094086736
225,0.08338420133836066,-8.092255748590798,0.0,0.7487608790397644,0.24574065208435059,0.0,0.0,0.1049480140209198,0.0,0.6079682409763336,769.6228055058746,46.29525733506307
226,0.15251561601453342,-7.939740132576264,0.0,0.9634198546409607,1.228193759918213,0.0,0.0,0.15580113232135773,0.10897277295589447,0.0,769.7317782788305,46.29525733506307
227,0.40109548905392717,-7.538644643522337,0.0,2.0819363594055176,0.0,0.027582840994000435,0.0,0.5820164084434509,0.0,2.691535608842969,769.7317782788305,48.98679294390604
228,0.34809544215855115,-7.190549201363786,0.0,3.092402458190918,0.03481622785329819,0.0,0.0,0.39171671867370605,0.0,3.449302949011326,769.7317782788305,52.436095892917365
229,0.19443333418569858,-6.996115867178087,0.0,0.23610442876815796,8.185136795043945,0.0,0.0,1.2274996042251587,6.721532762050629,0.0,776.4533110408811,52.436095892917365
230,0.6895625807619199,-6.306553286416167,1.42039954662323,0.0,0.0,1.0892471075057983,0.2670465409755707,0.0,0.5981989800930023,0.0,777.0515100209741,52.436095892917365
231,0.31083852200586143,-5.995714764410306,0.0,0.5300674438476562,0.948311984539032,0.0,0.0,0.27875468134880066,0.13948985934257507,0.0,777.1909998803167,52.436095892917365
232,-0.12821323644960847,-6.123928000859914,4.11971378326416,0.0,0.035245370119810104,0.0,1.6244513988494873,0.0,5.779410552233458,0.0,782.9704104325501,52.436095892917365
233,-0.13825872482964563,-6.26218672568956,0.08067698031663895,0.0,0.1452711969614029,0.0,0.4273119866847992,0.0,0.653260163962841,0.0,783.623670596513,52.436095892917365
234,-0.13885802297804473,-6.401044748667605,1.3249820470809937,0.0,0.5339276194572449,0.0,0.5981468558311462,0.0,2.4570565223693848,0.0,786.0807271188824,52.436095892917365
235,-0.13889496278514502,-6.5399397114527495,0.8705596923828125,0.0,0.35833173990249634,0.0,1.3352802991867065,0.0,2.5641717314720154,0.0,788.6448988503544,52.436095892917365
236,-0.13889732081404382,-6.678837032266793,1.171784520149231,0.0,0.36528250575065613,0.0,0.45672357082366943,0.0,1.9937905967235565,0.0,790.6386894470779,52.436095892917365
237,-0.13889742622843482,-6.817734458495228,4.465701103210449,0.0,0.19666960835456848,0.0,1.3143683671951294,0.0,5.976739078760147,0.0,796.6154285258381,52.436095892917365
238,-0.13889742622843482,-6.956631884723663,1.330859899520874,0.0,0.19368453323841095,0.0,0.4416675567626953,0.0,1.9662119895219803,0.0,798.58164051536,52.436095892917365
239,-0.13889742622843482,-7.095529310952098,0.3851245939731598,0.0,0.18944106996059418,0.0,0.4335270822048187,0.0,1.0080927461385727,0.0,799.5897332614986,52.436095892917365
240,-0.15944956083361383,-7.2549788717857115,0.3575797379016876,0.0,0.07250594347715378,0.0,3.1346702575683594,0.0,3.5647559389472008,0.0,803.1544892004458,52.436095892917365
241,-0.11438411661010228,-7.369362988395814,0.402444452047348,0.0,0.30953940749168396,0.0,1.1638984680175781,0.0,1.87588232755661,0.0,805.0303715280024,52.436095892917365
242,-0.1386224291672682,-7.5079854175630825,0.8438843488693237,0.0,0.19207803905010223,0.0,2.777447462081909,0.0,3.813409850001335,0.0,808.8437813780038,52.436095892917365
243,-0.13987132926649926,-7.647856746829582,4.459261894226074,0.0,0.1882130652666092,0.0,0.44772517681121826,0.0,5.095200136303902,0.0,813.9389815143077,52.436095892917365
244,-0.13994866177538512,-7.787805408604967,4.44019079208374,0.0,0.20268842577934265,0.0,0.4407636225223541,0.0,5.083642840385437,0.0,819.0226243546931,52.436095892917365
245,-0.1399534164307661,-7.927758825035733,4.429076671600342,0.0,0.23223772644996643,0.0,0.5333540439605713,0.0,5.1946684420108795,0.0,824.217292796704,52.436095892917365
246,-0.13995367301684203,-8.067712498052575,4.32439661026001,0.0,0.5327202677726746,0.0,3.8740310668945312,0.0,8.731147944927216,0.0,832.9484407416312,52.436095892917365
247,-0.13995372572403753,-8.207666223776613,3.9938137531280518,0.0,2.4643561840057373,0.0,3.3059639930725098,0.0,9.764133930206299,0.0,842.7125746718375,52.436095892917365
248,-0.1399537655831536,-8.347619989359767,0.9190738201141357,0.0,3.3245232105255127,0.0,3.151777744293213,0.0,7.395374774932861,0.0,850.1079494467704,52.436095892917365
249,-0.2393753189289876,-8.586995308288754,0.0,0.16126766800880432,2.1252715587615967,0.0,0.7125617861747742,0.0,2.6765656769275665,0.0,852.7845151236979,52.436095892917365
250,-0.06630771457798382,-8.653303022866739,0.0,1.45472252368927,1.6205765008926392,0.0,0.0,0.1385890394449234,0.02726493775844574,0.0,852.8117800614564,52.436095892917365
251,0.11181922496644495,-8.541483797900295,0.0,2.9449381828308105,0.0,0.02029653824865818,0.0,0.47808584570884705,0.0,3.4433205667883158,852.8117800614564,55.87941645970568
252,0.3070677132574854,-8.23441608464281,0.0,1.1818606853485107,0.0,0.9717414379119873,0.0,0.9269615411758423,0.0,3.0805636644363403,852.8117800614564,58.95998012414202
253,0.46587662486901477,-7.768539459773795,0.0,1.0048272609710693,1.1427857875823975,0.0,0.0,1.8217401504516602,0.0,1.683781623840332,852.8117800614564,60.64376174798235
254,-0.005005913254008204,-7.773545373027803,5.203329086303711,0.0,0.0,0.20295818150043488,0.0,1.6662272214889526,3.3341436833143234,0.0,856.1459237447707,60.64376174798235
255,0.28746829649416905,-7.4860770765336335,2.3797130584716797,0.0,1.4640369415283203,0.0,0.0,0.3485609292984009,3.495189070701599,0.0,859.6411128154723,60.64376174798235
256,-0.37487323596388633,-7.86095031249752,0.3466339409351349,0.0,1.7242588996887207,0.0,0.0,0.13079260289669037,1.9401002377271652,0.0,861.5812130531995,60.64376174798235
257,-0.4699654562303156,-8.330915768727836,0.5843578577041626,0.0,2.1640231609344482,0.0,0.1981380730867386,0.0,2.9465190917253494,0.0,864.5277321449248,60.64376174798235
258,0.21647755200770002,-8.114438216720137,0.8465818762779236,0.0,0.1572747677564621,0.0,2.3591909408569336,0.0,3.3630475848913193,0.0,867.8907797298161,60.64376174798235
259,0.16206231166768026,-7.952375905052456,4.359356880187988,0.0,0.21944637596607208,0.0,2.1826884746551514,0.0,6.761491730809212,0.0,874.6522714606253,60.64376174798235
260,-0.1288716790041149,-8.081247584056571,4.535750389099121,0.0,0.20211775600910187,0.0,1.365270733833313,0.0,6.103138878941536,0.0,880.7554103395669,60.64376174798235
261,-0.1393332713883373,-8.220580855444908,2.4937355518341064,0.0,0.1966659277677536,0.0,8.06261157989502,0.0,10.75301305949688,0.0,891.5084233990638,60.64376174798235
262,-0.13886443736760556,-8.359445292812513,0.36092090606689453,0.0,1.5464067459106445,0.0,0.7156679034233093,0.0,2.6229955554008484,0.0,894.1314189544646,60.64376174798235
263,-0.15187048360685895,-8.511315776419371,0.8151814341545105,0.0,0.11821164935827255,0.0,3.6530280113220215,0.0,4.5864210948348045,0.0,898.7178400492994,60.64376174798235
264,-0.15729420358540327,-8.668609980004774,0.4217483699321747,0.0,0.0,0.21038664877414703,3.1656370162963867,0.0,3.3769987374544144,0.0,902.0948387867538,60.64376174798235
265,-0.07351305278056713,-8.742123032785342,4.031832218170166,0.0,0.68851238489151,0.0,0.4689393937587738,0.0,5.18928399682045,0.0,907.2841227835743,60.64376174798235
266,-0.08620396714266576,-8.828326999928008,1.7784513235092163,0.0,0.19774259626865387,0.0,0.6259129643440247,0.0,2.602106884121895,0.0,909.8862296676962,60.64376174798235
267,-0.13690471158647455,-8.965231711514482,4.459201812744141,0.0,0.18874453008174896,0.0,1.2377010583877563,0.0,5.885647401213646,0.0,915.7718770689098,60.64376174798235
268,-0.13978278211740447,-9.105014493631886,4.410841464996338,0.0,0.20271413028240204,0.0,0.44141650199890137,0.0,5.054972097277641,0.0,920.8268491661875,60.64376174798235
269,-0.1399463505933305,-9.244960844225217,4.455849647521973,0.0,0.23314650356769562,0.0,1.8475596904754639,0.0,6.536555841565132,0.0,927.3634050077526,60.64376174798235
270,-0.139955550610821,-9.384916394836038,1.0497937202453613,0.0,0.3590939939022064,0.0,2.323758125305176,0.0,3.7326458394527435,0.0,931.0960508472053,60.64376174798235
271,-0.13995613038997146,-9.524872525226009,0.43177488446235657,0.0,1.2537809610366821,0.0,3.113762140274048,0.0,4.7993179857730865,0.0,935.8953688329784,60.64376174798235
272,-0.005848580077252308,-9.530721105303261,0.0,0.9499759078025818,2.2429447174072266,0.0,0.16609835624694824,0.0,1.459067165851593,0.0,937.35443599883,60.64376174798235
273,-0.13975398198713052,-9.670475087290392,0.20190036296844482,0.0,3.0040030479431152,0.0,0.11569386720657349,0.0,3.3215972781181335,0.0,940.6760332769481,60.64376174798235
274,-0.1517356396458887,-9.82221072693628,0.0,0.9969300627708435,0.2697007656097412,0.0,0.0,0.3741295635700226,0.0,1.1013588607311249,940.6760332769481,61.74512060871348
275,-0.21475158962728585,-10.036962316563566,0.0,0.683628261089325,0.5912013053894043,0.0,0.0,0.41335201263427734,0.0,0.505778968334198,940.6760332769481,62.250899577047676
276,0.37765431094574914,-9.659308005617817,0.0,2.399562358856201,0.26822420954704285,0.0,0.0,0.9649972915649414,0.0,3.0963354408740997,940.6760332769481,65.34723501792178
277,0.1544280678408668,-9.50487993777695,0.0,1.04615318775177,1.794109582901001,0.0,0.35651159286499023,0.0,1.1044679880142212,0.0,941.7805012649624,65.34723501792178
278,0.28586562894915135,-9.219014308827798,0.0,1.0381321907043457,0.0,0.2028798758983612,0.0,1.0943187475204468,0.0,2.3353308141231537,941.7805012649624,67.68256583204493
279,0.8862169860908207,-8.332797322736978,4.385260105133057,0.0,2.1074514389038086,0.0,0.0,1.6872978210449219,4.805413722991943,0.0,946.5859149879543,67.68256583204493
280,0.011549338217458072,-8.32124798451952,5.36607551574707,0.0,0.891687273979187,0.0,0.0,1.1278388500213623,5.129923939704895,0.0,951.7158389276592,67.68256583204493
281,0.15412923396285905,-8.16711875055666,0.9164755344390869,0.0,0.0,0.6627053022384644,4.981908321380615,0.0,5.235678553581238,0.0,956.9515174812404,67.68256583204493
282,0.36879990683312025,-7.798318843723541,5.413907051086426,0.0,1.2694178819656372,0.0,2.096663475036621,0.0,8.779988408088684,0.0,965.7315058893291,67.68256583204493
283,-0.11993819668408845,-7.91825704040763,5.438633918762207,0.0,0.40224599838256836,0.0,3.777547597885132,0.0,9.618427515029907,0.0,975.349933404359,67.68256583204493
284,-0.1388027203715816,-8.057059760779211,5.212531089782715,0.0,0.3677290678024292,0.0,3.2379353046417236,0.0,8.818195462226868,0.0,984.1681288665859,67.68256583204493
285,-0.139890382497049,-8.19695014327626,0.6829334497451782,0.0,1.9577646255493164,0.0,4.219897747039795,0.0,6.8605958223342896,0.0,991.0287246889202,67.68256583204493
286,-0.13889831324551416,-8.335848456521774,3.0536837577819824,0.0,0.33005571365356445,0.0,8.202945709228516,0.0,11.586685180664062,0.0,1002.6154098695843,67.68256583204493
287,-0.13890207367634355,-8.474750530198117,0.3565081059932709,0.0,0.34466907382011414,0.0,1.7999694347381592,0.0,2.501146614551544,0.0,1005.1165564841358,67.68256583204493
288,-0.13890233721232104,-8.613652867410437,0.35470050573349,0.0,0.1910632997751236,0.0,1.9134230613708496,0.0,2.459186866879463,0.0,1007.5757433510153,67.68256583204493
289,-0.13995867227101272,-8.75361153968145,0.3535136878490448,0.0,0.18813127279281616,0.0,0.5049282908439636,0.0,1.0465732514858246,0.0,1008.6223166025011,67.68256583204493
290,-0.13995863930442853,-8.893570178985877,1.169692039489746,0.0,0.42456039786338806,0.0,0.46645230054855347,0.0,2.0607047379016876,0.0,1010.6830213404028,67.68256583204493
291,-0.13995863930442853,-9.033528818290305,0.6088266968727112,0.0,0.18778130412101746,0.0,0.4244235157966614,0.0,1.22103151679039,0.0,1011.9040528571932,67.68256583204493
292,-0.14454460443321843,-9.178073422723523,4.420647144317627,0.0,0.20266807079315186,0.0,0.440887987613678,0.0,5.064203202724457,0.0,1016.9682560599176,67.68256583204493
293,-0.13432756290931813,-9.312400985632841,4.486108779907227,0.0,0.23130932450294495,0.0,0.5077679753303528,0.0,5.225186079740524,0.0,1022.1934421396581,67.68256583204493
294,-0.13961004875255467,-9.452011034385396,3.311039924621582,0.0,0.37543800473213196,0.0,4.120436191558838,0.0,7.806914120912552,0.0,1030.0003562605707,67.68256583204493
295,-0.13993709444261837,-9.591948128828015,0.05257921293377876,0.0,2.5497887134552,0.0,3.1032533645629883,0.0,5.705621290951967,0.0,1035.7059775515227,67.68256583204493
296,0.015353917154947994,-9.576594211673067,0.0,1.2054730653762817,2.417570114135742,0.0,0.11498589813709259,0.0,1.327082946896553,0.0,1037.0330604984192,67.68256583204493
297,-0.037483199136724876,-9.614077410809792,0.0,2.7852494716644287,1.8496229648590088,0.0,0.0,0.08881416916847229,0.0,1.0244406759738922,1037.0330604984192,68.70700650801882
298,0.3649430526605064,-9.249134358149284,2.1680727005004883,0.0,0.019427815452218056,0.0,0.16479870676994324,0.0,2.3522992227226496,0.0,1039.3853597211419,68.70700650801882
299,0.06566124970857867,-9.183473108440705,0.0,0.8279898762702942,0.2194569706916809,0.0,0.0,0.379267156124115,0.0,0.9878000617027283,1039.3853597211419,69.69480656972155
300,0.46665575118147357,-8.716817357259231,0.0,2.0062625408172607,0.0,1.0057363510131836,0.0,0.9066097736358643,0.0,3.9186086654663086,1039.3853597211419,73.61341523518786
301,0.5267540935918475,-8.190063263667383,0.0,0.16395629942417145,0.0,2.3084537982940674,0.0,1.3037545680999756,0.0,3.7761646658182144,1039.3853597211419,77.38957990100607
302,0.3749179019696387,-7.815145361697745,0.0,0.9885877370834351,0.0,0.2729053199291229,0.4122750163078308,0.0,0.0,0.8492180407047272,1039.3853597211419,78.2387979417108
303,0.6753591066268045,-7.13978625507094,0.0,0.6993363499641418,3.0236291885375977,0.0,0.0,0.33936047554016113,1.9849323630332947,0.0,1041.3702920841752,78.2387979417108
304,-0.07313712977120546,-7.212923384842146,1.538612723350525,0.0,0.0,0.004546715412288904,2.5955095291137695,0.0,4.1295755370520055,0.0,1045.4998676212272,78.2387979417108
305,0.084970826389308,-7.127952558452837,0.0,1.0423022508621216,0.0,0.015259714797139168,0.14306356012821198,0.0,0.0,0.9144984055310488,1045.4998676212272,79.15329634724185
306,0.09232744735812348,-7.0356251110947134,1.5413492918014526,0.0,0.2802404463291168,0.0,0.5904448628425598,0.0,2.4120346009731293,0.0,1047.9119022222003,79.15329634724185
307,-0.13002862101485002,-7.165653732109563,1.662188172340393,0.0,2.117168426513672,0.0,1.4620487689971924,0.0,5.241405367851257,0.0,1053.1533075900516,79.15329634724185
308,-0.13936365018299135,-7.305017382292554,1.227231740951538,0.0,2.7612733840942383,0.0,0.7814208269119263,0.0,4.769925951957703,0.0,1057.9232335420093,79.15329634724185
309,-0.13992476119254382,-7.444942143485099,0.4548310935497284,0.0,2.4306182861328125,0.0,1.4832191467285156,0.0,4.3686685264110565,0.0,1062.2919020684203,79.15329634724185
310,-0.13890314953769156,-7.58384529302279,0.4219474792480469,0.0,3.537975788116455,0.0,1.715372085571289,0.0,5.675295352935791,0.0,1067.967197421356,79.15329634724185
311,-0.1389052898403591,-7.722750582863149,0.8297498226165771,0.0,0.33895736932754517,0.0,1.7433723211288452,0.0,2.9120795130729675,0.0,1070.879276934429,79.15329634724185
312,-0.1389054479619456,-7.861656030825095,0.3602842390537262,0.0,0.18896418809890747,0.0,2.6859872341156006,0.0,3.2352356612682343,0.0,1074.1145125956973,79.15329634724185
313,-0.13996176676012295,-8.001617797585219,0.38763803243637085,0.0,0.3058699667453766,0.0,0.9332822561264038,0.0,1.6267902553081512,0.0,1075.7413028510055,79.15329634724185
314,-0.17192197880326116,-8.17353977638848,0.3208732008934021,0.0,0.18508106470108032,0.0,0.4221932888031006,0.0,0.928147554397583,0.0,1076.669450405403,79.15329634724185
315,-0.10071780843633121,-8.274257584824811,1.429808259010315,0.0,0.18778222799301147,0.0,0.4244194030761719,0.0,2.0420098900794983,0.0,1078.7114602954825,79.15329634724185
316,-0.1375324320880491,-8.41179001691286,3.5698089599609375,0.0,0.20266342163085938,0.0,0.4407501220703125,0.0,4.213222503662109,0.0,1082.9246827991446,79.15329634724185
317,-0.1398114057746942,-8.551601422687554,4.450636863708496,0.0,0.23130226135253906,0.0,0.5054359436035156,0.0,5.187375068664551,0.0,1088.1120578678092,79.15329634724185
318,-0.1399525308272569,-8.691553953514811,4.74374532699585,0.0,0.30900177359580994,0.0,0.4658130407333374,0.0,5.518560141324997,0.0,1093.6306180091342,79.15329634724185
319,-0.13996125705696283,-8.831515210571773,2.6034724712371826,0.0,0.3209017217159271,0.0,0.5224562883377075,0.0,3.4468304812908173,0.0,1097.077448490425,79.15329634724185
320,-0.021930301059881474,-8.853445511631655,0.0,0.6885817050933838,3.2460944652557373,0.0,2.748868465423584,0.0,5.3063812255859375,0.0,1102.383829716011,79.15329634724185
321,0.008796441341925698,-8.84464907028973,0.0,2.7765839099884033,2.1428792476654053,0.0,0.0,0.1212577223777771,0.0,0.7549623847007751,1102.383829716011,79.90825873194262
322,-0.03681343302248112,-8.88146250331221,0.0,1.6772843599319458,1.2308716773986816,0.0,0.0,0.3745342791080475,0.0,0.8209469616413116,1102.383829716011,80.72920569358394
323,-0.06364458671895401,-8.945107090031165,0.0,1.073325753211975,1.680483102798462,0.0,0.0,0.47429725527763367,0.13286009430885315,0.0,1102.5166898103198,80.72920569358394
324,0.025882259120187906,-8.919224830910977,1.2137436866760254,0.0,0.0,0.9416047930717468,0.0,1.0221214294433594,0.0,0.7499825358390808,1102.5166898103198,81.47918822942302
325,0.9048520493790112,-8.014372781531966,4.271200656890869,0.0,0.0,2.277104139328003,0.0,0.20466405153274536,1.7894324660301208,0.0,1104.30612227635,81.47918822942302
326,0.28056402938790576,-7.733808752144061,0.0,0.8732507824897766,0.0,0.29254671931266785,0.0,0.6841815114021301,0.0,1.8499790132045746,1104.30612227635,83.32916724262759
327,1.201929686711607,-6.531879065432454,0.0,1.6825876235961914,3.023703098297119,0.0,0.0,0.37570878863334656,0.9654066860675812,0.0,1105.2715289624175,83.32916724262759
328,0.7671881301679404,-5.764690935264514,0.0,2.5417439937591553,0.0,0.014897060580551624,0.0,0.21741768717765808,0.0,2.774058741517365,1105.2715289624175,86.10322598414496
329,0.25142209319662,-5.513268842067894,2.876948595046997,0.0,0.6916025280952454,0.0,0.143072247505188,0.0,3.7116233706474304,0.0,1108.983152333065,86.10322598414496
330,-0.07889032219103331,-5.592159164258927,4.8220601081848145,0.0,0.14362408220767975,0.0,3.5625765323638916,0.0,8.528260722756386,0.0,1117.5114130558213,86.10322598414496
331,-0.17455693985824533,-5.766716104117172,0.7557862401008606,0.0,1.6681013107299805,0.0,2.1322569847106934,0.0,4.556144535541534,0.0,1122.0675575913629,86.10322598414496
332,-0.0944229080014396,-5.8611390121186115,0.6119130253791809,0.0,2.3777689933776855,0.0,2.404700756072998,0.0,5.3943827748298645,0.0,1127.4619403661927,86.10322598414496
333,-0.13714552866456176,-5.998284540783173,0.5453411936759949,0.0,1.0649659633636475,0.0,2.2908034324645996,0.0,3.901110589504242,0.0,1131.363050955697,86.10322598414496
334,-0.1387337750065245,-6.137018315789698,0.5870447754859924,0.0,0.8308530449867249,0.0,1.031631350517273,0.0,2.4495291709899902,0.0,1133.812580126687,86.10322598414496
335,-0.13889768970679794,-6.275916005496496,0.3565211594104767,0.0,0.23208433389663696,0.0,3.2047083377838135,0.0,3.793313831090927,0.0,1137.6058939577779,86.10322598414496
336,-0.13890782523588374,-6.41482383073238,0.35469359159469604,0.0,0.19606894254684448,0.0,0.46788978576660156,0.0,1.018652319908142,0.0,1138.624546277686,86.10322598414496
337,-0.13996489243289384,-6.554788723165274,0.967721164226532,0.0,0.18636217713356018,0.0,0.44382306933403015,0.0,1.5979064106941223,0.0,1140.2224526883801,86.10322598414496
338,-0.13996485946630965,-6.694753582631583,0.7966969609260559,0.0,0.18508972227573395,0.0,0.42307400703430176,0.0,1.4048606902360916,0.0,1141.6273133786162,86.10322598414496
339,-0.13996485946630965,-6.834718442097893,4.435792446136475,0.0,0.18778134882450104,0.0,0.42444005608558655,0.0,5.048013851046562,0.0,1146.6753272296628,86.10322598414496
340,-0.13996485946630965,-6.974683301564203,1.4456582069396973,0.0,0.20278801023960114,0.0,0.9472999572753906,0.0,2.595746174454689,0.0,1149.2710734041175,86.10322598414496
341,-0.13996485946630965,-7.114648161030512,0.34558483958244324,0.0,0.23130299150943756,0.0,0.5063120126724243,0.0,1.0831998437643051,0.0,1150.3542732478818,86.10322598414496
342,-0.13996485946630965,-7.254613020496822,4.334344387054443,0.0,2.5548195838928223,0.0,3.007634162902832,0.0,9.896798133850098,0.0,1160.251071381732,86.10322598414496
343,-0.13996485946630965,-7.394577879963132,3.3590950965881348,0.0,2.561272621154785,0.0,4.579656600952148,0.0,10.500024318695068,0.0,1170.751095700427,86.10322598414496
344,-0.13996489932542572,-7.534542779288557,3.770836353302002,0.0,7.747873306274414,0.0,3.6137044429779053,0.0,15.132414102554321,0.0,1185.8835098029813,86.10322598414496
345,-0.0721746746864726,-7.60671745397503,0.0,1.5715556144714355,4.264462471008301,0.0,0.3797942101955414,0.0,3.0727010667324066,0.0,1188.9562108697137,86.10322598414496
346,-0.015964876537931175,-7.622682330512961,0.0,2.709397315979004,2.320096731185913,0.0,0.0,0.05774462968111038,0.0,0.4470452144742012,1188.9562108697137,86.55027119861916
347,-0.07211173700733398,-7.694794067520295,0.0,1.3876465559005737,1.0611927509307861,0.0,0.0,0.30799657106399536,0.0,0.634450376033783,1188.9562108697137,87.18472157465294
348,0.2947120095271563,-7.400082057993139,0.0,0.46783778071403503,0.0,1.0273966789245605,0.0,0.9495294094085693,0.0,2.444763869047165,1188.9562108697137,89.6294854437001
349,0.8011281098064198,-6.598953948186718,1.5355219841003418,0.0,0.0,2.296699285507202,0.0,0.24413037300109863,0.0,1.005307674407959,1188.9562108697137,90.63479311810806
350,-0.04991317955923541,-6.6488671277459535,0.09608180820941925,0.0,0.0,0.09299255907535553,0.0,0.5223383903503418,0.0,0.5192491412162781,1188.9562108697137,91.15404225932434
351,1.0307354650141294,-5.618131662731824,0.0,0.703041672706604,3.073868751525879,0.0,0.0,0.8765935301780701,1.4942335486412048,0.0,1190.450444418355,91.15404225932434
352,0.09970639300434891,-5.518425269727475,0.0,0.478791743516922,0.010932699777185917,0.0,0.2796866297721863,0.0,0.0,0.1881724139675498,1190.450444418355,91.34221467329189
353,-0.2784610837250625,-5.796886353452537,1.1736966371536255,0.0,0.001588841201737523,0.0,0.3877779245376587,0.0,1.5630634028930217,0.0,1192.013507821248,91.34221467329189
354,-0.13974417386489257,-5.93663052731743,2.6511006355285645,0.0,0.15000048279762268,0.0,0.9924024939537048,0.0,3.793503612279892,0.0,1195.8070114335278,91.34221467329189
355,-0.13995394354316915,-6.076584470860599,4.690535545349121,0.0,0.2184666246175766,0.0,3.761873245239258,0.0,8.670875415205956,0.0,1204.4778868487338,91.34221467329189
356,-0.1399662658140488,-6.216550736674648,0.8026909828186035,0.0,0.3965519964694977,0.0,4.085114479064941,0.0,5.284357458353043,0.0,1209.7622443070868,91.34221467329189
357,-0.13996699603055252,-6.356517732705201,2.335818290710449,0.0,0.8719654083251953,0.0,0.9835121035575867,0.0,4.191295802593231,0.0,1213.95354010968,91.34221467329189
358,-0.13891069002339718,-6.495428422728597,0.42202994227409363,0.0,0.2137642800807953,0.0,3.2096691131591797,0.0,3.8454633355140686,0.0,1217.799003445194,91.34221467329189
359,-0.15126450397742464,-6.646692926706022,0.3565150797367096,0.0,0.1248115599155426,0.0,5.252299785614014,0.0,5.733626425266266,0.0,1223.5326298704604,91.34221467329189
360,-0.12362124114710094,-6.7703141678531225,0.36013785004615784,0.0,0.2622392177581787,0.0,2.746633529663086,0.0,3.3690105974674225,0.0,1226.9016404679278,91.34221467329189
361,-0.13804369982527254,-6.908357867678395,3.099109411239624,0.0,0.3093639612197876,0.0,2.56685733795166,0.0,5.975330710411072,0.0,1232.8769711783389,91.34221467329189
362,-0.1388570563499698,-7.047214924028365,4.255107402801514,0.0,0.18545810878276825,0.0,1.377882719039917,0.0,5.818448230624199,0.0,1238.695419408963,91.34221467329189
363,-0.17699017769356,-7.2242051017219255,4.386693000793457,0.0,0.18783245980739594,0.0,0.25210878252983093,0.0,4.826634243130684,0.0,1243.5220536520937,91.34221467329189
364,-0.14740484569870144,-7.371609947420627,4.445504188537598,0.0,0.1871451884508133,0.0,0.4319499135017395,0.0,5.0645992904901505,0.0,1248.586652942584,91.34221467329189
365,-0.08848556755609627,-7.460095514976723,4.456876754760742,0.0,0.23917356133460999,0.0,0.7034303545951843,0.0,5.3994806706905365,0.0,1253.9861336132744,91.34221467329189
366,-0.16431427629614165,-7.624409791272865,4.182862281799316,0.0,0.3118894100189209,0.0,0.35302412509918213,0.0,4.847775816917419,0.0,1258.8339094301919,91.34221467329189
367,-0.1053979909424565,-7.729807782215321,3.0264999866485596,0.0,0.32861146330833435,0.0,2.3524134159088135,0.0,5.707524865865707,0.0,1264.5414342960576,91.34221467329189
368,-0.10381756918509058,-7.8336253514004115,0.0,0.1287316232919693,0.32770389318466187,0.0,0.44077202677726746,0.0,0.63974429666996,0.0,1265.1811785927275,91.34221467329189
369,-0.13882177115827776,-7.972447122558689,0.14760476350784302,0.0,0.5014957785606384,0.0,0.40035727620124817,0.0,1.0494578182697296,0.0,1266.2306364109972,91.34221467329189
370,-0.02536520529516617,-7.997812327853856,0.0,0.43607407808303833,0.16847355663776398,0.0,0.14472468197345734,0.0,0.0,0.12287583947181702,1266.2306364109972,91.46509051276371
371,0.11035601617870622,-7.88745631167515,0.0,0.901095986366272,0.0884660854935646,0.0,0.0,0.3236038386821747,0.0,1.136233739554882,1266.2306364109972,92.60132425231859
372,-0.04970244888119657,-7.937158760556347,2.541975498199463,0.0,0.09167240560054779,0.0,0.5387125611305237,0.0,3.1723604649305344,0.0,1269.4029968759278,92.60132425231859
373,0.28779077211775056,-7.6493679884385966,0.0,0.9134282469749451,0.0,0.9743150472640991,0.0,0.37893304228782654,0.0,2.2666763365268707,1269.4029968759278,94.86800058884546
374,0.30210971510027196,-7.3472582733383245,0.0,0.644264280796051,1.0303155183792114,0.0,0.0,0.24824412167072296,0.13780711591243744,0.0,1269.5408039918402,94.86800058884546
375,-0.12989760120926386,-7.477155874547588,0.47353842854499817,0.0,0.13905347883701324,0.0,1.2969958782196045,0.0,1.909587785601616,0.0,1271.4503917774418,94.86800058884546
376,-0.1383739370961039,-7.615529811643691,6.44196891784668,0.0,1.3906676769256592,0.0,2.9746360778808594,0.0,10.807272672653198,0.0,1282.257664450095,94.86800058884546
377,-0.13887801663332233,-7.754407828277014,5.588304042816162,0.0,1.9768376350402832,0.0,2.9224517345428467,0.0,10.487593412399292,0.0,1292.7452578624943,94.86800058884546
378,-0.1389091542238674,-7.893316982500881,4.853648662567139,0.0,0.30139175057411194,0.0,3.2611851692199707,0.0,8.416225582361221,0.0,1301.1614834448555,94.86800058884546
379,-0.13891114330239773,-8.032228125803279,3.5128424167633057,0.0,0.3860471546649933,0.0,4.047146797180176,0.0,7.946036368608475,0.0,1309.107519813464,94.86800058884546
380,-0.13891124871678873,-8.171139374520067,1.7462399005889893,0.0,0.37474995851516724,0.0,4.45042085647583,0.0,6.571410715579987,0.0,1315.678930529044,94.86800058884546
381,-0.13891124871678873,-8.310050623236855,1.0101993083953857,0.0,0.7102218270301819,0.0,3.9629404544830322,0.0,5.6833615899086,0.0,1321.3622921189526,94.86800058884546
382,-0.13891124871678873,-8.448961871953642,0.48313185572624207,0.0,0.6476547718048096,0.0,3.4846038818359375,0.0,4.615390509366989,0.0,1325.9776826283196,94.86800058884546
383,-0.17186161825880258,-8.620823490212445,0.35654589533805847,0.0,0.0051856134086847305,0.0,3.2096517086029053,0.0,3.5713832173496485,0.0,1329.5490658456692,94.86800058884546
384,-0.09634842819460893,-8.717171918407054,0.35692930221557617,0.0,0.0,0.9850818514823914,3.2053070068359375,0.0,2.5771544575691223,0.0,1332.1262203032384,94.86800058884546
385,-0.18368980307452099,-8.900861721481576,1.2359565496444702,0.0,0.0,0.4506174325942993,3.2014758586883545,0.0,3.9868149757385254,0.0,1336.113035278977,94.86800058884546
386,-0.1650790689632975,-9.065940790444873,0.43400371074676514,0.0,0.0,0.7885583639144897,3.0247020721435547,0.0,2.67014741897583,0.0,1338.7831826979527,94.86800058884546
387,-0.23222754643386295,-9.298168336878737,0.353039413690567,0.0,1.7197033166885376,0.0,2.5631515979766846,0.0,4.635894328355789,0.0,1343.4190770263085,94.86800058884546
388,-0.22119839946182285,-9.51936673634056,0.3492530584335327,0.0,1.2527331113815308,0.0,0.8887253403663635,0.0,2.490711510181427,0.0,1345.90978853649,94.86800058884546
389,0.08912684016120642,-9.430239896179353,0.35081616044044495,0.0,3.5049479007720947,0.0,3.225407600402832,0.0,7.081171661615372,0.0,1352.9909601981053,94.86800058884546
390,0.2554198761719779,-9.174820020007376,0.3047976791858673,0.0,2.3416097164154053,0.0,0.7260246276855469,0.0,3.3724320232868195,0.0,1356.3633922213921,94.86800058884546
391,-0.12108080773132995,-9.295900827738706,0.13010148704051971,0.0,0.6681363582611084,0.0,4.161681175231934,0.0,4.959919020533562,0.0,1361.3233112419257,94.86800058884546
392,-0.13792181019293714,-9.433822637931643,0.2687494456768036,0.0,0.35889706015586853,0.0,1.7568399906158447,0.0,2.384486496448517,0.0,1363.7077977383742,94.86800058884546
393,-0.06690179695157383,-9.500724434883217,0.0,0.27633410692214966,0.43555140495300293,0.0,0.9374158978462219,0.0,1.0966331958770752,0.0,1364.8044309342513,94.86800058884546
394,0.0004820046746846218,-9.500242430208532,0.0,0.5353550314903259,0.27536097168922424,0.0,1.2918753623962402,0.0,1.0318813025951385,0.0,1365.8363122368464,94.86800058884546
395,-0.046215429002036346,-9.546457859210568,0.0,0.356018602848053,0.21752014756202698,0.0,0.5230721235275269,0.0,0.38457366824150085,0.0,1366.220885905088,94.86800058884546
396,-0.13891214096014437,-9.685370000170712,5.393627643585205,0.0,0.17548400163650513,0.0,1.6044443845748901,0.0,7.1735560297966,0.0,1373.3944419348845,94.86800058884546
397,-0.14357675778556928,-9.828946757956281,0.0,0.06446361541748047,0.1911008507013321,0.0,0.0,0.26374658942222595,0.0,0.13710935413837433,1373.3944419348845,95.00510994298384
398,-0.025898863755355328,-9.854845621711636,0.0,0.36119914054870605,0.08062072098255157,0.0,0.0,0.5662410259246826,0.0,0.8468194454908371,1373.3944419348845,95.85192938847467
399,0.11836791311909467,-9.736477708592542,0.6485623121261597,0.0,0.1320541948080063,0.0,0.8724333047866821,0.0,1.653049811720848,0.0,1375.0474917466054,95.85192938847467
400,-0.129591539768525,-9.866069248361066,5.040429592132568,0.0,2.069495916366577,0.0,2.9836859703063965,0.0,10.093611478805542,0.0,1385.141103225411,95.85192938847467
401,-0.13838583772612223,-10.004455086087189,4.178640842437744,0.0,2.1011698246002197,0.0,3.1441292762756348,0.0,9.423939943313599,0.0,1394.5650431687245,95.85192938847467
402,-0.13888278955629074,-10.14333787564348,4.60330867767334,0.0,0.7493478059768677,0.0,3.5692875385284424,0.0,8.92194402217865,0.0,1403.4869871909032,95.85192938847467
403,-0.13891087260189572,-10.282248748245376,1.7609639167785645,0.0,0.512831449508667,0.0,2.1649270057678223,0.0,4.438722372055054,0.0,1407.9257095629582,95.85192938847467
404,-0.13891244002286207,-10.421161188268238,2.0468204021453857,0.0,0.24268430471420288,0.0,3.767683982849121,0.0,6.05718868970871,0.0,1413.982898252667,95.85192938847467
405,-0.13891258527669953,-10.560073773544937,0.5462910532951355,0.0,1.5610735416412354,0.0,3.8371613025665283,0.0,5.944525897502899,0.0,1419.9274241501698,95.85192938847467
406,-0.13891255233470234,-10.69898632587964,0.483262300491333,0.0,0.19845914840698242,0.0,3.9265799522399902,0.0,4.608301401138306,0.0,1424.5357255513081,95.85192938847467
407,-0.1389125921741488,-10.837898918053789,0.37542450428009033,0.0,0.22267435491085052,0.0,3.1721298694610596,0.0,3.7702287286520004,0.0,1428.3059542799601,95.85192938847467
408,-0.16260970075470865,-11.000508618808498,0.35727474093437195,0.0,0.0,0.2986440658569336,3.679460048675537,0.0,3.7380907237529755,0.0,1432.044045003713,95.85192938847467
409,-0.07052290301323838,-11.071031521821736,0.7378042936325073,0.0,0.5585154891014099,0.0,3.1819069385528564,0.0,4.478226721286774,0.0,1436.5222717249999,95.85192938847467
410,-0.09703495986019617,-11.168066481681931,0.41570138931274414,0.0,0.0,1.0912704467773438,2.7658963203430176,0.0,2.090327262878418,0.0,1438.6125989878783,95.85192938847467
411,-0.24210981522749087,-11.410176296909421,0.3514930307865143,0.0,0.2533110976219177,0.0,1.6318176984786987,0.0,2.2366218268871307,0.0,1440.8492208147654,95.85192938847467
412,-0.09759400566164977,-11.507770302571071,2.468418598175049,0.0,0.6288096904754639,0.0,0.44133737683296204,0.0,3.5385656654834747,0.0,1444.387786480249,95.85192938847467
413,-0.09737607352777117,-11.605146376098842,3.0593416690826416,0.0,0.6187734007835388,0.0,0.5056103467941284,0.0,4.183725416660309,0.0,1448.5715118969092,95.85192938847467
414,0.09730077175006002,-11.507845604348782,0.9683504700660706,0.0,4.845790386199951,0.0,0.7353655695915222,0.0,6.549506425857544,0.0,1455.1210183227668,95.85192938847467
415,-0.11248006387502496,-11.620325668223806,0.8182077407836914,0.0,2.709454298019409,0.0,3.4888346195220947,0.0,7.016496658325195,0.0,1462.137514981092,95.85192938847467
416,-0.1130159115164595,-11.733341579740266,0.0,0.09737702459096909,2.568295478820801,0.0,3.0976524353027344,0.0,5.568570889532566,0.0,1467.7060858706245,95.85192938847467
417,-0.2000759406793074,-11.933417520419573,0.0,0.3108581602573395,2.294675350189209,0.0,0.29594430327415466,0.0,2.279761493206024,0.0,1469.9858473638305,95.85192938847467
418,-0.276903308492519,-12.210320828912092,0.0,0.4235091507434845,2.455944776535034,0.0,0.9631533622741699,0.0,2.9955889880657196,0.0,1472.9814363518963,95.85192938847467
419,-0.11563295650849577,-12.325953785420587,0.0,0.16684086620807648,2.4565839767456055,0.0,0.0,0.07449328154325485,2.215249828994274,0.0,1475.1966861808905,95.85192938847467
420,0.05545819508216421,-12.270495590338424,0.0,0.4884468913078308,0.8078269362449646,0.0,0.0,0.5756924152374268,0.0,0.25631237030029297,1475.1966861808905,96.10824175877497
421,-0.023116889300411003,-12.293612479638835,3.2279818058013916,0.0,0.018351014703512192,0.0,0.05732773616909981,0.0,3.3036605566740036,0.0,1478.5003467375645,96.10824175877497
422,0.16402238768281735,-12.129590091956018,0.0,0.7517107129096985,0.062398821115493774,0.0,0.0,0.763684093952179,0.0,1.4529959857463837,1478.5003467375645,97.56123774452135
423,0.1279779563775465,-12.001612135578473,0.0,0.5771847367286682,2.337117910385132,0.0,3.023073434829712,0.0,4.7830066084861755,0.0,1483.2833533460507,97.56123774452135
424,-0.210712078412143,-12.212324213990616,0.0,0.12927404046058655,2.4478867053985596,0.0,2.6812920570373535,0.0,4.9999047219753265,0.0,1488.283258068026,97.56123774452135
425,-0.2815617163605104,-12.493885930351126,0.45922619104385376,0.0,2.3169431686401367,0.0,0.33027908205986023,0.0,3.1064484417438507,0.0,1491.38970650977,97.56123774452135
426,-0.15281936017204334,-12.646705290523169,0.0,0.5647814273834229,1.056215763092041,0.0,0.624174177646637,0.0,1.1156085133552551,0.0,1492.5053150231251,97.56123774452135
427,0.06231654617053595,-12.584388744352633,3.400430202484131,0.0,0.3583061099052429,0.0,0.728776216506958,0.0,4.487512528896332,0.0,1496.9928275520215,97.56123774452135
428,-0.13138712177066836,-12.715775866123302,4.7492523193359375,0.0,2.651629686355591,0.0,3.853360414505005,0.0,11.254242420196533,0.0,1508.247069972218,97.56123774452135
429,-0.1394483506362847,-12.855224216759586,5.988652229309082,0.0,2.610750675201416,0.0,3.5924644470214844,0.0,12.191867351531982,0.0,1520.43893732375,97.56123774452135
430,-0.13888163714811075,-12.994105853907698,3.843693733215332,0.0,2.348219394683838,0.0,3.219170570373535,0.0,9.411083698272705,0.0,1529.8500210220227,97.56123774452135
431,-0.13891199792562192,-13.13301785183332,0.380754292011261,0.0,2.391979455947876,0.0,3.4363925457000732,0.0,6.20912629365921,0.0,1536.059147315682,97.56123774452135
432,-0.13891392142920772,-13.271931773262526,3.6392743587493896,0.0,2.266207218170166,0.0,3.2053005695343018,0.0,9.110782146453857,0.0,1545.1699294621358,97.56123774452135
433,-0.13997037768813492,-13.411902150950661,1.1091102361679077,0.0,0.8487249612808228,0.0,3.2019710540771484,0.0,5.159806251525879,0.0,1550.3297357136616,97.56123774452135
434,-0.13997037768813492,-13.551872528638796,0.3695901334285736,0.0,1.6765536069869995,0.0,3.1661922931671143,0.0,5.212336033582687,0.0,1555.5420717472443,97.56123774452135
435,-0.13997037768813492,-13.691842906326931,1.28501296043396,0.0,0.3226870596408844,0.0,3.19417405128479,0.0,4.801874071359634,0.0,1560.343945818604,97.56123774452135
436,-0.13997041760462064,-13.831813323931552,0.36808300018310547,0.0,0.4581925868988037,0.0,0.4447309076786041,0.0,1.2710064947605133,0.0,1561.6149523133645,97.56123774452135
437,-0.13997038463803646,-13.971783708569589,0.35251671075820923,0.0,1.471739649772644,0.0,0.8277060985565186,0.0,2.651962459087372,0.0,1564.2669147724519,97.56123774452135
438,-0.2302724523880661,-14.202056160957655,0.34559836983680725,0.0,0.2741004526615143,0.0,4.144880294799805,0.0,4.764579117298126,0.0,1569.03149388975,97.56123774452135
439,-0.0827938699868973,-14.284850030944552,0.21685080230236053,0.0,6.506476402282715,0.0,0.744264543056488,0.0,7.467591747641563,0.0,1576.4990856373915,97.56123774452135
440,-0.08875141803138398,-14.373601448975936,0.36463627219200134,0.0,1.3806196451187134,0.0,1.0090367794036865,0.0,2.7542926967144012,0.0,1579.253378334106,97.56123774452135
441,-0.2788468572662399,-14.652448306242176,0.9726840257644653,0.0,3.5994837284088135,0.0,0.5629445314407349,0.0,5.135112285614014,0.0,1584.38849061972,97.56123774452135
442,-0.20269574675803909,-14.855144053000215,0.0,1.0735985040664673,0.3856433629989624,0.0,0.4126473367214203,0.0,0.0,0.2753078043460846,1584.38849061972,97.83654554886743
443,-0.16551655853803537,-15.02066061153825,0.0,2.418219566345215,2.497504472732544,0.0,0.27701660990715027,0.0,0.35630151629447937,0.0,1584.7447921360144,97.83654554886743
444,0.5194309802585049,-14.501229631279745,3.4744060039520264,0.0,0.635129988193512,0.0,0.7402188777923584,0.0,4.849754869937897,0.0,1589.5945470059523,97.83654554886743
445,-0.10865071647621605,-14.609880347755961,0.09817861020565033,0.0,3.891387701034546,0.0,0.396077960729599,0.0,4.385644271969795,0.0,1593.9801912779221,97.83654554886743
446,-0.13837864683000856,-14.74825899458597,0.5175548195838928,0.0,7.201687335968018,0.0,0.44568708539009094,0.0,8.164929240942001,0.0,1602.1451205188641,97.83654554886743
447,-0.28163519602778164,-15.029894190613753,0.1327192783355713,0.0,2.5709638595581055,0.0,3.214057207107544,0.0,5.917740345001221,0.0,1608.0628608638654,97.83654554886743
448,-0.2817143635822035,-15.311608554195956,0.18175554275512695,0.0,0.3097856342792511,0.0,0.7453189492225647,0.0,1.2368601262569427,0.0,1609.2997209901223,97.83654554886743
449,-0.2817192834950397,-15.593327837690996,0.41466957330703735,0.0,0.20300036668777466,0.0,0.3911130428314209,0.0,1.008782982826233,0.0,1610.3085039729485,97.83654554886743
450,-0.13997141616793396,-15.733299253858931,1.415759563446045,0.0,0.21325351297855377,0.0,0.9831854701042175,0.0,2.6121985465288162,0.0,1612.9207025194773,97.83654554886743
451,-0.11880801531383678,-15.852107269172768,1.86078679561615,0.0,0.0,0.7133258581161499,0.7722898125648499,0.0,1.9197507500648499,0.0,1614.8404532695422,97.83654554886743
452,0.06836054782602785,-15.78374672134674,5.161500453948975,0.0,3.458777904510498,0.0,4.121537685394287,0.0,12.74181604385376,0.0,1627.582269313396,97.83654554886743
453,-0.13097316087242872,-15.914719882219169,4.92571496963501,0.0,2.556875705718994,0.0,3.925121545791626,0.0,11.40771222114563,0.0,1638.9899815345416,97.83654554886743
454,-0.13837840405849328,-16.053098286277663,0.6787974238395691,0.0,2.4403157234191895,0.0,3.45314621925354,0.0,6.572259366512299,0.0,1645.5622409010539,97.83654554886743
455,-0.13888213441054154,-16.191980420688203,1.5628776550292969,0.0,2.4258222579956055,0.0,3.445202350616455,0.0,7.433902263641357,0.0,1652.9961431646952,97.83654554886743
456,-0.13891333160573138,-16.330893752293935,0.3547757565975189,0.0,2.5506529808044434,0.0,3.6147050857543945,0.0,6.520133823156357,0.0,1659.5162769878516,97.83654554886743
457,-0.1399716025969555,-16.47086535489089,1.5188684463500977,0.0,1.0518217086791992,0.0,3.4347352981567383,0.0,6.005425453186035,0.0,1665.5217024410376,97.83654554886743
458,-0.139971760718542,-16.61083711560943,0.3518681526184082,0.0,2.435337781906128,0.0,0.7433224320411682,0.0,3.5305283665657043,0.0,1669.0522308076033,97.83654554886743
459,-0.139971760718542,-16.750808876327973,0.3509981632232666,0.0,2.41931414604187,0.0,3.0035691261291504,0.0,5.773881435394287,0.0,1674.8261122429976,97.83654554886743
460,-0.139971760718542,-16.890780637046515,1.1237690448760986,0.0,2.3988993167877197,0.0,3.16603684425354,0.0,6.688705205917358,0.0,1681.514817448915,97.83654554886743
461,-0.12392255310558192,-17.014703190152098,1.5063215494155884,0.0,0.0,0.700047492980957,4.176767349243164,0.0,4.983041405677795,0.0,1686.4978588545928,97.83654554886743
462,-0.057440274732774244,-17.07214346488487,0.4041902422904968,0.0,0.0,1.8207811117172241,3.3885271549224854,0.0,1.971936285495758,0.0,1688.4697951400885,97.83654554886743
463,0.42929228504634637,-16.642851179838523,1.5853806734085083,0.0,5.666101932525635,0.0,2.8166720867156982,0.0,10.068154692649841,0.0,1698.5379498327384,97.83654554886743
464,0.0051441646551153575,-16.63770701518341,0.8863735198974609,0.0,2.7765297889709473,0.0,3.791750907897949,0.0,7.454654216766357,0.0,1705.9926040495047,97.83654554886743
465,-0.2550880391424788,-16.892795054325887,0.0,0.07750129699707031,2.7198479175567627,0.0,3.192692279815674,0.0,5.835038900375366,0.0,1711.82764294988,97.83654554886743
466,-0.19293543844721228,-17.0857304927731,0.0,0.3370400071144104,2.5770058631896973,0.0,0.2929200828075409,0.0,2.5328859388828278,0.0,1714.360528888763,97.83654554886743
467,-0.28170122501615324,-17.367431717789252,0.23648887872695923,0.0,4.199802875518799,0.0,0.41156575083732605,0.0,4.847857505083084,0.0,1719.208386393846,97.83654554886743
468,0.05509746654674075,-17.31233425124251,0.0,1.3574296236038208,3.677349090576172,0.0,0.13943621516227722,0.0,2.4593556821346283,0.0,1721.6677420759806,97.83654554886743
469,0.14636704931527356,-17.165967201927238,0.0,2.595884323120117,1.6080495119094849,0.0,0.12130924314260483,0.0,0.0,0.8665255680680275,1721.6677420759806,98.70307111693546
470,-0.1054483364933794,-17.271415538420616,0.0,0.5098260641098022,1.3913421630859375,0.0,0.07752387225627899,0.0,0.9590399712324142,0.0,1722.626782047213,98.70307111693546
471,0.41803116816635466,-16.85338437025426,2.8951642513275146,0.0,2.4688637256622314,0.0,0.0,0.42041873931884766,4.943609237670898,0.0,1727.570391284884,98.70307111693546
472,-0.15388223773206278,-17.007266607986324,1.1439461708068848,0.0,1.9845008850097656,0.0,3.563194751739502,0.0,6.691641807556152,0.0,1734.26203309244,98.70307111693546
473,-0.27846117203744924,-17.285727780023773,1.8276218175888062,0.0,2.3825438022613525,0.0,1.3141227960586548,0.0,5.5242884159088135,0.0,1739.786321508349,98.70307111693546
474,-0.13975002897216182,-17.425477808995936,4.5445237159729,0.0,0.4904070794582367,0.0,0.8693035244941711,0.0,5.904234319925308,0.0,1745.6905558282742,98.70307111693546
475,-0.1399607325360135,-17.56543854153195,0.8457425832748413,0.0,1.1991291046142578,0.0,1.9525351524353027,0.0,3.997406840324402,0.0,1749.6879626685986,98.70307111693546
476,-0.1399731601163796,-17.70541170164833,0.7645774483680725,0.0,0.7006284594535828,0.0,3.8333842754364014,0.0,5.298590183258057,0.0,1754.9865528518567,98.70307111693546
477,-0.1399739499375281,-17.845385651585858,1.5555593967437744,0.0,2.5695595741271973,0.0,2.935110092163086,0.0,7.060229063034058,0.0,1762.0467819148907,98.70307111693546
478,-0.13891753919053063,-17.984303190776387,0.8624058365821838,0.0,0.3737761080265045,0.0,4.651831150054932,0.0,5.88801309466362,0.0,1767.9347950095544,98.70307111693546
479,-0.13891753919053063,-18.123220729966917,2.204239845275879,0.0,1.227503776550293,0.0,3.078268527984619,0.0,6.510012149810791,0.0,1774.4448071593652,98.70307111693546
480,-0.13786632177468783,-18.261087051741605,0.5767908096313477,0.0,0.0,0.43615853786468506,3.2021241188049316,0.0,3.3427563905715942,0.0,1777.7875635499367,98.70307111693546
481,-0.001553886610001387,-18.262640938351606,1.0726361274719238,0.0,0.8620789647102356,0.0,2.9366514682769775,0.0,4.871366560459137,0.0,1782.6589301103959,98.70307111693546
482,-0.155128483197438,-18.417769421549043,0.3637324273586273,0.0,0.0,0.4238132834434509,2.9247138500213623,0.0,2.8646329939365387,0.0,1785.5235631043324,98.70307111693546
483,-0.05046052361445774,-18.4682299451635,4.3349995613098145,0.0,0.6688457131385803,0.0,1.501298189163208,0.0,6.505143463611603,0.0,1792.028706567944,98.70307111693546
484,-0.12372096643495878,-18.59195091159846,0.7755966186523438,0.0,0.0,1.0286473035812378,0.440133273601532,0.0,0.18708258867263794,0.0,1792.2157891566167,98.70307111693546
485,0.24210219593783666,-18.349848715660624,0.35114654898643494,0.0,4.261879920959473,0.0,3.227922201156616,0.0,7.840948671102524,0.0,1800.0567378277192,98.70307111693546
486,-0.1306934153549273,-18.48054213101555,0.8153260946273804,0.0,2.539459466934204,0.0,3.397284984588623,0.0,6.7520705461502075,0.0,1806.8088083738694,98.70307111693546
487,-0.13942333064484025,-18.619965461660392,0.06835547089576721,0.0,2.4666783809661865,0.0,5.044132232666016,0.0,7.579166084527969,0.0,1814.3879744583974,98.70307111693546
488,-0.068431511241071,-18.68839697290146,0.0,0.2948784828186035,2.41352915763855,0.0,0.6337646842002869,0.0,2.752415359020233,0.0,1817.1403898174176,98.70307111693546
489,-0.06354634408840101,-18.751943316989863,0.0,1.371567964553833,2.4090774059295654,0.0,0.0,0.05115017667412758,0.9863592647016048,0.0,1818.1267490821192,98.70307111693546
490,0.04505092284013573,-18.706892394149726,0.0,3.0992040634155273,0.4579419791698456,0.0,0.0,0.19330009818077087,0.0,2.8345621824264526,1818.1267490821192,101.53763329936191
491,0.3816064649777504,-18.325285929171976,3.367061138153076,0.0,0.0,0.8667863011360168,0.25968310236930847,0.0,2.759957939386368,0.0,1820.8867070215056,101.53763329936191
492,0.4324269250229314,-17.892859004149045,0.0,2.111788749694824,0.0,2.072282075881958,0.0,0.7619538307189941,0.0,4.946024656295776,1820.8867070215056,106.48365795565769
493,1.032436805489518,-16.860422198659528,0.0,2.474997043609619,3.0625009536743164,0.0,0.0,1.6502203941345215,0.0,1.0627164840698242,1820.8867070215056,107.54637443972751
494,0.015503968963730186,-16.844918229695796,0.0,0.4023619294166565,0.071794293820858,0.0,0.0,1.4506434202194214,0.0,1.7812110558152199,1820.8867070215056,109.32758549554273
495,0.2939438658058042,-16.550974363889992,2.672861337661743,0.0,2.183347702026367,0.0,0.0,0.3597262501716614,4.496482789516449,0.0,1825.383189811022,109.32758549554273
496,-0.2026356409709139,-16.753610004860906,0.0,0.24241375923156738,2.178985357284546,0.0,0.0,0.2145540714263916,1.722017526626587,0.0,1827.1052073376486,109.32758549554273
497,-0.01929522029810471,-16.77290522515901,0.030585912987589836,0.0,0.0404638834297657,0.0,1.8158262968063354,0.0,1.886876093223691,0.0,1828.9920834308723,109.32758549554273
498,0.16184434605286224,-16.611060879106148,3.0717363357543945,0.0,0.9250055551528931,0.0,1.9019683599472046,0.0,5.898710250854492,0.0,1834.8907936817268,109.32758549554273
499,-0.12889977113799578,-16.739960650244143,1.0274195671081543,0.0,0.3882784843444824,0.0,0.7837144732475281,0.0,2.199412524700165,0.0,1837.090206206427,109.32758549554273
500,-0.13935625895659376,-16.879316909200735,0.44812214374542236,0.0,0.4464251697063446,0.0,1.4654432535171509,0.0,2.359990566968918,0.0,1839.4501967733959,109.32758549554273
501,-0.13994325607265434,-17.01926016527339,1.33184015750885,0.0,1.2278345823287964,0.0,1.3179633617401123,0.0,3.877638101577759,0.0,1843.3278348749736,109.32758549554273
502,-0.13892009305867603,-17.158180258332067,0.5802519917488098,0.0,0.5978948473930359,0.0,1.8858298063278198,0.0,3.0639766454696655,0.0,1846.3918115204433,109.32758549554273
503,-0.13892192401561987,-17.297102182347686,0.35650503635406494,0.0,2.3633387088775635,0.0,0.45103514194488525,0.0,3.1708788871765137,0.0,1849.5626904076198,109.32758549554273
504,-0.13892202943001086,-17.436024211777696,0.35464614629745483,0.0,0.19294333457946777,0.0,0.9359415769577026,0.0,1.4835310578346252,0.0,1851.0462214654544,109.32758549554273
505,-0.1399784743234327,-17.576002686101127,0.3581385314464569,0.0,0.3017880320549011,0.0,0.792563259601593,0.0,1.452489823102951,0.0,1852.4987112885574,109.32758549554273
506,-0.1399784743234327,-17.71598116042456,4.458652496337891,0.0,0.1850595772266388,0.0,2.2652339935302734,0.0,6.908946067094803,0.0,1859.4076573556522,109.32758549554273
507,-0.1399784743234327,-17.85595963474799,4.286071300506592,0.0,0.1877865046262741,0.0,0.4244927763938904,0.0,4.898350581526756,0.0,1864.306007937179,109.32758549554273
508,-0.1399784743234327,-17.99593810907142,4.445645809173584,0.0,0.20266501605510712,0.0,0.4444423019886017,0.0,5.092753127217293,0.0,1869.3987610643962,109.32758549554273
509,-0.1399784743234327,-18.135916583394852,5.188981533050537,0.0,0.23130176961421967,0.0,0.533341646194458,0.0,5.953624948859215,0.0,1875.3523860132555,109.32758549554273
510,-0.1399784743234327,-18.275895057718284,3.508625030517578,0.0,0.2571059465408325,0.0,8.283940315246582,0.0,12.049671292304993,0.0,1887.4020573055604,109.32758549554273
511,-0.1352026116638087,-18.41109766938209,0.0,0.393429696559906,1.4116885662078857,0.0,1.8990240097045898,0.0,2.9172828793525696,0.0,1890.319340184913,109.32758549554273
512,0.020829246439097338,-18.390268422942995,0.0,2.2835612297058105,0.24899159371852875,0.0,1.698654294013977,0.0,0.0,0.33591534197330475,1890.319340184913,109.66350083751604
513,-0.2827870816684891,-18.673055504611483,0.0,0.7658400535583496,2.3319005966186523,0.0,0.6210110783576965,0.0,2.1870716214179993,0.0,1892.506411806331,109.66350083751604
514,0.47251239165316555,-18.200543112958318,2.712256908416748,0.0,0.00792709644883871,0.0,0.0,0.3433462083339691,2.3768377965316176,0.0,1894.8832496028626,109.66350083751604
515,-0.16241019412567725,-18.362953307083995,0.8990389704704285,0.0,0.0009180738124996424,0.0,0.0,0.33437657356262207,0.565580470720306,0.0,1895.448830073583,109.66350083751604
516,0.4241001491781808,-17.938853157905815,0.0,1.6815751791000366,0.0,1.0592080354690552,0.0,1.0174144506454468,0.0,3.7581976652145386,1895.448830073583,113.42169850273058
517,0.6412183919294019,-17.29763476597641,0.0,3.247138261795044,0.0,0.7518899440765381,0.0,1.8902698755264282,0.0,5.88929808139801,1895.448830073583,119.31099658412859
518,1.0637831382904592,-16.23385162768595,2.115102767944336,0.0,0.0,1.8212924003601074,0.9739232659339905,0.0,1.267733633518219,0.0,1896.7165637071012,119.31099658412859
519,0.5434502971989996,-15.690401330486951,0.0,0.2749309241771698,2.9632492065429688,0.0,0.0,0.09283700585365295,2.595481276512146,0.0,1899.3120449836133,119.31099658412859
520,0.4890782724618229,-15.201323058025128,0.0,1.4470523595809937,0.0,0.038642607629299164,0.0,0.2541145086288452,0.0,1.739809475839138,1899.3120449836133,121.05080605996773
521,0.4276023747770452,-14.773720683248083,0.0,2.1441445350646973,0.0,0.03639977052807808,0.10121160000562668,0.0,0.0,2.0793327055871487,1899.3120449836133,123.13013876555488
522,0.5616593329776399,-14.212061350270442,3.6053013801574707,0.0,0.0,0.7945299744606018,0.5563954710960388,0.0,3.3671668767929077,0.0,1902.6792118604062,123.13013876555488
523,0.10021257816330031,-14.111848772107141,4.850935935974121,0.0,1.214525818824768,0.0,4.682777404785156,0.0,10.748239159584045,0.0,1913.4274510199903,123.13013876555488
524,-0.12936744097099284,-14.241216213078134,4.979732036590576,0.0,0.2459334433078766,0.0,3.8537256717681885,0.0,9.079391151666641,0.0,1922.506842171657,123.13013876555488
525,-0.1393468403140341,-14.38056305339217,0.636275053024292,0.0,0.704569935798645,0.0,3.031907558441162,0.0,4.372752547264099,0.0,1926.879594718921,123.13013876555488
526,-0.13888712578894902,-14.519450179181119,0.42197197675704956,0.0,0.6429593563079834,0.0,2.6399991512298584,0.0,3.7049304842948914,0.0,1930.584525203216,123.13013876555488
527,-0.13892417790788958,-14.65837435708901,0.3754137456417084,0.0,0.6661627888679504,0.0,0.6151428818702698,0.0,1.6567194163799286,0.0,1932.2412446195958,123.13013876555488
528,-0.13892636402030334,-14.797300721109313,0.35464322566986084,0.0,0.21396739780902863,0.0,0.45195311307907104,0.0,1.0205637365579605,0.0,1933.2618083561538,123.13013876555488
529,-0.1389266146885318,-14.936227335797845,0.3532373011112213,0.0,0.18816664814949036,0.0,0.42485955357551575,0.0,0.9662635028362274,0.0,1934.22807185899,123.13013876555488
530,-0.1389265817465346,-15.07515391754438,1.0192259550094604,0.0,0.18504475057125092,0.0,0.4222416579723358,0.0,1.6265123635530472,0.0,1935.854584222543,123.13013876555488
531,-0.1389265817465346,-15.214080499290915,4.445385456085205,0.0,0.41709479689598083,0.0,0.4245541989803314,0.0,5.287034451961517,0.0,1941.1416186745046,123.13013876555488
532,-0.1389265817465346,-15.35300708103745,0.35947924852371216,0.0,0.20266342163085938,0.0,0.44074973464012146,0.0,1.002892404794693,0.0,1942.1445110792993,123.13013876555488
533,-0.1389265817465346,-15.491933662783985,0.8088411688804626,0.0,0.23130178451538086,0.0,0.5053988695144653,0.0,1.5455418229103088,0.0,1943.6900529022096,123.13013876555488
534,-0.1389265817465346,-15.63086024453052,0.7412443161010742,0.0,0.24012890458106995,0.0,0.4574218690395355,0.0,1.4387950897216797,0.0,1945.1288479919313,123.13013876555488
535,-0.1389265817465346,-15.769786826277056,0.10188674181699753,0.0,0.5453171730041504,0.0,1.627450704574585,0.0,2.274654619395733,0.0,1947.403502611327,123.13013876555488
536,-0.05171718264118608,-15.821504008918241,0.0,0.3349442780017853,2.630465507507324,0.0,0.277704656124115,0.0,2.573225885629654,0.0,1949.9767284969566,123.13013876555488
537,-0.1884887094473941,-16.009992718365634,0.6012915372848511,0.0,8.60672664642334,0.0,0.0,0.053118281066417694,9.154899902641773,0.0,1959.1316283995984,123.13013876555488
538,-0.10732476335041419,-16.11731748171605,5.049656391143799,0.0,0.6161831021308899,0.0,0.0,0.7557549476623535,4.910084545612335,0.0,1964.0417129452107,123.13013876555488
539,0.1664926185521417,-15.95082486316391,0.0,1.144133448600769,0.0,0.03302929550409317,0.0,0.7057937979698181,0.0,1.8829565420746803,1964.0417129452107,125.01309530762956
540,0.08448625050437147,-15.866338612659538,0.0,1.3512507677078247,0.0,0.055979181081056595,0.6556565761566162,0.0,0.0,0.7515733726322651,1964.0417129452107,125.76466868026182
541,0.50510718392988,-15.361231428729658,0.16100461781024933,0.0,0.0,0.2069966048002243,1.017067313194275,0.0,0.9710753262042999,0.0,1965.012788271415,125.76466868026182
542,-0.001723694312732199,-15.36295512304239,1.6138585805892944,0.0,0.0,0.22782541811466217,0.0,0.19184717535972595,1.1941859871149063,0.0,1966.20697425853,125.76466868026182
543,-0.09984542331136234,-15.462800546353753,5.125609874725342,0.0,0.0,0.14418558776378632,0.13656233251094818,0.0,5.117986619472504,0.0,1971.3249608780025,125.76466868026182
544,-0.06937038441973069,-15.532170930773484,0.0,0.15848319232463837,0.0,0.10831863433122635,0.5795053839683533,0.0,0.31270355731248856,0.0,1971.637664435315,125.76466868026182
545,-0.1389222697724346,-15.671093200545918,0.1557205319404602,0.0,0.09623013436794281,0.0,0.3781822919845581,0.0,0.6301329582929611,0.0,1972.267797393608,125.76466868026182
546,-0.13892724246876043,-15.810020443014679,0.5393293499946594,0.0,0.7443056702613831,0.0,1.5175563097000122,0.0,2.8011913299560547,0.0,1975.068988723564,125.76466868026182
547,-0.13892744640009314,-15.948947889414772,1.2483209371566772,0.0,0.37605980038642883,0.0,0.7364838123321533,0.0,2.3608645498752594,0.0,1977.4298532734392,125.76466868026182
548,-0.13892749910728863,-16.08787538852206,1.3179078102111816,0.0,0.7311218976974487,0.0,0.7697017788887024,0.0,2.8187314867973328,0.0,1980.2485847602366,125.76466868026182
549,-0.13892749910728863,-16.22680288762935,1.0645350217819214,0.0,1.9067158699035645,0.0,0.8559170961380005,0.0,3.8271679878234863,0.0,1984.07575274806,125.76466868026182
550,-0.13892749910728863,-16.36573038673664,0.4219551980495453,0.0,1.3958427906036377,0.0,0.7539695501327515,0.0,2.5717675387859344,0.0,1986.647520286846,125.76466868026182
551,-0.13892749910728863,-16.50465788584393,0.3565279245376587,0.0,0.35499030351638794,0.0,0.6675926446914673,0.0,1.379110872745514,0.0,1988.0266311595915,125.76466868026182
552,-0.13892749910728863,-16.64358538495122,0.35817989706993103,0.0,0.18837593495845795,0.0,2.470717430114746,0.0,3.017273262143135,0.0,1991.0439044217346,125.76466868026182
553,-0.1389275389467351,-16.782512923897954,0.5204026699066162,0.0,0.41491979360580444,0.0,0.5803549885749817,0.0,1.5156774520874023,0.0,1992.559581873822,125.76466868026182
554,-0.1389275060047379,-16.92144042990269,1.0886574983596802,0.0,0.18506094813346863,0.0,0.42233139276504517,0.0,1.696049839258194,0.0,1994.2556317130802,125.76466868026182
555,-0.1389275060047379,-17.06036793590743,4.456811904907227,0.0,0.18778404593467712,0.0,0.4251149892807007,0.0,5.069710940122604,0.0,1999.3253426532028,125.76466868026182
556,-0.1389275060047379,-17.199295441912167,0.5066832900047302,0.0,0.20266477763652802,0.0,0.4407495856285095,0.0,1.1500976532697678,0.0,2000.4754403064726,125.76466868026182
557,-0.1389275060047379,-17.338222947916904,4.153679370880127,0.0,0.23130187392234802,0.0,0.5053991079330444,0.0,4.890380352735519,0.0,2005.365820659208,125.76466868026182
558,-0.1389275060047379,-17.47715045392164,3.0951383113861084,0.0,0.24192583560943604,0.0,0.4610174596309662,0.0,3.7980816066265106,0.0,2009.1639022658346,125.76466868026182
559,-0.1389275060047379,-17.61607795992638,0.06686551123857498,0.0,1.0617340803146362,0.0,0.5209553837776184,0.0,1.6495549753308296,0.0,2010.8134572411655,125.76466868026182
560,-0.058164466360289546,-17.674242426286668,0.0,0.33928772807121277,0.25032806396484375,0.0,0.4327746629714966,0.0,0.34381499886512756,0.0,2011.1572722400306,125.76466868026182
561,0.061270829092261114,-17.612971597194406,0.0,0.7328585982322693,1.4662138223648071,0.0,0.2756282389163971,0.0,1.008983463048935,0.0,2012.1662557030795,125.76466868026182
562,-0.10706151621851948,-17.720033113412924,0.0,0.2011585682630539,1.0738425254821777,0.0,0.0,0.04532427713274956,0.8273596800863743,0.0,2012.993615383166,125.76466868026182
563,0.32294915559686305,-17.39708395781606,0.0,2.5453848838806152,0.04830273613333702,0.0,0.0,0.26777032017707825,0.0,2.7648524679243565,2012.993615383166,128.52952114818618
564,0.3126884384461806,-17.08439551936988,6.9515228271484375,0.0,0.05427902936935425,0.0,0.0,0.2984482944011688,6.707353562116623,0.0,2019.7009689452825,128.52952114818618
565,0.04809244860981429,-17.036303070760066,2.0176165103912354,0.0,0.0,0.13424141705036163,0.0,0.5204309821128845,1.3629441112279892,0.0,2021.0639130565105,128.52952114818618
566,0.34746395283946946,-16.688839117920597,0.0,1.0497932434082031,0.0,0.20502284169197083,0.0,0.6096230149269104,0.0,1.8644391000270844,2021.0639130565105,130.39396024821326
567,0.15251202841383332,-16.536327089506763,0.0,0.7328367233276367,0.0,0.11404155939817429,0.0,0.27222687005996704,0.0,1.119105152785778,2021.0639130565105,131.51306540099904
568,-0.0726180805951101,-16.608945170101872,0.0,0.25466209650039673,0.9266557097434998,0.0,1.78467857837677,0.0,2.456672191619873,0.0,2023.5205852481304,131.51306540099904
569,-0.1389278469718982,-16.747873017073772,0.9294297695159912,0.0,0.08863086998462677,0.0,0.4616471529006958,0.0,1.4797077924013138,0.0,2025.0002930405317,131.51306540099904
570,-0.13892803803548187,-16.886801055109252,4.499146461486816,0.0,1.1756021976470947,0.0,4.0184478759765625,0.0,9.693196535110474,0.0,2034.6934895756422,131.51306540099904
571,-0.13892805780068018,-17.025729112909932,4.614792823791504,0.0,0.4567157030105591,0.0,3.7149782180786133,0.0,8.786486744880676,0.0,2043.4799763205228,131.51306540099904
572,-0.13892805780068018,-17.164657170710612,4.4310994148254395,0.0,0.6041749119758606,0.0,3.7884726524353027,0.0,8.823746979236603,0.0,2052.3037232997594,131.51306540099904
573,-0.13892805780068018,-17.30358522851129,1.5733652114868164,0.0,0.3396013677120209,0.0,4.139019012451172,0.0,6.051985591650009,0.0,2058.3557088914094,131.51306540099904
574,-0.13892805780068018,-17.44251328631197,2.0389115810394287,0.0,0.21260036528110504,0.0,1.156922698020935,0.0,3.408434644341469,0.0,2061.764143535751,131.51306540099904
575,-0.13892805780068018,-17.58144134411265,0.3754115402698517,0.0,2.220517158508301,0.0,0.6917968988418579,0.0,3.2877255976200104,0.0,2065.051869133371,131.51306540099904
576,-0.16363429132810886,-17.74507563544076,0.3581004738807678,0.0,0.05012684315443039,0.0,3.217642307281494,0.0,3.6258696243166924,0.0,2068.6777387576876,131.51306540099904
577,-0.13641759102445544,-17.881493226465214,0.44312745332717896,0.0,0.2204878032207489,0.0,3.159729242324829,0.0,3.823344498872757,0.0,2072.5010832565604,131.51306540099904
578,-0.14122634792996003,-18.022719574395175,0.3519946038722992,0.0,0.0,0.8201266527175903,2.5845561027526855,0.0,2.1164240539073944,0.0,2074.6175073104678,131.51306540099904
579,-0.14509606057008662,-18.16781563496526,0.48861226439476013,0.0,0.0,0.8940549492835999,1.953751564025879,0.0,1.5483088791370392,0.0,2076.165816189605,131.51306540099904
580,-0.3089574109596229,-18.476773045924883,0.354866623878479,0.0,0.0,0.04179932177066803,0.5014565587043762,0.0,0.8145238608121872,0.0,2076.980340050417,131.51306540099904
581,-0.21016603630421782,-18.686939082229102,3.6617395877838135,0.0,0.4087073504924774,0.0,3.0616793632507324,0.0,7.132126301527023,0.0,2084.112466351944,131.51306540099904
582,0.27102019981006986,-18.41591888241903,1.4922707080841064,0.0,4.926379680633545,0.0,3.5058560371398926,0.0,9.924506425857544,0.0,2094.0369727778016,131.51306540099904
583,0.09106113836914353,-18.324857744049886,1.383248209953308,0.0,3.694500207901001,0.0,3.4055399894714355,0.0,8.483288407325745,0.0,2102.5202611851273,131.51306540099904
584,-0.11736493975835943,-18.442222683808247,0.0,0.05307626724243164,2.674098014831543,0.0,3.311734676361084,0.0,5.932756423950195,0.0,2108.4530176090775,131.51306540099904
585,-0.15022214927597155,-18.59244483308422,0.0,0.4993742108345032,2.601872444152832,0.0,3.0557029247283936,0.0,5.158201158046722,0.0,2113.6112187671242,131.51306540099904
586,-0.2817159408423251,-18.874160773926544,0.31787174940109253,0.0,2.600144147872925,0.0,2.679048776626587,0.0,5.597064673900604,0.0,2119.208283441025,131.51306540099904
587,-0.035136552218771544,-18.909297326145314,0.0,1.713664174079895,0.6629552245140076,0.0,0.24899810552597046,0.0,0.0,0.801710844039917,2119.208283441025,132.31477624503896
588,0.30491571731451317,-18.6043816088308,0.0,3.0219051837921143,1.103028655052185,0.0,0.0,0.5216842293739319,0.0,2.440560758113861,2119.208283441025,134.75533700315282
589,0.7017719180325782,-17.902609690798222,2.3383162021636963,0.0,0.0,0.8842571377754211,0.07523192465305328,0.0,1.5292909890413284,0.0,2120.737574430066,134.75533700315282
590,0.12348868995553525,-17.779121000842686,0.3916627764701843,0.0,0.0,1.7862318754196167,0.0,0.39095625281333923,0.0,1.7855253517627716,2120.737574430066,136.5408623549156
591,0.5535095806583188,-17.225611420184368,0.0,0.6069393754005432,5.117250442504883,0.0,2.4677183628082275,0.0,6.978029429912567,0.0,2127.7156038599787,136.5408623549156
592,-0.12547225776481818,-17.351083677949187,0.05170638859272003,0.0,2.263653039932251,0.0,0.0,0.4318253993988037,1.8835340291261673,0.0,2129.599137889105,136.5408623549156
593,-0.16077589469999365,-17.511859572649183,0.0,0.0732540562748909,2.08701229095459,0.0,0.0,0.6964192390441895,1.3173389956355095,0.0,2130.9164768847404,136.5408623549156
594,0.24009447297860143,-17.27176509967058,0.0,0.5970020890235901,0.2523210644721985,0.0,2.3266448974609375,0.0,1.981963872909546,0.0,2132.89844075765,136.5408623549156
595,0.10494416056974831,-17.166820939100834,7.387324333190918,0.0,0.35670751333236694,0.0,1.3668042421340942,0.0,9.11083608865738,0.0,2142.0092768463073,136.5408623549156
596,-0.12954669912692074,-17.296367638227753,0.6805263757705688,0.0,0.4541052579879761,0.0,3.018254280090332,0.0,4.152885913848877,0.0,2146.162162760156,136.5408623549156
597,-0.13936156746540762,-17.43572920569316,1.5428833961486816,0.0,0.6405647993087769,0.0,0.8315765857696533,0.0,3.015024781227112,0.0,2149.1771875413833,136.5408623549156
598,-0.1388934973465057,-17.574622703039665,1.5017555952072144,0.0,0.20749101042747498,0.0,1.3324557542800903,0.0,3.0417023599147797,0.0,2152.218889901298,136.5408623549156
599,-0.14246038670989886,-17.717083089749565,0.35659006237983704,0.0,0.17370454967021942,0.0,2.866022825241089,0.0,3.3963174372911453,0.0,2155.6152073385892,136.5408623549156
600,-0.12361369389843468,-17.840696783648,0.3546527624130249,0.0,0.0,0.6354407668113708,3.198359727859497,0.0,2.917571723461151,0.0,2158.5327790620504,136.5408623549156
601,0.055156410051474314,-17.785540373596525,0.38905632495880127,0.0,1.103522539138794,0.0,0.8787654042243958,0.0,2.371344268321991,0.0,2160.9041233303724,136.5408623549156
602,-0.1499230593742215,-17.935463432970746,2.659701347351074,0.0,0.2146192342042923,0.0,0.46492424607276917,0.0,3.3392448276281357,0.0,2164.2433681580005,136.5408623549156
603,-0.11988173206759134,-18.055345165038336,4.856985092163086,0.0,0.18957215547561646,0.0,0.5033251643180847,0.0,5.549882411956787,0.0,2169.7932505699573,136.5408623549156
604,-0.13885041733470116,-18.194195582373037,5.457286834716797,0.0,0.2027975469827652,0.0,0.4664193391799927,0.0,6.126503720879555,0.0,2175.919754290837,136.5408623549156
605,-0.13992414460833524,-18.334119726981374,5.0478692054748535,0.0,0.23131056129932404,0.0,0.533854067325592,0.0,5.81303383409977,0.0,2181.7327881249366,136.5408623549156
606,-0.14497640570123432,-18.47909613268261,4.526725769042969,0.0,2.4818270206451416,0.0,3.2300045490264893,0.0,10.2385573387146,0.0,2191.9713454636512,136.5408623549156
607,-0.23342973784522558,-18.712525870527834,0.2045392096042633,0.0,0.2174951136112213,0.0,3.138540267944336,0.0,3.5605745911598206,0.0,2195.531920054811,136.5408623549156
608,-0.017284744268089014,-18.729810614795923,0.38757234811782837,0.0,2.3949990272521973,0.0,3.0500993728637695,0.0,5.832670748233795,0.0,2201.364590803045,136.5408623549156
609,-0.1606460730040462,-18.89045668779997,0.0,0.6913189888000488,2.423865556716919,0.0,1.2855737209320068,0.0,3.018120288848877,0.0,2204.3827110918937,136.5408623549156
610,-0.0007472626567516794,-18.89120395045672,0.0,2.382699728012085,1.6831588745117188,0.0,0.0,0.31694552302360535,0.0,1.0164863765239716,2204.3827110918937,137.55734873143956
611,-0.024935817629878454,-18.916139768086598,0.0,1.762898564338684,0.5840973258018494,0.0,0.0,0.47199466824531555,0.0,1.6507959067821503,2204.3827110918937,139.2081446382217
612,-0.004997663009489756,-18.92113743109609,0.0,1.0662981271743774,0.3146686553955078,0.0,0.0,0.1515575796365738,0.0,0.9031870514154434,2204.3827110918937,140.11133168963715
613,0.09928170837504594,-18.821855722721043,0.0,0.8234636783599854,1.744660496711731,0.0,0.5195433497428894,0.0,1.440740168094635,0.0,2205.8234512599884,140.11133168963715
614,0.08630315838939961,-18.735552564331645,0.0,1.0116024017333984,1.718812346458435,0.0,0.0,0.1981087476015091,0.5091011971235275,0.0,2206.332552457112,140.11133168963715
615,0.6157455098968843,-18.11980705443476,2.346299409866333,0.0,1.5842342376708984,0.0,0.0,0.7954145073890686,3.135119140148163,0.0,2209.46767159726,140.11133168963715
616,0.48877963219024423,-17.631027422244514,0.0,0.38469064235687256,0.3659985661506653,0.0,0.0,1.566894769668579,0.0,1.5855868458747864,2209.46767159726,141.69691853551194
617,0.06041147668448385,-17.570615945560032,0.3926987946033478,0.0,0.0,0.02768584154546261,5.060731410980225,0.0,5.42574436403811,0.0,2214.893415961298,141.69691853551194
618,-0.05796126630276677,-17.628577211862797,0.4022788107395172,0.0,0.0,0.7801831364631653,0.9889315962791443,0.0,0.6110272705554962,0.0,2215.5044432318537,141.69691853551194
619,0.07037368346353468,-17.55820352839926,0.7307979464530945,0.0,2.909940004348755,0.0,0.750999927520752,0.0,4.391737878322601,0.0,2219.8961811101763,141.69691853551194
620,-0.13090222627856196,-17.689105754677822,1.3896678686141968,0.0,1.5323405265808105,0.0,1.104852557182312,0.0,4.026860952377319,0.0,2223.9230420625536,141.69691853551194
621,-0.13942864735521798,-17.82853440203304,0.45464566349983215,0.0,2.640223264694214,0.0,0.8230037689208984,0.0,3.9178726971149445,0.0,2227.8409147596685,141.69691853551194
622,-0.1388994221435036,-17.967433824176542,0.42195364832878113,0.0,4.311054706573486,0.0,2.2710015773773193,0.0,7.004009932279587,0.0,2234.844924691948,141.69691853551194
623,-0.1389320286380733,-18.106365852814616,0.3565150797367096,0.0,0.6605097055435181,0.0,2.5195860862731934,0.0,3.536610871553421,0.0,2238.3815355635015,141.69691853551194
624,-0.13893401081915435,-18.245299863633768,0.3546372950077057,0.0,0.26322510838508606,0.0,1.6034302711486816,0.0,2.2212926745414734,0.0,2240.602828238043,141.69691853551194
625,-0.13999070615014864,-18.385290569783916,0.3531661033630371,0.0,0.19682027399539948,0.0,0.4225860834121704,0.0,0.972572460770607,0.0,2241.5754006988136,141.69691853551194
626,-0.13999070615014864,-18.525281275934063,0.42407137155532837,0.0,0.18504513800144196,0.0,0.4040285348892212,0.0,1.0131450444459915,0.0,2242.5885457432596,141.69691853551194
627,-0.13999070615014864,-18.66527198208421,3.7007813453674316,0.0,0.18777838349342346,0.0,0.4244208335876465,0.0,4.312980562448502,0.0,2246.901526305708,141.69691853551194
628,-0.13999074606663436,-18.805262728150844,4.287752628326416,0.0,0.20266327261924744,0.0,0.4232519865036011,0.0,4.9136678874492645,0.0,2251.8151941931574,141.69691853551194
629,-0.13999071310005018,-18.945253441250895,3.72849178314209,0.0,0.2313017100095749,0.0,2.658053159713745,0.0,6.61784665286541,0.0,2258.433040846023,141.69691853551194
630,-0.13999071310005018,-19.085244154350946,0.7705587148666382,0.0,0.31090888381004333,0.0,0.6031959652900696,0.0,1.684663563966751,0.0,2260.1177044099895,141.69691853551194
631,-0.13999071310005018,-19.225234867450997,0.3767377734184265,0.0,0.311292439699173,0.0,0.534617006778717,0.0,1.2226472198963165,0.0,2261.340351629886,141.69691853551194
632,-0.04205123238725428,-19.267286099838252,0.0,0.37331610918045044,3.088618516921997,0.0,1.0550696849822998,0.0,3.7703720927238464,0.0,2265.1107237226097,141.69691853551194
633,-0.09339288487775765,-19.36067898471601,0.0,0.717992901802063,2.018270254135132,0.0,0.7530280947685242,0.0,2.053305447101593,0.0,2267.1640291697113,141.69691853551194
634,0.07458871529852035,-19.28609026941749,0.0,0.9988547563552856,0.2560759484767914,0.0,0.0,0.7924900054931641,0.0,1.5352688133716583,2267.1640291697113,143.2321873488836
635,0.1429180854560187,-19.14317218396147,0.0,1.1645588874816895,0.5654796361923218,0.0,0.0,1.6733962297439575,0.0,2.272475481033325,2267.1640291697113,145.50466282991692
636,0.2882844911682787,-18.85488769279319,0.0,2.129610776901245,0.0,0.35986560583114624,0.0,1.3698819875717163,0.0,3.8593583703041077,2267.1640291697113,149.36402120022103
637,0.5540544105615522,-18.30083328223164,0.0,3.339925527572632,0.0,0.8228743672370911,0.0,0.8699869513511658,0.0,5.032786846160889,2267.1640291697113,154.39680804638192
638,1.0423637635681242,-17.258469518663517,2.462357521057129,0.0,0.0,1.8250950574874878,0.7568813562393188,0.0,1.39414381980896,0.0,2268.5581729895202,154.39680804638192
639,1.300847856184335,-15.957621662479182,0.0,0.5463939905166626,2.942688226699829,0.0,0.0,2.085325002670288,0.3109692335128784,0.0,2268.869142223033,154.39680804638192
640,-0.15822971644357026,-16.115851378922752,0.41999509930610657,0.0,0.0,0.052045006304979324,0.0,0.4839172959327698,0.0,0.11596720293164253,2268.869142223033,154.51277524931356
641,0.14682119981316566,-15.969030179109586,0.0,0.5863511562347412,0.0,0.05174204707145691,1.615553855895996,0.0,0.977460652589798,0.0,2269.846602875623,154.51277524931356
642,0.3589856595991301,-15.610044519510456,5.618556022644043,0.0,1.133668303489685,0.0,1.918091058731079,0.0,8.670315384864807,0.0,2278.5169182604877,154.51277524931356
643,-0.12053311363597086,-15.730577633146428,4.6526408195495605,0.0,0.3591042757034302,0.0,8.515826225280762,0.0,13.527571320533752,0.0,2292.0444895810215,154.51277524931356
644,-0.13886068319431955,-15.869438316340748,0.8511139750480652,0.0,1.1840404272079468,0.0,1.511209487915039,0.0,3.546363890171051,0.0,2295.5908534711925,154.51277524931356
645,-0.13992747106983572,-16.009365787410584,4.133485317230225,0.0,1.6680525541305542,0.0,1.3154304027557373,0.0,7.116968274116516,0.0,2302.707821745309,154.51277524931356
646,-0.13893377055985567,-16.14829955797044,0.4219481348991394,0.0,0.7328024506568909,0.0,1.0899823904037476,0.0,2.244732975959778,0.0,2304.952554721269,154.51277524931356
647,-0.13976050133374157,-16.288060059304183,0.3565894365310669,0.0,0.23342689871788025,0.0,3.282738447189331,0.0,3.872754782438278,0.0,2308.825309503707,154.51277524931356
648,-0.13792521052020268,-16.425985269824384,0.35463929176330566,0.0,0.3097526729106903,0.0,0.4614366292953491,0.0,1.125828593969345,0.0,2309.9511380976764,154.51277524931356
649,-0.1535666258240999,-16.579551895648486,4.0725908279418945,0.0,0.186716690659523,0.0,1.9284261465072632,0.0,6.187733665108681,0.0,2316.138871762785,154.51277524931356
650,-0.12324799001596576,-16.70279988566445,0.8602722883224487,0.0,0.18506361544132233,0.0,0.4227057099342346,0.0,1.4680416136980057,0.0,2317.606913376483,154.51277524931356
651,-0.13895767490391986,-16.84175756056837,4.45918083190918,0.0,0.18778058886528015,0.0,0.4244975745677948,0.0,5.071458995342255,0.0,2322.6783723718254,154.51277524931356
652,-0.1399301794546104,-16.98168774002298,4.457056045532227,0.0,0.20266398787498474,0.0,0.4408012926578522,0.0,5.1005213260650635,0.0,2327.7788936978905,154.51277524931356
653,-0.13999036995130565,-17.121678109974287,5.1748433113098145,0.0,0.23130223155021667,0.0,0.5053992867469788,0.0,5.91154482960701,0.0,2333.6904385274975,154.51277524931356
654,-0.13999407741267822,-17.261672187386964,2.706202983856201,0.0,0.24702095985412598,0.0,0.8096154928207397,0.0,3.762839436531067,0.0,2337.4532779640285,154.51277524931356
655,-0.1930156546001479,-17.454687841987113,0.8516807556152344,0.0,0.22305724024772644,0.0,2.5539815425872803,0.0,3.628719538450241,0.0,2341.0819975024788,154.51277524931356
656,0.016906480910684696,-17.43778136107643,0.0,1.1996639966964722,1.2639153003692627,0.0,4.684951305389404,0.0,4.749202609062195,0.0,2345.831200111541,154.51277524931356
657,-0.13656188126750268,-17.574343242343932,0.0,1.2564109563827515,2.377495050430298,0.0,6.367029190063477,0.0,7.488113284111023,0.0,2353.319313395652,154.51277524931356
658,-0.05194205000607255,-17.626285292350005,0.28498995304107666,0.0,2.1798312664031982,0.0,0.8980469703674316,0.0,3.3628681898117065,0.0,2356.6821815854637,154.51277524931356
659,-0.13843846884709338,-17.764723761197097,0.0,0.7646298408508301,0.7199517488479614,0.0,0.0,0.3513233959674835,0.0,0.3960014879703522,2356.6821815854637,154.90877673728392
660,0.2255816662304129,-17.539142094966685,0.0,2.858502149581909,0.0,0.22896511852741241,0.0,0.711544394493103,0.0,3.7990116626024246,2356.6821815854637,158.70778839988634
661,0.1488865526780042,-17.39025554228868,0.0,1.1585713624954224,0.3270712196826935,0.0,0.0,0.9176843762397766,0.0,1.7491845190525055,2356.6821815854637,160.45697291893885
662,0.05620699660096376,-17.33404854568772,0.7364920973777771,0.0,0.20890726149082184,0.0,0.0,1.7417206764221191,0.0,0.7963213175535202,2356.6821815854637,161.25329423649237
663,0.4129022285787637,-16.921146317108956,2.3227415084838867,0.0,2.0968289375305176,0.0,0.0,0.5775881409645081,3.8419823050498962,0.0,2360.5241638905136,161.25329423649237
664,0.09648219411463277,-16.824664122994324,0.1622443050146103,0.0,0.0,0.1694985032081604,1.3253270387649536,0.0,1.3180728405714035,0.0,2361.842236731085,161.25329423649237
665,0.3510386646257976,-16.473625458368527,0.0,0.06588954478502274,0.0,0.9743683934211731,4.056112766265869,0.0,3.0158548280596733,0.0,2364.8580915591447,161.25329423649237
666,0.07979113993076492,-16.39383431843776,0.4105873107910156,0.0,1.2584245204925537,0.0,0.6419901251792908,0.0,2.31100195646286,0.0,2367.1690935156075,161.25329423649237
667,-0.13035756249123587,-16.524191880928996,2.2554337978363037,0.0,0.4070340692996979,0.0,2.30888295173645,0.0,4.971350818872452,0.0,2372.14044433448,161.25329423649237
668,-0.13942474072370548,-16.6636166216527,0.7074624300003052,0.0,0.370449423789978,0.0,3.8465871810913086,0.0,4.924499034881592,0.0,2377.0649433693616,161.25329423649237
669,-0.13996191950276682,-16.803578541155467,7.028012752532959,0.0,0.5975111126899719,0.0,9.458715438842773,0.0,17.084239304065704,0.0,2394.1491826734273,161.25329423649237
670,-0.13893836986635888,-16.942516911021826,0.5043409466743469,0.0,0.4425918757915497,0.0,1.6886764764785767,0.0,2.6356092989444733,0.0,2396.7847919723717,161.25329423649237
671,-0.1389404643592802,-17.081457375381106,0.38057637214660645,0.0,0.7016152143478394,0.0,1.2058086395263672,0.0,2.288000226020813,0.0,2399.0727921983926,161.25329423649237
672,-0.1389405697736712,-17.220397945154776,0.401231974363327,0.0,0.1994984894990921,0.0,0.4277658760547638,0.0,1.028496339917183,0.0,2400.1012885383097,161.25329423649237
673,-0.13999715565878068,-17.360395100813555,0.3559521436691284,0.0,0.7506680488586426,0.0,1.4834558963775635,0.0,2.5900760889053345,0.0,2402.691364627215,161.25329423649237
674,-0.13999715565878068,-17.500392256472335,5.809422969818115,0.0,0.297526091337204,0.0,2.163813591003418,0.0,8.270762652158737,0.0,2410.962127279374,161.25329423649237
675,-0.13999715565878068,-17.640389412131114,4.46004056930542,0.0,0.18778365850448608,0.0,0.8851431012153625,0.0,5.5329673290252686,0.0,2416.495094608399,161.25329423649237
676,-0.13999715565878068,-17.780386567789893,4.454221248626709,0.0,0.20266343653202057,0.0,0.440757691860199,0.0,5.0976423770189285,0.0,2421.592736985418,161.25329423649237
677,-0.1399971955752664,-17.92038376336516,4.457704544067383,0.0,0.2314911186695099,0.0,0.5160573720932007,0.0,5.205253034830093,0.0,2426.797990020248,161.25329423649237
678,-0.13999716260868222,-18.060380925973842,1.271641731262207,0.0,1.0630345344543457,0.0,0.47726309299468994,0.0,2.8119393587112427,0.0,2429.6099293789594,161.25329423649237
679,-0.12084618810210312,-18.181227114075945,0.0,0.6876811385154724,2.312511682510376,0.0,0.5884161591529846,0.0,2.213246703147888,0.0,2431.8231760821072,161.25329423649237
680,0.06579003928857152,-18.115437074787373,0.0,2.287963628768921,2.4731013774871826,0.0,0.22577761113643646,0.0,0.4109153598546982,0.0,2432.234091441962,161.25329423649237
681,0.1837707632702843,-17.931666311517088,2.7906782627105713,0.0,0.27323123812675476,0.0,0.10784199833869934,0.0,3.1717514991760254,0.0,2435.405842941138,161.25329423649237
682,-0.0646971934269258,-17.996363504944014,0.0,0.06626326590776443,0.38744014501571655,0.0,0.0,0.08650650084018707,0.23467037826776505,0.0,2435.6405133194057,161.25329423649237
683,-0.18666853848453474,-18.18303204342855,0.0,1.1804834604263306,0.0,0.016102612018585205,1.626574993133545,0.0,0.42998892068862915,0.0,2436.0705022400944,161.25329423649237
684,0.4099472167870416,-17.773084826641508,0.0,3.200863838195801,0.6323210000991821,0.0,0.0,0.6969612836837769,0.0,3.2655041217803955,2436.0705022400944,164.51879835827276
685,0.38204235900303385,-17.391042467638474,0.0,1.217344880104065,0.0,0.23408706486225128,0.0,1.8874889612197876,0.0,3.338920906186104,2436.0705022400944,167.85771926445886
686,0.21742314506716984,-17.173619322571305,0.0,1.0789623260498047,0.0,0.23119303584098816,0.0,1.4265881776809692,0.0,2.736743539571762,2436.0705022400944,170.59446280403063
687,0.19391594167553228,-16.979703380895774,2.272801637649536,0.0,2.041834831237793,0.0,0.0,0.1729283630847931,4.141708105802536,0.0,2440.212210345897,170.59446280403063
688,-0.22845134849224835,-17.208154729388024,0.5828047394752502,0.0,2.081509828567505,0.0,0.0,0.4082888960838318,2.2560256719589233,0.0,2442.468236017856,170.59446280403063
689,-0.009796606351640064,-17.217951335739663,1.3585246801376343,0.0,0.0,0.01805536262691021,1.6987892389297485,0.0,3.0392585564404726,0.0,2445.5074945742963,170.59446280403063
690,0.20267488970308156,-17.01527644603658,1.654226303100586,0.0,0.0,0.7891690135002136,9.272028923034668,0.0,10.13708621263504,0.0,2455.6445807869313,170.59446280403063
691,0.07960614604369542,-16.935670299992886,1.0977102518081665,0.0,1.602664589881897,0.0,1.1028867959976196,0.0,3.803261637687683,0.0,2459.447842424619,170.59446280403063
692,-0.13039413393430754,-17.066064433927192,0.4487657845020294,0.0,0.412802129983902,0.0,0.8296046257019043,0.0,1.6911725401878357,0.0,2461.139014964807,170.59446280403063
693,-0.13940899186522238,-17.205473425792412,0.45464766025543213,0.0,0.4018728733062744,0.0,0.8539079427719116,0.0,1.7104284763336182,0.0,2462.8494434411405,170.59446280403063
694,-0.1389071599013607,-17.344380585693774,0.5737204551696777,0.0,0.3829048275947571,0.0,1.1627522706985474,0.0,2.119377553462982,0.0,2464.9688209946034,170.59446280403063
695,-0.13894138652409227,-17.483321972217865,0.35650545358657837,0.0,0.2132546454668045,0.0,2.0676515102386475,0.0,2.6374116092920303,0.0,2467.6062326038955,170.59446280403063
696,-0.1389435337242091,-17.622265505942075,0.3552655279636383,0.0,0.18788674473762512,0.0,3.1212360858917236,0.0,3.664388358592987,0.0,2471.2706209624885,170.59446280403063
697,-0.1389435795339553,-17.76120908547603,0.47683441638946533,0.0,0.18893413245677948,0.0,3.199537992477417,0.0,3.865306541323662,0.0,2475.135927503812,170.59446280403063
698,-0.1389436322411508,-17.90015271771718,0.5236056447029114,0.0,0.21306267380714417,0.0,2.5976974964141846,0.0,3.33436581492424,0.0,2478.4702933187364,170.59446280403063
699,-0.1676762590572238,-18.067828976774404,3.8886356353759766,0.0,0.0,0.06764940917491913,0.610533595085144,0.0,4.4315198212862015,0.0,2482.9018131400226,170.59446280403063
700,-0.08032513289319843,-18.1481541096676,3.1595988273620605,0.0,0.4803192913532257,0.0,0.441061407327652,0.0,4.080979526042938,0.0,2486.9827926660655,170.59446280403063
701,-0.13672602310693854,-18.28488013277454,4.430592060089111,0.0,0.24210530519485474,0.0,0.5055468678474426,0.0,5.178244233131409,0.0,2492.161036899197,170.59446280403063
702,-0.1388064006569505,-18.42368653343149,0.6086512207984924,0.0,0.24494294822216034,0.0,3.1221423149108887,0.0,3.9757364839315414,0.0,2496.1367733831285,170.59446280403063
703,-0.13893525921426297,-18.562621792645754,1.3076167106628418,0.0,0.200801819562912,0.0,3.094034433364868,0.0,4.602452963590622,0.0,2500.739226346719,170.59446280403063
704,-0.13894320173348573,-18.70156499437924,0.7649182081222534,0.0,0.2650914192199707,0.0,3.082223415374756,0.0,4.11223304271698,0.0,2504.851459389436,170.59446280403063
705,-0.13894366920079593,-18.840508663580035,1.9059165716171265,0.0,0.6586483716964722,0.0,3.623567819595337,0.0,6.1881327629089355,0.0,2511.039592152345,170.59446280403063
706,-0.13894372190799142,-18.979452385488027,1.2214299440383911,0.0,0.10097198933362961,0.0,2.597891092300415,0.0,3.9202930256724358,0.0,2514.9598851780174,170.59446280403063
707,0.2974208530829829,-18.682031532405045,0.0,1.978702187538147,0.0022145635448396206,0.0,0.0,0.31642356514930725,0.0,2.2929111891426146,2514.9598851780174,172.88737399317324
708,0.16468707617563005,-18.517344456229416,0.0,1.3481271266937256,0.06537080556154251,0.0,0.0,0.05192448943853378,0.0,1.3346808105707169,2514.9598851780174,174.22205480374396
709,0.21187913495255203,-18.305465321276863,0.22402025759220123,0.0,0.0,0.16316229104995728,0.0,0.24625630676746368,0.0,0.18539834022521973,2514.9598851780174,174.40745314396918
710,0.22548874830635107,-18.079976572970512,0.0,0.45438021421432495,0.0,1.0694029331207275,0.0,0.4734492003917694,0.0,1.997232347726822,2514.9598851780174,176.404685491696
711,0.27502061155924445,-17.804955961411267,0.0,0.6930091977119446,0.9689710736274719,0.0,0.0,0.09271997958421707,0.18324189633131027,0.0,2515.1431270743487,176.404685491696
712,-0.04636794395186106,-17.851323905363127,0.0,0.9405510425567627,1.4424511194229126,0.0,0.10959063470363617,0.0,0.6114907115697861,0.0,2515.7546177859185,176.404685491696
713,0.06460348530506188,-17.786720420058067,1.1722352504730225,0.0,0.04274550452828407,0.0,0.6631360650062561,0.0,1.8781168200075626,0.0,2517.632734605926,176.404685491696
714,-0.13029537405122182,-17.91701579410929,4.370710849761963,0.0,0.5010897517204285,0.0,1.248573899269104,0.0,6.120374500751495,0.0,2523.7531091066776,176.404685491696
715,-0.13841910934985618,-18.055434903459147,4.868923664093018,0.0,0.4686770439147949,0.0,0.9813933372497559,0.0,6.318994045257568,0.0,2530.072103151935,176.404685491696
716,-0.13891213129111746,-18.194347034750265,3.7240312099456787,0.0,0.36511051654815674,0.0,1.0761497020721436,0.0,5.165291428565979,0.0,2535.237394580501,176.404685491696
717,-0.13894259058557035,-18.333289625335837,5.106525897979736,0.0,0.3880482614040375,0.0,1.0509878396987915,0.0,6.545561999082565,0.0,2541.7829565795837,176.404685491696
718,-0.1389444673522604,-18.472234092688097,0.5388504266738892,0.0,0.1936839520931244,0.0,2.6799890995025635,0.0,3.412523478269577,0.0,2545.1954800578533,176.404685491696
