time_step,reward,all_rewards,grid_import_Building_1_kwh,export_Building_1_kwh,grid_import_Building_2_kwh,export_Building_2_kwh,grid_import_Building_3_kwh,export_Building_3_kwh,grid_import_kwh,export_kwh,cumulative_grid_import_kwh,cumulative_export_kwh
0,-4.285096645355225,-4.285096645355225,2.033644199371338,0.0,0.5619984865188599,0.0,1.689454197883606,0.0,4.285096883773804,0.0,4.285096883773804,0.0
1,-1.5053914785385132,-5.790488123893738,0.8462807536125183,0.0,0.18591776490211487,0.0,0.47319296002388,0.0,1.5053914785385132,0.0,5.790488362312317,0.0
2,-1.9171221256256104,-7.707610249519348,1.2869873046875,0.0,0.18461598455905914,0.0,0.4455188810825348,0.0,1.917122170329094,0.0,7.707610532641411,0.0
3,-0.7592623233795166,-8.466872572898865,0.13846197724342346,0.0,0.1873515099287033,0.0,0.433448851108551,0.0,0.7592623382806778,0.0,8.466872870922089,0.0
4,-1.2405186891555786,-9.707391262054443,0.6031216979026794,0.0,0.20223666727542877,0.0,0.4351603388786316,0.0,1.2405187040567398,0.0,9.707391574978828,0.0
5,-1.7313138246536255,-11.438705086708069,1.00062894821167,0.0,0.23087537288665771,0.0,0.49980950355529785,0.0,1.7313138246536255,0.0,11.438705399632454,0.0
6,-2.8889198303222656,-14.327624917030334,1.607621669769287,0.0,0.24817126989364624,0.0,1.033126950263977,0.0,2.8889198899269104,0.0,14.327625289559364,0.0
7,-1.763502597808838,-16.091127514839172,0.5342340469360352,0.0,0.3452141582965851,0.0,0.8840543627738953,0.0,1.7635025680065155,0.0,16.09112785756588,0.0
8,-9.774259567260742,-25.865387082099915,4.653266429901123,0.0,2.933849573135376,0.0,2.187143325805664,0.0,9.774259328842163,0.0,25.865387186408043,0.0
9,-3.2866463661193848,-29.1520334482193,0.48263463377952576,0.0,0.6722479462623596,0.0,2.1317636966705322,0.0,3.2866462767124176,0.0,29.15203346312046,0.0
10,-1.7394952774047852,-30.891528725624084,0.0,0.3569531738758087,0.6334824562072754,0.0,1.284489393234253,0.0,1.5610186755657196,0.0,30.71305213868618,0.0
11,-3.455195903778076,-34.34672462940216,1.8172708749771118,0.0,0.6685148477554321,0.0,0.969410240650177,0.0,3.455195963382721,0.0,34.1682481020689,0.0
12,-1.9672014713287354,-36.313926100730896,0.26597872376441956,0.0,0.9704316258430481,0.0,0.7307910919189453,0.0,1.967201441526413,0.0,36.135449543595314,0.0
13,1.102728009223938,-35.21119809150696,0.0,1.293045997619629,0.0,0.2805768847465515,0.0,0.6318330764770508,0.0,2.205455958843231,36.135449543595314,2.205455958843231
14,0.32253676652908325,-34.888661324977875,0.14631269872188568,0.0,0.0,0.163893923163414,0.0,0.7738050222396851,0.0,0.7913862466812134,36.135449543595314,2.9968422055244446
15,-1.0793534517288208,-35.968014776706696,0.0,0.1656838059425354,1.0962364673614502,0.0,0.06595885753631592,0.0,0.9965115189552307,0.0,37.131961062550545,2.9968422055244446
16,-0.17243023216724396,-36.14044500887394,0.0,0.005599771626293659,0.2912794053554535,0.0,0.0,0.2320985496044159,0.05358108412474394,0.0,37.18554214667529,2.9968422055244446
17,-0.1557925045490265,-36.296237513422966,0.0,0.6013769507408142,0.3064201772212982,0.0,0.15006080269813538,0.0,0.0,0.14489597082138062,37.18554214667529,3.141738176345825
18,-1.3845665454864502,-37.680804058909416,0.45572081208229065,0.0,0.16118374466896057,0.0,0.7676620483398438,0.0,1.384566605091095,0.0,38.570108751766384,3.141738176345825
19,-2.449136972427368,-40.129941031336784,1.076824426651001,0.0,0.3912005126476288,0.0,0.9811120629310608,0.0,2.4491370022296906,0.0,41.019245753996074,3.141738176345825
20,-2.3802783489227295,-42.510219380259514,0.5288646817207336,0.0,0.780853271484375,0.0,1.0705604553222656,0.0,2.3802784085273743,0.0,43.39952416252345,3.141738176345825
21,-3.286937713623047,-45.79715709388256,0.9365671873092651,0.0,0.3876185119152069,0.0,1.962751865386963,0.0,3.286937564611435,0.0,46.68646172713488,3.141738176345825
22,-2.5829672813415527,-48.38012437522411,0.4215100109577179,0.0,0.19325745105743408,0.0,1.9681999683380127,0.0,2.5829674303531647,0.0,49.26942915748805,3.141738176345825
23,-2.5820488929748535,-50.96217326819897,0.3560788035392761,0.0,0.18901224434375763,0.0,2.0369577407836914,0.0,2.582048788666725,0.0,51.85147794615477,3.141738176345825
24,-1.426000952720642,-52.38817422091961,0.35421058535575867,0.0,0.6497098207473755,0.0,0.42208048701286316,0.0,1.4260008931159973,0.0,53.27747883927077,3.141738176345825
25,-0.8585190176963806,-53.24669323861599,0.3527388870716095,0.0,0.08677828311920166,0.0,0.41900184750556946,0.0,0.8585190176963806,0.0,54.13599785696715,3.141738176345825
26,-0.6961455345153809,-53.94283877313137,0.3514370918273926,0.0,0.0,0.14378903806209564,0.4166029393672943,0.0,0.6242509931325912,0.0,54.76024885009974,3.141738176345825
27,-1.7218046188354492,-55.66464339196682,0.35007867217063904,0.0,0.18417595326900482,0.0,1.1875500679016113,0.0,1.7218046933412552,0.0,56.482053543441,3.141738176345825
28,-1.992091417312622,-57.65673480927944,1.3546943664550781,0.0,0.20223666727542877,0.0,0.4351603388786316,0.0,1.9920913726091385,0.0,58.474144916050136,3.141738176345825
29,-2.0965375900268555,-59.7532723993063,1.3658525943756104,0.0,0.23087537288665771,0.0,0.49980950355529785,0.0,2.096537470817566,0.0,60.5706823868677,3.141738176345825
30,-2.2655327320098877,-62.018805131316185,1.5632872581481934,0.0,0.24327263236045837,0.0,0.4589728116989136,0.0,2.2655327022075653,0.0,62.83621508907527,3.141738176345825
31,-0.6211431622505188,-62.639948293566704,0.0,0.12629540264606476,0.19240280985832214,0.0,0.49188804626464844,0.0,0.5579954534769058,0.0,63.39421054255217,3.141738176345825
32,-1.6415029764175415,-64.28145126998425,0.0,0.3188314735889435,1.310782790184021,0.0,0.49013590812683105,0.0,1.4820872247219086,0.0,64.87629776727408,3.141738176345825
33,-0.15306362509727478,-64.43451489508152,0.0,0.469211608171463,0.13957519829273224,0.0,0.24809423089027405,0.0,0.0,0.08154217898845673,64.87629776727408,3.223280355334282
34,-0.4353530704975128,-64.86986796557903,0.06265433132648468,0.0,0.38181352615356445,0.0,0.0,0.018229525536298752,0.4262383319437504,0.0,65.30253609921783,3.223280355334282
35,-0.4383973777294159,-65.30826534330845,0.3224653899669647,0.0,0.2233913242816925,0.0,0.0,0.21491865813732147,0.33093805611133575,0.0,65.63347415532917,3.223280355334282
36,-4.550723075866699,-69.85898841917515,4.797369956970215,0.0,0.0,0.04580845683813095,0.0,0.4474849998950958,4.304076500236988,0.0,69.93755065556616,3.223280355334282
37,-1.3685321807861328,-71.22752059996128,1.7521350383758545,0.0,0.0,0.17027628421783447,0.0,0.596929669380188,0.984929084777832,0.0,70.92247974034399,3.223280355334282
38,0.31909433007240295,-70.90842626988888,0.0,0.5143934488296509,0.0,0.05979296937584877,0.0,0.06400222331285477,0.0,0.6381886415183544,70.92247974034399,3.8614689968526363
39,-0.3211420774459839,-71.22956834733486,0.0,0.6550762057304382,0.7720916271209717,0.0,0.0,0.24682287871837616,0.0,0.1298074573278427,70.92247974034399,3.991276454180479
40,-1.1289808750152588,-72.35854922235012,0.447745680809021,0.0,0.19314506649971008,0.0,0.4880902171134949,0.0,1.128980964422226,0.0,72.05146070476621,3.991276454180479
41,-0.28873252868652344,-72.64728175103664,0.0,0.14580199122428894,0.0,0.00994577631354332,0.3666064143180847,0.0,0.21085864678025246,0.0,72.26231935154647,3.991276454180479
42,-2.4748167991638184,-75.12209855020046,1.109107494354248,0.0,0.2910788059234619,0.0,1.074630618095398,0.0,2.474816918373108,0.0,74.73713626991957,3.991276454180479
43,-1.703869104385376,-76.82596765458584,0.7583456039428711,0.0,0.21914196014404297,0.0,0.7263814806938171,0.0,1.7038690447807312,0.0,76.4410053147003,3.991276454180479
44,-2.9432787895202637,-79.7692464441061,2.2908387184143066,0.0,0.20169100165367126,0.0,0.4507490396499634,0.0,2.9432787597179413,0.0,79.38428407441825,3.991276454180479
45,-1.530853033065796,-81.3000994771719,0.6353296637535095,0.0,0.19623863697052002,0.0,0.6992846727371216,0.0,1.5308529734611511,0.0,80.9151370478794,3.991276454180479
46,-1.4290204048156738,-82.72911988198757,0.5435421466827393,0.0,0.19325745105743408,0.0,0.6922207474708557,0.0,1.429020345211029,0.0,82.34415739309043,3.991276454180479
47,-0.9907427430152893,-83.71986262500286,0.37498530745506287,0.0,0.18901224434375763,0.0,0.4267451763153076,0.0,0.9907427281141281,0.0,83.33490012120456,3.991276454180479
48,-0.9636238813400269,-84.68348650634289,0.35421058535575867,0.0,0.18733283877372742,0.0,0.42208048701286316,0.0,0.9636239111423492,0.0,84.2985240323469,3.991276454180479
49,-0.9576585292816162,-85.6411450356245,0.3527388870716095,0.0,0.18591776490211487,0.0,0.41900184750556946,0.0,0.9576584994792938,0.0,85.2561825318262,3.991276454180479
50,-0.9526560306549072,-86.59380106627941,0.3514370918273926,0.0,0.18461598455905914,0.0,0.4166029393672943,0.0,0.952656015753746,0.0,86.20883854757994,3.991276454180479
51,-0.9410372972488403,-87.53483836352825,0.3348560631275177,0.0,0.1873515099287033,0.0,0.4188297688961029,0.0,0.9410373419523239,0.0,87.14987588953227,3.991276454180479
52,-0.9860039949417114,-88.52084235846996,0.34860697388648987,0.0,0.20223666727542877,0.0,0.4351603388786316,0.0,0.9860039800405502,0.0,88.13587986957282,3.991276454180479
53,-1.079461932182312,-89.60030429065228,0.3487769067287445,0.0,0.23087537288665771,0.0,0.499809592962265,0.0,1.0794618725776672,0.0,89.21534174215049,3.991276454180479
54,-0.9919222593307495,-90.59222654998302,0.30258339643478394,0.0,0.23897044360637665,0.0,0.4503684341907501,0.0,0.9919222742319107,0.0,90.2072640163824,3.991276454180479
55,-1.1287806034088135,-91.72100715339184,0.5197288393974304,0.0,0.2986651062965393,0.0,0.31038662791252136,0.0,1.128780573606491,0.0,91.33604458998889,3.991276454180479
56,-1.865159034729004,-93.58616618812084,0.794775664806366,0.0,0.2044009417295456,0.0,0.8659823536872864,0.0,1.865158960223198,0.0,93.20120355021209,3.991276454180479
57,-0.38376539945602417,-93.96993158757687,0.0,0.5403615236282349,0.22833411395549774,0.0,0.42561206221580505,0.0,0.11358465254306793,0.0,93.31478820275515,3.991276454180479
58,-0.42209988832473755,-94.3920314759016,0.0,0.8445625305175781,0.04807596653699875,0.0,0.7963051795959473,0.0,0.0,0.0001813843846321106,93.31478820275515,3.991457838565111
59,-0.5913479328155518,-94.98337940871716,0.0,1.0440348386764526,1.2745845317840576,0.0,0.0,0.3224382996559143,0.0,0.09188860654830933,93.31478820275515,4.0833464451134205
60,0.23664015531539917,-94.74673925340176,0.0,1.0866937637329102,0.3657621741294861,0.0,0.0,0.11811089515686035,0.0,0.8390424847602844,93.31478820275515,4.922388929873705
61,-6.529631614685059,-101.27637086808681,0.0,0.7644610404968262,0.0,0.18274803459644318,7.003236293792725,0.0,6.056027218699455,0.0,99.37081542145461,4.922388929873705
62,0.4558754563331604,-100.82049541175365,0.0,0.6829460859298706,0.0,0.16892418265342712,0.0,0.05988061800599098,0.0,0.9117508865892887,99.37081542145461,5.834139816462994
63,-2.079639196395874,-102.90013460814953,1.561369776725769,0.0,0.0,0.013574364595115185,0.5250566601753235,0.0,2.0728520723059773,0.0,101.44366749376059,5.834139816462994
64,-2.13383150100708,-105.03396610915661,0.9007319211959839,0.0,0.011278570629656315,0.0,1.2218209505081177,0.0,2.133831442333758,0.0,103.57749893609434,5.834139816462994
65,-1.0445339679718018,-106.07850007712841,0.14395681023597717,0.0,0.21786905825138092,0.0,0.6827080249786377,0.0,1.0445338934659958,0.0,104.62203282956034,5.834139816462994
66,-3.2661426067352295,-109.34464268386364,0.9867361783981323,0.0,0.313500314950943,0.0,1.9659061431884766,0.0,3.266142636537552,0.0,107.88817546609789,5.834139816462994
67,-2.5142626762390137,-111.85890536010265,0.8331621885299683,0.0,0.35911455750465393,0.0,1.3219858407974243,0.0,2.5142625868320465,0.0,110.40243805292994,5.834139816462994
68,-2.139162540435791,-113.99806790053844,0.6107575297355652,0.0,0.36468249559402466,0.0,1.1637225151062012,0.0,2.139162540435791,0.0,112.54160059336573,5.834139816462994
69,-2.2731752395629883,-116.27124314010143,0.6353296637535095,0.0,0.4478263854980469,0.0,1.1900190114974976,0.0,2.273175060749054,0.0,114.81477565411478,5.834139816462994
70,-1.111764669418335,-117.38300780951977,0.48252609372138977,0.0,0.19325745105743408,0.0,0.4359810948371887,0.0,1.1117646396160126,0.0,115.9265402937308,5.834139816462994
71,-1.48699951171875,-118.87000732123852,0.8712420463562012,0.0,0.18901224434375763,0.0,0.4267451763153076,0.0,1.4869994670152664,0.0,117.41353976074606,5.834139816462994
72,-0.968881368637085,-119.8388886898756,0.3594680726528168,0.0,0.18733283877372742,0.0,0.42208048701286316,0.0,0.9688813984394073,0.0,118.38242115918547,5.834139816462994
73,-0.9576585292816162,-120.79654721915722,0.3527388870716095,0.0,0.18591776490211487,0.0,0.41900184750556946,0.0,0.9576584994792938,0.0,119.34007965866476,5.834139816462994
74,-0.9526560306549072,-121.74920324981213,0.3514370918273926,0.0,0.18461598455905914,0.0,0.4166029393672943,0.0,0.952656015753746,0.0,120.29273567441851,5.834139816462994
75,-0.9410372972488403,-122.69024054706097,0.3348560631275177,0.0,0.1873515099287033,0.0,0.4188297688961029,0.0,0.9410373419523239,0.0,121.23377301637083,5.834139816462994
76,-0.9860039949417114,-123.67624454200268,0.34860697388648987,0.0,0.20223666727542877,0.0,0.4351603388786316,0.0,0.9860039800405502,0.0,122.21977699641138,5.834139816462994
77,-2.1263625621795654,-125.80260710418224,1.3677350282669067,0.0,0.23087537288665771,0.0,0.5277521014213562,0.0,2.1263625025749207,0.0,124.3461394989863,5.834139816462994
78,-2.527252197265625,-128.32985930144787,0.3598918616771698,0.0,0.25422030687332153,0.0,1.9131399393081665,0.0,2.527252107858658,0.0,126.87339160684496,5.834139816462994
79,-1.490822196006775,-129.82068149745464,0.500566840171814,0.0,0.3611260652542114,0.0,0.6291292905807495,0.0,1.490822196006775,0.0,128.36421380285174,5.834139816462994
80,-2.233278274536133,-132.05395977199078,0.14558805525302887,0.0,0.36487680673599243,0.0,1.722813367843628,0.0,2.2332782298326492,0.0,130.59749203268439,5.834139816462994
81,-0.8090771436691284,-132.8630369156599,0.0,0.19974814355373383,0.37557753920555115,0.0,0.5333736538887024,0.0,0.7092030495405197,0.0,131.3066950822249,5.834139816462994
82,-1.347111701965332,-134.21014861762524,0.10277063399553299,0.0,0.30680543184280396,0.0,0.9375356435775757,0.0,1.3471117094159126,0.0,132.65380679164082,5.834139816462994
83,-0.3592113256454468,-134.56935994327068,0.0,0.3503643572330475,0.2927956283092499,0.0,0.24159787595272064,0.0,0.18402914702892303,0.0,132.83783593866974,5.834139816462994
84,-0.7681233286857605,-135.33748327195644,0.0,0.48728668689727783,0.19740678369998932,0.0,0.8143599033355713,0.0,0.5244800001382828,0.0,133.36231593880802,5.834139816462994
85,-0.0011607259511947632,-135.33864399790764,0.0,0.10344289988279343,0.08687037974596024,0.0,0.0,0.06797640770673752,0.0,0.08454892784357071,133.36231593880802,5.918688744306564
86,0.11889495700597763,-135.21974904090166,0.0,0.5747829079627991,0.08487845957279205,0.0,0.08361803740262985,0.0,0.0,0.40628641098737717,133.36231593880802,6.3249751552939415
87,0.44952327013015747,-134.7702257707715,0.0,0.6318455934524536,0.03208257630467415,0.0,0.0,0.3313661217689514,0.0,0.9311291389167309,133.36231593880802,7.256104294210672
88,0.013818170875310898,-134.7564075998962,0.0,0.3609931766986847,0.19390042126178741,0.0,0.0,0.05444400757551193,0.0,0.2215367630124092,133.36231593880802,7.477641057223082
89,-2.507204532623291,-137.26361213251948,0.9598867297172546,0.0,1.2953776121139526,0.0,0.25194022059440613,0.0,2.5072045624256134,0.0,135.86952050123364,7.477641057223082
90,-1.5222392082214355,-138.78585134074092,0.398721843957901,0.0,0.29576143622398376,0.0,0.827755868434906,0.0,1.5222391486167908,0.0,137.39175964985043,7.477641057223082
91,-1.805208683013916,-140.59106002375484,0.5945645570755005,0.0,0.4842626452445984,0.0,0.7263814806938171,0.0,1.805208683013916,0.0,139.19696833286434,7.477641057223082
92,-2.0617852210998535,-142.6528452448547,0.9364479184150696,0.0,0.36468249559402466,0.0,0.7606547474861145,0.0,2.0617851614952087,0.0,141.25875349435955,7.477641057223082
93,-1.748924732208252,-144.40176997706294,0.5447744131088257,0.0,0.3876185119152069,0.0,0.8165318369865417,0.0,1.7489247620105743,0.0,143.00767825637013,7.477641057223082
94,-1.9517195224761963,-146.35348949953914,0.6589604616165161,0.0,0.3296126127243042,0.0,0.963146448135376,0.0,1.9517195224761963,0.0,144.95939777884632,7.477641057223082
95,-1.1967880725860596,-147.5502775721252,0.3560788035392761,0.0,0.3141602873802185,0.0,0.5265489816665649,0.0,1.1967880725860596,0.0,146.15618585143238,7.477641057223082
96,-0.9942672252655029,-148.5445447973907,0.35421058535575867,0.0,0.18733283877372742,0.0,0.45272377133369446,0.0,0.9942671954631805,0.0,147.15045304689556,7.477641057223082
97,-0.9556514024734497,-149.50019619986415,0.3527388870716095,0.0,0.18591776490211487,0.0,0.41699478030204773,0.0,0.9556514322757721,0.0,148.10610447917134,7.477641057223082
98,-0.9526560306549072,-150.45285223051906,0.3514370918273926,0.0,0.18461598455905914,0.0,0.4166029393672943,0.0,0.952656015753746,0.0,149.05876049492508,7.477641057223082
99,-0.9562599658966064,-151.40911219641566,0.35007867217063904,0.0,0.1873515099287033,0.0,0.4188297688961029,0.0,0.9562599509954453,0.0,150.01502044592053,7.477641057223082
100,-1.8919508457183838,-153.30106304213405,1.2545539140701294,0.0,0.20223666727542877,0.0,0.4351603388786316,0.0,1.8919509202241898,0.0,151.90697136614472,7.477641057223082
101,-1.1055219173431396,-154.4065849594772,0.3468944728374481,0.0,0.23087537288665771,0.0,0.5277521014213562,0.0,1.105521947145462,0.0,153.01249331329018,7.477641057223082
102,-1.7737758159637451,-156.18036077544093,1.0784878730773926,0.0,0.2409534454345703,0.0,0.45433443784713745,0.0,1.7737757563591003,0.0,154.78626906964928,7.477641057223082
103,-2.8315629959106445,-159.01192377135158,1.406815528869629,0.0,1.11617112159729,0.0,0.3085762858390808,0.0,2.8315629363059998,0.0,157.61783200595528,7.477641057223082
104,-0.8265867233276367,-159.8385104946792,0.26671406626701355,0.0,0.23807062208652496,0.0,0.3218019902706146,0.0,0.8265866786241531,0.0,158.44441868457943,7.477641057223082
105,0.1994306743144989,-159.6390798203647,0.0,0.4958544075489044,0.23039452731609344,0.0,0.0,0.3637959957122803,0.0,0.6292558759450912,158.44441868457943,8.106896933168173
106,0.7154579162597656,-158.92362190410495,0.0,1.0164076089859009,0.0,0.015333311632275581,0.0,0.39917486906051636,0.0,1.4309157896786928,158.44441868457943,9.537812722846866
107,0.23925432562828064,-158.68436757847667,0.0,0.9263487458229065,0.5092339515686035,0.0,0.0,0.5706278085708618,0.0,0.9877426028251648,158.44441868457943,10.52555532567203
108,0.36965513229370117,-158.31471244618297,0.0,0.966838538646698,0.0,0.012424386106431484,0.11997632682323456,0.0,0.0,0.8592865979298949,158.44441868457943,11.384841923601925
109,0.632769763469696,-157.68194268271327,0.0,0.7738717198371887,0.0,0.037305351346731186,0.0,0.4543624222278595,0.0,1.2655394934117794,158.44441868457943,12.650381417013705
110,0.8907521367073059,-156.79119054600596,0.0,0.8958898782730103,0.0,0.3389431834220886,0.0,0.5466712713241577,0.0,1.7815043330192566,158.44441868457943,14.431885750032961
111,0.5458385348320007,-156.24535201117396,0.0,0.5852379202842712,0.0,0.15857301652431488,0.0,0.34786614775657654,0.0,1.0916770845651627,158.44441868457943,15.523562834598124
112,0.4037368893623352,-155.84161512181163,0.0,0.48445454239845276,0.0,0.14671702682971954,0.0,0.1763022094964981,0.0,0.8074737787246704,158.44441868457943,16.331036613322794
113,-1.6510711908340454,-157.49268631264567,0.8948801755905151,0.0,0.08385171741247177,0.0,0.6723393201828003,0.0,1.6510712131857872,0.0,160.09548989776522,16.331036613322794
114,-2.081084728240967,-159.57377104088664,0.37103885412216187,0.0,0.15303760766983032,0.0,1.5570083856582642,0.0,2.0810848474502563,0.0,162.17657474521548,16.331036613322794
115,-3.8967509269714355,-163.47052196785808,0.7546690702438354,0.0,0.21914196014404297,0.0,2.9229397773742676,0.0,3.896750807762146,0.0,166.07332555297762,16.331036613322794
116,-2.386841058731079,-165.85736302658916,0.4469718635082245,0.0,0.36468249559402466,0.0,1.5751867294311523,0.0,2.3868410885334015,0.0,168.46016664151102,16.331036613322794
117,-1.1943271160125732,-167.05169014260173,0.3636639416217804,0.0,0.3876185119152069,0.0,0.4430446922779083,0.0,1.1943271458148956,0.0,169.65449378732592,16.331036613322794
118,-1.6358888149261475,-168.68757895752788,0.5967347025871277,0.0,0.3296126127243042,0.0,0.7095414996147156,0.0,1.6358888149261475,0.0,171.29038260225207,16.331036613322794
119,-1.2080751657485962,-169.89565412327647,0.5923177599906921,0.0,0.18901224434375763,0.0,0.4267451763153076,0.0,1.2080751806497574,0.0,172.49845778290182,16.331036613322794
120,-0.9636238813400269,-170.8592780046165,0.35421058535575867,0.0,0.18733283877372742,0.0,0.42208048701286316,0.0,0.9636239111423492,0.0,173.46208169404417,16.331036613322794
121,-0.9576585292816162,-171.81693653389812,0.3527388870716095,0.0,0.18591776490211487,0.0,0.41900184750556946,0.0,0.9576584994792938,0.0,174.41974019352347,16.331036613322794
122,-0.9526560306549072,-172.76959256455302,0.3514370918273926,0.0,0.18461598455905914,0.0,0.4166029393672943,0.0,0.952656015753746,0.0,175.3723962092772,16.331036613322794
123,-0.9345853328704834,-173.7041778974235,0.35007867217063904,0.0,0.1873515099287033,0.0,0.39715519547462463,0.0,0.934585377573967,0.0,176.30698158685118,16.331036613322794
124,-0.9860039949417114,-174.69018189236522,0.34860697388648987,0.0,0.20223666727542877,0.0,0.4351603388786316,0.0,0.9860039800405502,0.0,177.29298556689173,16.331036613322794
125,-1.683093786239624,-176.37327567860484,0.9524089097976685,0.0,0.23087537288665771,0.0,0.49980950355529785,0.0,1.683093786239624,0.0,178.97607935313135,16.331036613322794
126,-13.249727249145508,-189.62300292775035,5.020469665527344,0.0,0.29751452803611755,0.0,7.931743621826172,0.0,13.249727815389633,0.0,192.225807168521,16.331036613322794
127,-1.0115041732788086,-190.63450710102916,0.10226792097091675,0.0,0.28070199489593506,0.0,0.628534197807312,0.0,1.0115041136741638,0.0,193.23731128219515,16.331036613322794
128,-0.6173347234725952,-191.25184182450175,0.0,0.21943727135658264,0.26006796956062317,0.0,0.4669853746891022,0.0,0.5076160728931427,0.0,193.7449273550883,16.331036613322794
129,-4.702228546142578,-195.95407037064433,4.173412322998047,0.0,0.13157224655151367,0.0,0.3972439467906952,0.0,4.702228516340256,0.0,198.44715587142855,16.331036613322794
130,0.20286095142364502,-195.7512094192207,0.0,0.837080717086792,0.10908318310976028,0.0,0.10659622400999069,0.0,0.0,0.621401309967041,198.44715587142855,16.952437923289835
131,0.8555994033813477,-194.89561001583934,0.0,1.1622930765151978,0.010712550953030586,0.0,0.0,0.570330798625946,0.0,1.7219113241881132,198.44715587142855,18.67434924747795
132,0.7793538570404053,-194.11625615879893,0.0,1.1904658079147339,0.11713474243879318,0.0,0.0,0.6025114059448242,0.0,1.675842471420765,198.44715587142855,20.350191718898714
133,1.1082578897476196,-193.0079982690513,0.0,1.2007795572280884,0.0,0.25800636410713196,0.0,0.7577298879623413,0.0,2.2165158092975616,198.44715587142855,22.566707528196275
134,0.8301985263824463,-192.17779974266887,0.0,0.6445506811141968,0.0,0.2746831774711609,0.0,0.7411631345748901,0.0,1.6603969931602478,198.44715587142855,24.227104521356523
135,0.7565487027168274,-191.42125103995204,0.0,0.895548939704895,0.0,0.1956094652414322,0.0,0.42193904519081116,0.0,1.5130974501371384,198.44715587142855,25.74020197149366
136,0.42047449946403503,-191.000776540488,0.0,0.5875452160835266,0.0,0.17033067345619202,0.0,0.08307310193777084,0.0,0.8409489914774895,198.44715587142855,26.58115096297115
137,-1.8302050828933716,-192.83098162338138,1.7877622842788696,0.0,0.0,0.018772907555103302,0.05182921886444092,0.0,1.8208185955882072,0.0,200.26797446701676,26.58115096297115
138,-2.0040500164031982,-194.83503163978457,0.918773353099823,0.0,0.2831476926803589,0.0,0.8021290898323059,0.0,2.004050135612488,0.0,202.27202460262924,26.58115096297115
139,-2.5833797454833984,-197.41841138526797,1.6380316019058228,0.0,0.21908357739448547,0.0,0.7262647151947021,0.0,2.5833798944950104,0.0,204.85540449712425,26.58115096297115
140,-10.228029251098633,-207.6464406363666,7.694016456604004,0.0,0.20169100165367126,0.0,2.332322120666504,0.0,10.228029578924179,0.0,215.08343407604843,26.58115096297115
141,-1.7925924062728882,-209.4390330426395,0.7798219323158264,0.0,0.19623863697052002,0.0,0.8165318369865417,0.0,1.7925924062728882,0.0,216.87602648232132,26.58115096297115
142,-1.050748586654663,-210.48978162929416,0.4215100109577179,0.0,0.19325745105743408,0.0,0.4359810948371887,0.0,1.0507485568523407,0.0,217.92677503917366,26.58115096297115
143,-0.9718362092971802,-211.46161783859134,0.3560788035392761,0.0,0.18901224434375763,0.0,0.4267451763153076,0.0,0.9718362241983414,0.0,218.898611263372,26.58115096297115
144,-0.9636238813400269,-212.42524171993136,0.35421058535575867,0.0,0.18733283877372742,0.0,0.42208048701286316,0.0,0.9636239111423492,0.0,219.86223517451435,26.58115096297115
145,-1.4107310771942139,-213.83597279712558,0.5866090059280396,0.0,0.18591776490211487,0.0,0.6382042765617371,0.0,1.4107310473918915,0.0,221.27296622190624,26.58115096297115
146,-1.15919029712677,-214.99516309425235,0.33876895904541016,0.0,0.18461598455905914,0.0,0.6358053684234619,0.0,1.1591903120279312,0.0,222.43215653393418,26.58115096297115
147,-1.138565182685852,-216.1337282769382,0.3348560631275177,0.0,0.1873515099287033,0.0,0.6163576245307922,0.0,1.1385651975870132,0.0,223.5707217315212,26.58115096297115
148,-1.0298445224761963,-217.1635727994144,0.34860697388648987,0.0,0.20223666727542877,0.0,0.4790008068084717,0.0,1.0298444479703903,0.0,224.60056617949158,26.58115096297115
149,-1.0756969451904297,-218.23926974460483,0.3450120687484741,0.0,0.23087537288665771,0.0,0.49980950355529785,0.0,1.0756969451904297,0.0,225.676263124682,26.58115096297115
150,-3.3968982696533203,-221.63616801425815,1.2575488090515137,0.0,0.8152798414230347,0.0,1.3240694999694824,0.0,3.3968981504440308,0.0,229.07316127512604,26.58115096297115
151,-1.3315662145614624,-222.9677342288196,0.3870762586593628,0.0,0.20606835186481476,0.0,0.738421618938446,0.0,1.3315662294626236,0.0,230.40472750458866,26.58115096297115
152,-1.9629350900650024,-224.9306693188846,1.4906659126281738,0.0,0.16592095792293549,0.0,0.30634817481040955,0.0,1.9629350453615189,0.0,232.36766254995018,26.58115096297115
153,0.10735812038183212,-224.82331119850278,0.0,0.5706719756126404,0.19011560082435608,0.0,0.0,0.02427547238767147,0.0,0.4048318471759558,232.36766254995018,26.985982810147107
154,0.2302245944738388,-224.59308660402894,0.0,0.7727327942848206,0.2923145890235901,0.0,0.0,0.27234557271003723,0.0,0.7527637779712677,232.36766254995018,27.738746588118374
155,-4.286540508270264,-228.8796271122992,4.530760765075684,0.0,0.0,0.10667159408330917,0.0,0.38176941871643066,4.042319752275944,0.0,236.40998230222613,27.738746588118374
156,-0.20362067222595215,-229.08324778452516,0.0,0.03266453742980957,0.0,0.14224159717559814,0.291073739528656,0.0,0.11616760492324829,0.0,236.52614990714937,27.738746588118374
157,0.5083332657814026,-228.57491451874375,0.0,0.49131590127944946,0.0,0.2452315241098404,0.0,0.2801191210746765,0.0,1.0166665464639664,236.52614990714937,28.75541313458234
158,0.8255220651626587,-227.7493924535811,0.0,0.7494138479232788,0.0,0.2924632430076599,0.0,0.6091670989990234,0.0,1.6510441899299622,236.52614990714937,30.406457324512303
159,0.7057600021362305,-227.04363245144486,0.0,0.59209144115448,0.0,0.2047167718410492,0.0,0.6147118210792542,0.0,1.4115200340747833,236.52614990714937,31.817977358587086
160,0.04078028351068497,-227.00285216793418,0.03444037213921547,0.0,0.0,0.16462194919586182,0.007090319879353046,0.0,0.0,0.1230912571772933,236.52614990714937,31.94106861576438
161,-2.050377368927002,-229.05322953686118,1.4606693983078003,0.0,0.0,0.006396973039954901,0.5929064154624939,0.0,2.0471788407303393,0.0,238.5733287478797,31.94106861576438
162,-3.0140810012817383,-232.06731053814292,1.0783368349075317,0.0,0.1577356457710266,0.0,1.7780084609985352,0.0,3.0140809416770935,0.0,241.5874096895568,31.94106861576438
163,-2.118300437927246,-234.18561097607017,0.6995631456375122,0.0,0.21890221536159515,0.0,1.1998350620269775,0.0,2.118300423026085,0.0,243.7057101125829,31.94106861576438
164,-2.8665988445281982,-237.05220982059836,1.4313558340072632,0.0,0.36468249559402466,0.0,1.0705604553222656,0.0,2.8665987849235535,0.0,246.57230889750645,31.94106861576438
165,-1.9310320615768433,-238.9832418821752,0.5447744131088257,0.0,0.19623863697052002,0.0,1.1900190114974976,0.0,1.9310320615768433,0.0,248.5033409590833,31.94106861576438
166,-0.9897325038909912,-239.9729743860662,0.3604939579963684,0.0,0.19325745105743408,0.0,0.4359810948371887,0.0,0.9897325038909912,0.0,249.49307346297428,31.94106861576438
167,-0.9718362092971802,-240.94481059536338,0.3560788035392761,0.0,0.18901224434375763,0.0,0.4267451763153076,0.0,0.9718362241983414,0.0,250.46490968717262,31.94106861576438
168,-0.9636238813400269,-241.9084344767034,0.35421058535575867,0.0,0.18733283877372742,0.0,0.42208048701286316,0.0,0.9636239111423492,0.0,251.42853359831497,31.94106861576438
169,-0.9576585292816162,-242.86609300598502,0.3527388870716095,0.0,0.18591776490211487,0.0,0.41900184750556946,0.0,0.9576584994792938,0.0,252.38619209779426,31.94106861576438
170,-0.9526560306549072,-243.81874903663993,0.3514370918273926,0.0,0.18461598455905914,0.0,0.4166029393672943,0.0,0.952656015753746,0.0,253.338848113548,31.94106861576438
171,-0.9562599658966064,-244.77500900253654,0.35007867217063904,0.0,0.1873515099287033,0.0,0.4188297688961029,0.0,0.9562599509954453,0.0,254.29510806454346,31.94106861576438
172,-0.9860039949417114,-245.76101299747825,0.34860697388648987,0.0,0.20223666727542877,0.0,0.4351603388786316,0.0,0.9860039800405502,0.0,255.281112044584,31.94106861576438
173,-3.647223711013794,-249.40823670849204,2.916538715362549,0.0,0.23087537288665771,0.0,0.49980950355529785,0.0,3.6472235918045044,0.0,258.9283356363885,31.94106861576438
174,-1.7574055194854736,-251.16564222797751,0.384336918592453,0.0,0.23963414132595062,0.0,1.133434534072876,0.0,1.7574055939912796,0.0,260.6857412303798,31.94106861576438
175,-1.402383804321289,-252.5680260322988,0.1516353189945221,0.0,0.7369452714920044,0.0,0.513803243637085,0.0,1.4023838341236115,0.0,262.0881250645034,31.94106861576438
176,-1.577296495437622,-254.14532252773643,1.1688817739486694,0.0,0.20974469184875488,0.0,0.19867007434368134,0.0,1.5772965401411057,0.0,263.6654216046445,31.94106861576438
177,0.14104363322257996,-254.00427889451385,0.0,0.6238800287246704,0.18657486140727997,0.0,0.0,0.031356967985630035,0.0,0.4686621353030205,263.6654216046445,32.4097307510674
178,0.5573962330818176,-253.44688266143203,0.0,0.9074476957321167,0.03914664313197136,0.0,0.0,0.2856380045413971,0.0,1.1539390571415424,263.6654216046445,33.56366980820894
179,0.4179955720901489,-253.02888708934188,0.0,1.0420626401901245,0.19224512577056885,0.0,0.0,0.17841874063014984,0.0,1.0282362550497055,263.6654216046445,34.59190606325865
180,1.0024094581604004,-252.02647763118148,0.0,1.1424123048782349,0.0,0.10660106688737869,0.0,0.7558056116104126,0.0,2.004818983376026,263.6654216046445,36.596725046634674
181,0.8106189966201782,-251.2158586345613,0.0,0.8901332020759583,0.0,0.21903814375400543,0.0,0.512066662311554,0.0,1.6212380081415176,263.6654216046445,38.21796305477619
182,0.8471622467041016,-250.3686963878572,0.0,0.9799602627754211,0.0,0.23004119098186493,0.0,0.48432299494743347,0.0,1.6943244487047195,263.6654216046445,39.91228750348091
183,0.6042007803916931,-249.7644956074655,0.0,0.8368264436721802,0.0,0.16624821722507477,0.0,0.20532695949077606,0.0,1.208401620388031,263.6654216046445,41.12068912386894
184,0.5209795236587524,-249.24351608380675,0.0,0.556738018989563,0.0,0.1549270749092102,0.0,0.3302939832210541,0.0,1.0419590771198273,263.6654216046445,42.16264820098877
185,-0.34636521339416504,-249.58988129720092,0.0,0.008356096222996712,0.0,0.009429455734789371,0.3552579879760742,0.0,0.33747243601828814,0.0,264.0028940406628,42.16264820098877
186,-1.4143707752227783,-251.0042520724237,0.6814900636672974,0.0,0.1543160378932953,0.0,0.5785647034645081,0.0,1.4143708050251007,0.0,265.4172648456879,42.16264820098877
187,-2.893423557281494,-253.8976756297052,1.0584359169006348,0.0,0.35834044218063354,0.0,1.476647138595581,0.0,2.8934234976768494,0.0,268.31068834336475,42.16264820098877
188,-3.0243310928344727,-256.92200672253966,0.8434675931930542,0.0,0.36468249559402466,0.0,1.816180944442749,0.0,3.024331033229828,0.0,271.3350193765946,42.16264820098877
189,-2.246004819869995,-259.16801154240966,0.5447744131088257,0.0,0.3876185119152069,0.0,1.3136118650436401,0.0,2.2460047900676727,0.0,273.58102416666225,42.16264820098877
190,-1.871687650680542,-261.0396991930902,0.3604939579963684,0.0,0.3296126127243042,0.0,1.1815810203552246,0.0,1.8716875910758972,0.0,275.45271175773814,42.16264820098877
191,-1.22037672996521,-262.2600759230554,0.3560788035392761,0.0,0.18901224434375763,0.0,0.6752856969833374,0.0,1.2203767448663712,0.0,276.6730885026045,42.16264820098877
192,-1.2801724672317505,-263.54024839028716,0.6707591414451599,0.0,0.18733283877372742,0.0,0.42208048701286316,0.0,1.2801724672317505,0.0,277.95326096983626,42.16264820098877
193,-1.0720446109771729,-264.61229300126433,0.34507817029953003,0.0,0.307964563369751,0.0,0.41900184750556946,0.0,1.0720445811748505,0.0,279.0253055510111,42.16264820098877
194,-0.9526560306549072,-265.56494903191924,0.3514370918273926,0.0,0.18461598455905914,0.0,0.4166029393672943,0.0,0.952656015753746,0.0,279.97796156676486,42.16264820098877
195,-0.9562599658966064,-266.52120899781585,0.35007867217063904,0.0,0.1873515099287033,0.0,0.4188297688961029,0.0,0.9562599509954453,0.0,280.9342215177603,42.16264820098877
196,-0.9860039949417114,-267.50721299275756,0.34860697388648987,0.0,0.20223666727542877,0.0,0.4351603388786316,0.0,0.9860039800405502,0.0,281.92022549780086,42.16264820098877
197,-1.0794618129730225,-268.5866748057306,0.3487769067287445,0.0,0.23087537288665771,0.0,0.49980950355529785,0.0,1.0794617831707,0.0,282.99968728097156,42.16264820098877
198,-1.8722254037857056,-270.4589002095163,1.1771295070648193,0.0,0.24088947474956512,0.0,0.4542064964771271,0.0,1.8722254782915115,0.0,284.87191275926307,42.16264820098877
199,-0.9122757911682129,-271.3711760006845,0.09793445467948914,0.0,0.3024880588054657,0.0,0.5118532776832581,0.0,0.9122757911682129,0.0,285.7841885504313,42.16264820098877
200,-1.9017574787139893,-273.2729334793985,1.3969422578811646,0.0,0.24484512209892273,0.0,0.25997012853622437,0.0,1.9017575085163116,0.0,287.6859460589476,42.16264820098877
201,0.023314088582992554,-273.2496193908155,0.0,0.6303125619888306,0.23515954613685608,0.0,0.05668264627456665,0.0,0.0,0.33847036957740784,287.6859460589476,42.50111857056618
202,0.35002025961875916,-272.89959913119674,0.0,0.9267101287841797,0.10197068750858307,0.0,0.011364126577973366,0.0,0.0,0.8133753146976233,287.6859460589476,43.3144938852638
203,-0.02280503511428833,-272.922404166311,0.0,0.5439062714576721,0.1573142409324646,0.0,0.1374439299106598,0.0,0.0,0.24914810061454773,287.6859460589476,43.56364198587835
204,0.2546778917312622,-272.66772627457976,0.0,0.35866621136665344,0.008087906055152416,0.0,0.0,0.16686540842056274,0.0,0.5174437137320638,287.6859460589476,44.08108569961041
205,-4.95048189163208,-277.61820816621184,0.0,0.08942629396915436,0.025905432179570198,0.0,4.969289779663086,0.0,4.905768917873502,0.0,292.5917149768211,44.08108569961041
206,-1.2987958192825317,-278.9170039854944,0.487641304731369,0.0,0.0,0.1010127067565918,0.8616608381271362,0.0,1.2482894361019135,0.0,293.840004412923,44.08108569961041
207,-0.40926867723464966,-279.326272662729,0.1957930475473404,0.0,0.05972663313150406,0.0,0.1537490040063858,0.0,0.40926868468523026,0.0,294.24927309760824,44.08108569961041
208,-0.10853961110115051,-279.4348122738302,0.0,0.24827715754508972,0.04585401341319084,0.0,0.18682417273521423,0.0,0.0,0.015598971396684647,294.24927309760824,44.0966846710071
209,-1.0909188985824585,-280.52573117241263,0.1961147040128708,0.0,0.1650208830833435,0.0,0.729783296585083,0.0,1.0909188836812973,0.0,295.34019198128954,44.0966846710071
210,-2.516575336456299,-283.04230650886893,0.3991195857524872,0.0,0.29596030712127686,0.0,1.8214954137802124,0.0,2.5165753066539764,0.0,297.8567672879435,44.0966846710071
211,-2.8092408180236816,-285.8515473268926,0.9786856770515442,0.0,0.3576768636703491,0.0,1.472878098487854,0.0,2.8092406392097473,0.0,300.66600792715326,44.0966846710071
212,-2.0460004806518555,-287.89754780754447,0.6107575297355652,0.0,0.36468249559402466,0.0,1.0705604553222656,0.0,2.0460004806518555,0.0,302.7120084078051,44.0966846710071
213,-2.2129671573638916,-290.11051496490836,0.6353296637535095,0.0,0.3876185119152069,0.0,1.1900190114974976,0.0,2.212967187166214,0.0,304.92497559497133,44.0966846710071
214,-2.384705066680908,-292.49522003158927,0.48252609372138977,0.0,0.9190770387649536,0.0,0.9831019043922424,0.0,2.384705036878586,0.0,307.3096806318499,44.0966846710071
215,-1.0096492767333984,-293.50486930832267,0.3938917815685272,0.0,0.18901224434375763,0.0,0.4267451763153076,0.0,1.0096492022275925,0.0,308.3193298340775,44.0966846710071
216,-0.9662526845932007,-294.47112199291587,0.3568393290042877,0.0,0.18733283877372742,0.0,0.42208048701286316,0.0,0.9662526547908783,0.0,309.2855824888684,44.0966846710071
217,-0.9499977827072144,-295.4211197756231,0.34507817029953003,0.0,0.18591776490211487,0.0,0.41900184750556946,0.0,0.9499977827072144,0.0,310.2355802715756,44.0966846710071
218,-1.1704277992248535,-296.59154757484794,0.5692089200019836,0.0,0.18461598455905914,0.0,0.4166029393672943,0.0,1.170427843928337,0.0,311.40600811550394,44.0966846710071
219,-0.9562599658966064,-297.54780754074454,0.35007867217063904,0.0,0.1873515099287033,0.0,0.4188297688961029,0.0,0.9562599509954453,0.0,312.3622680664994,44.0966846710071
220,-0.9860039949417114,-298.53381153568625,0.34860697388648987,0.0,0.20223666727542877,0.0,0.4351603388786316,0.0,0.9860039800405502,0.0,313.34827204653993,44.0966846710071
221,-2.462083578109741,-300.995895113796,1.7313987016677856,0.0,0.23087537288665771,0.0,0.49980950355529785,0.0,2.462083578109741,0.0,315.8103556246497,44.0966846710071
222,-0.9886724948883057,-301.9845676086843,0.30128347873687744,0.0,0.2383204847574234,0.0,0.44906851649284363,0.0,0.9886724799871445,0.0,316.7990281046368,44.0966846710071
223,-0.6642098426818848,-302.6487774513662,0.1325586885213852,0.0,0.20612981915473938,0.0,0.3255213499069214,0.0,0.664209857583046,0.0,317.46323796221986,44.0966846710071
224,-0.10403229296207428,-302.75280974432826,0.0,0.22165660560131073,0.1452266275882721,0.0,0.06963396817445755,0.0,0.0,0.006796009838581085,317.46323796221986,44.10348068084568
225,0.2844693958759308,-302.46834034845233,0.0,0.9482252597808838,0.2449120432138443,0.0,0.0,0.11053763329982758,0.0,0.8138508498668671,317.46323796221986,44.917331530712545
226,0.45767802000045776,-302.0106623284519,0.0,0.9657968282699585,0.10591587424278259,0.0,0.0,0.16139096021652222,0.0,1.0212719142436981,317.46323796221986,45.93860344495624
227,0.8976036310195923,-301.1130586974323,0.0,1.1795684099197388,0.0,0.028032707050442696,0.0,0.5876062512397766,0.0,1.795207368209958,317.46323796221986,47.7338108131662
228,0.5988552570343018,-300.514203440398,0.0,0.9936404824256897,0.03794954717159271,0.0,0.0,0.27996915578842163,0.0,1.2356600910425186,317.46323796221986,48.96947090420872
229,-7.511293411254883,-308.02549685165286,0.0,1.003985047340393,8.180971145629883,0.0,0.0,0.33536964654922485,6.841616451740265,0.0,324.30485441396013,48.96947090420872
230,0.9464534521102905,-307.07904339954257,0.0,1.0160140991210938,0.0,0.15819193422794342,0.0,0.7187008857727051,0.0,1.8929069191217422,324.30485441396013,50.86237782333046
231,0.5022359490394592,-306.5768074505031,0.0,0.6432213187217712,0.0,0.04518565908074379,0.0,0.3160649240016937,0.0,1.0044719018042088,324.30485441396013,51.86684972513467
232,-5.725919246673584,-312.3027266971767,4.113112926483154,0.0,0.0,0.008898989297449589,1.617255687713623,0.0,5.721469624899328,0.0,330.02632403885946,51.86684972513467
233,-0.6418020725250244,-312.9445287697017,0.07977397739887238,0.0,0.14066290855407715,0.0,0.4213652014732361,0.0,0.6418020874261856,0.0,330.66812612628564,51.86684972513467
234,-2.44624400138855,-315.39077277109027,1.3207228183746338,0.0,0.5330559015274048,0.0,0.592465341091156,0.0,2.4462440609931946,0.0,333.11437018727884,51.86684972513467
235,-2.543076992034912,-317.9338497631252,0.8556849360466003,0.0,0.3578053414821625,0.0,1.3295866250991821,0.0,2.543076902627945,0.0,335.6574470899068,51.86684972513467
236,-1.9830611944198608,-319.91691095754504,1.1676297187805176,0.0,0.36468249559402466,0.0,0.4507490396499634,0.0,1.9830612540245056,0.0,337.6405083439313,51.86684972513467
237,-2.1125688552856445,-322.0294798128307,0.6075669527053833,0.0,0.19623863697052002,0.0,1.3087632656097412,0.0,2.1125688552856445,0.0,339.75307719921693,51.86684972513467
238,-1.6575520038604736,-323.68703181669116,1.028313398361206,0.0,0.19325745105743408,0.0,0.4359810948371887,0.0,1.6575519442558289,0.0,341.41062914347276,51.86684972513467
239,-0.9718362092971802,-324.65886802598834,0.3560788035392761,0.0,0.18901224434375763,0.0,0.4267451763153076,0.0,0.9718362241983414,0.0,342.3824653676711,51.86684972513467
240,-0.9636238813400269,-325.62249190732837,0.35421058535575867,0.0,0.18733283877372742,0.0,0.42208048701286316,0.0,0.9636239111423492,0.0,343.34608927881345,51.86684972513467
241,-0.9576585292816162,-326.58015043661,0.3527388870716095,0.0,0.18591776490211487,0.0,0.41900184750556946,0.0,0.9576584994792938,0.0,344.30374777829275,51.86684972513467
242,-0.9526560306549072,-327.5328064672649,0.3514370918273926,0.0,0.18461598455905914,0.0,0.4166029393672943,0.0,0.952656015753746,0.0,345.2564037940465,51.86684972513467
243,-0.9562599658966064,-328.4890664331615,0.35007867217063904,0.0,0.1873515099287033,0.0,0.4188297688961029,0.0,0.9562599509954453,0.0,346.21266374504194,51.86684972513467
244,-0.9731332659721375,-329.46219969913363,0.3357362449169159,0.0,0.20223666727542877,0.0,0.4351603388786316,0.0,0.9731332510709763,0.0,347.1857969961129,51.86684972513467
245,-1.1055219173431396,-330.5677216164768,0.3468944728374481,0.0,0.23087537288665771,0.0,0.5277521014213562,0.0,1.105521947145462,0.0,348.2913189432584,51.86684972513467
246,-4.446622371673584,-335.01434398815036,0.3362347483634949,0.0,0.24239176511764526,0.0,3.8679957389831543,0.0,4.446622252464294,0.0,352.73794119572267,51.86684972513467
247,-1.8766727447509766,-336.89101673290133,1.1351090669631958,0.0,0.21149376034736633,0.0,0.5300699472427368,0.0,1.876672774553299,0.0,354.61461397027597,51.86684972513467
248,-2.2600769996643066,-339.15109373256564,0.7994797825813293,0.0,1.0725849866867065,0.0,0.38801226019859314,0.0,2.260077029466629,0.0,356.8746909997426,51.86684972513467
249,-0.912378191947937,-340.0634719245136,0.0,0.16169406473636627,0.2862636148929596,0.0,0.7069616317749023,0.0,0.8315311819314957,0.0,357.7062221816741,51.86684972513467
250,0.33482903242111206,-339.72864289209247,0.0,0.5522568821907043,0.0,0.01259163673967123,0.0,0.10480952262878418,0.0,0.6696580415591598,357.7062221816741,52.53650776669383
251,0.5107630491256714,-339.2178798429668,0.0,0.8463038802146912,0.0,0.06984102725982666,0.0,0.10538118332624435,0.0,1.0215260908007622,357.7062221816741,53.55803385749459
252,1.0245869159698486,-338.19329292699695,0.0,1.100285291671753,0.0,0.08553756773471832,0.0,0.863351047039032,0.0,2.0491739064455032,357.7062221816741,55.607207763940096
253,0.6934994459152222,-337.4997934810817,0.0,1.0048272609710693,0.14806900918483734,0.0,0.0,0.6783097386360168,0.0,1.5350679904222488,357.7062221816741,57.142275754362345
254,-4.747857093811035,-342.24765057489276,5.203329086303711,0.0,0.0,0.2397156059741974,0.0,0.6712279915809631,4.29238548874855,0.0,361.99860767042264,57.142275754362345
255,0.5788353681564331,-341.6688152067363,0.0,0.8221708536148071,0.0,0.15892040729522705,0.0,0.17657943069934845,0.0,1.1576706916093826,361.99860767042264,58.29994644597173
256,-0.1723322570323944,-341.8411474637687,0.19316093623638153,0.0,0.0,0.12396221607923508,0.04115242511034012,0.0,0.11035114526748657,0.0,362.10895881569013,58.29994644597173
257,-0.9660013914108276,-342.80714885517955,0.5760786533355713,0.0,0.006998308934271336,0.0,0.3829244077205658,0.0,0.9660013699904084,0.0,363.07496018568054,58.29994644597173
258,-1.3354594707489014,-344.14260832592845,0.836626410484314,0.0,0.15649878978729248,0.0,0.3423342704772949,0.0,1.3354594707489014,0.0,364.41041965642944,58.29994644597173
259,-1.706721305847168,-345.8493296317756,0.5181800127029419,0.0,0.2190180867910385,0.0,0.9695231914520264,0.0,1.7067212909460068,0.0,366.11714094737545,58.29994644597173
260,-1.9641592502593994,-347.813488882035,0.4469718635082245,0.0,0.20169100165367126,0.0,1.3154963254928589,0.0,1.9641591906547546,0.0,368.0813001380302,58.29994644597173
261,-8.61376953125,-356.427258413285,0.3636639416217804,0.0,0.19623863697052002,0.0,8.05386734008789,0.0,8.613769918680191,0.0,376.6950700567104,58.29994644597173
262,-1.263292908668518,-357.69055132195354,0.3604939579963684,0.0,0.19325745105743408,0.0,0.7095414996147156,0.0,1.263292908668518,0.0,377.9583629653789,58.29994644597173
263,-1.9203650951385498,-359.6109164170921,0.8147399425506592,0.0,0.18901224434375763,0.0,0.9166128635406494,0.0,1.9203650504350662,0.0,379.878728015814,58.29994644597173
264,-0.9636238813400269,-360.5745402984321,0.35421058535575867,0.0,0.18733283877372742,0.0,0.42208048701286316,0.0,0.9636239111423492,0.0,380.8423519269563,58.29994644597173
265,-0.9576585292816162,-361.5321988277137,0.3527388870716095,0.0,0.18591776490211487,0.0,0.41900184750556946,0.0,0.9576584994792938,0.0,381.8000104264356,58.29994644597173
266,-0.9526560306549072,-362.48485485836864,0.3514370918273926,0.0,0.18461598455905914,0.0,0.4166029393672943,0.0,0.952656015753746,0.0,382.75266644218937,58.29994644597173
267,-0.9562599658966064,-363.44111482426524,0.35007867217063904,0.0,0.1873515099287033,0.0,0.4188297688961029,0.0,0.9562599509954453,0.0,383.7089263931848,58.29994644597173
268,-0.9860039949417114,-364.42711881920695,0.34860697388648987,0.0,0.20223666727542877,0.0,0.4351603388786316,0.0,0.9860039800405502,0.0,384.69493037322536,58.29994644597173
269,-1.1055219173431396,-365.5326407365501,0.3468944728374481,0.0,0.23087537288665771,0.0,0.5277521014213562,0.0,1.105521947145462,0.0,385.8004523203708,58.29994644597173
270,-1.106330156326294,-366.6389708928764,0.3350120782852173,0.0,0.3153296709060669,0.0,0.45598840713500977,0.0,1.106330156326294,0.0,386.9067824766971,58.29994644597173
271,-0.596707820892334,-367.2356787137687,0.11037639528512955,0.0,0.1558569222688675,0.0,0.33047452569007874,0.0,0.5967078432440758,0.0,387.5034903199412,58.29994644597173
272,-0.2942976951599121,-367.52997640892863,0.0,0.30443722009658813,0.289969801902771,0.0,0.15654651820659637,0.0,0.14207910001277924,0.0,387.645569419954,58.29994644597173
273,-0.6219592690467834,-368.1519356779754,0.0,0.48703962564468384,0.7553882002830505,0.0,0.11009092628955841,0.0,0.3784395009279251,0.0,388.0240089208819,58.29994644597173
274,0.11755575239658356,-368.03437992557883,0.017429426312446594,0.0,0.0,0.007893882691860199,0.0,0.2620764672756195,0.0,0.2525409236550331,388.0240089208819,58.55248736962676
275,0.2646455466747284,-367.7697343789041,0.008054452948272228,0.0,0.0,0.03747405856847763,0.0,0.5079259276390076,0.0,0.537345533259213,388.0240089208819,59.08983290288597
276,0.7082360982894897,-367.0614982806146,0.0,1.138273000717163,0.13605967164039612,0.0,0.0,0.5503185391426086,0.0,1.5525318682193756,388.0240089208819,60.64236477110535
277,0.5830989480018616,-366.47839933261275,0.0,1.0237867832183838,0.0,0.04921433702111244,0.0,0.09319671243429184,0.0,1.166197832673788,388.0240089208819,61.80856260377914
278,0.9699447154998779,-365.5084546171129,0.0,1.038109540939331,0.0,0.23666104674339294,0.0,0.6651188731193542,0.0,1.9398894608020782,388.0240089208819,63.748452064581215
279,-0.8646833896636963,-366.37313800677657,1.1855446100234985,0.0,0.0,0.1454814225435257,0.0,0.49624112248420715,0.5438220649957657,0.0,388.56783098587766,63.748452064581215
280,-5.102424621582031,-371.4755626283586,5.212719917297363,0.0,0.0,0.15689289569854736,0.0,0.06369756162166595,4.99212945997715,0.0,393.5599604458548,63.748452064581215
281,-1.7158678770065308,-373.19143050536513,0.9082015156745911,0.0,0.266985148191452,0.0,0.5406812429428101,0.0,1.7158679068088531,0.0,395.27582835266367,63.748452064581215
282,-2.5017693042755127,-375.69319980964065,1.3047536611557007,0.0,0.27689045667648315,0.0,0.9201253056526184,0.0,2.5017694234848022,0.0,397.77759777614847,63.748452064581215
283,-5.417852878570557,-381.1110526882112,1.331661581993103,0.0,0.3581482172012329,0.0,3.7280430793762207,0.0,5.417852878570557,0.0,403.195450654719,63.748452064581215
284,-4.740177154541016,-385.8512298427522,1.1457839012145996,0.0,0.36468249559402466,0.0,3.229710578918457,0.0,4.740176975727081,0.0,407.9356276304461,63.748452064581215
285,-5.303232192993164,-391.1544620357454,0.6824634075164795,0.0,0.507914125919342,0.0,4.112854480743408,0.0,5.30323201417923,0.0,413.23885964462534,63.748452064581215
286,-9.114017486572266,-400.26847952231765,0.588736891746521,0.0,0.3296126127243042,0.0,8.19566822052002,0.0,9.114017724990845,0.0,422.3528773696162,63.748452064581215
287,-1.7031110525131226,-401.97159057483077,0.3560788035392761,0.0,0.18901224434375763,0.0,1.15802001953125,0.0,1.7031110674142838,0.0,424.05598843703046,63.748452064581215
288,-1.2062504291534424,-403.1778410039842,0.35421058535575867,0.0,0.18733283877372742,0.0,0.6647070646286011,0.0,1.2062504887580872,0.0,425.26223892578855,63.748452064581215
289,-0.9576585292816162,-404.13549953326583,0.3527388870716095,0.0,0.18591776490211487,0.0,0.41900184750556946,0.0,0.9576584994792938,0.0,426.21989742526785,63.748452064581215
290,-1.1921143531799316,-405.32761388644576,0.3514370918273926,0.0,0.42407429218292236,0.0,0.4166029393672943,0.0,1.1921143233776093,0.0,427.41201174864545,63.748452064581215
291,-0.9562599658966064,-406.28387385234237,0.35007867217063904,0.0,0.1873515099287033,0.0,0.4188297688961029,0.0,0.9562599509954453,0.0,428.3682716996409,63.748452064581215
292,-0.9860039949417114,-407.2698778472841,0.34860697388648987,0.0,0.20223666727542877,0.0,0.4351603388786316,0.0,0.9860039800405502,0.0,429.35427567968145,63.748452064581215
293,-1.0794618129730225,-408.3493396602571,0.3487769067287445,0.0,0.23087537288665771,0.0,0.49980950355529785,0.0,1.0794617831707,0.0,430.43373746285215,63.748452064581215
294,-2.1803956031799316,-410.52973526343703,0.3086540102958679,0.0,0.45976272225379944,0.0,1.4119789600372314,0.0,2.180395692586899,0.0,432.61413315543905,63.748452064581215
295,-0.4856985807418823,-411.0154338441789,0.052045077085494995,0.0,0.11360464990139008,0.0,0.32004883885383606,0.0,0.48569856584072113,0.0,433.09983172127977,63.748452064581215
296,-0.12177521735429764,-411.1372090615332,0.0,0.30276864767074585,0.16376319527626038,0.0,0.10939634591341019,0.0,0.0,0.029609106481075287,433.09983172127977,63.77806117106229
297,0.23561370372772217,-410.9015953578055,0.0,0.6869267225265503,0.15505149960517883,0.0,0.0,0.0944036915898323,0.0,0.6262789145112038,433.09983172127977,64.4043400855735
298,0.2957771420478821,-410.6058182157576,0.0,0.9478568434715271,0.018942054361104965,0.0,0.1592092216014862,0.0,0.0,0.7697055675089359,433.09983172127977,65.17404565308243
299,0.4618070125579834,-410.1440112031996,0.0,0.976818859577179,0.2190306931734085,0.0,0.0,0.38485661149024963,0.0,1.14264477789402,433.09983172127977,66.31669043097645
300,0.8235118389129639,-409.32049936428666,0.0,1.0798332691192627,0.0,0.0753115639090538,0.0,0.4918789267539978,0.0,1.6470237597823143,433.09983172127977,67.96371419075876
301,1.0571930408477783,-408.2633063234389,0.0,1.1599277257919312,0.0,0.23758043348789215,0.0,0.7168779969215393,0.0,2.1143861562013626,433.09983172127977,70.07810034696013
302,0.9625853300094604,-407.3007209934294,0.0,1.032222032546997,0.0,0.23371729254722595,0.0,0.6592313647270203,0.0,1.9251706898212433,433.09983172127977,72.00327103678137
303,0.06857859343290329,-407.2321423999965,0.21156826615333557,0.0,0.0,0.17652453482151031,0.0,0.3837691843509674,0.0,0.34872545301914215,433.09983172127977,72.35199648980051
304,-0.47453272342681885,-407.70667512342334,0.5642350912094116,0.0,0.0,0.1597829908132553,0.0,0.01962175779044628,0.38483034260571003,0.0,433.4846620638855,72.35199648980051
305,-0.1075081154704094,-407.81418323889375,0.0,0.03628847002983093,0.0,0.023395642638206482,0.1373501718044281,0.0,0.07766605913639069,0.0,433.56232812302187,72.35199648980051
306,-1.2762702703475952,-409.09045350924134,0.43507087230682373,0.0,0.27634379267692566,0.0,0.5648555755615234,0.0,1.2762702405452728,0.0,434.83859836356714,72.35199648980051
307,-3.426898956298828,-412.51735246554017,1.6135226488113403,0.0,0.35911455750465393,0.0,1.4542618989944458,0.0,3.42689910531044,0.0,438.2654974688776,72.35199648980051
308,-2.6524276733398438,-415.16978013888,1.2238845825195312,0.0,0.6678882837295532,0.0,0.7606547474861145,0.0,2.652427613735199,0.0,440.9179250826128,72.35199648980051
309,-2.2755489349365234,-417.44532907381654,0.45421919226646423,0.0,0.3876185119152069,0.0,1.433711290359497,0.0,2.275548994541168,0.0,443.19347407715395,72.35199648980051
310,-3.4184024333953857,-420.8637315072119,0.4215100109577179,0.0,1.2874383926391602,0.0,1.70945405960083,0.0,3.418402463197708,0.0,446.61187654035166,72.35199648980051
311,-1.930327296257019,-422.79405880346894,0.8293225765228271,0.0,0.18901224434375763,0.0,0.9119924306869507,0.0,1.9303272515535355,0.0,448.5422037919052,72.35199648980051
312,-0.9636238813400269,-423.75768268480897,0.35421058535575867,0.0,0.18733283877372742,0.0,0.42208048701286316,0.0,0.9636239111423492,0.0,449.50582770304754,72.35199648980051
313,-1.0768351554870605,-424.83451784029603,0.3527388870716095,0.0,0.3050944209098816,0.0,0.41900184750556946,0.0,1.0768351554870605,0.0,450.5826628585346,72.35199648980051
314,-0.9526560306549072,-425.78717387095094,0.3514370918273926,0.0,0.18461598455905914,0.0,0.4166029393672943,0.0,0.952656015753746,0.0,451.53531887428835,72.35199648980051
315,-0.9562599658966064,-426.74343383684754,0.35007867217063904,0.0,0.1873515099287033,0.0,0.4188297688961029,0.0,0.9562599509954453,0.0,452.4915788252838,72.35199648980051
316,-0.9860039949417114,-427.72943783178926,0.34860697388648987,0.0,0.20223666727542877,0.0,0.4351603388786316,0.0,0.9860039800405502,0.0,453.47758280532435,72.35199648980051
317,-1.0775794982910156,-428.80701733008027,0.3468944728374481,0.0,0.23087537288665771,0.0,0.499809592962265,0.0,1.0775794386863708,0.0,454.5551622440107,72.35199648980051
318,-1.542431116104126,-430.3494484461844,0.773635745048523,0.0,0.30857521295547485,0.0,0.4602200984954834,0.0,1.5424310564994812,0.0,456.0975933005102,72.35199648980051
319,-3.418715715408325,-433.7681641615927,2.5825929641723633,0.0,0.3204438388347626,0.0,0.515678882598877,0.0,3.418715685606003,0.0,459.5163089861162,72.35199648980051
320,-0.9692733883857727,-434.7374375499785,0.0,0.337597131729126,1.0635040998458862,0.0,0.07456785440444946,0.0,0.8004748225212097,0.0,460.3167838086374,72.35199648980051
321,0.28427907824516296,-434.45315847173333,0.0,0.7193703055381775,0.13882970809936523,0.0,0.0,0.1268472671508789,0.0,0.7073878645896912,460.3167838086374,73.0593843543902
322,0.34159496426582336,-434.1115635074675,0.0,1.0019334554672241,0.34943366050720215,0.0,0.0,0.3801237940788269,0.0,1.0326235890388489,460.3167838086374,74.09200794342905
323,0.7306230068206787,-433.38094050064683,0.0,1.07184898853302,0.0,0.06794668734073639,0.0,0.321450412273407,0.0,1.4612460881471634,460.3167838086374,75.55325403157622
324,-0.8528352975845337,-434.23377579823136,1.2137436866760254,0.0,0.0,0.013881473802030087,0.0,0.7079353332519531,0.4919268796220422,0.0,460.80871068825945,75.55325403157622
325,-0.6401770114898682,-434.87395280972123,1.071484088897705,0.0,0.0,0.2063649743795395,0.0,0.6562491655349731,0.20886994898319244,0.0,461.01758063724265,75.55325403157622
326,0.9892487525939941,-433.88470405712724,0.0,1.0266070365905762,0.0,0.25336459279060364,0.0,0.6985259652137756,0.0,1.9784975945949554,461.01758063724265,77.53175162617117
327,0.6563770174980164,-433.2283270396292,0.0,0.755424439907074,0.0,0.17553649842739105,0.0,0.3817931115627289,0.0,1.312754049897194,461.01758063724265,78.84450567606837
328,0.43422168493270874,-432.7941053546965,0.0,0.4753243625164032,0.0,0.17008362710475922,0.0,0.22303542494773865,0.0,0.8684434145689011,461.01758063724265,79.71294909063727
329,-0.7687402367591858,-433.5628455914557,0.0,0.10436397790908813,0.6834409832954407,0.0,0.13748127222061157,0.0,0.7165582776069641,0.0,461.7341389148496,79.71294909063727
330,-1.3474454879760742,-434.9102910794318,0.42546793818473816,0.0,0.1426600068807602,0.0,0.7793176174163818,0.0,1.3474455624818802,0.0,463.0815844773315,79.71294909063727
331,-3.392380952835083,-438.30267203226686,0.7432829141616821,0.0,0.5349542498588562,0.0,2.1141438484191895,0.0,3.392381012439728,0.0,466.4739654897712,79.71294909063727
332,-3.3627731800079346,-441.6654452122748,0.6107575297355652,0.0,0.36468249559402466,0.0,2.3873331546783447,0.0,3.3627731800079346,0.0,469.83673866977915,79.71294909063727
333,-1.748924732208252,-443.41436994448304,0.5447744131088257,0.0,0.3876185119152069,0.0,0.8165318369865417,0.0,1.7489247620105743,0.0,471.5856634317897,79.71294909063727
334,-1.8352100849151611,-445.2495800293982,0.5866143703460693,0.0,0.3296126127243042,0.0,0.9189830422401428,0.0,1.8352100253105164,0.0,473.42087345710024,79.71294909063727
335,-1.6963133811950684,-446.94589341059327,0.3560788035392761,0.0,0.18901224434375763,0.0,1.1512223482131958,0.0,1.6963133960962296,0.0,475.1171868531965,79.71294909063727
336,-0.9636238813400269,-447.9095172919333,0.35421058535575867,0.0,0.18733283877372742,0.0,0.42208048701286316,0.0,0.9636239111423492,0.0,476.0808107643388,79.71294909063727
337,-0.9576585292816162,-448.8671758212149,0.3527388870716095,0.0,0.18591776490211487,0.0,0.41900184750556946,0.0,0.9576584994792938,0.0,477.0384692638181,79.71294909063727
338,-0.9526560306549072,-449.8198318518698,0.3514370918273926,0.0,0.18461598455905914,0.0,0.4166029393672943,0.0,0.952656015753746,0.0,477.99112527957186,79.71294909063727
339,-0.9562599658966064,-450.7760918177664,0.35007867217063904,0.0,0.1873515099287033,0.0,0.4188297688961029,0.0,0.9562599509954453,0.0,478.9473852305673,79.71294909063727
340,-2.049421787261963,-452.8255136050284,1.412024736404419,0.0,0.20223666727542877,0.0,0.4351603388786316,0.0,2.0494217425584793,0.0,480.9968069731258,79.71294909063727
341,-1.0756969451904297,-453.9012105502188,0.3450120687484741,0.0,0.23087537288665771,0.0,0.49980950355529785,0.0,1.0756969451904297,0.0,482.0725039183162,79.71294909063727
342,-1.2652788162231445,-455.16648936644197,0.3177548944950104,0.0,0.34781646728515625,0.0,0.5997075438499451,0.0,1.2652789056301117,0.0,483.3377828239463,79.71294909063727
343,-2.2345361709594727,-457.40102553740144,0.10976297408342361,0.0,0.2797078788280487,0.0,1.8450653553009033,0.0,2.2345362082123756,0.0,485.5723190321587,79.71294909063727
344,-6.9965500831604,-464.39757562056184,0.6695652604103088,0.0,5.495115280151367,0.0,0.8318696022033691,0.0,6.996550142765045,0.0,492.56886917492375,79.71294909063727
345,-2.0838823318481445,-466.48145795241,0.0,0.6684800982475281,2.043917655944824,0.0,0.3742046356201172,0.0,1.7496421933174133,0.0,494.31851136824116,79.71294909063727
346,-0.040076758712530136,-466.5215347111225,0.0,0.8657894134521484,0.5046385526657104,0.0,0.0,0.06333417445421219,0.0,0.4244850352406502,494.31851136824116,80.13743412587792
347,-0.35809606313705444,-466.87963077425957,0.0,1.0811127424240112,1.0554454326629639,0.0,0.0,0.31358602643013,0.0,0.33925333619117737,494.31851136824116,80.4766874620691
348,0.8535729646682739,-466.0260578095913,0.0,1.0756162405014038,0.0,0.09675797820091248,0.0,0.534771740436554,0.0,1.7071459591388702,494.31851136824116,82.18383342120796
349,1.004935383796692,-465.0211224257946,0.0,1.0898463726043701,0.0,0.22610242664813995,0.0,0.6939219832420349,0.0,2.009870782494545,494.31851136824116,84.19370420370251
350,0.3086508810520172,-464.7124715447426,0.0,0.026807889342308044,0.0,0.053811050951480865,0.0,0.5366828441619873,0.0,0.6173017844557762,494.31851136824116,84.81100598815829
351,0.6494718790054321,-464.06299966573715,0.0,0.7100706696510315,0.0,0.12786495685577393,0.0,0.4610081911087036,0.0,1.298943817615509,494.31851136824116,86.1099498057738
352,0.3977029323577881,-463.66529673337936,0.0,0.4796273708343506,0.0,0.14430344104766846,0.0,0.17147503793239594,0.0,0.795405849814415,494.31851136824116,86.90535565558821
353,-1.5433695316314697,-465.20866626501083,1.1732442378997803,0.0,0.0,0.006549097131937742,0.3733997941017151,0.0,1.5400949348695576,0.0,495.8586063031107,86.90535565558821
354,-1.7194762229919434,-466.9281424880028,0.5882323384284973,0.0,0.1490902453660965,0.0,0.982153594493866,0.0,1.7194761782884598,0.0,497.5780824813992,86.90535565558821
355,-1.7891490459442139,-468.717291533947,0.5922967791557312,0.0,0.21800805628299713,0.0,0.9788442850112915,0.0,1.7891491204500198,0.0,499.3672316018492,86.90535565558821
356,-2.2864019870758057,-471.0036935210228,0.6107575297355652,0.0,0.36468249559402466,0.0,1.3109619617462158,0.0,2.2864019870758057,0.0,501.653633588925,86.90535565558821
357,-3.5392439365386963,-474.5429374575615,2.3350934982299805,0.0,0.3876185119152069,0.0,0.8165318369865417,0.0,3.539243847131729,0.0,505.19287743605673,86.90535565558821
358,-1.3243088722229004,-475.8672463297844,0.4215100109577179,0.0,0.19325745105743408,0.0,0.7095414996147156,0.0,1.3243089616298676,0.0,506.5171863976866,86.90535565558821
359,-3.03863525390625,-478.90588158369064,0.3560788035392761,0.0,0.18901224434375763,0.0,2.493544101715088,0.0,3.0386351495981216,0.0,509.5558215472847,86.90535565558821
360,-0.9636238813400269,-479.86950546503067,0.35421058535575867,0.0,0.18733283877372742,0.0,0.42208048701286316,0.0,0.9636239111423492,0.0,510.51944545842707,86.90535565558821
361,-1.0757564306259155,-480.9452618956566,0.3527388870716095,0.0,0.3040156662464142,0.0,0.41900184750556946,0.0,1.0757564008235931,0.0,511.59520185925066,86.90535565558821
362,-0.9526560306549072,-481.8979179263115,0.3514370918273926,0.0,0.18461598455905914,0.0,0.4166029393672943,0.0,0.952656015753746,0.0,512.5478578750044,86.90535565558821
363,-0.9562599658966064,-482.8541778922081,0.35007867217063904,0.0,0.1873515099287033,0.0,0.4188297688961029,0.0,0.9562599509954453,0.0,513.5041178259999,86.90535565558821
364,-0.9576064348220825,-483.8117843270302,0.3357362449169159,0.0,0.18670983612537384,0.0,0.4351603388786316,0.0,0.9576064199209213,0.0,514.4617242459208,86.90535565558821
365,-1.0854463577270508,-484.89723068475723,0.3468944728374481,0.0,0.238742396235466,0.0,0.49980950355529785,0.0,1.085446372628212,0.0,515.547170618549,86.90535565558821
366,-1.1194206476211548,-486.0166513323784,0.34379640221595764,0.0,0.310851514339447,0.0,0.4647727310657501,0.0,1.1194206476211548,0.0,516.6665912661701,86.90535565558821
367,-2.5528438091278076,-488.5694951415062,1.8698327541351318,0.0,0.3233182430267334,0.0,0.35969290137290955,0.0,2.552843898534775,0.0,519.2194351647049,86.90535565558821
368,-0.6851321458816528,-489.25462728738785,0.0,0.1338678002357483,0.3272620737552643,0.0,0.4248040020465851,0.0,0.6181982755661011,0.0,519.837633440271,86.90535565558821
369,-0.9698960781097412,-490.2245233654976,0.14676064252853394,0.0,0.42874759435653687,0.0,0.394387811422348,0.0,0.9698960483074188,0.0,520.8075294885784,86.90535565558821
370,-0.08670738339424133,-490.31123074889183,0.0,0.43650850653648376,0.16584628820419312,0.0,0.1391153484582901,0.0,0.0,0.13154686987400055,520.8075294885784,87.03690252546221
371,0.36491647362709045,-489.94631427526474,0.0,0.9015223383903503,0.08802532404661179,0.0,0.0,0.004361285828053951,0.0,0.8178583001717925,520.8075294885784,87.854760825634
372,-3.7329213619232178,-493.67923563718796,3.4516797065734863,0.0,0.09124017506837845,0.0,0.19000139832496643,0.0,3.732921279966831,0.0,524.5404507685453,87.854760825634
373,0.9943481087684631,-492.6848875284195,0.0,1.551107406616211,0.0,0.0435711033642292,0.0,0.39401766657829285,0.0,1.988696176558733,524.5404507685453,89.84345700219274
374,0.48849666118621826,-492.1963908672333,0.0,0.79732745885849,0.03735210373997688,0.0,0.0,0.2543701231479645,0.0,1.0143454782664776,524.5404507685453,90.85780248045921
375,0.44831058382987976,-491.7480802834034,0.0,0.659388542175293,0.0,0.1270235776901245,0.0,0.11020905524492264,0.0,0.8966211751103401,524.5404507685453,91.75442365556955
376,-3.076101303100586,-494.824181586504,2.581608533859253,0.0,0.0,0.03169924393296242,0.5103422403335571,0.0,3.0602515302598476,0.0,527.6007022988051,91.75442365556955
377,-1.8069051504135132,-496.6310867369175,1.5050020217895508,0.0,0.11727970838546753,0.0,0.1846233606338501,0.0,1.8069050908088684,0.0,529.407607389614,91.75442365556955
378,-1.8933234214782715,-498.52441015839577,0.8175526261329651,0.0,0.2798459529876709,0.0,0.7959249019622803,0.0,1.8933234810829163,0.0,531.3009308706969,91.75442365556955
379,-2.811911106109619,-501.3363212645054,0.9985082149505615,0.0,0.3572947680950165,0.0,1.4561080932617188,0.0,2.8119110763072968,0.0,534.1128419470042,91.75442365556955
380,-3.6761474609375,-505.0124687254429,1.52295982837677,0.0,0.36468249559402466,0.0,1.7885050773620605,0.0,3.6761474013328552,0.0,537.788989348337,91.75442365556955
381,-2.8515706062316895,-507.8640393316746,0.9929230809211731,0.0,0.6686283349990845,0.0,1.1900190114974976,0.0,2.851570427417755,0.0,540.6405597757548,91.75442365556955
382,-1.3853249549865723,-509.24936428666115,0.48252609372138977,0.0,0.19325745105743408,0.0,0.7095414996147156,0.0,1.3853250443935394,0.0,542.0258848201483,91.75442365556955
383,-0.9718362092971802,-510.2212004959583,0.3560788035392761,0.0,0.18901224434375763,0.0,0.4267451763153076,0.0,0.9718362241983414,0.0,542.9977210443467,91.75442365556955
384,-0.9636238813400269,-511.18482437729836,0.35421058535575867,0.0,0.18733283877372742,0.0,0.42208048701286316,0.0,0.9636239111423492,0.0,543.961344955489,91.75442365556955
385,-0.9576585292816162,-512.14248290658,0.3527388870716095,0.0,0.18591776490211487,0.0,0.41900184750556946,0.0,0.9576584994792938,0.0,544.9190034549683,91.75442365556955
386,-0.9526560306549072,-513.0951389372349,0.3514370918273926,0.0,0.18461598455905914,0.0,0.4166029393672943,0.0,0.952656015753746,0.0,545.8716594707221,91.75442365556955
387,-0.9562599658966064,-514.0513989031315,0.35007867217063904,0.0,0.1873515099287033,0.0,0.4188297688961029,0.0,0.9562599509954453,0.0,546.8279194217175,91.75442365556955
388,-1.1469498872756958,-515.1983487904072,0.34860697388648987,0.0,0.36318257451057434,0.0,0.4351603388786316,0.0,1.1469498872756958,0.0,547.9748693089932,91.75442365556955
389,-1.1152713298797607,-516.3136201202869,0.3487769067287445,0.0,0.238742396235466,0.0,0.5277521014213562,0.0,1.1152714043855667,0.0,549.0901407133788,91.75442365556955
390,-1.2638856172561646,-517.5775057375431,0.30403462052345276,0.0,0.23969605565071106,0.0,0.7201549410820007,0.0,1.2638856172561646,0.0,550.354026330635,91.75442365556955
391,-2.0875244140625,-519.6650301516056,0.12697218358516693,0.0,0.5816044211387634,0.0,1.3789477348327637,0.0,2.087524339556694,0.0,552.4415506701916,91.75442365556955
392,-1.5022823810577393,-521.1673125326633,0.25774627923965454,0.0,0.35324275493621826,0.0,0.8912932872772217,0.0,1.5022823214530945,0.0,553.9438329916447,91.75442365556955
393,-1.158083438873291,-522.3253959715366,0.0,0.27717259526252747,0.43479281663894653,0.0,0.8618768453598022,0.0,1.0194970667362213,0.0,554.963330058381,91.75442365556955
394,-1.2921040058135986,-523.6174999773502,0.0,0.5358102321624756,0.2749073803424835,0.0,1.2851017713546753,0.0,1.0241989195346832,0.0,555.9875289779156,91.75442365556955
395,-0.5559079647064209,-524.1734079420567,0.0,0.35644495487213135,0.2166476845741272,0.0,0.5174827575683594,0.0,0.3776854872703552,0.0,556.365214465186,91.75442365556955
396,-7.166900634765625,-531.3403085768223,5.3932013511657715,0.0,0.17484444379806519,0.0,1.5988550186157227,0.0,7.166900813579559,0.0,563.5321152787656,91.75442365556955
397,-0.30926749110221863,-531.6495760679245,0.0,0.06488997489213943,0.1906745284795761,0.0,0.15103794634342194,0.0,0.2768224999308586,0.0,563.8089377786964,91.75442365556955
398,0.12242040038108826,-531.5271556675434,0.0,0.3616254925727844,0.0801943987607956,0.0,0.0,0.04360410198569298,0.0,0.3250351957976818,563.8089377786964,92.07945885136724
399,-0.7129018902778625,-532.2400575578213,0.6481359601020813,0.0,0.13162270188331604,0.0,0.0,0.13371360301971436,0.646045058965683,0.0,564.4549828376621,92.07945885136724
400,-1.2503453493118286,-533.4904029071331,0.9426003694534302,0.0,0.13181371986865997,0.0,0.1759311854839325,0.0,1.2503452748060226,0.0,565.7053281124681,92.07945885136724
401,-1.2841464281082153,-534.7745493352413,0.20092672109603882,0.0,0.5062978267669678,0.0,0.5769218802452087,0.0,1.2841464281082153,0.0,566.9894745405763,92.07945885136724
402,-1.7851948738098145,-536.5597442090511,0.5019849538803101,0.0,0.4273751974105835,0.0,0.8558346629142761,0.0,1.7851948142051697,0.0,568.7746693547815,92.07945885136724
403,-2.335153102874756,-538.8948973119259,0.8840000033378601,0.0,0.47447291016578674,0.0,0.9766800999641418,0.0,2.3351530134677887,0.0,571.1098223682493,92.07945885136724
404,-2.175626277923584,-541.0705235898495,0.9750229120254517,0.0,0.20169100165367126,0.0,0.9989123344421387,0.0,2.1756262481212616,0.0,573.2854486163706,92.07945885136724
405,-2.3836684226989746,-543.4541920125484,0.5447744131088257,0.0,0.784104585647583,0.0,1.0547893047332764,0.0,2.383668303489685,0.0,575.6691169198602,92.07945885136724
406,-1.8265050649642944,-545.2806970775127,0.48252609372138977,0.0,0.19325745105743408,0.0,1.150721549987793,0.0,1.8265050947666168,0.0,577.4956220146269,92.07945885136724
407,-0.9907427430152893,-546.271439820528,0.37498530745506287,0.0,0.18901224434375763,0.0,0.4267451763153076,0.0,0.9907427281141281,0.0,578.486364742741,92.07945885136724
408,-1.440687656402588,-547.7121274769306,0.3568393290042877,0.0,0.18733283877372742,0.0,0.8965155482292175,0.0,1.4406877160072327,0.0,579.9270524587482,92.07945885136724
409,-0.9499977827072144,-548.6621252596378,0.34507817029953003,0.0,0.18591776490211487,0.0,0.41900184750556946,0.0,0.9499977827072144,0.0,580.8770502414554,92.07945885136724
410,-0.9399878978729248,-549.6021131575108,0.33876895904541016,0.0,0.18461598455905914,0.0,0.4166029393672943,0.0,0.9399878829717636,0.0,581.8170381244272,92.07945885136724
411,-0.9562599658966064,-550.5583731234074,0.35007867217063904,0.0,0.1873515099287033,0.0,0.4188297688961029,0.0,0.9562599509954453,0.0,582.7732980754226,92.07945885136724
412,-0.9860039949417114,-551.5443771183491,0.34860697388648987,0.0,0.20223666727542877,0.0,0.4351603388786316,0.0,0.9860039800405502,0.0,583.7593020554632,92.07945885136724
413,-3.7630789279937744,-555.3074560463428,3.0323939323425293,0.0,0.23087537288665771,0.0,0.49980950355529785,0.0,3.763078808784485,0.0,587.5223808642477,92.07945885136724
414,-3.1433162689208984,-558.4507723152637,0.967478334903717,0.0,1.4486463069915771,0.0,0.7271917462348938,0.0,3.143316388130188,0.0,590.6656972523779,92.07945885136724
415,-1.1755759716033936,-559.6263482868671,0.14348652958869934,0.0,0.3252641260623932,0.0,0.7068252563476562,0.0,1.1755759119987488,0.0,591.8412731643766,92.07945885136724
416,-0.6351636052131653,-560.2615118920803,0.0,0.09780334681272507,0.36970365047454834,0.0,0.3143616318702698,0.0,0.586261935532093,0.0,592.4275350999087,92.07945885136724
417,-1.6460729837417603,-561.9075848758221,0.0,0.31128448247909546,1.5204766988754272,0.0,0.2812385559082031,0.0,1.490430772304535,0.0,593.9179658722132,92.07945885136724
418,-1.3793513774871826,-563.2869362533092,0.04975142702460289,0.0,0.39060747623443604,0.0,0.938992440700531,0.0,1.37935134395957,0.0,595.2973172161728,92.07945885136724
419,0.1504349410533905,-563.1365013122559,0.0,0.6721116900444031,0.2256956547498703,0.0,0.0,0.08014948666095734,0.0,0.5265655219554901,595.2973172161728,92.60602437332273
420,-0.5528734922409058,-563.6893748044968,0.0,0.5201259255409241,0.8061240315437317,0.0,0.0068124509416520596,0.0,0.2928105569444597,0.0,595.5901277731173,92.60602437332273
421,-3.1801111698150635,-566.8694859743118,3.225623846054077,0.0,0.017452159896492958,0.0,0.0,0.12592966854572296,3.117146337404847,0.0,598.7072741105221,92.60602437332273
422,0.6731027960777283,-566.1963831782341,0.0,0.7522566914558411,0.018596366047859192,0.0,0.0,0.6311416625976562,0.0,1.3648019880056381,598.7072741105221,93.97082636132836
423,0.32008427381515503,-565.876298904419,0.0,0.5776183605194092,0.08419080823659897,0.0,0.0,0.2309318482875824,0.0,0.7243594005703926,598.7072741105221,94.69518576189876
424,-0.07272355258464813,-565.9490224570036,0.0,0.12970088422298431,0.19494475424289703,0.0,0.0,0.11474152654409409,0.0,0.049497656524181366,598.7072741105221,94.74468341842294
425,-0.8520129919052124,-566.8010354489088,0.4581303596496582,0.0,0.06991371512413025,0.0,0.32396888732910156,0.0,0.85201296210289,0.0,599.559287072625,94.74468341842294
426,-1.2483017444610596,-568.0493371933699,0.3383907973766327,0.0,0.29136690497398376,0.0,0.6185441017150879,0.0,1.2483018040657043,0.0,600.8075888766907,94.74468341842294
427,-3.8148434162139893,-571.8641806095839,2.412489175796509,0.0,0.3575150668621063,0.0,1.0448391437530518,0.0,3.814843386411667,0.0,604.6224322631024,94.74468341842294
428,-1.8817429542541504,-573.745923563838,0.6107575297355652,0.0,0.48174363374710083,0.0,0.7892417907714844,0.0,1.8817429542541504,0.0,606.5041752173565,94.74468341842294
429,-4.347204208374023,-578.093127772212,3.152406930923462,0.0,0.3876185119152069,0.0,0.8071786165237427,0.0,4.3472040593624115,0.0,610.851379276719,94.74468341842294
430,-1.1727807521820068,-579.265908524394,0.5435421466827393,0.0,0.19325745105743408,0.0,0.4359810948371887,0.0,1.172780692577362,0.0,612.0241599692963,94.74468341842294
431,-1.2279577255249023,-580.4938662499189,0.37498530745506287,0.0,0.18901224434375763,0.0,0.6639602184295654,0.0,1.227957770228386,0.0,613.2521177395247,94.74468341842294
432,-0.9636238813400269,-581.457490131259,0.35421058535575867,0.0,0.18733283877372742,0.0,0.42208048701286316,0.0,0.9636239111423492,0.0,614.215741650667,94.74468341842294
433,-0.9576585292816162,-582.4151486605406,0.3527388870716095,0.0,0.18591776490211487,0.0,0.41900184750556946,0.0,0.9576584994792938,0.0,615.1734001501463,94.74468341842294
434,-0.9526560306549072,-583.3678046911955,0.3514370918273926,0.0,0.18461598455905914,0.0,0.4166029393672943,0.0,0.952656015753746,0.0,616.1260561659001,94.74468341842294
435,-1.840392827987671,-585.2081975191832,1.2342115640640259,0.0,0.1873515099287033,0.0,0.4188297688961029,0.0,1.840392842888832,0.0,617.9664490087889,94.74468341842294
436,-0.9860039949417114,-586.1942015141249,0.34860697388648987,0.0,0.20223666727542877,0.0,0.4351603388786316,0.0,0.9860039800405502,0.0,618.9524529888295,94.74468341842294
437,-1.0794618129730225,-587.2736633270979,0.3487769067287445,0.0,0.23087537288665771,0.0,0.49980950355529785,0.0,1.0794617831707,0.0,620.0319147720002,94.74468341842294
438,-2.393867015838623,-589.6675303429365,0.3447021245956421,0.0,0.26002979278564453,0.0,1.789135217666626,0.0,2.3938671350479126,0.0,622.4257819070481,94.74468341842294
439,-7.204122543334961,-596.8716528862715,0.216424360871315,0.0,6.503270149230957,0.0,0.48442813754081726,0.0,7.204122647643089,0.0,629.6299045546912,94.74468341842294
440,-2.5417733192443848,-599.4134262055159,0.3642098307609558,0.0,1.3781979084014893,0.0,0.7993655204772949,0.0,2.54177325963974,0.0,632.1716778143309,94.74468341842294
441,-2.9246504306793213,-602.3380766361952,0.9722576141357422,0.0,1.4065701961517334,0.0,0.5458226203918457,0.0,2.9246504306793213,0.0,635.0963282450102,94.74468341842294
442,-0.7247641086578369,-603.062840744853,0.0,0.1336219608783722,0.38516879081726074,0.0,0.4064062833786011,0.0,0.6579531133174896,0.0,635.7542813583277,94.74468341842294
443,-0.40517082810401917,-603.468011572957,0.0,0.3478230834007263,0.30769190192222595,0.0,0.27139046788215637,0.0,0.231259286403656,0.0,635.9855406447314,94.74468341842294
444,-2.0034003257751465,-605.4714118987322,0.31805720925331116,0.0,0.6301204562187195,0.0,1.055222511291504,0.0,2.0034001767635345,0.0,637.9889408214949,94.74468341842294
445,-2.6672768592834473,-608.1386887580156,0.0,0.05283172428607941,2.031580924987793,0.0,0.6621116995811462,0.0,2.64086090028286,0.0,640.6298017217778,94.74468341842294
446,-6.956500053405762,-615.0951888114214,0.5093734264373779,0.0,5.668200492858887,0.0,0.7789259552955627,0.0,6.956499874591827,0.0,647.5863015963696,94.74468341842294
447,-0.260294109582901,-615.3554829210043,0.1317143589258194,0.0,0.3180221915245056,0.0,0.0,0.37888485193252563,0.07085169851779938,0.0,647.6571532948874,94.74468341842294
448,-0.6942262649536133,-616.0497091859579,0.18129943311214447,0.0,0.27478674054145813,0.0,0.23814013600349426,0.0,0.6942263096570969,0.0,648.3513796045445,94.74468341842294
449,-1.001634120941162,-617.0513433068991,0.41424134373664856,0.0,0.20186926424503326,0.0,0.3855234682559967,0.0,1.0016340762376785,0.0,649.3530136807822,94.74468341842294
450,-1.9143195152282715,-618.9656628221273,0.7868546843528748,0.0,0.21277660131454468,0.0,0.914688229560852,0.0,1.9143195152282715,0.0,651.2673331960104,94.74468341842294
451,-2.6381635665893555,-621.6038263887167,1.6971893310546875,0.0,0.21762558817863464,0.0,0.7233487367630005,0.0,2.6381636559963226,0.0,653.9054968520068,94.74468341842294
452,-2.75610089302063,-624.3599272817373,1.0530593395233154,0.0,0.36468249559402466,0.0,1.3383591175079346,0.0,2.7561009526252747,0.0,656.661597804632,94.74468341842294
453,-2.3875701427459717,-626.7474974244833,0.856479287147522,0.0,0.3876185119152069,0.0,1.1434723138809204,0.0,2.3875701129436493,0.0,659.0491679175757,94.74468341842294
454,-1.508088231086731,-628.25558565557,0.6426564455032349,0.0,0.19325745105743408,0.0,0.672174334526062,0.0,1.508088231086731,0.0,660.5572561486624,94.74468341842294
455,-1.429183006286621,-629.6847686618567,0.577232837677002,0.0,0.18901224434375763,0.0,0.6629379987716675,0.0,1.429183080792427,0.0,661.9864392294548,94.74468341842294
456,-1.7853015661239624,-631.4700702279806,0.35421058535575867,0.0,0.30339986085891724,0.0,1.1276911497116089,0.0,1.7853015959262848,0.0,663.7717408253811,94.74468341842294
457,-2.293839931488037,-633.7639101594687,1.4537259340286255,0.0,0.18591776490211487,0.0,0.6541962623596191,0.0,2.2938399612903595,0.0,666.0655807866715,94.74468341842294
458,-0.9526560306549072,-634.7165661901236,0.3514370918273926,0.0,0.18461598455905914,0.0,0.4166029393672943,0.0,0.952656015753746,0.0,667.0182368024252,94.74468341842294
459,-0.9562599658966064,-635.6728261560202,0.35007867217063904,0.0,0.1873515099287033,0.0,0.4188297688961029,0.0,0.9562599509954453,0.0,667.9744967534207,94.74468341842294
460,-1.7419652938842773,-637.4147914499044,1.1220662593841553,0.0,0.20223666727542877,0.0,0.4176623523235321,0.0,1.7419652789831161,0.0,669.7164620324038,94.74468341842294
461,-3.132606029510498,-640.5473974794149,1.5058200359344482,0.0,0.23087537288665771,0.0,1.3959107398986816,0.0,3.1326061487197876,0.0,672.8490681811236,94.74468341842294
462,-1.2583131790161133,-641.805710658431,0.4037284255027771,0.0,0.24932989478111267,0.0,0.6052549481391907,0.0,1.2583132684230804,0.0,674.1073814495467,94.74468341842294
463,-2.309401512145996,-644.115112170577,1.5849545001983643,0.0,0.27039510011672974,0.0,0.4540519118309021,0.0,2.309401512145996,0.0,676.4167829616927,94.74468341842294
464,-1.842865228652954,-645.95797739923,0.8859472870826721,0.0,0.3925790786743164,0.0,0.5643388628959656,0.0,1.842865228652954,0.0,678.2596481903456,94.74468341842294
465,-0.9351826906204224,-646.8931600898504,0.0,0.07792757451534271,0.459551066160202,0.0,0.5145954489707947,0.0,0.896218940615654,0.0,679.1558671309613,94.74468341842294
466,-0.43974757194519043,-647.3329076617956,0.0,0.3374662697315216,0.3241373300552368,0.0,0.2843433916568756,0.0,0.2710144519805908,0.0,679.4268815829419,94.74468341842294
467,-2.4674863815307617,-649.8003940433264,0.23606261610984802,0.0,1.9468432664871216,0.0,0.2845804989337921,0.0,2.4674863815307617,0.0,681.8943679644726,94.74468341842294
468,-1.750015139579773,-651.5504091829062,0.0,0.4541109502315521,1.8432271480560303,0.0,0.13384345173835754,0.0,1.5229596495628357,0.0,683.4173276140355,94.74468341842294
469,0.04026494920253754,-651.5101442337036,0.0,0.4983679950237274,0.09319945424795151,0.0,0.11571960151195526,0.0,0.0,0.28944893926382065,683.4173276140355,95.03413235768676
470,0.11428415030241013,-651.3958600834012,0.0,0.468612402677536,0.048087555915117264,0.0,0.07193449884653091,0.0,0.0,0.34859034791588783,683.4173276140355,95.38272270560265
471,-0.06080251559615135,-651.4566625989974,0.0,0.30463698506355286,0.21591363847255707,0.0,0.0,0.005585257429629564,0.0,0.09430860402062535,683.4173276140355,95.47703130962327
472,-1.770033836364746,-653.2266964353621,0.9905862808227539,0.0,0.4438036382198334,0.0,0.3356439471244812,0.0,1.7700338661670685,0.0,685.1873614802025,95.47703130962327
473,-2.8031647205352783,-656.0298611558974,1.3733482360839844,0.0,0.1300397366285324,0.0,1.2997767925262451,0.0,2.803164765238762,0.0,687.9905262454413,95.47703130962327
474,-1.7873375415802002,-657.8171986974776,0.434172123670578,0.0,0.4899592995643616,0.0,0.8632060885429382,0.0,1.7873375117778778,0.0,689.7778637572192,95.47703130962327
475,-2.1526427268981934,-659.9698414243758,0.8138371706008911,0.0,0.3586408793926239,0.0,0.9801647067070007,0.0,2.1526427567005157,0.0,691.9305065139197,95.47703130962327
476,-3.005983591079712,-662.9758250154555,0.7490856647491455,0.0,0.48074960708618164,0.0,1.7761483192443848,0.0,3.005983591079712,0.0,694.9364901049994,95.47703130962327
477,-4.8707146644592285,-667.8465396799147,1.5551320314407349,0.0,0.3876185119152069,0.0,2.927964210510254,0.0,4.870714753866196,0.0,699.8072048588656,95.47703130962327
478,-3.197922468185425,-671.0444621481001,0.8619459867477417,0.0,0.3296126127243042,0.0,2.006363868713379,0.0,3.197922468185425,0.0,703.005127327051,95.47703130962327
479,-3.1299304962158203,-674.174392644316,2.2038090229034424,0.0,0.23568828403949738,0.0,0.6904333233833313,0.0,3.129930630326271,0.0,706.1350579573773,95.47703130962327
480,-1.1855608224868774,-675.3599534668028,0.5761474967002869,0.0,0.18733283877372742,0.0,0.42208048701286316,0.0,1.1855608224868774,0.0,707.3206187798642,95.47703130962327
481,-0.9576585292816162,-676.3176119960845,0.3527388870716095,0.0,0.18591776490211487,0.0,0.41900184750556946,0.0,0.9576584994792938,0.0,708.2782772793435,95.47703130962327
482,-0.9526560306549072,-677.2702680267394,0.3514370918273926,0.0,0.18461598455905914,0.0,0.4166029393672943,0.0,0.952656015753746,0.0,709.2309332950972,95.47703130962327
483,-1.9959814548492432,-679.2662494815886,0.35007867217063904,0.0,0.1873515099287033,0.0,1.458551287651062,0.0,1.9959814697504044,0.0,711.2269147648476,95.47703130962327
484,-1.3760892152786255,-680.6423386968672,0.7561901807785034,0.0,0.20223666727542877,0.0,0.4176623523235321,0.0,1.3760892003774643,0.0,712.6030039652251,95.47703130962327
485,-1.1055219173431396,-681.7478606142104,0.3468944728374481,0.0,0.23087537288665771,0.0,0.5277521014213562,0.0,1.105521947145462,0.0,713.7085259123705,95.47703130962327
486,-1.2732956409454346,-683.0211562551558,0.3077986538410187,0.0,0.24157807230949402,0.0,0.7239189743995667,0.0,1.2732957005500793,0.0,714.9818216129206,95.47703130962327
487,-2.540097236633301,-685.5612534917891,0.06792356073856354,0.0,0.2113327980041504,0.0,2.260840892791748,0.0,2.540097251534462,0.0,717.5219188644551,95.47703130962327
488,-0.44550490379333496,-686.0067583955824,0.0,0.2953050136566162,0.19324900209903717,0.0,0.3999083936214447,0.0,0.29785238206386566,0.0,717.8197712465189,95.47703130962327
489,0.17911773920059204,-685.8276406563818,0.0,0.6492627263069153,0.17388348281383514,0.0,0.0,0.05673970654606819,0.0,0.5321189500391483,717.8197712465189,96.00915025966242
490,0.42727360129356384,-685.4003670550883,0.0,0.8206992745399475,0.08252085000276566,0.0,0.0,0.1988895982503891,0.0,0.937068022787571,717.8197712465189,96.94621828244999
491,-1.740665316581726,-687.14103237167,1.4217573404312134,0.0,0.06481437385082245,0.0,0.25409364700317383,0.0,1.7406653612852097,0.0,719.5604366078041,96.94621828244999
492,1.066154956817627,-686.0748774148524,0.0,1.7822697162628174,0.0,0.0029281415045261383,0.0,0.3471120595932007,0.0,2.132309917360544,719.5604366078041,99.07852819981053
493,0.7877652645111084,-685.2871121503413,0.0,0.9483482241630554,0.0,0.12848839163780212,0.0,0.49869394302368164,0.0,1.5755305588245392,719.5604366078041,100.65405875863507
494,0.48997974395751953,-684.7971324063838,0.0,0.3910040557384491,0.0,0.1323862075805664,0.0,0.45656919479370117,0.0,0.9799594581127167,719.5604366078041,101.63401821674779
495,0.4817722737789154,-684.3153601326048,0.0,0.526594340801239,0.0,0.07722398638725281,0.0,0.3597262501716614,0.0,0.9635445773601532,719.5604366078041,102.59756279410794
496,0.3423740863800049,-683.9729860462248,0.0,0.3957573473453522,0.0,0.0744367241859436,0.0,0.2145540714263916,0.0,0.6847481429576874,719.5604366078041,103.28231093706563
497,-0.3262806236743927,-684.2992666698992,0.02223338931798935,0.0,0.039968591183423996,0.0,0.26407864689826965,0.0,0.326280627399683,0.0,719.8867172352038,103.28231093706563
498,-4.551896572113037,-688.8511632420123,3.070821762084961,0.0,0.8911504149436951,0.0,0.5899243950843811,0.0,4.551896572113037,0.0,724.4386138073169,103.28231093706563
499,-2.1031479835510254,-690.9543112255633,1.0269628763198853,0.0,0.35601088404655457,0.0,0.7201741337776184,0.0,2.1031478941440582,0.0,726.5417617014609,103.28231093706563
500,-1.8822147846221924,-692.8365260101855,0.4469718635082245,0.0,0.36468249559402466,0.0,1.0705604553222656,0.0,1.8822148144245148,0.0,728.4239765158854,103.28231093706563
501,-2.769784450531006,-695.6063104607165,1.3314045667648315,0.0,0.3876185119152069,0.0,1.050761342048645,0.0,2.7697844207286835,0.0,731.1937609366141,103.28231093706563
502,-1.5796260833740234,-697.1859365440905,0.5798031091690063,0.0,0.3296126127243042,0.0,0.6702104210853577,0.0,1.5796261429786682,0.0,732.7733870795928,103.28231093706563
503,-1.0874227285385132,-698.273359272629,0.3560788035392761,0.0,0.30459877848625183,0.0,0.4267451763153076,0.0,1.0874227583408356,0.0,733.8608098379336,103.28231093706563
504,-0.9636238813400269,-699.236983153969,0.35421058535575867,0.0,0.18733283877372742,0.0,0.42208048701286316,0.0,0.9636239111423492,0.0,734.824433749076,103.28231093706563
505,-1.0727756023406982,-700.3097587563097,0.3527388870716095,0.0,0.3010348379611969,0.0,0.41900184750556946,0.0,1.0727755725383759,0.0,735.8972093216144,103.28231093706563
506,-0.9526560306549072,-701.2624147869647,0.3514370918273926,0.0,0.18461598455905914,0.0,0.4166029393672943,0.0,0.952656015753746,0.0,736.8498653373681,103.28231093706563
507,-0.9562599658966064,-702.2186747528613,0.35007867217063904,0.0,0.1873515099287033,0.0,0.4188297688961029,0.0,0.9562599509954453,0.0,737.8061252883635,103.28231093706563
508,-0.9731332659721375,-703.1918080188334,0.3357362449169159,0.0,0.20223666727542877,0.0,0.4351603388786316,0.0,0.9731332510709763,0.0,738.7792585394345,103.28231093706563
509,-2.7151968479156494,-705.907004866749,1.9565691947937012,0.0,0.23087537288665771,0.0,0.5277521014213562,0.0,2.715196669101715,0.0,741.4944552085362,103.28231093706563
510,-9.280101776123047,-715.1871066428721,0.7452424764633179,0.0,0.25650835037231445,0.0,8.278350830078125,0.0,9.280101656913757,0.0,750.77455686545,103.28231093706563
511,-2.1382293701171875,-717.3253360129893,0.15855766832828522,0.0,1.4071950912475586,0.0,0.5724765062332153,0.0,2.138229265809059,0.0,752.912786131259,103.28231093706563
512,-2.038938283920288,-719.3642742969096,0.16519969701766968,0.0,0.1806737631559372,0.0,1.69306480884552,0.0,2.038938269019127,0.0,754.9517244002782,103.28231093706563
513,-0.4370039701461792,-719.8012782670557,0.0,0.6769324541091919,0.16004861891269684,0.0,0.6154215931892395,0.0,0.09853775799274445,0.0,755.0502621582709,103.28231093706563
514,0.4114105999469757,-719.3898676671088,0.0,0.4888811707496643,0.007497816812247038,0.0,0.0,0.34893566370010376,0.0,0.830319017637521,755.0502621582709,104.11262995470315
515,-0.5761126279830933,-719.9659802950919,0.7456040382385254,0.0,0.0004916157922707498,0.0,0.0,0.3399659991264343,0.4061296549043618,0.0,755.4563918131753,104.11262995470315
516,0.7434232831001282,-719.2225570119917,0.0,0.7536830306053162,0.0,0.13063593208789825,0.0,0.6025276184082031,0.0,1.4868465811014175,755.4563918131753,105.59947653580457
517,1.0843703746795654,-718.1381866373122,0.0,1.1816695928573608,0.0,0.2484513223171234,0.0,0.7386198043823242,0.0,2.1687407195568085,755.4563918131753,107.76821725536138
518,0.924592137336731,-717.2135944999754,0.0,1.0419042110443115,0.0,0.2610131800174713,0.0,0.5462669730186462,0.0,1.849184364080429,755.4563918131753,109.61740161944181
519,0.44741618633270264,-716.7661783136427,0.0,0.42597800493240356,0.0,0.20423081517219543,0.0,0.2646235227584839,0.0,0.8948323428630829,755.4563918131753,110.51223396230489
520,0.48924994468688965,-716.2769283689559,0.0,0.5193469524383545,0.0,0.19209492206573486,0.0,0.26705801486968994,0.0,0.9784998893737793,755.4563918131753,111.49073385167867
521,-0.03375670313835144,-716.3106850720942,0.0,0.07843213528394699,0.0,0.04446747526526451,0.09520650655031204,0.0,0.0,0.02769310399889946,755.4563918131753,111.51842695567757
522,-1.1019550561904907,-717.4126401282847,0.4168977439403534,0.0,0.1383749097585678,0.0,0.5466824173927307,0.0,1.101955071091652,0.0,756.5583468842669,111.51842695567757
523,-2.7122764587402344,-720.1249165870249,0.5939352512359619,0.0,0.2188272923231125,0.0,1.8995139598846436,0.0,2.712276503443718,0.0,759.2706233877107,111.51842695567757
524,-2.5382542610168457,-722.6631708480418,1.2660026550292969,0.0,0.20169100165367126,0.0,1.0705604553222656,0.0,2.5382541120052338,0.0,761.8088774997159,111.51842695567757
525,-2.4462451934814453,-725.1094160415232,0.6353296637535095,0.0,0.3876185119152069,0.0,1.4232971668243408,0.0,2.4462453424930573,0.0,764.255122842209,111.51842695567757
526,-1.4606640338897705,-726.570080075413,0.4215100109577179,0.0,0.3296126127243042,0.0,0.7095414996147156,0.0,1.4606641232967377,0.0,765.7157869655057,111.51842695567757
527,-1.0374188423156738,-727.6074989177287,0.37498530745506287,0.0,0.23568828403949738,0.0,0.4267451763153076,0.0,1.0374187678098679,0.0,766.7532057333156,111.51842695567757
528,-0.975361704826355,-728.582860622555,0.35421058535575867,0.0,0.19907063245773315,0.0,0.42208048701286316,0.0,0.975361704826355,0.0,767.7285674381419,111.51842695567757
529,-0.9576585292816162,-729.5405191518366,0.3527388870716095,0.0,0.18591776490211487,0.0,0.41900184750556946,0.0,0.9576584994792938,0.0,768.6862259376212,111.51842695567757
530,-0.9526560306549072,-730.4931751824915,0.3514370918273926,0.0,0.18461598455905914,0.0,0.4166029393672943,0.0,0.952656015753746,0.0,769.638881953375,111.51842695567757
531,-1.1855758428573608,-731.6787510253489,0.35007867217063904,0.0,0.4166674017906189,0.0,0.4188297688961029,0.0,1.1855758428573608,0.0,770.8244577962323,111.51842695567757
532,-0.9860039949417114,-732.6647550202906,0.34860697388648987,0.0,0.20223666727542877,0.0,0.4351603388786316,0.0,0.9860039800405502,0.0,771.8104617762729,111.51842695567757
533,-1.0794618129730225,-733.7442168332636,0.3487769067287445,0.0,0.23087537288665771,0.0,0.49980950355529785,0.0,1.0794617831707,0.0,772.8899235594436,111.51842695567757
534,-1.4031658172607422,-735.1473826505244,0.7116307616233826,0.0,0.2397024929523468,0.0,0.45183253288269043,0.0,1.4031657874584198,0.0,774.293089346902,111.51842695567757
535,-2.268202781677246,-737.4155854322016,0.10145055502653122,0.0,0.5448907613754272,0.0,1.6218613386154175,0.0,2.268202655017376,0.0,776.5612920019194,111.51842695567757
536,-2.734466552734375,-740.150051984936,0.0,0.3353753387928009,2.6300389766693115,0.0,0.27211520075798035,0.0,2.566778838634491,0.0,779.1280708405538,111.51842695567757
537,-9.444294929504395,-749.5943469144404,0.6008652448654175,0.0,8.606256484985352,0.0,0.23717337846755981,0.0,9.444295108318329,0.0,788.5723659488722,111.51842695567757
538,-5.649139881134033,-755.2434867955744,5.049230098724365,0.0,0.61571204662323,0.0,0.0,0.031604867428541183,5.633337277919054,0.0,794.2057032267912,111.51842695567757
539,0.5965507626533508,-754.6469360329211,0.0,1.144559621810913,0.0,0.03349335119128227,0.0,0.015048542991280556,0.0,1.193101515993476,794.2057032267912,112.71152847167104
540,-0.5681508183479309,-755.215086851269,0.0,0.4473486542701721,0.0,0.056489020586013794,0.8200696706771851,0.0,0.31623199582099915,0.0,794.5219352226122,112.71152847167104
541,0.8938981890678406,-754.3211886622012,0.0,0.8032835125923157,0.0,0.20749174058437347,0.0,0.7770211696624756,0.0,1.7877964228391647,794.5219352226122,114.49932489451021
542,-1.3018215894699097,-755.6230102516711,1.5716594457626343,0.0,0.0,0.22840949892997742,0.0,0.311266154050827,1.0319837927818298,0.0,795.5539190153941,114.49932489451021
543,-5.17704963684082,-760.8000598885119,5.1226091384887695,0.0,0.0,0.14496320486068726,0.12692202627658844,0.0,5.104567959904671,0.0,800.6584869752987,114.49932489451021
544,-0.4395378828048706,-761.2395977713168,0.0,0.15906882286071777,0.0,0.1092294305562973,0.5736870169639587,0.0,0.30538876354694366,0.0,800.9638757388457,114.49932489451021
545,-0.6229342222213745,-761.8625319935381,0.15528148412704468,0.0,0.09507961571216583,0.0,0.3725731670856476,0.0,0.6229342669248581,0.0,801.5868100057705,114.49932489451021
546,-2.7946290969848633,-764.657161090523,0.538820743560791,0.0,0.7438444495201111,0.0,1.5119638442993164,0.0,2.7946290373802185,0.0,804.3814390431507,114.49932489451021
547,-2.333390474319458,-766.9905515648425,1.247894525527954,0.0,0.35911455750465393,0.0,0.7263814806938171,0.0,2.333390563726425,0.0,806.7148296068772,114.49932489451021
548,-2.5574777126312256,-769.5480292774737,1.317481517791748,0.0,0.4793415367603302,0.0,0.7606547474861145,0.0,2.5574778020381927,0.0,809.2723074089154,114.49932489451021
549,-2.3829104900360107,-771.9309397675097,1.0641010999679565,0.0,0.5022775530815125,0.0,0.8165318369865417,0.0,2.3829104900360107,0.0,811.6552178989514,114.49932489451021
550,-1.3243088722229004,-773.2552486397326,0.4215100109577179,0.0,0.19325745105743408,0.0,0.7095414996147156,0.0,1.3243089616298676,0.0,812.9795268605812,114.49932489451021
551,-1.0864951610565186,-774.3417438007891,0.3560788035392761,0.0,0.3036712408065796,0.0,0.4267451763153076,0.0,1.0864952206611633,0.0,814.0660220812424,114.49932489451021
552,-0.9636238813400269,-775.3053676821291,0.35421058535575867,0.0,0.18733283877372742,0.0,0.42208048701286316,0.0,0.9636239111423492,0.0,815.0296459923848,114.49932489451021
553,-1.186082363128662,-776.4914500452578,0.3527388870716095,0.0,0.41434162855148315,0.0,0.41900184750556946,0.0,1.186082363128662,0.0,816.2157283555134,114.49932489451021
554,-0.9399878978729248,-777.4314379431307,0.33876895904541016,0.0,0.18461598455905914,0.0,0.4166029393672943,0.0,0.9399878829717636,0.0,817.1557162384852,114.49932489451021
555,-0.9562599658966064,-778.3876979090273,0.35007867217063904,0.0,0.1873515099287033,0.0,0.4188297688961029,0.0,0.9562599509954453,0.0,818.1119761894806,114.49932489451021
556,-0.9860039949417114,-779.373701903969,0.34860697388648987,0.0,0.20223666727542877,0.0,0.4351603388786316,0.0,0.9860039800405502,0.0,819.0979801695212,114.49932489451021
557,-1.0794618129730225,-780.4531637169421,0.3487769067287445,0.0,0.23087537288665771,0.0,0.49980950355529785,0.0,1.0794617831707,0.0,820.1774419526919,114.49932489451021
558,-1.031375765800476,-781.4845394827425,0.33445003628730774,0.0,0.2414994090795517,0.0,0.4554263651371002,0.0,1.0313758105039597,0.0,821.2088177631958,114.49932489451021
559,-1.37713623046875,-782.8616757132113,0.053132280707359314,0.0,0.8090472221374512,0.0,0.5149567723274231,0.0,1.3771362751722336,0.0,822.5859540383681,114.49932489451021
560,-0.5419752597808838,-783.4036509729922,0.0,0.33972299098968506,0.24874383211135864,0.0,0.4630929231643677,0.0,0.37211376428604126,0.0,822.9580678026541,114.49932489451021
561,-0.09584590792655945,-783.4994968809187,0.0,0.7332850098609924,0.22979986667633057,0.0,0.2326885461807251,0.0,0.0,0.27079659700393677,822.9580678026541,114.77012149151415
562,-0.9263848662376404,-784.4258817471564,0.0,0.01716652140021324,0.8974553346633911,0.0,0.037512797862291336,0.0,0.9178016111254692,0.0,823.8758694137796,114.77012149151415
563,0.038006991147994995,-784.3878747560084,0.0,1.0357462167739868,0.6466554403305054,0.0,0.0,0.3335786461830139,0.0,0.7226694226264954,823.8758694137796,115.49279091414064
564,-4.7060370445251465,-789.0939118005335,5.169285297393799,0.0,0.0,0.6224095225334167,0.0,0.3040870130062103,4.242788761854172,0.0,828.1186581756338,115.49279091414064
565,-1.6036418676376343,-790.6975536681712,1.9370598793029785,0.0,0.0,0.1408153623342514,0.0,0.5260208249092102,1.270223692059517,0.0,829.3888818676933,115.49279091414064
566,0.9378260374069214,-789.7597276307642,0.0,1.0548300743103027,0.0,0.20560972392559052,0.0,0.6152123808860779,0.0,1.8756521791219711,829.3888818676933,117.36844309326261
567,0.5642737150192261,-789.195453915745,0.0,0.7357444763183594,0.0,0.11498678475618362,0.0,0.27781617641448975,0.0,1.1285474374890327,829.3888818676933,118.49699053075165
568,-2.576223134994507,-791.7716770507395,0.0,0.2551598846912384,0.9248583912849426,0.0,1.778944730758667,0.0,2.448643237352371,0.0,831.8375251050456,118.49699053075165
569,-1.3740755319595337,-793.1457525826991,0.9289909601211548,0.0,0.08785857260227203,0.0,0.35722601413726807,0.0,1.3740755468606949,0.0,833.2116006519063,118.49699053075165
570,-2.657454490661621,-795.8032070733607,0.41911715269088745,0.0,1.0024840831756592,0.0,1.2358533143997192,0.0,2.657454550266266,0.0,835.8690552021726,118.49699053075165
571,-1.9221795797348022,-797.7253866530955,0.5895199179649353,0.0,0.35659223794937134,0.0,0.9760674238204956,0.0,1.9221795797348022,0.0,837.7912347819074,118.49699053075165
572,-2.0460004806518555,-799.7713871337473,0.6107575297355652,0.0,0.36468249559402466,0.0,1.0705604553222656,0.0,2.0460004806518555,0.0,839.8372352625593,118.49699053075165
573,-2.446115255355835,-802.2175023891032,0.7614763379096985,0.0,0.19623863697052002,0.0,1.4884002208709717,0.0,2.44611519575119,0.0,842.2833504583105,118.49699053075165
574,-3.2183518409729004,-805.4358542300761,2.038153886795044,0.0,0.19325745105743408,0.0,0.986940324306488,0.0,3.218351662158966,0.0,845.5017021204694,118.49699053075165
575,-1.0905466079711914,-806.5264008380473,0.37498530745506287,0.0,0.18901224434375763,0.0,0.5265489816665649,0.0,1.0905465334653854,0.0,846.5922486539348,118.49699053075165
576,-0.9968959093093872,-807.5232967473567,0.3568393290042877,0.0,0.18733283877372742,0.0,0.45272377133369446,0.0,0.9968959391117096,0.0,847.5891445930465,118.49699053075165
577,-0.9576585292816162,-808.4809552766383,0.3527388870716095,0.0,0.18591776490211487,0.0,0.41900184750556946,0.0,0.9576584994792938,0.0,848.5468030925258,118.49699053075165
578,-0.9526560306549072,-809.4336113072932,0.3514370918273926,0.0,0.18461598455905914,0.0,0.4166029393672943,0.0,0.952656015753746,0.0,849.4994591082796,118.49699053075165
579,-0.9562599658966064,-810.3898712731898,0.35007867217063904,0.0,0.1873515099287033,0.0,0.4188297688961029,0.0,0.9562599509954453,0.0,850.455719059275,118.49699053075165
580,-0.9860039949417114,-811.3758752681315,0.34860697388648987,0.0,0.20223666727542877,0.0,0.4351603388786316,0.0,0.9860039800405502,0.0,851.4417230393155,118.49699053075165
581,-4.052920341491699,-815.4287956096232,3.3222358226776123,0.0,0.23087537288665771,0.0,0.49980950355529785,0.0,4.052920699119568,0.0,855.4946437384351,118.49699053075165
582,-2.689438581466675,-818.1182341910899,1.3316127061843872,0.0,0.6040012836456299,0.0,0.7538245916366577,0.0,2.689438581466675,0.0,858.1840823199018,118.49699053075165
583,-2.161489486694336,-820.2797236777842,1.1802514791488647,0.0,0.358120322227478,0.0,0.6231178045272827,0.0,2.1614896059036255,0.0,860.3455719258054,118.49699053075165
584,-0.8680033683776855,-821.1477270461619,0.0,0.07904624193906784,0.37908220291137695,0.0,0.5284442901611328,0.0,0.8284802511334419,0.0,861.1740521769389,118.49699053075165
585,-0.37608981132507324,-821.523816857487,0.0,0.4998004138469696,0.3465421497821808,0.0,0.27944788336753845,0.0,0.12618961930274963,0.0,861.3002417962416,118.49699053075165
586,-0.6284540295600891,-822.152270887047,0.3174455463886261,0.0,0.35085994005203247,0.0,0.0,0.0797029510140419,0.5886025354266167,0.0,861.8888443316682,118.49699053075165
587,0.09829095005989075,-822.0539799369872,0.0,0.8096776008605957,0.06313899159431458,0.0,0.24340885877609253,0.0,0.0,0.5031297504901886,861.8888443316682,119.00012028124183
588,0.28646421432495117,-821.7675157226622,0.0,0.9252549409866333,0.22953198850154877,0.0,0.0,0.10673747211694717,0.0,0.8024604246020317,861.8888443316682,119.80258070584387
589,0.5490285754203796,-821.2184871472418,0.0,0.8178094029426575,0.04725596308708191,0.0,0.0,0.37475964426994324,0.0,1.1453130841255188,861.8888443316682,120.94789378996938
590,-0.04503336548805237,-821.2635205127299,0.24066291749477386,0.0,0.007022707723081112,0.0,0.0,0.40530452132225037,0.0,0.1576188961043954,861.8888443316682,121.10551268607378
591,0.42514413595199585,-820.8383763767779,0.0,0.6151168942451477,0.04044690728187561,0.0,0.0,0.3160651922225952,0.0,0.8907351791858673,861.8888443316682,121.99624786525965
592,-0.15438537299633026,-820.9927617497742,0.05079980567097664,0.0,0.0,0.06697840243577957,0.1370747685432434,0.0,0.12089617177844048,0.0,862.0097405034467,121.99624786525965
593,-0.4143100678920746,-821.4070718176663,0.0,0.07371017336845398,0.026100127026438713,0.0,0.4250650405883789,0.0,0.37745499424636364,0.0,862.387195497693,121.99624786525965
594,-1.195074200630188,-822.6021460182965,0.30708345770835876,0.0,0.15865206718444824,0.0,0.7293386459350586,0.0,1.1950741708278656,0.0,863.5822696685209,121.99624786525965
595,-3.863919496536255,-826.4660655148327,2.3147993087768555,0.0,0.35625216364860535,0.0,1.1928679943084717,0.0,3.8639194667339325,0.0,867.4461891352548,121.99624786525965
596,-2.123356342315674,-828.5894218571484,0.6107575297355652,0.0,0.41281142830848694,0.0,1.0997874736785889,0.0,2.123356431722641,0.0,869.5695455669775,121.99624786525965
597,-2.743990182876587,-831.333412040025,1.539839744567871,0.0,0.3876185119152069,0.0,0.8165318369865417,0.0,2.7439900934696198,0.0,872.3135356604471,121.99624786525965
598,-2.4036529064178467,-833.7370649464428,1.5008540153503418,0.0,0.19325745105743408,0.0,0.7095414996147156,0.0,2.4036529660224915,0.0,874.7171886264696,121.99624786525965
599,-0.9718362092971802,-834.70890115574,0.3560788035392761,0.0,0.18901224434375763,0.0,0.4267451763153076,0.0,0.9718362241983414,0.0,875.6890248506679,121.99624786525965
600,-0.9636238813400269,-835.67252503708,0.35421058535575867,0.0,0.18733283877372742,0.0,0.42208048701286316,0.0,0.9636239111423492,0.0,876.6526487618103,121.99624786525965
601,-0.9576585292816162,-836.6301835663617,0.3527388870716095,0.0,0.18591776490211487,0.0,0.41900184750556946,0.0,0.9576584994792938,0.0,877.6103072612896,121.99624786525965
602,-0.9526560306549072,-837.5828395970166,0.3514370918273926,0.0,0.18461598455905914,0.0,0.4166029393672943,0.0,0.952656015753746,0.0,878.5629632770433,121.99624786525965
603,-1.3638432025909424,-838.9466827996075,0.7576619386672974,0.0,0.1873515099287033,0.0,0.4188297688961029,0.0,1.3638432174921036,0.0,879.9268064945354,121.99624786525965
604,-1.9846563339233398,-840.9313391335309,1.347259283065796,0.0,0.20223666727542877,0.0,0.4351603388786316,0.0,1.9846562892198563,0.0,881.9114627837553,121.99624786525965
605,-1.6967012882232666,-842.6280404217541,0.9380737543106079,0.0,0.23087537288665771,0.0,0.5277521014213562,0.0,1.6967012286186218,0.0,883.6081640123739,121.99624786525965
606,-1.7805737257003784,-844.4086141474545,1.0610169172286987,0.0,0.2490430623292923,0.0,0.4705136716365814,0.0,1.7805736511945724,0.0,885.3887376635685,121.99624786525965
607,-1.317131519317627,-845.7257456667721,0.759421706199646,0.0,0.21481603384017944,0.0,0.3428937792778015,0.0,1.317131519317627,0.0,886.7058691828861,121.99624786525965
608,-0.49738609790802,-846.2231317646801,0.0,0.30828598141670227,0.1623491495847702,0.0,0.48917993903160095,0.0,0.3432431071996689,0.0,887.0491122900858,121.99624786525965
609,-1.2381322383880615,-847.4612640030682,0.0,0.43275222182273865,0.17460213601589203,0.0,1.279906153678894,0.0,1.0217560678720474,0.0,888.0708683579578,121.99624786525965
610,0.3523826003074646,-847.1088814027607,0.0,0.5142026543617249,0.020695986226201057,0.0,0.0,0.23195450007915497,0.0,0.7254611682146788,888.0708683579578,122.72170903347433
611,0.5445310473442078,-846.5643503554165,0.0,0.8544731736183167,0.0,0.06679539382457733,0.0,0.16779351234436035,0.0,1.0890620797872543,888.0708683579578,123.81077111326158
612,0.6000961661338806,-845.9642541892827,0.0,1.0591528415679932,0.0,0.06497130542993546,0.0,0.07606817781925201,0.0,1.2001923248171806,888.0708683579578,125.01096343807876
613,0.44180476665496826,-845.5224494226277,0.0,0.8234636783599854,0.0,0.17688243091106415,0.0583682581782341,0.0,0.0,0.9419778510928154,888.0708683579578,125.95294128917158
614,0.7237339019775391,-844.7987155206501,0.0,1.0116024017333984,0.0,0.22340743243694305,0.0,0.21245795488357544,0.0,1.447467789053917,888.0708683579578,127.4004090782255
615,0.6070595383644104,-844.1916559822857,0.0,0.8532128930091858,0.0,0.17444145679473877,0.0,0.18646462261676788,0.0,1.2141189724206924,888.0708683579578,128.6145280506462
616,0.6465386748313904,-843.5451173074543,0.0,0.5380384922027588,0.0,0.17350901663303375,0.0,0.5815298557281494,0.0,1.293077364563942,888.0708683579578,129.90760541521013
617,-1.1333974599838257,-844.6785147674382,0.38442274928092957,0.0,0.0,0.028112348169088364,0.7630308866500854,0.0,1.1193412877619267,0.0,889.1902096457197,129.90760541521013
618,-1.3218834400177002,-846.0003982074559,0.36787644028663635,0.0,0.15145640075206757,0.0,0.8025505542755127,0.0,1.3218833953142166,0.0,890.512093041034,129.90760541521013
619,-1.811098575592041,-847.8114967830479,0.7303415536880493,0.0,0.35753491520881653,0.0,0.7232221961021423,0.0,1.8110986649990082,0.0,892.323191706033,129.90760541521013
620,-2.824383497238159,-850.6358802802861,1.3891406059265137,0.0,0.36468249559402466,0.0,1.0705604553222656,0.0,2.824383556842804,0.0,895.1475752628758,129.90760541521013
621,-1.658369541168213,-852.2942498214543,0.45421919226646423,0.0,0.3876185119152069,0.0,0.8165318369865417,0.0,1.658369541168213,0.0,896.805944804044,129.90760541521013
622,-6.057295322418213,-858.3515451438725,0.4215100109577179,0.0,4.011590003967285,0.0,1.6241950988769531,0.0,6.057295113801956,0.0,902.8632399178459,129.90760541521013
623,-1.4146983623504639,-859.766243506223,0.3560788035392761,0.0,0.30236607789993286,0.0,0.7562534809112549,0.0,1.4146983623504639,0.0,904.2779382801964,129.90760541521013
624,-2.138622999191284,-861.9048665054142,0.35421058535575867,0.0,0.18733283877372742,0.0,1.5970796346664429,0.0,2.138623058795929,0.0,906.4165613389923,129.90760541521013
625,-0.9556514024734497,-862.8605179078877,0.3527388870716095,0.0,0.18591776490211487,0.0,0.41699478030204773,0.0,0.9556514322757721,0.0,907.3722127712681,129.90760541521013
626,-0.934323787689209,-863.7948416955769,0.3514370918273926,0.0,0.18461598455905914,0.0,0.39827069640159607,0.0,0.9343237727880478,0.0,908.3065365440561,129.90760541521013
627,-0.9258147478103638,-864.7206564433873,0.319633424282074,0.0,0.1873515099287033,0.0,0.4188297688961029,0.0,0.9258147031068802,0.0,909.232351247163,129.90760541521013
628,-0.9685059785842896,-865.6891624219716,0.34860697388648987,0.0,0.20223666727542877,0.0,0.4176623523235321,0.0,0.9685059934854507,0.0,910.2008572406485,129.90760541521013
629,-3.232116222381592,-868.9212786443532,0.3487769067287445,0.0,0.23087537288665771,0.0,2.652463912963867,0.0,3.2321161925792694,0.0,913.4329734332277,129.90760541521013
630,-1.2502537965774536,-870.1715324409306,0.34246259927749634,0.0,0.31018462777137756,0.0,0.5976065397262573,0.0,1.2502537667751312,0.0,914.6832272000029,129.90760541521013
631,-1.214921236038208,-871.3864536769688,0.3763113021850586,0.0,0.3105776011943817,0.0,0.5280323624610901,0.0,1.2149212658405304,0.0,915.8981484658434,129.90760541521013
632,-1.6987924575805664,-873.0852461345494,0.0,0.37374255061149597,0.8361832499504089,0.0,1.0494804382324219,0.0,1.5119211375713348,0.0,917.4100696034147,129.90760541521013
633,-0.6254619359970093,-873.7107080705464,0.0,0.7184192538261414,0.2372327446937561,0.0,0.7474388480186462,0.0,0.266252338886261,0.0,917.676321942301,129.90760541521013
634,-0.2204681783914566,-873.9311762489378,0.3210054337978363,0.0,0.08819844573736191,0.0,0.0,0.3774714171886444,0.0317324623465538,0.0,917.7080544046476,129.90760541521013
635,-0.5677257180213928,-874.4989019669592,0.5710442066192627,0.0,0.2831929922103882,0.0,0.0,0.5730229616165161,0.28121423721313477,0.0,917.9892686418607,129.90760541521013
636,1.7989115715026855,-872.6999903954566,0.0,3.0411837100982666,0.0,0.14808499813079834,0.0,0.40855467319488525,0.0,3.59782338142395,917.9892686418607,133.50542879663408
637,1.6484642028808594,-871.0515261925757,0.0,2.2169713973999023,0.0,0.27941328287124634,0.0,0.8005437254905701,0.0,3.2969284057617188,917.9892686418607,136.8023572023958
638,0.8976659178733826,-870.1538602747023,0.0,0.6999462246894836,0.0,0.30119627714157104,0.0,0.7941893339157104,0.0,1.7953318357467651,917.9892686418607,138.59768903814256
639,0.7943410873413086,-869.359519187361,0.0,0.697390615940094,0.0,0.22867107391357422,0.0,0.6626204252243042,0.0,1.5886821150779724,917.9892686418607,140.18637115322053
640,-0.06688901782035828,-869.4264082051814,0.41181862354278564,0.0,0.0,0.20805951952934265,0.0,0.4817996621131897,0.0,0.2780405580997467,917.9892686418607,140.46441171132028
641,-0.3540579676628113,-869.7804661728442,0.31945550441741943,0.0,0.0,0.05981559306383133,0.0645102709531784,0.0,0.3241501823067665,0.0,918.3134188241675,140.46441171132028
642,-2.4379825592041016,-872.2184487320483,0.5452353954315186,0.0,1.1327673196792603,0.0,0.7599798440933228,0.0,2.4379825592041016,0.0,920.7514013833716,140.46441171132028
643,-9.34319019317627,-881.5616389252245,0.517493724822998,0.0,0.35864752531051636,0.0,8.467048645019531,0.0,9.343189895153046,0.0,930.0945912785246,140.46441171132028
644,-2.46304988861084,-884.0246888138354,0.8479077816009521,0.0,0.36468249559402466,0.0,1.2504595518112183,0.0,2.463049829006195,0.0,932.5576411075308,140.46441171132028
645,-5.710519313812256,-889.7352081276476,4.1328816413879395,0.0,0.3876185119152069,0.0,1.1900190114974976,0.0,5.710519164800644,0.0,938.2681602723314,140.46441171132028
646,-1.5736063718795776,-891.3088144995272,0.4215100109577179,0.0,0.44255486130714417,0.0,0.7095414996147156,0.0,1.5736063718795776,0.0,939.841766644211,140.46441171132028
647,-1.1183160543441772,-892.4271305538714,0.3560788035392761,0.0,0.23568828403949738,0.0,0.5265489816665649,0.0,1.1183160692453384,0.0,940.9600827134564,140.46441171132028
648,-1.1068097352981567,-893.5339402891695,0.35421058535575867,0.0,0.2998753786087036,0.0,0.45272377133369446,0.0,1.1068097352981567,0.0,942.0668924487545,140.46441171132028
649,-0.9576585292816162,-894.4915988184512,0.3527388870716095,0.0,0.18591776490211487,0.0,0.41900184750556946,0.0,0.9576584994792938,0.0,943.0245509482338,140.46441171132028
650,-0.9526560306549072,-895.4442548491061,0.3514370918273926,0.0,0.18461598455905914,0.0,0.4166029393672943,0.0,0.952656015753746,0.0,943.9772069639876,140.46441171132028
651,-0.9562599658966064,-896.4005148150027,0.35007867217063904,0.0,0.1873515099287033,0.0,0.4188297688961029,0.0,0.9562599509954453,0.0,944.933466914983,140.46441171132028
652,-0.9860039949417114,-897.3865188099444,0.34860697388648987,0.0,0.20223666727542877,0.0,0.4351603388786316,0.0,0.9860039800405502,0.0,945.9194708950236,140.46441171132028
653,-2.0984199047088623,-899.4849387146533,1.3677350282669067,0.0,0.23087537288665771,0.0,0.49980950355529785,0.0,2.0984199047088623,0.0,948.0178907997324,140.46441171132028
654,-3.7559802532196045,-903.2409189678729,2.7056221961975098,0.0,0.24639129638671875,0.0,0.8039667010307312,0.0,3.7559801936149597,0.0,951.7738709933474,140.46441171132028
655,-2.589261531829834,-905.8301804997027,1.1488118171691895,0.0,0.21834512054920197,0.0,1.2221044301986694,0.0,2.589261367917061,0.0,954.3631323612644,140.46441171132028
656,-4.996753215789795,-910.8269337154925,0.0,0.36626678705215454,0.500525951385498,0.0,4.679360866546631,0.0,4.813620030879974,0.0,959.1767523921444,140.46441171132028
657,-6.132791519165039,-916.9597252346575,0.0,0.7502269148826599,0.14646469056606293,0.0,6.361440181732178,0.0,5.757677957415581,0.0,964.93443034956,140.46441171132028
658,-0.41279205679893494,-917.3725172914565,0.0,0.9725360870361328,0.006602431181818247,0.0,0.8924576640129089,0.0,0.0,0.07347599184140563,964.93443034956,140.5378877031617
659,0.34794479608535767,-917.0245724953711,0.0,0.24473510682582855,0.0,0.09424187988042831,0.0,0.35691264271736145,0.0,0.6958896294236183,964.93443034956,141.2337773325853
660,0.16410668194293976,-916.8604658134282,0.0,0.9004762172698975,0.4343595802783966,0.0,0.0,0.29645630717277527,0.0,0.7625729441642761,964.93443034956,141.99635027674958
661,0.43482881784439087,-916.4256369955838,0.0,1.1207208633422852,0.0,0.21797701716423035,0.23452015221118927,0.0,0.0,1.1041777282953262,964.93443034956,143.1005280050449
662,-0.22289738059043884,-916.6485343761742,0.7364920973777771,0.0,0.0,0.2784642279148102,0.0,0.7487252354621887,0.0,0.2906973659992218,964.93443034956,143.39122537104413
663,0.820191502571106,-915.8283428736031,0.0,0.8766398429870605,0.0,0.18615493178367615,0.0,0.5775881409645081,0.0,1.6403829157352448,964.93443034956,145.03160828677937
664,0.1901717483997345,-915.6381711252034,0.00890298467129469,0.0,0.0,0.1717604249715805,0.0,0.22638903558254242,0.0,0.38924647588282824,964.93443034956,145.4208547626622
665,-0.04124129191040993,-915.6794124171138,0.0,0.07415522634983063,0.0,0.04232902079820633,0.0994834154844284,0.0,0.0,0.01700083166360855,964.93443034956,145.4378555943258
666,-1.212768793106079,-916.8921812102199,0.40967029333114624,0.0,0.2636435031890869,0.0,0.539454996585846,0.0,1.212768793106079,0.0,966.1471991426661,145.4378555943258
667,-4.138089179992676,-921.0302703902125,2.1317942142486572,0.0,0.3581891655921936,0.0,1.6481059789657593,0.0,4.13808935880661,0.0,970.2852885014727,145.4378555943258
668,-2.1577420234680176,-923.1880124136806,0.7031154632568359,0.0,0.36468249559402466,0.0,1.0899442434310913,0.0,2.157742202281952,0.0,972.4430307037546,145.4378555943258
669,-16.441734313964844,-939.6297467276454,7.0275139808654785,0.0,0.3876185119152069,0.0,9.026601791381836,0.0,16.44173428416252,0.0,988.8847649879172,145.4378555943258
670,-2.520822763442993,-942.1505694910884,0.4215100109577179,0.0,0.44215521216392517,0.0,1.65715754032135,0.0,2.520822763442993,0.0,991.4055877513601,145.4378555943258
671,-1.602722406387329,-943.7532918974757,0.37498530745506287,0.0,0.7011880874633789,0.0,0.5265489816665649,0.0,1.6027223765850067,0.0,993.0083101279452,145.4378555943258
672,-0.9779905080795288,-944.7312824055552,0.3568393290042877,0.0,0.19907063245773315,0.0,0.42208048701286316,0.0,0.977990448474884,0.0,993.98630057642,145.4378555943258
673,-1.514233946800232,-946.2455163523555,0.34507817029953003,0.0,0.7501539587974548,0.0,0.41900184750556946,0.0,1.5142339766025543,0.0,995.5005345530226,145.4378555943258
674,-2.4145431518554688,-948.660059504211,1.7011696100234985,0.0,0.2967706322669983,0.0,0.4166029393672943,0.0,2.414543181657791,0.0,997.9150777346804,145.4378555943258
675,-0.9562599658966064,-949.6163194701076,0.35007867217063904,0.0,0.1873515099287033,0.0,0.4188297688961029,0.0,0.9562599509954453,0.0,998.8713376856758,145.4378555943258
676,-0.9860039949417114,-950.6023234650493,0.34860697388648987,0.0,0.20223666727542877,0.0,0.4351603388786316,0.0,0.9860039800405502,0.0,999.8573416657164,145.4378555943258
677,-1.2664940357208252,-951.8688175007701,0.5358090996742249,0.0,0.23087537288665771,0.0,0.49980950355529785,0.0,1.2664939761161804,0.0,1001.1238356418326,145.4378555943258
678,-2.3896052837371826,-954.2584227845073,0.8553483486175537,0.0,1.0625839233398438,0.0,0.47167298197746277,0.0,2.3896052539348602,0.0,1003.5134408957674,145.4378555943258
679,-1.0375131368637085,-955.295935921371,0.21681378781795502,0.0,0.23787231743335724,0.0,0.5828270316123962,0.0,1.0375131368637085,0.0,1004.5509540326311,145.4378555943258
680,-0.344704270362854,-955.6406401917338,0.0,0.1919764280319214,0.22050392627716064,0.0,0.22018855810165405,0.0,0.2487160563468933,0.0,1004.799670088978,145.4378555943258
681,-0.7578384280204773,-956.3984786197543,0.4022056460380554,0.0,0.25337982177734375,0.0,0.10225296765565872,0.0,0.7578384354710579,0.0,1005.5575085244491,145.4378555943258
682,0.11126315593719482,-956.2872154638171,0.0,0.8945507407188416,0.3820599615573883,0.0,0.0,0.0920955017209053,0.0,0.6045862808823586,1005.5575085244491,146.04244187520817
683,-1.5002135038375854,-957.7874289676547,0.0,0.21135073900222778,0.0,0.030194442719221115,1.6209861040115356,0.0,1.3794409222900867,0.0,1006.9369494467392,146.04244187520817
684,0.8005021214485168,-956.9869268462062,0.0,1.1891871690750122,0.0,0.12998846173286438,0.0,0.2818286418914795,0.0,1.601004272699356,1006.9369494467392,147.64344614790753
685,1.080047607421875,-955.9068792387843,0.0,1.1782113313674927,0.0,0.24672222137451172,0.0,0.7351616024971008,0.0,2.1600951552391052,1006.9369494467392,149.80354130314663
686,0.8736915588378906,-955.0331876799464,0.0,1.0789623260498047,0.0,0.23463259637355804,0.0,0.43378812074661255,0.0,1.7473830431699753,1006.9369494467392,151.5509243463166
687,0.6552771329879761,-954.3779105469584,0.0,0.9265273213386536,0.0,0.21109865605831146,0.0,0.1729283630847931,0.0,1.3105543404817581,1006.9369494467392,152.86147868679836
688,-0.13966938853263855,-954.5175799354911,0.4294658899307251,0.0,0.0,0.1713041365146637,0.0,0.4082888960838318,0.0,0.15012714266777039,1006.9369494467392,153.01160582946613
689,-1.487518310546875,-956.005098246038,1.3497508764266968,0.0,0.0,0.018549572676420212,0.14704230427742004,0.0,1.4782436080276966,0.0,1008.4151930547669,153.01160582946613
690,-9.643176078796387,-965.6482743248343,1.4444351196289062,0.0,0.14266453683376312,0.0,8.056076049804688,0.0,9.643175706267357,0.0,1018.0583687610342,153.01160582946613
691,-2.6193366050720215,-968.2676109299064,1.0972508192062378,0.0,0.5973512530326843,0.0,0.9247347116470337,0.0,2.619336783885956,0.0,1020.6777055449202,153.01160582946613
692,-1.5723090171813965,-969.8399199470878,0.4469718635082245,0.0,0.36468249559402466,0.0,0.7606547474861145,0.0,1.5723091065883636,0.0,1022.2500146515085,153.01160582946613
693,-1.658369541168213,-971.498289488256,0.45421919226646423,0.0,0.3876185119152069,0.0,0.8165318369865417,0.0,1.658369541168213,0.0,1023.9083841926767,153.01160582946613
694,-1.8843421936035156,-973.3826316818595,0.57329261302948,0.0,0.19325745105743408,0.0,1.1177921295166016,0.0,1.8843421936035156,0.0,1025.7927263862803,153.01160582946613
695,-1.6536635160446167,-975.0362951979041,0.3560788035392761,0.0,0.18901224434375763,0.0,1.1085724830627441,0.0,1.653663530945778,0.0,1027.446389917226,153.01160582946613
696,-0.9636238813400269,-975.9999190792441,0.35421058535575867,0.0,0.18733283877372742,0.0,0.42208048701286316,0.0,0.9636239111423492,0.0,1028.4100138283684,153.01160582946613
697,-0.9576585292816162,-976.9575776085258,0.3527388870716095,0.0,0.18591776490211487,0.0,0.41900184750556946,0.0,0.9576584994792938,0.0,1029.3676723278477,153.01160582946613
698,-0.9526560306549072,-977.9102336391807,0.3514370918273926,0.0,0.18461598455905914,0.0,0.4166029393672943,0.0,0.952656015753746,0.0,1030.3203283436014,153.01160582946613
699,-0.9562599658966064,-978.8664936050773,0.35007867217063904,0.0,0.1873515099287033,0.0,0.4188297688961029,0.0,0.9562599509954453,0.0,1031.2765882945969,153.01160582946613
700,-0.9860039949417114,-979.852497600019,0.34860697388648987,0.0,0.20223666727542877,0.0,0.4351603388786316,0.0,0.9860039800405502,0.0,1032.2625922746374,153.01160582946613
701,-1.0794618129730225,-980.931959412992,0.3487769067287445,0.0,0.23087537288665771,0.0,0.49980950355529785,0.0,1.0794617831707,0.0,1033.3420540578081,153.01160582946613
702,-1.0125945806503296,-981.9445539936423,0.3108523190021515,0.0,0.24310490489006042,0.0,0.4586373567581177,0.0,1.0125945806503296,0.0,1034.3546486384585,153.01160582946613
703,-1.8209704160690308,-983.7655244097114,1.3067142963409424,0.0,0.20033147931098938,0.0,0.3139246702194214,0.0,1.8209704458713531,0.0,1036.1756190843298,153.01160582946613
704,-1.3224836587905884,-985.088008068502,0.7592211961746216,0.0,0.2643275260925293,0.0,0.2989349663257599,0.0,1.3224836885929108,0.0,1037.4981027729227,153.01160582946613
705,-2.9930005073547363,-988.0810085758567,1.9054900407791138,0.0,0.24723315238952637,0.0,0.8402770757675171,0.0,2.9930002689361572,0.0,1040.4911030418589,153.01160582946613
706,-1.222948431968689,-989.3039570078254,1.2209644317626953,0.0,0.09429768472909927,0.0,0.0,0.18462733924388885,1.1306347772479057,0.0,1041.6217378191068,153.01160582946613
707,0.7114337682723999,-988.592523239553,0.0,1.0740123987197876,0.0017803049413487315,0.0,0.0,0.3524157404899597,0.0,1.4246478342683986,1041.6217378191068,154.43625366373453
708,0.5454214811325073,-988.0471017584205,0.0,1.1632142066955566,0.06494231522083282,0.0,0.0,0.057513393461704254,0.0,1.155785284936428,1041.6217378191068,155.59203894867096
709,0.6769905090332031,-987.3701112493873,0.0,0.9385082721710205,0.0,0.16362735629081726,0.0,0.25184541940689087,0.0,1.3539810478687286,1041.6217378191068,156.9460199965397
710,0.5610994100570679,-986.8090118393302,0.0,0.5056312084197998,0.0,0.13752488791942596,0.0,0.47904273867607117,0.0,1.122198835015297,1041.6217378191068,158.068218831555
711,0.4100150763988495,-986.3989967629313,0.0,0.6964879035949707,0.0,0.025233205407857895,0.0,0.09830903261899948,0.0,0.8200301416218281,1041.6217378191068,158.88824897317681
712,-0.03739432990550995,-986.4363910928369,0.0,0.03524324670433998,0.0,0.09797130525112152,0.10400160402059555,0.0,0.0,0.02921294793486595,1041.6217378191068,158.91746192111168
713,-0.8896862864494324,-987.3260773792863,0.20622381567955017,0.0,0.025920702144503593,0.0,0.6575417518615723,0.0,0.889686269685626,0.0,1042.5114240887924,158.91746192111168
714,-2.1043286323547363,-989.430406011641,0.3609231412410736,0.0,0.5004211664199829,0.0,1.242984414100647,0.0,2.1043287217617035,0.0,1044.615752810554,158.91746192111168
715,-2.30519437789917,-991.7356003895402,0.861149787902832,0.0,0.46824032068252563,0.0,0.9758043885231018,0.0,2.3051944971084595,0.0,1046.9209473076626,158.91746192111168
716,-2.6377453804016113,-994.3733457699418,1.2025023698806763,0.0,0.36468249559402466,0.0,1.0705604553222656,0.0,2.6377453207969666,0.0,1049.5586926284595,158.91746192111168
717,-2.9943976402282715,-997.3677434101701,1.5637325048446655,0.0,0.3876185119152069,0.0,1.0430465936660767,0.0,2.994397610425949,0.0,1052.5530902388855,158.91746192111168
718,-3.2800660133361816,-1000.6478094235063,0.4215100109577179,0.0,0.19325745105743408,0.0,2.6652984619140625,0.0,3.2800659239292145,0.0,1055.8331561628147,158.91746192111168
