time_step,reward,all_rewards,grid_import_Building_1_kwh,export_Building_1_kwh,grid_import_Building_2_kwh,export_Building_2_kwh,grid_import_Building_3_kwh,export_Building_3_kwh,grid_import_kwh,export_kwh,cumulative_grid_import_kwh,cumulative_export_kwh
0,-1.2643084526062012,-1.2643084526062012,2.033644199371338,0.0,0.5619984865188599,0.0,1.689454197883606,0.0,4.285096883773804,0.0,4.285096883773804,0.0
1,-0.1526956409215927,-1.4170040935277939,0.8462807536125183,0.0,0.18591776490211487,0.0,0.47319296002388,0.0,1.5053914785385132,0.0,5.790488362312317,0.0
2,-0.13521912693977356,-1.5522232204675674,0.7249863147735596,0.0,0.18461598455905914,0.0,0.6737763285636902,0.0,1.583378627896309,0.0,7.373866990208626,0.0
3,-0.0007681995630264282,-1.5529914200305939,0.6327978372573853,0.0,0.1873515099287033,0.0,0.41531136631965637,0.0,1.235460713505745,0.0,8.60932770371437,0.0
4,0.025265246629714966,-1.527726173400879,0.6071555614471436,0.0,0.20223666727542877,0.0,0.2544442415237427,0.0,1.063836470246315,0.0,9.673164173960686,0.0
5,-0.2413167506456375,-1.7690429240465164,1.00062894821167,0.0,0.23087537288665771,0.0,0.49574944376945496,0.0,1.7272537648677826,0.0,11.400417938828468,0.0
6,-0.7062525749206543,-2.4752954989671707,1.607621669769287,0.0,0.24817126989364624,0.0,1.033126950263977,0.0,2.8889198899269104,0.0,14.289337828755379,0.0
7,-1.763502597808838,-4.238798096776009,0.5342340469360352,0.0,0.3452141582965851,0.0,0.8840543627738953,0.0,1.7635025680065155,0.0,16.052840396761894,0.0
8,-9.774259567260742,-14.01305766403675,4.653266429901123,0.0,2.933849573135376,0.0,2.187143325805664,0.0,9.774259328842163,0.0,25.827099725604057,0.0
9,-3.2866463661193848,-17.299704030156136,0.48263463377952576,0.0,0.6722479462623596,0.0,2.1317636966705322,0.0,3.2866462767124176,0.0,29.113746002316475,0.0
10,-1.9179718494415283,-19.217675879597664,0.0,0.3569531738758087,0.6334824562072754,0.0,1.284489393234253,0.0,1.5610186755657196,0.0,30.674764677882195,0.0
11,-6.656155586242676,-25.87383146584034,5.018230438232422,0.0,0.6685148477554321,0.0,0.969410240650177,0.0,6.656155526638031,0.0,37.330920204520226,0.0
12,-1.7012226581573486,-27.57505412399769,0.0,1.103144884109497,0.9704316258430481,0.0,0.7307910919189453,0.0,0.5980778336524963,0.0,37.92899803817272,0.0
13,-0.34710296988487244,-27.92215709388256,0.34710296988487244,0.0,0.0,0.28057560324668884,0.0,0.17581401765346527,0.0,0.10928665101528168,37.92899803817272,0.10928665101528168
14,0.0,-27.92215709388256,0.0,0.8976241946220398,0.0,0.16389378905296326,0.0,0.5659229755401611,0.0,1.6274409592151642,37.92899803817272,1.7367276102304459
15,-1.0962364673614502,-29.01839356124401,0.0,0.7456486225128174,1.0962364673614502,0.0,0.0,0.5144030451774597,0.0,0.1638152003288269,37.92899803817272,1.9005428105592728
16,-0.2912794053554535,-29.309672966599464,0.0,2.258477210998535,0.2912794053554535,0.0,0.0,0.2462797611951828,0.0,2.2134775668382645,37.92899803817272,4.114020377397537
17,-0.9662109613418579,-30.275883927941322,0.1389356106519699,0.0,0.3064201772212982,0.0,0.15006080269813538,0.0,0.5954165905714035,0.0,38.524414628744125,4.114020377397537
18,-2.557966709136963,-32.833850637078285,0.4623742699623108,0.0,0.16118374466896057,0.0,0.7676620483398438,0.0,1.3912200629711151,0.0,39.91563469171524,4.114020377397537
19,-4.71209716796875,-37.545947805047035,1.0769085884094238,0.0,0.4110712707042694,0.0,0.9811120629310608,0.0,2.469091922044754,0.0,42.384726613759995,4.114020377397537
20,-4.504228591918945,-42.05017639696598,0.5288646817207336,0.0,0.7648665904998779,0.0,1.0705604553222656,0.0,2.364291727542877,0.0,44.74901834130287,4.114020377397537
21,-6.349654197692871,-48.39983059465885,0.9365671873092651,0.0,0.3876185119152069,0.0,1.962751865386963,0.0,3.286937564611435,0.0,48.03595590591431,4.114020377397537
22,-3.9758241176605225,-52.375654712319374,1.8143665790557861,0.0,0.19325745105743408,0.0,1.9681999683380127,0.0,3.975823998451233,0.0,52.01177990436554,4.114020377397537
23,-4.005274772644043,-56.38092948496342,1.7793049812316895,0.0,0.18901224434375763,0.0,2.0369577407836914,0.0,4.0052749663591385,0.0,56.01705487072468,4.114020377397537
24,0.44907695055007935,-55.93185253441334,0.8809801340103149,0.0,0.18733283877372742,0.0,0.42208048701286316,0.0,1.4903934597969055,0.0,57.507448330521584,4.114020377397537
25,0.6172467470169067,-55.31460578739643,0.0,0.5897343158721924,0.17920845746994019,0.0,0.41900184750556946,0.0,0.00847598910331726,0.0,57.5159243196249,4.114020377397537
26,0.48748522996902466,-54.827120557427406,0.0,0.32210367918014526,0.16868312656879425,0.0,0.4166029393672943,0.0,0.2631823867559433,0.0,57.779106706380844,4.114020377397537
27,0.0176275372505188,-54.80949302017689,0.0,0.4189925491809845,0.1873515099287033,0.0,1.1875500679016113,0.0,0.9559090286493301,0.0,58.735015735030174,4.114020377397537
28,-0.10576259344816208,-54.91525561362505,0.7513483762741089,0.0,0.20223666727542877,0.0,0.4351603388786316,0.0,1.3887453824281693,0.0,60.12376111745834,4.114020377397537
29,-0.38598763942718506,-55.301243253052235,1.350500464439392,0.0,0.23087537288665771,0.0,0.49980950355529785,0.0,2.0811853408813477,0.0,62.20494645833969,4.114020377397537
30,-0.3667343854904175,-55.66797763854265,1.3301458358764648,0.0,0.24327263236045837,0.0,0.4589728116989136,0.0,2.032391279935837,0.0,64.23733773827553,4.114020377397537
31,-0.7622602581977844,-56.43023789674044,0.07796932011842728,0.0,0.1924028843641281,0.0,0.49188804626464844,0.0,0.7622602507472038,0.0,64.99959798902273,4.114020377397537
32,-2.3256049156188965,-58.75584281235933,0.2242790311574936,0.0,1.3115283250808716,0.0,0.7897976040840149,0.0,2.32560496032238,0.0,67.32520294934511,4.114020377397537
33,-1.1960126161575317,-59.951855428516865,0.6950985193252563,0.0,0.14082758128643036,0.0,0.36008647084236145,0.0,1.1960125714540482,0.0,68.52121552079916,4.114020377397537
34,-0.4445008933544159,-60.39635632187128,0.06267895549535751,0.0,0.3818219304084778,0.0,0.0,0.3663642704486847,0.0781366154551506,0.0,68.59935213625431,4.114020377397537
35,-0.5458769798278809,-60.94223330169916,0.3224722743034363,0.0,0.2234046906232834,0.0,0.0,0.2211373746395111,0.32473959028720856,0.0,68.92409172654152,4.114020377397537
36,-5.335358619689941,-66.2775919213891,4.797370433807373,0.0,0.5379879474639893,0.0,0.0,0.2824776768684387,5.052880704402924,0.0,73.97697243094444,4.114020377397537
37,-1.7521350383758545,-68.02972695976496,1.7521350383758545,0.0,0.0,0.00833783857524395,0.0,0.7418680787086487,1.0019291210919619,0.0,74.9789015520364,4.114020377397537
38,-1.3482990264892578,-69.37802598625422,0.0,0.5143934488296509,1.3482990264892578,0.0,0.0,0.06425563991069794,0.769649937748909,0.0,75.74855148978531,4.114020377397537
39,-1.9373447895050049,-71.31537077575922,0.0,0.6550762057304382,1.9373447895050049,0.0,0.0,0.24682287871837616,1.0354457050561905,0.0,76.7839971948415,4.114020377397537
40,-1.1832787990570068,-72.49864957481623,0.447745680809021,0.0,0.24744293093681335,0.0,0.4880902171134949,0.0,1.1832788288593292,0.0,77.96727602370083,4.114020377397537
41,-2.7819724082946777,-75.2806219831109,1.3040515184402466,0.0,0.0,0.9500522613525391,0.3666064143180847,0.0,0.7206056714057922,0.0,78.68788169510663,4.114020377397537
42,-3.301178455352783,-78.58180043846369,0.0,0.20026391744613647,0.8156418800354004,0.0,1.074630618095398,0.0,1.6900085806846619,0.0,80.37789027579129,4.114020377397537
43,-2.982536792755127,-81.56433723121881,0.7255910634994507,0.0,0.27999651432037354,0.0,0.7263814806938171,0.0,1.7319690585136414,0.0,82.10985933430493,4.114020377397537
44,-5.1061296463012695,-86.67046687752008,2.2908387184143066,0.0,0.0,0.8424179553985596,0.4507490396499634,0.0,1.8991698026657104,0.0,84.00902913697064,4.114020377397537
45,-2.3380653858184814,-89.00853226333857,0.6353296637535095,0.0,0.0,0.2613814175128937,0.6992846727371216,0.0,1.0732329189777374,0.0,85.08226205594838,4.114020377397537
46,-1.2357628345489502,-90.24429509788752,0.5435421466827393,0.0,0.0,0.8788820505142212,0.6922207474708557,0.0,0.3568808436393738,0.0,85.43914289958775,4.114020377397537
47,-0.979367196559906,-91.22366229444742,0.37498530745506287,0.0,0.17763672769069672,0.0,0.4267451763153076,0.0,0.9793672114610672,0.0,86.41851011104882,4.114020377397537
48,0.061808906495571136,-91.16185338795185,0.35421058535575867,0.0,0.18733283877372742,0.0,0.42208048701286316,0.0,0.9636239111423492,0.0,87.38213402219117,4.114020377397537
49,0.06392954289913177,-91.09792384505272,0.3527388870716095,0.0,0.18591776490211487,0.0,0.41900184750556946,0.0,0.9576584994792938,0.0,88.33979252167046,4.114020377397537
50,0.06566538661718369,-91.03225845843554,0.3514370918273926,0.0,0.18461598455905914,0.0,0.4166029393672943,0.0,0.952656015753746,0.0,89.2924485374242,4.114020377397537
51,0.07004807889461517,-90.96221037954092,0.3348560631275177,0.0,0.1873515099287033,0.0,0.4188297688961029,0.0,0.9410373419523239,0.0,90.23348587937653,4.114020377397537
52,0.05179699510335922,-90.91041338443756,0.34860697388648987,0.0,0.20223666727542877,0.0,0.4351603388786316,0.0,0.9860039800405502,0.0,91.21948985941708,4.114020377397537
53,0.014149852097034454,-90.89626353234053,0.3487769067287445,0.0,0.23087537288665771,0.0,0.49980950355529785,0.0,1.0794617831707,0.0,92.29895164258778,4.114020377397537
54,0.04890202730894089,-90.84736150503159,0.30258339643478394,0.0,0.23897044360637665,0.0,0.4503684341907501,0.0,0.9919222742319107,0.0,93.29087391681969,4.114020377397537
55,-1.1287806034088135,-91.9761421084404,0.5197288393974304,0.0,0.2986651062965393,0.0,0.31038662791252136,0.0,1.128780573606491,0.0,94.41965449042618,4.114020377397537
56,-1.8688960075378418,-93.84503811597824,0.7985043525695801,0.0,0.20440919697284698,0.0,0.8659823536872864,0.0,1.8688959032297134,0.0,96.2885503936559,4.114020377397537
57,-0.6539487242698669,-94.49898684024811,0.0,0.5382053256034851,0.2283366620540619,0.0,0.42561206221580505,0.0,0.11574339866638184,0.0,96.40429379232228,4.114020377397537
58,-0.8443903923034668,-95.34337723255157,0.0,0.6947718262672424,0.048085231333971024,0.0,0.7963051795959473,0.0,0.14961858466267586,0.0,96.55391237698495,4.114020377397537
59,-1.274584412574768,-96.61796164512634,0.0,1.1537683010101318,1.274584412574768,0.0,0.0,0.3224382996559143,0.0,0.20162218809127808,96.55391237698495,4.315642565488815
60,-0.3657621741294861,-96.98372381925583,0.0,1.089019775390625,0.3657621741294861,0.0,0.0,0.11811089515686035,0.0,0.8413684964179993,96.55391237698495,5.157011061906815
61,-7.553370475769043,-104.53709429502487,0.0,0.7644610404968262,0.550134003162384,0.0,7.003236293792725,0.0,6.7889092564582825,0.0,103.34282163344324,5.157011061906815
62,-0.030214032158255577,-104.56730832718313,0.0,0.6829460859298706,0.030214032158255577,0.0,0.0,0.05988061800599098,0.0,0.712612671777606,103.34282163344324,5.869623733684421
63,-2.154219627380371,-106.7215279545635,1.561369776725769,0.0,0.06779318302869797,0.0,0.5250566601753235,0.0,2.1542196199297905,0.0,105.49704125337303,5.869623733684421
64,-2.1225528717041016,-108.8440808262676,0.9007319211959839,0.0,0.0,0.15031592547893524,1.2218209505081177,0.0,1.9722369462251663,0.0,107.4692781995982,5.869623733684421
65,-1.5179444551467896,-110.36202528141439,0.14395681023597717,0.0,0.07227005064487457,0.0,0.6827080249786377,0.0,0.8989348858594894,0.0,108.36821308545768,5.869623733684421
66,-5.682906150817871,-116.04493143223226,0.9867361783981323,0.0,0.0,0.2694050371646881,1.9659061431884766,0.0,2.6832372844219208,0.0,111.0514503698796,5.869623733684421
67,-4.790271282196045,-120.8352027144283,0.8331621885299683,0.0,0.3506912589073181,0.0,1.3219858407974243,0.0,2.5058392882347107,0.0,113.55728965811431,5.869623733684421
68,-4.057046890258789,-124.8922496046871,0.6107575297355652,0.0,0.36468249559402466,0.0,1.1637225151062012,0.0,2.139162540435791,0.0,115.6964521985501,5.869623733684421
69,-4.325201034545898,-129.217450639233,0.6353296637535095,0.0,0.4478263854980469,0.0,1.1900190114974976,0.0,2.273175060749054,0.0,117.96962725929916,5.869623733684421
70,-1.111764669418335,-130.32921530865133,0.48252609372138977,0.0,0.19325745105743408,0.0,0.4359810948371887,0.0,1.1117646396160126,0.0,119.08139189891517,5.869623733684421
71,-1.48699951171875,-131.81621482037008,0.8712420463562012,0.0,0.18901224434375763,0.0,0.4267451763153076,0.0,1.4869994670152664,0.0,120.56839136593044,5.869623733684421
72,0.053973086178302765,-131.76224173419178,0.3594680726528168,0.0,0.18733283877372742,0.0,0.42208048701286316,0.0,0.9688813984394073,0.0,121.53727276436985,5.869623733684421
73,0.05820558965206146,-131.7040361445397,0.3527388870716095,0.0,0.18591776490211487,0.0,0.41900184750556946,0.0,0.9576584994792938,0.0,122.49493126384914,5.869623733684421
74,0.059950314462184906,-131.64408583007753,0.3514370918273926,0.0,0.18461598455905914,0.0,0.4166029393672943,0.0,0.952656015753746,0.0,123.44758727960289,5.869623733684421
75,0.06434188783168793,-131.57974394224584,0.3348560631275177,0.0,0.1873515099287033,0.0,0.4188297688961029,0.0,0.9410373419523239,0.0,124.38862462155521,5.869623733684421
76,0.046099670231342316,-131.5336442720145,0.34860697388648987,0.0,0.20223666727542877,0.0,0.4351603388786316,0.0,0.9860039800405502,0.0,125.37462860159576,5.869623733684421
77,-0.4102989733219147,-131.9439432453364,1.3677350282669067,0.0,0.23087544739246368,0.0,0.5277521014213562,0.0,2.1263625770807266,0.0,127.50099117867649,5.869623733684421
78,-0.5709096193313599,-132.51485286466777,0.3598918616771698,0.0,0.25422030687332153,0.0,1.9131399393081665,0.0,2.527252107858658,0.0,130.02824328653514,5.869623733684421
79,-1.4908223152160645,-134.00567517988384,0.500566840171814,0.0,0.36112621426582336,0.0,0.6291292905807495,0.0,1.4908223450183868,0.0,131.51906563155353,5.869623733684421
80,-2.288788080215454,-136.2944632600993,0.20092453062534332,0.0,0.3650502562522888,0.0,1.722813367843628,0.0,2.28878815472126,0.0,133.8078537862748,5.869623733684421
81,-1.9364933967590332,-138.23095665685833,1.0275399684906006,0.0,0.37557968497276306,0.0,0.5333736538887024,0.0,1.936493307352066,0.0,135.74434709362686,5.869623733684421
82,-2.7158007621765137,-140.94675741903484,1.471447467803955,0.0,0.30681782960891724,0.0,0.9375355243682861,0.0,2.7158008217811584,0.0,138.46014791540802,5.869623733684421
83,-0.9316606521606445,-141.87841807119548,0.39726558327674866,0.0,0.29279717803001404,0.0,0.24159787595272064,0.0,0.9316606372594833,0.0,139.3918085526675,5.869623733684421
84,-1.0237146615982056,-142.9021327327937,0.0,0.3502562940120697,0.19740751385688782,0.0,0.8263071775436401,0.0,0.6734583973884583,0.0,140.06526695005596,5.869623733684421
85,-0.843932569026947,-143.74606530182064,0.0,0.100380077958107,0.08687037974596024,0.0,0.7570621967315674,0.0,0.7435524985194206,0.0,140.80881944857538,5.869623733684421
86,-0.08487845957279205,-143.83094376139343,0.0,1.4767613410949707,0.08487845957279205,0.0,0.0,0.39183491468429565,0.0,1.7837177962064743,140.80881944857538,7.653341529890895
87,-0.03208257630467415,-143.8630263376981,0.0,2.7311151027679443,0.03208257630467415,0.0,0.0,0.6801199316978455,0.0,3.3791524581611156,140.80881944857538,11.03249398805201
88,-0.19390042126178741,-144.0569267589599,0.0,0.40224966406822205,0.19390042126178741,0.0,0.0,0.0664023756980896,0.0,0.27475161850452423,140.80881944857538,11.307245606556535
89,-4.7895612716674805,-148.84648803062737,0.9597414135932922,0.0,1.2953776121139526,0.0,0.25194022059440613,0.0,2.507059246301651,0.0,143.31587869487703,11.307245606556535
90,-3.3170278072357178,-152.1635158378631,0.398721843957901,0.0,0.5556764602661133,0.0,0.827755868434906,0.0,1.7821541726589203,0.0,145.09803286753595,11.307245606556535
91,-2.9323320388793945,-155.09584787674248,0.5945645570755005,0.0,0.2574589252471924,0.0,0.7263814806938171,0.0,1.57840496301651,0.0,146.67643783055246,11.307245606556535
92,-3.899226665496826,-158.9950745422393,0.9364479184150696,0.0,0.36468249559402466,0.0,0.7606547474861145,0.0,2.0617851614952087,0.0,148.73822299204767,11.307245606556535
93,-3.273639678955078,-162.2687142211944,0.5447744131088257,0.0,0.3876185119152069,0.0,0.8165318369865417,0.0,1.7489247620105743,0.0,150.48714775405824,11.307245606556535
94,-1.9517195224761963,-164.22043374367058,0.6589604616165161,0.0,0.3296126127243042,0.0,0.963146448135376,0.0,1.9517195224761963,0.0,152.43886727653444,11.307245606556535
95,-1.1967880725860596,-165.41722181625664,0.3560788035392761,0.0,0.3141602873802185,0.0,0.5265489816665649,0.0,1.1967880725860596,0.0,153.6356553491205,11.307245606556535
96,0.049911655485630035,-165.367310160771,0.35421058535575867,0.0,0.18733283877372742,0.0,0.45272377133369446,0.0,0.9942671954631805,0.0,154.62992254458368,11.307245606556535
97,0.06509169936180115,-165.3022184614092,0.3527388870716095,0.0,0.18591776490211487,0.0,0.41699478030204773,0.0,0.9556514322757721,0.0,155.58557397685945,11.307245606556535
98,0.06602401286363602,-165.23619444854558,0.3514370918273926,0.0,0.18461598455905914,0.0,0.4166029393672943,0.0,0.952656015753746,0.0,156.5382299926132,11.307245606556535
99,0.053583189845085144,-165.1826112587005,0.35007867217063904,0.0,0.1873515099287033,0.0,0.47666528820991516,0.0,1.0140954703092575,0.0,157.55232546292245,11.307245606556535
100,-0.291553258895874,-165.47416451759636,1.2545539140701294,0.0,0.20223666727542877,0.0,0.39561906456947327,0.0,1.8524096459150314,0.0,159.40473510883749,11.307245606556535
101,0.006932549178600311,-165.46723196841776,0.3468944728374481,0.0,0.23087537288665771,0.0,0.5277521014213562,0.0,1.105521947145462,0.0,160.51025705598295,11.307245606556535
102,-0.26063787937164307,-165.7278698477894,1.0784878730773926,0.0,0.2409535050392151,0.0,0.45433443784713745,0.0,1.7737758159637451,0.0,162.2840328719467,11.307245606556535
103,-2.8316471576690674,-168.55951700545847,1.406859278678894,0.0,1.1162115335464478,0.0,0.3085762858390808,0.0,2.8316470980644226,0.0,165.11567997001112,11.307245606556535
104,-0.5558818578720093,-169.11539886333048,0.2667151689529419,0.0,0.23807115852832794,0.0,0.05109556391835213,0.0,0.555881891399622,0.0,165.67156186141074,11.307245606556535
105,-0.2305275797843933,-169.34592644311488,0.0,0.495819628238678,0.2305275797843933,0.0,0.0,0.13957266509532928,0.0,0.40486471354961395,165.67156186141074,11.712110320106149
106,-1.946595311164856,-171.29252175427973,1.946595311164856,0.0,0.0,0.015245504677295685,0.0,0.3945979177951813,1.536751888692379,0.0,167.20831375010312,11.712110320106149
107,-0.5092638731002808,-171.80178562738,0.0,0.5415956974029541,0.5092638731002808,0.0,0.0,0.5706278085708618,0.0,0.6029596328735352,167.20831375010312,12.315069952979684
108,-1.2713327407836914,-173.0731183681637,1.1513564586639404,0.0,0.0,0.011892578564584255,0.11997632682323456,0.0,1.2594402069225907,0.0,168.4677539570257,12.315069952979684
109,0.0,-173.0731183681637,0.0,0.7716165781021118,0.0,0.13271918892860413,0.0,0.4543624222278595,0.0,1.3586981892585754,168.4677539570257,13.67376814223826
110,0.0,-173.0731183681637,0.0,0.8881199359893799,0.0,0.2612152099609375,0.0,0.048026878386735916,0.0,1.1973620243370533,168.4677539570257,14.871130166575313
111,-0.696867823600769,-173.76998619176447,0.0,0.5848084092140198,0.0,0.15857301652431488,0.696867823600769,0.0,0.0,0.04651360213756561,168.4677539570257,14.917643768712878
112,0.0,-173.76998619176447,0.0,1.3861545324325562,0.0,0.14671702682971954,0.0,1.1615805625915527,0.0,2.6944521218538284,168.4677539570257,17.612095890566707
113,-0.3918225169181824,-174.16180870868266,0.0,1.204752802848816,0.08385171741247177,0.0,0.22606520354747772,0.0,0.0,0.8948358818888664,168.4677539570257,18.506931772455573
114,-3.8558857440948486,-178.0176944527775,0.32977360486984253,0.0,0.15303760766983032,0.0,1.5570083856582642,0.0,2.039819598197937,0.0,170.50757355522364,18.506931772455573
115,-7.569881439208984,-185.5875758919865,0.7546690702438354,0.0,0.21914196014404297,0.0,2.9229397773742676,0.0,3.896750807762146,0.0,174.4043243629858,18.506931772455573
116,-4.550195217132568,-190.13777110911906,0.4469718635082245,0.0,0.36468249559402466,0.0,1.5751867294311523,0.0,2.3868410885334015,0.0,176.7911654515192,18.506931772455573
117,-2.165299892425537,-192.3030710015446,0.3636639416217804,0.0,0.3876185119152069,0.0,0.4430446922779083,0.0,1.1943271458148956,0.0,177.9854925973341,18.506931772455573
118,-1.6358888149261475,-193.93895981647074,0.5967347025871277,0.0,0.3296126127243042,0.0,0.7095414996147156,0.0,1.6358888149261475,0.0,179.62138141226023,18.506931772455573
119,-1.2080751657485962,-195.14703498221934,0.5923177599906921,0.0,0.18901224434375763,0.0,0.4267451763153076,0.0,1.2080751806497574,0.0,180.82945659291,18.506931772455573
120,0.06046373397111893,-195.08657124824822,0.35421058535575867,0.0,0.18733283877372742,0.0,0.42208048701286316,0.0,0.9636239111423492,0.0,181.79308050405234,18.506931772455573
121,0.06258560717105865,-195.02398564107716,0.3527388870716095,0.0,0.18591776490211487,0.0,0.41900184750556946,0.0,0.9576584994792938,0.0,182.75073900353163,18.506931772455573
122,0.06432271748781204,-194.95966292358935,0.3514370918273926,0.0,0.18461598455905914,0.0,0.4166029393672943,0.0,0.952656015753746,0.0,183.70339501928538,18.506931772455573
123,0.07128740847110748,-194.88837551511824,0.35007867217063904,0.0,0.1873515099287033,0.0,0.39715519547462463,0.0,0.934585377573967,0.0,184.63798039685935,18.506931772455573
124,0.050456829369068146,-194.83791868574917,0.34860697388648987,0.0,0.20223666727542877,0.0,0.4351603388786316,0.0,0.9860039800405502,0.0,185.6239843768999,18.506931772455573
125,-0.22864185273647308,-195.06656053848565,0.9524089097976685,0.0,0.23087537288665771,0.0,0.49980950355529785,0.0,1.683093786239624,0.0,187.30707816313952,18.506931772455573
126,-4.869513034820557,-199.9360735733062,5.020469665527344,0.0,0.3597826361656189,0.0,7.931743621826172,0.0,13.311995923519135,0.0,200.61907408665866,18.506931772455573
127,-0.959449291229248,-200.89552286453545,0.10228127241134644,0.0,0.2286338061094284,0.0,0.628534197807312,0.0,0.9594492763280869,0.0,201.57852336298674,18.506931772455573
128,-0.7254918813705444,-201.621014745906,0.0,0.21943701803684235,0.25850650668144226,0.0,0.4669853746891022,0.0,0.5060548633337021,0.0,202.08457822632045,18.506931772455573
129,-4.806520938873291,-206.4275356847793,4.277019500732422,0.0,0.13225731253623962,0.0,0.39724376797676086,0.0,4.806520581245422,0.0,206.89109880756587,18.506931772455573
130,-0.21658837795257568,-206.64412406273186,0.0,0.6988961100578308,0.10999232530593872,0.0,0.10659606009721756,0.0,0.0,0.48230772465467453,206.89109880756587,18.989239497110248
131,-2.067479133605957,-208.71160319633782,2.056759834289551,0.0,0.010719330981373787,0.0,0.0,0.5703308582305908,1.4971483070403337,0.0,208.3882471146062,18.989239497110248
132,-0.11715441197156906,-208.8287576083094,0.0,0.2465309053659439,0.11715441197156906,0.0,0.0,0.6025114059448242,0.0,0.7318878993391991,208.3882471146062,19.721127396449447
133,0.0,-208.8287576083094,0.0,1.1624534130096436,0.0,0.25800621509552,0.0,0.20329688489437103,0.0,1.6237565129995346,208.3882471146062,21.34488390944898
134,0.0,-208.8287576083094,0.0,0.6298876404762268,0.0,0.2746831178665161,0.0,0.08292241394519806,0.0,0.987493172287941,208.3882471146062,22.332377081736922
135,-0.6456479430198669,-209.47440555132926,0.0,0.8950923085212708,0.0,0.1956094652414322,0.6456479430198669,0.0,0.0,0.445053830742836,208.3882471146062,22.77743091247976
136,-0.25831010937690735,-209.73271566070616,0.0,0.5871167182922363,0.0,0.17033067345619202,0.25831010937690735,0.0,0.0,0.499137282371521,208.3882471146062,23.27656819485128
137,-3.0828635692596436,-212.8155792299658,1.7881889343261719,0.0,0.0,0.018772907555103302,0.16563144326210022,0.0,1.9350474700331688,0.0,210.32329458463937,23.27656819485128
138,-0.6899029016494751,-213.50548213161528,0.016975723206996918,0.0,0.2831476926803589,0.0,0.38679423928260803,0.0,0.6869176551699638,0.0,211.01021223980933,23.27656819485128
139,-1.1971911191940308,-214.7026732508093,0.0,0.4614737927913666,0.21908357739448547,0.0,0.6114098429679871,0.0,0.36901962757110596,0.0,211.37923186738044,23.27656819485128
140,-17.680362701416016,-232.38303595222533,7.652753829956055,0.0,0.20169100165367126,0.0,1.1466282606124878,0.0,9.001073092222214,0.0,220.38030495960265,23.27656819485128
141,-1.7267615795135498,-234.10979753173888,0.7792976498603821,0.0,0.19623863697052002,0.0,0.0,0.01836758852005005,0.957168698310852,0.0,221.3374736579135,23.27656819485128
142,-1.050748586654663,-235.16054611839354,0.4215100109577179,0.0,0.19325745105743408,0.0,0.4359810948371887,0.0,1.0507485568523407,0.0,222.38822221476585,23.27656819485128
143,-0.9718362092971802,-236.13238232769072,0.3560788035392761,0.0,0.18901224434375763,0.0,0.4267451763153076,0.0,0.9718362241983414,0.0,223.3600584389642,23.27656819485128
144,0.062370143830776215,-236.07001218385994,0.35421058535575867,0.0,0.18733283877372742,0.0,0.42208048701286316,0.0,0.9636239111423492,0.0,224.32368235010654,23.27656819485128
145,-0.116739422082901,-236.18675160594285,0.5866090059280396,0.0,0.18591776490211487,0.0,0.6382042765617371,0.0,1.4107310473918915,0.0,225.73441339749843,23.27656819485128
146,-0.10173609107732773,-236.28848769702017,0.33876895904541016,0.0,0.18461598455905914,0.0,1.0956684350967407,0.0,1.61905337870121,0.0,227.35346677619964,23.27656819485128
147,0.15526369214057922,-236.1332240048796,0.3348560631275177,0.0,0.1873515099287033,0.0,0.21677497029304504,0.0,0.738982543349266,0.0,228.0924493195489,23.27656819485128
148,0.03952953964471817,-236.09369446523488,0.34860697388648987,0.0,0.20223666727542877,0.0,0.47366073727607727,0.0,1.024504378437996,0.0,229.1169536979869,23.27656819485128
149,0.01878320425748825,-236.0749112609774,0.3450120687484741,0.0,0.23087537288665771,0.0,0.49980950355529785,0.0,1.0756969451904297,0.0,230.19265064317733,23.27656819485128
150,-0.909966230392456,-236.98487749136984,1.2575488090515137,0.0,0.8152799010276794,0.0,1.3240694999694824,0.0,3.3968982100486755,0.0,233.589548853226,23.27656819485128
151,-3.0465261936187744,-240.03140368498862,2.0942389965057373,0.0,0.21386556327342987,0.0,0.738421618938446,0.0,3.046526178717613,0.0,236.63607503194362,23.27656819485128
152,-2.3427627086639404,-242.37416639365256,1.869799256324768,0.0,0.16661541163921356,0.0,0.30634817481040955,0.0,2.342762842774391,0.0,238.978837874718,23.27656819485128
153,-1.520319938659668,-243.89448633231223,1.3301286697387695,0.0,0.19019126892089844,0.0,0.0,0.02427547238767147,1.4960444662719965,0.0,240.47488234099,23.27656819485128
154,-0.9288979172706604,-244.8233842495829,0.6365696787834167,0.0,0.29232823848724365,0.0,0.0,0.27234557271003723,0.6565523445606232,0.0,241.13143468555063,23.27656819485128
155,-3.89400577545166,-248.71739002503455,3.89400577545166,0.0,0.0,0.10658963024616241,0.0,0.3020399808883667,3.485376164317131,0.0,244.61681084986776,23.27656819485128
156,-1.605337142944336,-250.32272716797888,1.377344012260437,0.0,0.0,0.14219842851161957,0.2279931902885437,0.0,1.4631387740373611,0.0,246.07994962390512,23.27656819485128
157,0.0,-250.32272716797888,0.0,0.44022899866104126,0.0,0.24523146450519562,0.0,0.2545550763607025,0.0,0.9400155395269394,246.07994962390512,24.21658373437822
158,0.0,-250.32272716797888,0.0,0.7416677474975586,0.0,0.29246318340301514,0.0,0.5497836470603943,0.0,1.583914577960968,246.07994962390512,25.800498312339187
159,0.0,-250.32272716797888,0.0,0.5914902687072754,0.0,0.2047167718410492,0.0,0.6881019473075867,0.0,1.4843089878559113,246.07994962390512,27.284807300195098
160,-0.041808538138866425,-250.36453570611775,0.03487739711999893,0.0,0.0,0.16462194919586182,0.0069311391562223434,0.0,0.0,0.12281341291964054,246.07994962390512,27.40762071311474
161,-2.9082648754119873,-253.27280058152974,0.5587489604949951,0.0,0.0,0.006396973039954901,1.142094612121582,0.0,1.6944465995766222,0.0,247.77439622348174,27.40762071311474
162,-3.6477320194244385,-256.9205326009542,0.5714611411094666,0.0,0.1577356457710266,0.0,1.2872737646102905,0.0,2.0164705514907837,0.0,249.79086677497253,27.40762071311474
163,-2.58597993850708,-259.50651253946126,0.0,0.8926211595535278,0.21890221536159515,0.0,1.1882518529891968,0.0,0.5145329087972641,0.0,250.3053996837698,27.40762071311474
164,-5.431988716125488,-264.93850125558674,1.3929647207260132,0.0,0.36468249559402466,0.0,1.0705604553222656,0.0,2.8282076716423035,0.0,253.1336073554121,27.40762071311474
165,-3.6377716064453125,-268.57627286203206,0.5447744131088257,0.0,0.19623863697052002,0.0,1.1900190114974976,0.0,1.9310320615768433,0.0,255.06463941698894,27.40762071311474
166,-0.9897325038909912,-269.56600536592305,0.3604939579963684,0.0,0.19325745105743408,0.0,0.4359810948371887,0.0,0.9897325038909912,0.0,256.05437192087993,27.40762071311474
167,-0.9718362092971802,-270.5378415752202,0.3560788035392761,0.0,0.18901224434375763,0.0,0.4267451763153076,0.0,0.9718362241983414,0.0,257.0262081450783,27.40762071311474
168,0.06233111768960953,-270.4755104575306,0.35421058535575867,0.0,0.18733283877372742,0.0,0.42208048701286316,0.0,0.9636239111423492,0.0,257.9898320562206,27.40762071311474
169,0.06445001065731049,-270.4110604468733,0.3527388870716095,0.0,0.18591776490211487,0.0,0.41900184750556946,0.0,0.9576584994792938,0.0,258.9474905556999,27.40762071311474
170,0.051054246723651886,-270.36000620014966,0.3514370918273926,0.0,0.18461598455905914,0.0,0.498125284910202,0.0,1.0341783612966537,0.0,259.98166891699657,27.40762071311474
171,0.06888917088508606,-270.29111702926457,0.35007867217063904,0.0,0.1873515099287033,0.0,0.4890809655189514,0.0,1.0265111476182938,0.0,261.00818006461486,27.40762071311474
172,0.10486286133527756,-270.1862541679293,0.34860697388648987,0.0,0.20223666727542877,0.0,0.30932220816612244,0.0,0.8601658493280411,0.0,261.8683459139429,27.40762071311474
173,-1.010229468345642,-271.19648363627493,2.916538715362549,0.0,0.23087537288665771,0.0,0.49980950355529785,0.0,3.6472235918045044,0.0,265.5155695057474,27.40762071311474
174,-0.25457122921943665,-271.45105486549437,0.384336918592453,0.0,0.23963414132595062,0.0,1.133434534072876,0.0,1.7574055939912796,0.0,267.2729750997387,27.40762071311474
175,-1.402383804321289,-272.85343866981566,0.1516353189945221,0.0,0.7369452714920044,0.0,0.513803243637085,0.0,1.4023838341236115,0.0,268.6753589338623,27.40762071311474
176,-4.088268280029297,-276.94170694984496,3.679777145385742,0.0,0.2098212093114853,0.0,0.19867007434368134,0.0,4.088268429040909,0.0,272.7636273629032,27.40762071311474
177,-0.3529464900493622,-277.2946534398943,0.16628879308700562,0.0,0.18665769696235657,0.0,0.0,0.031356967985630035,0.32158952206373215,0.0,273.08521688496694,27.40762071311474
178,-0.039191555231809616,-277.3338449951261,0.0,0.8613371253013611,0.039191555231809616,0.0,0.0,0.2856380045413971,0.0,1.1077835746109486,273.08521688496694,28.515404287725687
179,-0.19225746393203735,-277.52610245905817,0.0,1.0215243101119995,0.19225746393203735,0.0,0.0,0.45010045170783997,0.0,1.2793672978878021,273.08521688496694,29.79477158561349
180,0.0,-277.52610245905817,0.0,0.5087029933929443,0.0,0.1065923422574997,0.0,0.5544579029083252,0.0,1.1697532385587692,273.08521688496694,30.96452482417226
181,-0.01175049040466547,-277.53785294946283,0.0,0.8746860027313232,0.0,0.21903780102729797,0.01175049040466547,0.0,0.0,1.0819733133539557,273.08521688496694,32.046498137526214
182,0.0,-277.53785294946283,0.0,0.9674253463745117,0.0,0.2300409972667694,0.0,0.415070503950119,0.0,1.6125368475914001,273.08521688496694,33.659034985117614
183,-0.6640727519989014,-278.20192570146173,0.0,0.8363997340202332,0.0,0.16624821722507477,0.6640727519989014,0.0,0.0,0.33857519924640656,273.08521688496694,33.99761018436402
184,-0.7495912313461304,-278.95151693280786,0.0,0.5563116073608398,0.0,0.1549270749092102,0.7495912313461304,0.0,0.03835254907608032,0.0,273.123569434043,33.99761018436402
185,0.7140228748321533,-278.2374940579757,0.0,0.039898451417684555,0.0,0.009429455734789371,0.0,0.36610841751098633,0.0,0.41543632466346025,273.123569434043,34.41304650902748
186,0.18110208213329315,-278.0563919758424,0.0,0.3253839612007141,0.1543160378932953,0.0,0.0,0.4797595143318176,0.0,0.6508274376392365,273.123569434043,35.06387394666672
187,-2.2567055225372314,-280.31309749837965,0.0,0.9049776196479797,0.35834044218063354,0.0,0.883854329586029,0.0,0.33721715211868286,0.0,273.4607865861617,35.06387394666672
188,-5.741846084594727,-286.0549435829744,0.8018174171447754,0.0,0.36468249559402466,0.0,1.816180944442749,0.0,2.982680857181549,0.0,276.44346744334325,35.06387394666672
189,-4.268000602722168,-290.32294418569654,0.5444454550743103,0.0,0.3876185119152069,0.0,1.3136118650436401,0.0,2.2456758320331573,0.0,278.6891432753764,35.06387394666672
190,-1.871687650680542,-292.1946318363771,0.3604939579963684,0.0,0.3296126127243042,0.0,1.1815810203552246,0.0,1.8716875910758972,0.0,280.5608308664523,35.06387394666672
191,-1.22037672996521,-293.4150085663423,0.3560788035392761,0.0,0.18901224434375763,0.0,0.6752856969833374,0.0,1.2203767448663712,0.0,281.7812076113187,35.06387394666672
192,-0.06616363674402237,-293.4811722030863,0.6707591414451599,0.0,0.18733283877372742,0.0,0.42208048701286316,0.0,1.2801724672317505,0.0,283.0613800785504,35.06387394666672
193,0.01682277023792267,-293.4643494328484,0.34507817029953003,0.0,0.307964563369751,0.0,0.41900184750556946,0.0,1.0720445811748505,0.0,284.1334246597253,35.06387394666672
194,0.0643138512969017,-293.4000355815515,0.3514370918273926,0.0,0.18461598455905914,0.0,0.4166029393672943,0.0,0.952656015753746,0.0,285.086080675479,35.06387394666672
195,0.06260828673839569,-293.3374272948131,0.35007867217063904,0.0,0.1873515099287033,0.0,0.4188297688961029,0.0,0.9562599509954453,0.0,286.04234062647447,35.06387394666672
196,0.050447069108486176,-293.2869802257046,0.34860697388648987,0.0,0.20223666727542877,0.0,0.4351603388786316,0.0,0.9860039800405502,0.0,287.028344606515,35.06387394666672
197,0.012800775468349457,-293.27417945023626,0.3487769067287445,0.0,0.23087537288665771,0.0,0.49980950355529785,0.0,1.0794617831707,0.0,288.1078063896857,35.06387394666672
198,-0.3045675754547119,-293.578747025691,1.1771295070648193,0.0,0.24088947474956512,0.0,0.4542064964771271,0.0,1.8722254782915115,0.0,289.98003186797723,35.06387394666672
199,-0.9122757911682129,-294.4910228168592,0.09793445467948914,0.0,0.3024880588054657,0.0,0.5118532776832581,0.0,0.9122757911682129,0.0,290.89230765914544,35.06387394666672
200,-1.9017574787139893,-296.3927802955732,1.3969422578811646,0.0,0.24484512209892273,0.0,0.25997012853622437,0.0,1.9017575085163116,0.0,292.79406516766176,35.06387394666672
201,-0.29184219241142273,-296.6846224879846,0.0,0.6303125619888306,0.23515954613685608,0.0,0.05668264627456665,0.0,0.0,0.33847036957740784,292.79406516766176,35.402344316244125
202,-0.11334320157766342,-296.79796568956226,0.0,0.9267017841339111,0.1019790768623352,0.0,0.011364126577973366,0.0,0.0,0.8133585806936026,292.79406516766176,36.21570289693773
203,-0.2947656214237213,-297.092731310986,0.0,0.5439053773880005,0.15732161700725555,0.0,0.13744400441646576,0.0,0.0,0.24913975596427917,292.79406516766176,36.46484265290201
204,-0.008088108152151108,-297.10081941913813,0.0,0.35866621136665344,0.008088108152151108,0.0,0.0,0.16686522960662842,0.0,0.5174433328211308,292.79406516766176,36.98228598572314
205,-6.07304573059082,-303.17386514972895,0.0,0.08942629396915436,1.1037557125091553,0.0,4.969289779663086,0.0,5.983619198203087,0.0,298.77768436586484,36.98228598572314
206,-1.9425288438796997,-305.11639399360865,0.487641304731369,0.0,0.5932266712188721,0.0,0.8616608381271362,0.0,1.9425288140773773,0.0,300.7202131799422,36.98228598572314
207,-0.3495420515537262,-305.4659360451624,0.1957930475473404,0.0,0.0,0.14626261591911316,0.1537490040063858,0.0,0.20327943563461304,0.0,300.92349261557683,36.98228598572314
208,-0.18682417273521423,-305.6527602178976,0.0,0.24827715754508972,0.0,0.647148847579956,0.18682417273521423,0.0,0.0,0.7086018323898315,300.92349261557683,37.69088781811297
209,-1.6947203874588013,-307.3474806053564,0.1961147040128708,0.0,0.059656474739313126,0.0,0.729783296585083,0.0,0.9855544753372669,0.0,301.9090470909141,37.69088781811297
210,-5.454071044921875,-312.80155165027827,0.3991195857524872,0.0,0.6605805158615112,0.0,1.821495532989502,0.0,2.8811956346035004,0.0,304.7902427255176,37.69088781811297
211,-4.651209831237793,-317.45276148151606,0.9786856770515442,0.0,0.0,0.20532266795635223,1.472878098487854,0.0,2.246241107583046,0.0,307.03648383310065,37.69088781811297
212,-3.25376033782959,-320.70652181934565,0.6107575297355652,0.0,0.05629420280456543,0.0,1.0705604553222656,0.0,1.7376121878623962,0.0,308.77409602096304,37.69088781811297
213,-4.195167541503906,-324.90168936084956,0.6353296637535095,0.0,0.3826603293418884,0.0,1.1900190114974976,0.0,2.2080090045928955,0.0,310.98210502555594,37.69088781811297
214,-2.384705066680908,-327.28639442753047,0.48252609372138977,0.0,0.9190770387649536,0.0,0.9831019043922424,0.0,2.384705036878586,0.0,313.3668100624345,37.69088781811297
215,-1.0096492767333984,-328.29604370426387,0.3938917815685272,0.0,0.18901224434375763,0.0,0.4267451763153076,0.0,1.0096492022275925,0.0,314.3764592646621,37.69088781811297
216,0.054429493844509125,-328.24161421041936,0.3568393290042877,0.0,0.18733283877372742,0.0,0.42208048701286316,0.0,0.9662526547908783,0.0,315.342711919453,37.69088781811297
217,0.06067550182342529,-328.18093870859593,0.34507817029953003,0.0,0.18591776490211487,0.0,0.41900184750556946,0.0,0.9499977827072144,0.0,316.2927097021602,37.69088781811297
218,-0.027752123773097992,-328.20869083236903,0.5692089200019836,0.0,0.18461598455905914,0.0,0.4166029393672943,0.0,1.170427843928337,0.0,317.46313754608855,37.69088781811297
219,0.0576598197221756,-328.15103101264685,0.35007867217063904,0.0,0.1873515099287033,0.0,0.4188297688961029,0.0,0.9562599509954453,0.0,318.419397497084,37.69088781811297
220,0.04550739377737045,-328.1055236188695,0.34860697388648987,0.0,0.20223666727542877,0.0,0.4351603388786316,0.0,0.9860039800405502,0.0,319.40540147712454,37.69088781811297
221,-0.5451789498329163,-328.6507025687024,1.7313987016677856,0.0,0.23087537288665771,0.0,0.49980950355529785,0.0,2.462083578109741,0.0,321.8674850552343,37.69088781811297
222,0.04393136501312256,-328.6067712036893,0.30128347873687744,0.0,0.2383204847574234,0.0,0.44906851649284363,0.0,0.9886724799871445,0.0,322.8561575352214,37.69088781811297
223,-0.589168906211853,-329.19594010990113,0.05751770734786987,0.0,0.20612987875938416,0.0,0.3255213499069214,0.0,0.5891689360141754,0.0,323.4453264712356,37.69088781811297
224,-0.2148679792881012,-329.41080808918923,0.0,0.39130786061286926,0.14523401856422424,0.0,0.06963396817445755,0.0,0.0,0.17643987387418747,323.4453264712356,37.86732769198716
225,-0.2449180781841278,-329.65572616737336,0.0,0.7491651773452759,0.2449180781841278,0.0,0.0,0.11053763329982758,0.0,0.6147847324609756,323.4453264712356,38.48211242444813
226,-0.10606174916028976,-329.76178791653365,0.0,0.9636823534965515,0.10606174916028976,0.0,0.0,0.16139096021652222,0.0,1.019011564552784,323.4453264712356,39.50112398900092
227,0.0,-329.76178791653365,0.0,1.1795682907104492,0.0,0.028029484674334526,0.0,0.5876062512397766,0.0,1.7952040266245604,323.4453264712356,41.29632801562548
228,-0.8355032205581665,-330.5972911370918,0.0,0.9936406016349792,0.8355032205581665,0.0,0.0,0.27996915578842163,0.0,0.4381065368652344,323.4453264712356,41.73443455249071
229,-9.878633499145508,-340.4759246362373,0.0,1.003985047340393,9.878633499145508,0.0,0.0,0.6080606579780579,8.266587793827057,0.0,331.71191426506266,41.73443455249071
230,0.0,-340.4759246362373,0.0,1.0160142183303833,0.0,0.6334477663040161,0.0,0.5203769207000732,0.0,2.1698389053344727,331.71191426506266,43.904273457825184
231,-0.4863664507865906,-340.9622910870239,0.0,0.6432213187217712,0.47446659207344055,0.0,0.011899850331246853,0.0,0.0,0.15685487631708384,331.71191426506266,44.06112833414227
232,-6.344181060791016,-347.30647214781493,4.113112926483154,0.0,0.3975938558578491,0.0,1.833474040031433,0.0,6.3441808223724365,0.0,338.0560950874351,44.06112833414227
233,-1.3057448863983154,-348.61221703421324,0.07977397739887238,0.0,0.0,0.5585872530937195,0.8261337280273438,0.0,0.34732045233249664,0.0,338.4034155397676,44.06112833414227
234,-3.6551225185394287,-352.2673395527527,1.3207228183746338,0.0,0.0,1.3318113088607788,0.6744090914726257,0.0,0.6633206009864807,0.0,339.0667361407541,44.06112833414227
235,-4.227194786071777,-356.49453433882445,0.8556849360466003,0.0,0.28570976853370667,0.0,1.123736023902893,0.0,2.2651307284832,0.0,341.3318668692373,44.06112833414227
236,-2.824549674987793,-359.31908401381224,1.1676297187805176,0.0,0.36468249559402466,0.0,0.0,0.07128256559371948,1.4610296487808228,0.0,342.7928965180181,44.06112833414227
237,-3.742410182952881,-363.0614941967651,0.6075669527053833,0.0,0.19623863697052002,0.0,1.1798462867736816,0.0,1.983651876449585,0.0,344.7765483944677,44.06112833414227
238,-1.6547592878341675,-364.7162534845993,1.028313398361206,0.0,0.19325745105743408,0.0,0.43318843841552734,0.0,1.6547592878341675,0.0,346.43130768230185,44.06112833414227
239,-0.9718362092971802,-365.6880896938965,0.3560788035392761,0.0,0.18901224434375763,0.0,0.4267451763153076,0.0,0.9718362241983414,0.0,347.4031439065002,44.06112833414227
240,0.06287819892168045,-365.6252114949748,0.35421058535575867,0.0,0.18733283877372742,0.0,0.42208048701286316,0.0,0.9636239111423492,0.0,348.36676781764254,44.06112833414227
241,0.06499585509300232,-365.5602156398818,0.3527388870716095,0.0,0.18591776490211487,0.0,0.41900184750556946,0.0,0.9576584994792938,0.0,349.32442631712183,44.06112833414227
242,0.06672877818346024,-365.49348686169833,0.3514370918273926,0.0,0.18461598455905914,0.0,0.4166029393672943,0.0,0.952656015753746,0.0,350.2770823328756,44.06112833414227
243,0.018679499626159668,-365.47480736207217,0.35007867217063904,0.0,0.1873515099287033,0.0,0.6685181856155396,0.0,1.205948367714882,0.0,351.48303070059046,44.06112833414227
244,0.14626194536685944,-365.3285454167053,0.3357362449169159,0.0,0.20223666727542877,0.0,0.21888667345046997,0.0,0.7568595856428146,0.0,352.2398902862333,44.06112833414227
245,0.0065798088908195496,-365.3219656078145,0.3468944728374481,0.0,0.23087537288665771,0.0,0.5274215936660767,0.0,1.1051914393901825,0.0,353.34508172562346,44.06112833414227
246,-1.3302618265151978,-366.6522274343297,0.3362347483634949,0.0,0.24239176511764526,0.0,3.8679957389831543,0.0,4.446622252464294,0.0,357.79170397808775,44.06112833414227
247,-1.8767012357711792,-368.52892867010087,1.1351264715194702,0.0,0.2115047574043274,0.0,0.5300699472427368,0.0,1.8767011761665344,0.0,359.6684051542543,44.06112833414227
248,-2.260085105895996,-370.78901377599686,0.7994843125343323,0.0,1.072588562965393,0.0,0.38801226019859314,0.0,2.2600851356983185,0.0,361.9284902899526,44.06112833414227
249,-0.9933157563209534,-371.7823295323178,0.0,0.16165253520011902,0.286354124546051,0.0,0.7069616317749023,0.0,0.8316632211208344,0.0,362.76015351107344,44.06112833414227
250,-2.6216986179351807,-374.404028150253,2.6216986179351807,0.0,0.0,0.012565522454679012,0.0,0.14417864382266998,2.4649544516578317,0.0,365.2251079627313,44.06112833414227
251,0.0,-374.404028150253,0.0,0.6606615781784058,0.0,0.06983532011508942,0.0,0.48367542028427124,0.0,1.2141723185777664,365.2251079627313,45.275300652720034
252,0.0,-374.404028150253,0.0,0.23578394949436188,0.0,0.08551923930644989,0.0,0.5123308897018433,0.0,0.833634078502655,365.2251079627313,46.10893473122269
253,-0.14806914329528809,-374.5520972935483,0.0,0.9787141680717468,0.14806914329528809,0.0,0.0,0.10343310981988907,0.0,0.9340781345963478,365.2251079627313,47.04301286581904
254,-5.288712501525879,-379.84080979507416,5.210180282592773,0.0,0.0,0.2397155463695526,0.07853227853775024,0.0,5.048997014760971,0.0,370.27410497749224,47.04301286581904
255,-0.6811515092849731,-380.52196130435914,0.0,0.8217411041259766,0.0,0.15892040729522705,0.6811515092849731,0.0,0.0,0.29951000213623047,370.27410497749224,47.34252286795527
256,-0.4616086483001709,-380.9835699526593,0.19358766078948975,0.0,0.0,0.12396221607923508,0.26802098751068115,0.0,0.3376464322209358,0.0,370.6117514097132,47.34252286795527
257,-0.7725726366043091,-381.7561425892636,0.5765054821968079,0.0,0.006998308934271336,0.0,0.21509911119937897,0.0,0.7986029023304582,0.0,371.41035431204364,47.34252286795527
258,-1.935055136680603,-383.6911977259442,0.805081844329834,0.0,0.15649878978729248,0.0,0.3913305997848511,0.0,1.3529112339019775,0.0,372.7632655459456,47.34252286795527
259,-0.21253180503845215,-383.9037295309827,0.0,0.48882612586021423,0.2190180867910385,0.0,0.1744088977575302,0.0,0.0,0.09539914131164551,372.7632655459456,47.43792200926691
260,-0.652826726436615,-384.5565562574193,0.0,1.5162826776504517,0.20169100165367126,0.0,0.25365209579467773,0.0,0.0,1.0609395802021027,372.7632655459456,48.498861589469016
261,-16.42251205444336,-400.97906831186265,0.3263513147830963,0.0,0.19623863697052002,0.0,7.8009748458862305,0.0,8.323564797639847,0.0,381.08683034358546,48.498861589469016
262,-1.263292908668518,-402.24236122053117,0.3604939579963684,0.0,0.19325745105743408,0.0,0.7095414996147156,0.0,1.263292908668518,0.0,382.350123252254,48.498861589469016
263,-1.9203650951385498,-404.1627263156697,0.8147399425506592,0.0,0.18901224434375763,0.0,0.9166128635406494,0.0,1.9203650504350662,0.0,384.27048830268905,48.498861589469016
264,0.06297888606786728,-404.09974742960185,0.35421058535575867,0.0,0.18733283877372742,0.0,0.42208048701286316,0.0,0.9636239111423492,0.0,385.2341122138314,48.498861589469016
265,0.06509673595428467,-404.03465069364756,0.3527388870716095,0.0,0.18591776490211487,0.0,0.41900184750556946,0.0,0.9576584994792938,0.0,386.1917707133107,48.498861589469016
266,0.06682979315519333,-403.96782090049237,0.3514370918273926,0.0,0.18461598455905914,0.0,0.4166029393672943,0.0,0.952656015753746,0.0,387.14442672906443,48.498861589469016
267,0.06512066721916199,-403.9027002332732,0.35007867217063904,0.0,0.1873515099287033,0.0,0.4188297688961029,0.0,0.9562599509954453,0.0,388.1006866800599,48.498861589469016
268,0.05295587331056595,-403.84974435996264,0.34860697388648987,0.0,0.20223666727542877,0.0,0.4351603388786316,0.0,0.9860039800405502,0.0,389.08669066010043,48.498861589469016
269,0.004881910979747772,-403.8448624489829,0.3468944728374481,0.0,0.23087537288665771,0.0,0.5277521014213562,0.0,1.105521947145462,0.0,390.1922126072459,48.498861589469016
270,0.033711910247802734,-403.8111505387351,0.3350120782852173,0.0,0.24178043007850647,0.0,0.45598840713500977,0.0,1.0327809154987335,0.0,391.2249935227446,48.498861589469016
271,-0.6494573950767517,-404.46060793381184,0.11037639528512955,0.0,0.20860648155212402,0.0,0.33047452569007874,0.0,0.6494574025273323,0.0,391.87445092527196,48.498861589469016
272,-0.4473932385444641,-404.9080011723563,0.0,0.3043244183063507,0.29084670543670654,0.0,0.15654651820659637,0.0,0.1430688053369522,0.0,392.0175197306089,48.498861589469016
273,-0.8726285099983215,-405.78062968235463,0.0,0.4863539934158325,0.7625375986099243,0.0,0.11009092628955841,0.0,0.3862745314836502,0.0,392.40379426209256,48.498861589469016
274,-3.2293589115142822,-409.0099885938689,3.2293589115142822,0.0,0.0,0.00787817407399416,0.0,0.3797190487384796,2.8417616887018085,0.0,395.24555595079437,48.498861589469016
275,-0.18451187014579773,-409.1945004640147,0.18451187014579773,0.0,0.0,0.03744129836559296,0.0,0.418941468000412,0.0,0.2718708962202072,395.24555595079437,48.77073248568922
276,-1.1893881559371948,-410.3838886199519,1.0524076223373413,0.0,0.13698050379753113,0.0,0.0,0.5503185391426086,0.6390695869922638,0.0,395.88462553778663,48.77073248568922
277,-0.38714706897735596,-410.77103568892926,0.0,1.0074121952056885,0.0,0.049214135855436325,0.38714706897735596,0.0,0.0,0.6694792620837688,395.88462553778663,49.44021174777299
278,-0.034821223467588425,-410.80585691239685,0.0,1.0200175046920776,0.0,0.23666097223758698,0.034821223467588425,0.0,0.0,1.2218572534620762,395.88462553778663,50.66206900123507
279,-0.28332579135894775,-411.0891827037558,0.28332579135894775,0.0,0.0,0.1454814225435257,0.0,1.5507351160049438,0.0,1.4128907471895218,395.88462553778663,52.07495974842459
280,-7.0255584716796875,-418.1147411754355,6.175217151641846,0.0,0.0,0.15689289569854736,0.8503413200378418,0.0,6.86866557598114,0.0,402.7532911137678,52.07495974842459
281,-0.8042525053024292,-418.9189936807379,0.0,0.15750330686569214,0.266985148191452,0.0,0.3835749924182892,0.0,0.4930568337440491,0.0,403.2463479475118,52.07495974842459
282,-1.5212726593017578,-420.44026634003967,0.0,0.5871137976646423,0.665861964225769,0.0,0.22686447203159332,0.0,0.30561263859272003,0.0,403.55196058610454,52.07495974842459
283,-10.018730163574219,-430.4589965036139,1.2994053363800049,0.0,0.11816956847906113,0.0,3.7091281414031982,0.0,5.126703046262264,0.0,408.6786636323668,52.07495974842459
284,-9.059213638305664,-439.51821014191955,1.1457839012145996,0.0,0.2664947509765625,0.0,3.229710578918457,0.0,4.641989231109619,0.0,413.3206528634764,52.07495974842459
285,-10.381294250488281,-449.89950439240783,0.6824634075164795,0.0,0.5076298713684082,0.0,4.112854480743408,0.0,5.302947759628296,0.0,418.6236006231047,52.07495974842459
286,-9.114017486572266,-459.0135218789801,0.588736891746521,0.0,0.3296126127243042,0.0,8.19566822052002,0.0,9.114017724990845,0.0,427.73761834809557,52.07495974842459
287,-1.7031110525131226,-460.7166329314932,0.3560788035392761,0.0,0.18901224434375763,0.0,1.15802001953125,0.0,1.7031110674142838,0.0,429.44072941550985,52.07495974842459
288,-0.0341004803776741,-460.7507334118709,0.35421058535575867,0.0,0.18733283877372742,0.0,0.6647070646286011,0.0,1.2062504887580872,0.0,430.64697990426794,52.07495974842459
289,0.06506887078285217,-460.68566454108804,0.3527388870716095,0.0,0.18591776490211487,0.0,0.41900184750556946,0.0,0.9576584994792938,0.0,431.60463840374723,52.07495974842459
290,-0.028980523347854614,-460.7146450644359,0.3514370918273926,0.0,0.42407429218292236,0.0,0.4166029393672943,0.0,1.1921143233776093,0.0,432.79675272712484,52.07495974842459
291,0.06509454548358917,-460.6495505189523,0.35007867217063904,0.0,0.1873515099287033,0.0,0.4188297688961029,0.0,0.9562599509954453,0.0,433.7530126781203,52.07495974842459
292,0.05293066054582596,-460.5966198584065,0.34860697388648987,0.0,0.20223666727542877,0.0,0.4351603388786316,0.0,0.9860039800405502,0.0,434.73901665816084,52.07495974842459
293,0.015281625092029572,-460.58133823331445,0.3487769067287445,0.0,0.23087537288665771,0.0,0.49980950355529785,0.0,1.0794617831707,0.0,435.81847844133154,52.07495974842459
294,-0.3382547199726105,-460.91959295328707,0.3086540102958679,0.0,0.24200575053691864,0.0,1.4119789600372314,0.0,1.962638720870018,0.0,437.78111716220155,52.07495974842459
295,-0.6755914688110352,-461.5951844220981,0.05204593390226364,0.0,0.30349665880203247,0.0,0.32004883885383606,0.0,0.6755914315581322,0.0,438.4567085937597,52.07495974842459
296,-2.4494268894195557,-464.04461131151766,2.1742706298828125,0.0,0.16575978696346283,0.0,0.10939634591341019,0.0,2.4494267627596855,0.0,440.90613535651937,52.07495974842459
297,-0.7837857604026794,-464.82839707192034,0.6286850571632385,0.0,0.15510070323944092,0.0,0.0,0.0944036915898323,0.6893820688128471,0.0,441.5955174253322,52.07495974842459
298,-0.17818263173103333,-465.00657970365137,0.0,0.8812242746353149,0.01897340454161167,0.0,0.1592092216014862,0.0,0.0,0.7030416484922171,441.5955174253322,52.77800139691681
299,-0.21903586387634277,-465.2256155675277,0.0,0.9435814023017883,0.21903586387634277,0.0,0.0,0.38485661149024963,0.0,1.1094021499156952,441.5955174253322,53.8874035468325
300,-0.21150445938110352,-465.4371200269088,0.21150445938110352,0.0,0.0,0.07529283314943314,0.0,0.4918789267539978,0.0,0.3556673005223274,441.5955174253322,54.24307084735483
301,0.0,-465.4371200269088,0.0,1.070472240447998,0.0,0.2375802993774414,0.0,0.7168779969215393,0.0,2.0249305367469788,441.5955174253322,56.26800138410181
302,0.0,-465.4371200269088,0.0,1.0162967443466187,0.0,0.23371729254722595,0.0,0.45963117480278015,0.0,1.7096452116966248,441.5955174253322,57.97764659579843
303,-0.2119947373867035,-465.6491147642955,0.2119947373867035,0.0,0.0,0.17652453482151031,0.0,0.5418469309806824,0.0,0.5063767284154892,441.5955174253322,58.48402332421392
304,-0.7376758456230164,-466.38679060991853,0.0,0.33810487389564514,0.0,0.1597829908132553,0.7376758456230164,0.0,0.2397879809141159,0.0,441.83530540624633,58.48402332421392
305,0.31182432174682617,-466.0749662881717,0.06664600223302841,0.0,0.0,0.023395642638206482,0.0,0.5618021488189697,0.0,0.5185517892241478,441.83530540624633,59.00257511343807
306,-1.4276163578033447,-467.50258264597505,0.0,1.754024624824524,0.27634379267692566,0.0,0.5519214868545532,0.0,0.0,0.925759345293045,441.83530540624633,59.928334458731115
307,-6.542359352111816,-474.04494199808687,1.570053219795227,0.0,0.35911455750465393,0.0,1.4542618989944458,0.0,3.383429676294327,0.0,445.21873508254066,59.928334458731115
308,-5.080489635467529,-479.1254316335544,1.2238845825195312,0.0,0.6678882837295532,0.0,0.7606547474861145,0.0,2.652427613735199,0.0,447.87116269627586,59.928334458731115
309,-4.32686710357666,-483.45229873713106,0.45421919226646423,0.0,0.3876185119152069,0.0,1.433711290359497,0.0,2.275548994541168,0.0,450.146711690817,59.928334458731115
310,-3.4184024333953857,-486.87070117052644,0.4215100109577179,0.0,1.2874383926391602,0.0,1.70945405960083,0.0,3.418402463197708,0.0,453.56511415401474,59.928334458731115
311,-1.930327296257019,-488.80102846678346,0.8293225765228271,0.0,0.18901224434375763,0.0,0.9119924306869507,0.0,1.9303272515535355,0.0,455.4954414055683,59.928334458731115
312,0.06221013516187668,-488.7388183316216,0.35421058535575867,0.0,0.18733283877372742,0.0,0.42208048701286316,0.0,0.9636239111423492,0.0,456.4590653167106,59.928334458731115
313,0.016658812761306763,-488.7221595188603,0.3527388870716095,0.0,0.3050944209098816,0.0,0.41900184750556946,0.0,1.0768351554870605,0.0,457.5359004721977,59.928334458731115
314,0.06606405228376389,-488.6560954665765,0.3514370918273926,0.0,0.18461598455905914,0.0,0.4166029393672943,0.0,0.952656015753746,0.0,458.4885564879514,59.928334458731115
315,0.06435643136501312,-488.5917390352115,0.35007867217063904,0.0,0.1873515099287033,0.0,0.4188297688961029,0.0,0.9562599509954453,0.0,459.4448164389469,59.928334458731115
316,0.052193157374858856,-488.53954587783664,0.34860697388648987,0.0,0.20223666727542877,0.0,0.4351603388786316,0.0,0.9860039800405502,0.0,460.4308204189874,59.928334458731115
317,0.01529773324728012,-488.52424814458936,0.3468944728374481,0.0,0.23087537288665771,0.0,0.49980950355529785,0.0,1.0775793492794037,0.0,461.5083997682668,59.928334458731115
318,-0.1709078550338745,-488.69515599962324,0.773635745048523,0.0,0.30857521295547485,0.0,0.4602200984954834,0.0,1.5424310564994812,0.0,463.0508308247663,59.928334458731115
319,-3.418715715408325,-492.11387171503156,2.5825929641723633,0.0,0.3204438388347626,0.0,0.515678882598877,0.0,3.418715685606003,0.0,466.4695465103723,59.928334458731115
320,-1.1380722522735596,-493.2519439673051,0.0,0.3375968933105469,1.0635043382644653,0.0,0.07456785440444946,0.0,0.8004752993583679,0.0,467.2700218097307,59.928334458731115
321,-2.525984287261963,-495.7779282545671,2.38710618019104,0.0,0.13887816667556763,0.0,0.0,0.1268472671508789,2.3991370797157288,0.0,469.6691588894464,59.928334458731115
322,-0.34947338700294495,-496.12740164157003,0.0,0.7577796578407288,0.34947338700294495,0.0,0.0,0.3801237940788269,0.0,0.7884300649166107,469.6691588894464,60.716764523647726
323,0.0,-496.12740164157003,0.0,1.03877854347229,0.0,0.0679260790348053,0.0,0.4798867404460907,0.0,1.586591362953186,469.6691588894464,62.30335588660091
324,-1.7095967531204224,-497.83699839469045,1.7095967531204224,0.0,0.0,0.013870195485651493,0.0,0.6073720455169678,1.088354512117803,0.0,470.7575134015642,62.30335588660091
325,-1.0846880674362183,-498.9216864621267,1.0846880674362183,0.0,0.0,0.20636491477489471,0.0,0.2607646882534027,0.6175584644079208,0.0,471.37507186597213,62.30335588660091
326,0.0,-498.9216864621267,0.0,1.0169545412063599,0.0,0.25336459279060364,0.0,0.2592851221561432,0.0,1.5296042561531067,471.37507186597213,63.83296014275402
327,0.0,-498.9216864621267,0.0,0.7549980282783508,0.0,0.17553649842739105,0.0,1.101483702659607,0.0,2.032018229365349,471.37507186597213,65.86497837211937
328,0.0,-498.9216864621267,0.0,0.47489792108535767,0.0,0.17008362710475922,0.0,0.24784763157367706,0.0,0.892829179763794,471.37507186597213,66.75780755188316
329,-1.4122166633605957,-500.33390312548727,0.0,0.1039375364780426,0.6834409832954407,0.0,0.29320573806762695,0.0,0.872709184885025,0.0,472.24778105085716,66.75780755188316
330,-1.1361135244369507,-501.4700166499242,0.0,0.47697338461875916,0.1426600068807602,0.0,0.6427361965179443,0.0,0.3084228187799454,0.0,472.5562038696371,66.75780755188316
331,-5.064363479614258,-506.5343801295385,0.0,1.3553828001022339,0.5349542498588562,0.0,2.1116981506347656,0.0,1.291269600391388,0.0,473.8474734700285,66.75780755188316
332,-6.410861015319824,-512.9452411448583,0.5656360983848572,0.0,0.36468249559402466,0.0,2.3873331546783447,0.0,3.3176517486572266,0.0,477.1651252186857,66.75780755188316
333,-3.272711753845215,-516.2179528987035,0.5443384647369385,0.0,0.3876185119152069,0.0,0.8165318369865417,0.0,1.7484888136386871,0.0,478.9136140323244,66.75780755188316
334,-1.8352100849151611,-518.0531629836187,0.5866143703460693,0.0,0.3296126127243042,0.0,0.9189830422401428,0.0,1.8352100253105164,0.0,480.7488240576349,66.75780755188316
335,-1.6963133811950684,-519.7494763648137,0.3560788035392761,0.0,0.18901224434375763,0.0,1.1512223482131958,0.0,1.6963133960962296,0.0,482.44513745373115,66.75780755188316
336,0.062278009951114655,-519.6871983548626,0.35421058535575867,0.0,0.18733283877372742,0.0,0.42208048701286316,0.0,0.9636239111423492,0.0,483.4087613648735,66.75780755188316
337,0.06439682841300964,-519.6228015264496,0.3527388870716095,0.0,0.18591776490211487,0.0,0.41900184750556946,0.0,0.9576584994792938,0.0,484.3664198643528,66.75780755188316
338,0.06613082438707352,-519.5566707020625,0.3514370918273926,0.0,0.18461598455905914,0.0,0.4166029393672943,0.0,0.952656015753746,0.0,485.31907588010654,66.75780755188316
339,0.06442268192768097,-519.4922480201349,0.35007867217063904,0.0,0.1873515099287033,0.0,0.4188297688961029,0.0,0.9562599509954453,0.0,486.275335831102,66.75780755188316
340,-0.37310826778411865,-519.865356287919,1.412024736404419,0.0,0.20223666727542877,0.0,0.4351603388786316,0.0,2.0494217425584793,0.0,488.32475757366046,66.75780755188316
341,0.016115866601467133,-519.8492404213175,0.3450120687484741,0.0,0.23087537288665771,0.0,0.49980950355529785,0.0,1.0756969451904297,0.0,489.4004545188509,66.75780755188316
342,-0.04534986615180969,-519.8945902874693,0.3177548944950104,0.0,0.3112351894378662,0.0,0.5997075438499451,0.0,1.2286976277828217,0.0,490.6291521466337,66.75780755188316
343,-2.263261556625366,-522.1578518440947,0.10978207737207413,0.0,0.3084142208099365,0.0,1.8450653553009033,0.0,2.263261653482914,0.0,492.8924138001166,66.75780755188316
344,-6.996567249298096,-529.1544190933928,0.6695746779441833,0.0,5.495122909545898,0.0,0.8318696022033691,0.0,6.996567189693451,0.0,499.8889809898101,66.75780755188316
345,-2.432192325592041,-531.5866114189848,0.0,0.6655519604682922,2.057987689971924,0.0,0.3742046356201172,0.0,1.7666403651237488,0.0,501.6556213549338,66.75780755188316
346,-0.5138040781021118,-532.1004154970869,0.0,0.8632915019989014,0.5138040781021118,0.0,0.0,0.06333417445421219,0.0,0.41282159835100174,501.6556213549338,67.17062915023416
347,-1.0557242631912231,-533.1561397602782,0.0,0.017595546320080757,1.0557242631912231,0.0,0.0,0.3135860860347748,0.7245426308363676,0.0,502.3801639857702,67.17062915023416
348,-2.775691509246826,-535.931831269525,2.775691509246826,0.0,0.0,0.09674092382192612,0.0,0.534771740436554,2.144178844988346,0.0,504.52434283075854,67.17062915023416
349,0.0,-535.931831269525,0.0,0.9937737584114075,0.0,0.22610235214233398,0.0,0.5127618908882141,0.0,1.7326380014419556,504.52434283075854,68.90326715167612
350,0.0,-535.931831269525,0.0,0.017329879105091095,0.0,0.053811050951480865,0.0,0.6792684197425842,0.0,0.7504093497991562,504.52434283075854,69.65367650147527
351,0.0,-535.931831269525,0.0,0.709416389465332,0.0,0.12786495685577393,0.0,0.4618973135948181,0.0,1.299178659915924,504.52434283075854,70.9528551613912
352,-0.12115172296762466,-536.0529829924926,0.0,0.4791879653930664,0.0,0.14430344104766846,0.12115172296762466,0.0,0.0,0.5023396834731102,504.52434283075854,71.45519484486431
353,-2.914592742919922,-538.9675757354125,0.2707022428512573,0.0,0.0,0.006549097131937742,1.4807568788528442,0.0,1.7449100245721638,0.0,506.2692528553307,71.45519484486431
354,-0.061812371015548706,-539.0293881064281,0.0,0.06991128623485565,0.1490902453660965,0.0,0.09047994762659073,0.0,0.16965890675783157,0.0,506.43891176208854,71.45519484486431
355,-1.334962248802185,-540.3643503552303,0.0,0.847808301448822,0.21800805628299713,0.0,0.562617301940918,0.0,0.0,0.06718294322490692,506.43891176208854,71.52237778808922
356,-4.294394016265869,-544.6587443714961,0.5832955837249756,0.0,0.36468249559402466,0.0,1.3109619617462158,0.0,2.258940041065216,0.0,508.69785180315375,71.52237778808922
357,-6.854814052581787,-551.5135584240779,2.3349251747131348,0.0,0.3876185119152069,0.0,0.8165318369865417,0.0,3.5390755236148834,0.0,512.2369273267686,71.52237778808922
358,-1.3243088722229004,-552.8378672963008,0.4215100109577179,0.0,0.19325745105743408,0.0,0.7095414996147156,0.0,1.3243089616298676,0.0,513.5612362883985,71.52237778808922
359,-3.03863525390625,-555.8765025502071,0.3560788035392761,0.0,0.18901224434375763,0.0,2.493544101715088,0.0,3.0386351495981216,0.0,516.5998714379966,71.52237778808922
360,0.06042686849832535,-555.8160756817088,0.35421058535575867,0.0,0.18733283877372742,0.0,0.42208048701286316,0.0,0.9636239111423492,0.0,517.563495349139,71.52237778808922
361,0.0153089240193367,-555.8007667576894,0.3527388870716095,0.0,0.3040156662464142,0.0,0.41900184750556946,0.0,1.0757564008235931,0.0,518.6392517499626,71.52237778808922
362,0.05775446444749832,-555.7430122932419,0.3514370918273926,0.0,0.18461598455905914,0.0,0.451788067817688,0.0,0.9878411442041397,0.0,519.6270928941667,71.52237778808922
363,0.0710759162902832,-555.6719363769516,0.35007867217063904,0.0,0.1873515099287033,0.0,0.4127627909183502,0.0,0.9501929730176926,0.0,520.5772858671844,71.52237778808922
364,0.06316103041172028,-555.6087753465399,0.3357362449169159,0.0,0.18670983612537384,0.0,0.46035560965538025,0.0,0.98280169069767,0.0,521.5600875578821,71.52237778808922
365,0.026837922632694244,-555.5819374239072,0.3468944728374481,0.0,0.238742396235466,0.0,0.4682771861553192,0.0,1.0539140552282333,0.0,522.6140016131103,71.52237778808922
366,0.00036610662937164307,-555.5815713172778,0.34379640221595764,0.0,0.310851514339447,0.0,0.4647727310657501,0.0,1.1194206476211548,0.0,523.7334222607315,71.52237778808922
367,-2.5528438091278076,-558.1344151264057,1.8698327541351318,0.0,0.3233182430267334,0.0,0.35969290137290955,0.0,2.552843898534775,0.0,526.2862661592662,71.52237778808922
368,-0.7520660758018494,-558.8864812022075,0.0,0.1338678002357483,0.3272620737552643,0.0,0.4248040020465851,0.0,0.6181982755661011,0.0,526.9044644348323,71.52237778808922
369,-0.969925045967102,-559.8564062481746,0.14678244292736053,0.0,0.4287547767162323,0.0,0.394387811422348,0.0,0.9699250310659409,0.0,527.8743894658983,71.52237778808922
370,-0.30497223138809204,-560.1613784795627,0.0,0.4364974796772003,0.16585689783096313,0.0,0.1391153484582901,0.0,0.0,0.13152523338794708,527.8743894658983,71.65390302147716
371,-0.08802881836891174,-560.2494072979316,0.0,0.9015220999717712,0.08802881836891174,0.0,0.0,0.004361285828053951,0.0,0.8178545674309134,527.8743894658983,72.47175758890808
372,-2.822772264480591,-563.0721795624122,2.5415303707122803,0.0,0.0912403091788292,0.0,0.19000139832496643,0.0,2.822772078216076,0.0,530.6971615441144,72.47175758890808
373,0.0,-563.0721795624122,0.0,0.9138545989990234,0.0,0.043571170419454575,0.0,0.39401775598526,0.0,1.351443525403738,530.6971615441144,73.82320111431181
374,-0.980654776096344,-564.0528343385085,0.0,0.6446906328201294,0.980654776096344,0.0,0.0,0.2543701231479645,0.08159402012825012,0.0,530.7787555642426,73.82320111431181
375,0.0,-564.0528343385085,0.0,0.6583986282348633,0.0,0.39924514293670654,0.0,0.11020905524492264,0.0,1.1678528264164925,530.7787555642426,74.9910539407283
376,-3.0919508934020996,-567.1447852319106,2.581608533859253,0.0,0.0,0.5827034711837769,0.5103422403335571,0.0,2.509247303009033,0.0,533.2880028672516,74.9910539407283
377,-3.3903536796569824,-570.5351389115676,1.5050020217895508,0.0,0.1171945109963417,0.0,0.1846233606338501,0.0,1.8068198934197426,0.0,535.0948227606714,74.9910539407283
378,-3.563493490219116,-574.0986324017867,0.8175526261329651,0.0,0.2798459529876709,0.0,0.7959249019622803,0.0,1.8933234810829163,0.0,536.9881462417543,74.9910539407283
379,-5.400800704956055,-579.4994331067428,0.9985082149505615,0.0,0.3572947680950165,0.0,1.4561080932617188,0.0,2.8119110763072968,0.0,539.8000573180616,74.9910539407283
380,-7.129405498504639,-586.6288386052474,1.52295982837677,0.0,0.36468249559402466,0.0,1.7885050773620605,0.0,3.6761474013328552,0.0,543.4762047193944,74.9910539407283
381,-5.480382919311523,-592.109221524559,0.9929230809211731,0.0,0.6686283349990845,0.0,1.1900190114974976,0.0,2.851570427417755,0.0,546.3277751468122,74.9910539407283
382,-1.3853249549865723,-593.4945464795455,0.48252609372138977,0.0,0.19325745105743408,0.0,0.7095414996147156,0.0,1.3853250443935394,0.0,547.7131001912057,74.9910539407283
383,-0.9718362092971802,-594.4663826888427,0.3560788035392761,0.0,0.18901224434375763,0.0,0.4267451763153076,0.0,0.9718362241983414,0.0,548.6849364154041,74.9910539407283
384,0.05927709490060806,-594.4071055939421,0.35421058535575867,0.0,0.18733283877372742,0.0,0.42208048701286316,0.0,0.9636239111423492,0.0,549.6485603265464,74.9910539407283
385,0.06140117347240448,-594.3457044204697,0.3527388870716095,0.0,0.18591776490211487,0.0,0.41900184750556946,0.0,0.9576584994792938,0.0,550.6062188260257,74.9910539407283
386,0.06314044445753098,-594.2825639760122,0.3514370918273926,0.0,0.18461598455905914,0.0,0.4166029393672943,0.0,0.952656015753746,0.0,551.5588748417795,74.9910539407283
387,0.06143748760223389,-594.2211264884099,0.35007867217063904,0.0,0.1873515099287033,0.0,0.4188297688961029,0.0,0.9562599509954453,0.0,552.5151347927749,74.9910539407283
388,-0.01509946584701538,-594.236225954257,0.34860697388648987,0.0,0.36318257451057434,0.0,0.4351603388786316,0.0,1.1469498872756958,0.0,553.6620846800506,74.9910539407283
389,-0.0026886984705924988,-594.2389146527275,0.3487769067287445,0.0,0.238742396235466,0.0,0.5277521014213562,0.0,1.1152714043855667,0.0,554.7773560844362,74.9910539407283
390,-0.062522754073143,-594.3014374068007,0.3043539226055145,0.0,0.23969706892967224,0.0,0.7201549410820007,0.0,1.2642059326171875,0.0,556.0415620170534,74.9910539407283
391,-2.0875244140625,-596.3889618208632,0.12697218358516693,0.0,0.5816044211387634,0.0,1.3789477348327637,0.0,2.087524339556694,0.0,558.1290863566101,74.9910539407283
392,-1.5022823810577393,-597.8912442019209,0.25774627923965454,0.0,0.35324275493621826,0.0,0.8912932872772217,0.0,1.5022823214530945,0.0,559.6313686780632,74.9910539407283
393,-1.2966697216033936,-599.1879139235243,0.0,0.27717259526252747,0.43479281663894653,0.0,0.8618768453598022,0.0,1.0194970667362213,0.0,560.6508657447994,74.9910539407283
394,-1.5600091218948364,-600.7479230454192,0.0,0.5358102321624756,0.2749073803424835,0.0,1.2851017713546753,0.0,1.0241989195346832,0.0,561.6750646643341,74.9910539407283
395,-0.7341311573982239,-601.4820542028174,0.0,0.35644495487213135,0.21664835512638092,0.0,0.5174828171730042,0.0,0.3776862174272537,0.0,562.0527508817613,74.9910539407283
396,-7.278345108032227,-608.7603993108496,5.3932013511657715,0.0,0.28628888726234436,0.0,1.5988551378250122,0.0,7.278345376253128,0.0,569.3310962580144,74.9910539407283
397,-1.8252884149551392,-610.5856877258047,0.0,0.06488997489213943,1.6742504835128784,0.0,0.15103794634342194,0.0,1.760398454964161,0.0,571.0914947129786,74.9910539407283
398,-1.4681789875030518,-612.0538667133078,0.0,0.3616254925727844,1.4681789875030518,0.0,0.0,0.04360410198569298,1.0629493929445744,0.0,572.1544441059232,74.9910539407283
399,-1.2433228492736816,-613.2971895625815,0.6481359601020813,0.0,0.5000959634780884,0.0,0.09509092569351196,0.0,1.2433228492736816,0.0,573.3977669551969,74.9910539407283
400,-0.9488418102264404,-614.2460313728079,0.9426003694534302,0.0,0.0,0.7439573407173157,0.0062414673157036304,0.0,0.20488449605181813,0.0,573.6026514512487,74.9910539407283
401,-1.2237424850463867,-615.4697738578543,0.20092672109603882,0.0,0.0,0.576718807220459,0.574370265007019,0.0,0.19857817888259888,0.0,573.8012296301313,74.9910539407283
402,-2.4721508026123047,-617.9419246604666,0.5019849538803101,0.0,0.0,0.40532636642456055,0.8558346629142761,0.0,0.9524932503700256,0.0,574.7537228805013,74.9910539407283
403,-4.064368724822998,-622.0062933852896,0.8840000033378601,0.0,0.28364479541778564,0.0,0.9766800999641418,0.0,2.1443248987197876,0.0,576.8980477792211,74.9910539407283
404,-4.127105712890625,-626.1333990981802,0.9750229120254517,0.0,0.20169100165367126,0.0,0.9989123344421387,0.0,2.1756262481212616,0.0,579.0736740273423,74.9910539407283
405,-4.543323516845703,-630.6767226150259,0.5447744131088257,0.0,0.784104585647583,0.0,1.0547893047332764,0.0,2.383668303489685,0.0,581.457342330832,74.9910539407283
406,-1.8265050649642944,-632.5032276799902,0.48252609372138977,0.0,0.19325745105743408,0.0,1.150721549987793,0.0,1.8265050947666168,0.0,583.2838474255987,74.9910539407283
407,-0.9907427430152893,-633.4939704230055,0.37498530745506287,0.0,0.18901224434375763,0.0,0.4267451763153076,0.0,0.9907427281141281,0.0,584.2745901537128,74.9910539407283
408,-0.12905186414718628,-633.6230222871527,0.3568393290042877,0.0,0.18733283877372742,0.0,0.8965155482292175,0.0,1.4406877160072327,0.0,585.71527786972,74.9910539407283
409,0.066957488656044,-633.5560647984967,0.34507817029953003,0.0,0.18591776490211487,0.0,0.41900184750556946,0.0,0.9499977827072144,0.0,586.6652756524272,74.9910539407283
410,0.07069524377584457,-633.4853695547208,0.33876895904541016,0.0,0.18461598455905914,0.0,0.4166029393672943,0.0,0.9399878829717636,0.0,587.605263535399,74.9910539407283
411,0.06392057240009308,-633.4214489823207,0.35007867217063904,0.0,0.1873515099287033,0.0,0.4188297688961029,0.0,0.9562599509954453,0.0,588.5615234863944,74.9910539407283
412,0.051757507026195526,-633.3696914752945,0.34860697388648987,0.0,0.20223666727542877,0.0,0.4351603388786316,0.0,0.9860039800405502,0.0,589.547527466435,74.9910539407283
413,-1.0593374967575073,-634.429028972052,3.0323939323425293,0.0,0.23087537288665771,0.0,0.49980950355529785,0.0,3.763078808784485,0.0,593.3106062752195,74.9910539407283
414,-0.8117067813873291,-635.2407357534394,0.9674842953681946,0.0,1.4486638307571411,0.0,0.7271917462348938,0.0,3.1433398723602295,0.0,596.4539461475797,74.9910539407283
415,-1.1755800247192383,-636.4163157781586,0.14348824322223663,0.0,0.32526645064353943,0.0,0.7068252563476562,0.0,1.1755799502134323,0.0,597.6295260977931,74.9910539407283
416,-0.6840652823448181,-637.1003810605034,0.0,0.09780334681272507,0.36970365047454834,0.0,0.3143616318702698,0.0,0.586261935532093,0.0,598.2157880333252,74.9910539407283
417,-1.8017210960388184,-638.9021021565422,0.0,0.31128326058387756,1.5204825401306152,0.0,0.2812385559082031,0.0,1.4904378354549408,0.0,599.7062258687802,74.9910539407283
418,-1.3793599605560303,-640.2814621170983,0.04975424334406853,0.0,0.39061325788497925,0.0,0.938992440700531,0.0,1.3793599419295788,0.0,601.0855858107097,74.9910539407283
419,-0.35185369849205017,-640.6333158155903,0.0,0.6721080541610718,0.22569754719734192,0.0,0.12615615129470825,0.0,0.0,0.3202543556690216,601.0855858107097,75.31130829639733
420,-0.8061240315437317,-641.439439847134,0.0,0.5201259255409241,0.8061240315437317,0.0,0.0,0.32587698101997375,0.0,0.03987887501716614,601.0855858107097,75.3511871714145
421,-3.2430760860443115,-644.6825159331784,3.225623846054077,0.0,0.017452159896492958,0.0,0.0,0.39251062273979187,2.8505653832107782,0.0,603.9361511939205,75.3511871714145
422,-0.018596366047859192,-644.7011122992262,0.0,0.7522566914558411,0.018596366047859192,0.0,0.0,0.3343563377857208,0.0,1.0680166631937027,603.9361511939205,76.4192038346082
423,-0.08419080823659897,-644.7853031074628,0.0,0.5776183605194092,0.08419080823659897,0.0,0.0,0.2285773903131485,0.0,0.7220049425959587,603.9361511939205,77.14120877720416
424,-0.19494475424289703,-644.9802478617057,0.0,0.12970088422298431,0.19494475424289703,0.0,0.0,0.11474152654409409,0.0,0.049497656524181366,603.9361511939205,77.19070643372834
425,-3.420977830886841,-648.4012256925926,0.980194091796875,0.0,0.06991371512413025,0.0,0.8218294382095337,0.0,1.871937245130539,0.0,605.8080884390511,77.19070643372834
426,-5.305717468261719,-653.7069431608543,1.9079937934875488,0.0,0.29136690497398376,0.0,0.6887856721878052,0.0,2.8881463706493378,0.0,608.6962348097004,77.19070643372834
427,-2.9513297080993652,-656.6582728689536,0.5221091508865356,0.0,0.3575150668621063,0.0,0.7393962144851685,0.0,1.6190204322338104,0.0,610.3152552419342,77.19070643372834
428,-3.0710434913635254,-659.7293163603172,0.6068983674049377,0.0,0.48174363374710083,0.0,0.5598109364509583,0.0,1.6484529376029968,0.0,611.9637081795372,77.19070643372834
429,-8.470390319824219,-668.1997066801414,3.152406930923462,0.0,0.3876185119152069,0.0,0.8074994683265686,0.0,4.347524911165237,0.0,616.3112330907024,77.19070643372834
430,-1.1727807521820068,-669.3724874323234,0.5435421466827393,0.0,0.19325745105743408,0.0,0.4359810948371887,0.0,1.172780692577362,0.0,617.4840137832798,77.19070643372834
431,-1.2279577255249023,-670.6004451578483,0.37498530745506287,0.0,0.18901224434375763,0.0,0.6639602184295654,0.0,1.227957770228386,0.0,618.7119715535082,77.19070643372834
432,0.06306270509958267,-670.5373824527487,0.35421058535575867,0.0,0.18733283877372742,0.0,0.42208048701286316,0.0,0.9636239111423492,0.0,619.6755954646505,77.19070643372834
433,0.0651806890964508,-670.4722017636523,0.3527388870716095,0.0,0.18591776490211487,0.0,0.4190019369125366,0.0,0.957658588886261,0.0,620.6332540535368,77.19070643372834
434,0.06691392511129379,-670.405287838541,0.3514370918273926,0.0,0.18461598455905914,0.0,0.4166030287742615,0.0,0.9526561051607132,0.0,621.5859101586975,77.19070643372834
435,-0.28844812512397766,-670.693735963665,1.2342115640640259,0.0,0.1873515099287033,0.0,0.4188297688961029,0.0,1.840392842888832,0.0,623.4263030015863,77.19070643372834
436,0.00280752032995224,-670.690928443335,0.5727511644363403,0.0,0.20223674178123474,0.0,0.4351605176925659,0.0,1.210148423910141,0.0,624.6364514254965,77.19070643372834
437,0.09415283799171448,-670.5967756053433,0.15219266712665558,0.0,0.23087550699710846,0.0,0.49980950355529785,0.0,0.8828776776790619,0.0,625.5193291031756,77.19070643372834
438,-0.5105091333389282,-671.1072847386822,0.3447021245956421,0.0,0.26002979278564453,0.0,1.789135217666626,0.0,2.3938671350479126,0.0,627.9131962382235,77.19070643372834
439,-7.204122543334961,-678.3114072820172,0.216424360871315,0.0,6.503270149230957,0.0,0.48442813754081726,0.0,7.204122647643089,0.0,635.1173188858666,77.19070643372834
440,-2.5417733192443848,-680.8531806012616,0.3642098307609558,0.0,1.3781979084014893,0.0,0.7993655204772949,0.0,2.54177325963974,0.0,637.6590921455063,77.19070643372834
441,-3.094675064086914,-683.9478556653485,0.9722576141357422,0.0,1.4065701961517334,0.0,0.7158471941947937,0.0,3.0946750044822693,0.0,640.7537671499886,77.19070643372834
442,-3.5505213737487793,-687.4983770390972,2.897432804107666,0.0,0.38516879081726074,0.0,0.267919659614563,0.0,3.5505212545394897,0.0,644.304288404528,77.19070643372834
443,-0.5773431658744812,-688.0757202049717,0.0,0.060081109404563904,0.30769190192222595,0.0,0.26965126395225525,0.0,0.5172620564699173,0.0,644.821550460998,77.19070643372834
444,-1.3647470474243164,-689.440467252396,0.0,0.6184281706809998,0.6301204562187195,0.0,0.7346265316009521,0.0,0.7463188171386719,0.0,645.5678692781366,77.19070643372834
445,-2.4641811847686768,-691.9046484371647,0.0,2.1070919036865234,2.031580924987793,0.0,0.4326002895832062,0.0,0.3570893108844757,0.0,645.9249585890211,77.19070643372834
446,-6.626001358032227,-698.530649795197,0.4692121148109436,0.0,5.668200492858887,0.0,0.488588809967041,0.0,6.626001417636871,0.0,652.550960006658,77.19070643372834
447,-0.8036868572235107,-699.3343366524205,0.1317143589258194,0.0,0.3180221915245056,0.0,0.3539503514766693,0.0,0.8036869019269943,0.0,653.354646908585,77.19070643372834
448,-0.7067337036132812,-700.0410703560337,0.18129943311214447,0.0,0.27478674054145813,0.0,0.25064757466316223,0.0,0.7067337483167648,0.0,654.0613806569017,77.19070643372834
449,-1.77890944480896,-701.8199798008427,0.41424134373664856,0.0,0.20186926424503326,0.0,0.3855234682559967,0.0,1.0016340762376785,0.0,655.0630147331394,77.19070643372834
450,-3.6044180393218994,-705.4243978401646,0.7868563532829285,0.0,0.21277660131454468,0.0,0.914688229560852,0.0,1.9143211841583252,0.0,656.9773359172978,77.19070643372834
451,-5.052254676818848,-710.4766525169834,1.6971979141235352,0.0,0.21762558817863464,0.0,0.7233487367630005,0.0,2.6381722390651703,0.0,659.6155081563629,77.19070643372834
452,-5.288246154785156,-715.7648986717686,1.0530593395233154,0.0,0.36468249559402466,0.0,1.3383591175079346,0.0,2.7561009526252747,0.0,662.3716091089882,77.19070643372834
453,-4.551318168640137,-720.3162168404087,0.856479287147522,0.0,0.3876185119152069,0.0,1.1434723138809204,0.0,2.3875701129436493,0.0,664.7591792219318,77.19070643372834
454,-1.508088231086731,-721.8243050714955,0.6426564455032349,0.0,0.19325745105743408,0.0,0.672174334526062,0.0,1.508088231086731,0.0,666.2672674530186,77.19070643372834
455,-1.429183006286621,-723.2534880777821,0.577232837677002,0.0,0.18901224434375763,0.0,0.6629379987716675,0.0,1.429183080792427,0.0,667.696450533811,77.19070643372834
456,-0.2672773003578186,-723.5207653781399,0.35421058535575867,0.0,0.30339986085891724,0.0,1.1276911497116089,0.0,1.7853015959262848,0.0,669.4817521297373,77.19070643372834
457,-0.4709588289260864,-723.991724207066,1.4537259340286255,0.0,0.18591776490211487,0.0,0.6541962623596191,0.0,2.2938399612903595,0.0,671.7755920910276,77.19070643372834
458,0.06524894386529922,-723.9264752632007,0.3514370918273926,0.0,0.18461598455905914,0.0,0.4166029393672943,0.0,0.952656015753746,0.0,672.7282481067814,77.19070643372834
459,0.0635419487953186,-723.8629333144054,0.35007867217063904,0.0,0.1873515099287033,0.0,0.4188297688961029,0.0,0.9562599509954453,0.0,673.6845080577768,77.19070643372834
460,-0.25100529193878174,-724.1139386063442,1.1220662593841553,0.0,0.20223666727542877,0.0,0.4176623523235321,0.0,1.7419652789831161,0.0,675.42647333676,77.19070643372834
461,-0.8339205980300903,-724.9478592043743,1.6235941648483276,0.0,0.23087537288665771,0.0,1.3959107398986816,0.0,3.250380277633667,0.0,678.6768536143936,77.19070643372834
462,-0.016732819378376007,-724.9645920237526,0.30146777629852295,0.0,0.24932989478111267,0.0,0.6052549481391907,0.0,1.1560526192188263,0.0,679.8329062336124,77.19070643372834
463,-2.3086681365966797,-727.2732601603493,1.5842210054397583,0.0,0.27039510011672974,0.0,0.4540519118309021,0.0,2.30866801738739,0.0,682.1415742509998,77.19070643372834
464,-1.842865228652954,-729.1161253890023,0.8859472870826721,0.0,0.3925790786743164,0.0,0.5643388628959656,0.0,1.842865228652954,0.0,683.9844394796528,77.19070643372834
465,-1.0286402702331543,-730.1447656592354,0.05449323728680611,0.0,0.459551602602005,0.0,0.5145954489707947,0.0,1.0286402888596058,0.0,685.0130797685124,77.19070643372834
466,-0.6319128274917603,-730.7766784867272,0.0,0.45377644896507263,0.324137419462204,0.0,0.3077753782272339,0.0,0.17813634872436523,0.0,685.1912161172368,77.19070643372834
467,-2.4985525608062744,-733.2752310475335,0.23423513770103455,0.0,1.9468432664871216,0.0,0.3174741268157959,0.0,2.498552531003952,0.0,687.6897686482407,77.19070643372834
468,-3.6274805068969727,-736.9027115544304,1.078643560409546,0.0,1.8432271480560303,0.0,0.705609917640686,0.0,3.627480626106262,0.0,691.317249274347,77.19070643372834
469,-1.3783726692199707,-738.2810842236504,1.0060527324676514,0.0,0.09319945424795151,0.0,0.27912041544914246,0.0,1.3783726021647453,0.0,692.6956218765117,77.19070643372834
470,-0.379692405462265,-738.6607766291127,0.0,0.15874867141246796,0.048087555915117264,0.0,0.33160483837127686,0.0,0.22094372287392616,0.0,692.9165655993856,77.19070643372834
471,-0.21591363847255707,-738.8766902675852,0.0,1.2518054246902466,0.21591363847255707,0.0,0.0,0.9192422032356262,0.0,1.9551339894533157,692.9165655993856,79.14584042318165
472,-0.7647970914840698,-739.6414873590693,0.0,1.0497395992279053,0.4438036382198334,0.0,0.32099348306655884,0.0,0.0,0.28494247794151306,692.9165655993856,79.43078290112317
473,-5.902983665466309,-745.5444710245356,1.424831509590149,0.0,0.1300397366285324,0.0,1.5250279903411865,0.0,3.079899236559868,0.0,695.9964648359455,79.43078290112317
474,-2.7837183475494385,-748.328189372085,0.34988951683044434,0.0,0.4899592995643616,0.0,0.6645874381065369,0.0,1.5044362545013428,0.0,697.5009010904469,79.43078290112317
475,-4.06866455078125,-752.3968539228663,0.8125202059745789,0.0,0.3586408793926239,0.0,0.9753301739692688,0.0,2.1464912593364716,0.0,699.6473923497833,79.43078290112317
476,-5.787783622741699,-758.184637545608,0.7490856647491455,0.0,0.48074960708618164,0.0,1.7761483192443848,0.0,3.005983591079712,0.0,702.653375940863,79.43078290112317
477,-9.517379760742188,-767.7020173063502,1.5551320314407349,0.0,0.3876185119152069,0.0,2.927964210510254,0.0,4.870714753866196,0.0,707.5240906947292,79.43078290112317
478,-3.197922468185425,-770.8999397745356,0.8619459867477417,0.0,0.3296126127243042,0.0,2.006363868713379,0.0,3.197922468185425,0.0,710.7220131629147,79.43078290112317
479,-3.1299304962158203,-774.0298702707514,2.2038090229034424,0.0,0.23568828403949738,0.0,0.6904333233833313,0.0,3.129930630326271,0.0,713.8519437932409,79.43078290112317
480,-0.026930399239063263,-774.0568006699905,0.5761474967002869,0.0,0.18733283877372742,0.0,0.42208048701286316,0.0,1.1855608224868774,0.0,715.0375046157278,79.43078290112317
481,0.06396323442459106,-773.9928374355659,0.3527388870716095,0.0,0.18591776490211487,0.0,0.41900184750556946,0.0,0.9576584994792938,0.0,715.9951631152071,79.43078290112317
482,0.0656973198056221,-773.9271401157603,0.3514370918273926,0.0,0.18461598455905914,0.0,0.4166029393672943,0.0,0.952656015753746,0.0,716.9478191309609,79.43078290112317
483,-0.3518993854522705,-774.2790395012125,0.35007867217063904,0.0,0.1873515099287033,0.0,1.458551287651062,0.0,1.9959814697504044,0.0,718.9438006007113,79.43078290112317
484,-0.10420862585306168,-774.3832481270656,0.7561901807785034,0.0,0.20223666727542877,0.0,0.4176623523235321,0.0,1.3760892003774643,0.0,720.3198898010887,79.43078290112317
485,0.0037525221705436707,-774.379495604895,0.3468944728374481,0.0,0.23087537288665771,0.0,0.5277521014213562,0.0,1.105521947145462,0.0,721.4254117482342,79.43078290112317
486,-0.0636250227689743,-774.443120627664,0.307799756526947,0.0,0.24158358573913574,0.0,0.7239189743995667,0.0,1.2733023166656494,0.0,722.6987140648998,79.43078290112317
487,-2.540097236633301,-776.9832178642973,0.06792356073856354,0.0,0.2113327980041504,0.0,2.260840892791748,0.0,2.540097251534462,0.0,725.2388113164343,79.43078290112317
488,-3.2572052478790283,-780.2404231121764,2.664041757583618,0.0,0.19325518608093262,0.0,0.3999083936214447,0.0,3.2572053372859955,0.0,728.4960166537203,79.43078290112317
489,-0.1738879233598709,-780.4143110355362,0.0,0.2973095178604126,0.1738879233598709,0.0,0.0,0.05673970654606819,0.0,0.18016130104660988,728.4960166537203,79.61094420216978
490,-0.08252327144145966,-780.4968343069777,0.0,0.8075668215751648,0.08252327144145966,0.0,0.0,0.1988895982503891,0.0,0.9239331483840942,728.4960166537203,80.53487735055387
491,-0.5799028277397156,-781.0767371347174,0.260994553565979,0.0,0.06481464207172394,0.0,0.25409364700317383,0.0,0.5799028426408768,0.0,729.0759194963612,80.53487735055387
492,0.0,-781.0767371347174,0.0,0.2856478989124298,0.0,0.002926396206021309,0.0,0.3471120595932007,0.0,0.6356863547116518,729.0759194963612,81.17056370526552
493,-0.19462139904499054,-781.2713585337624,0.0,0.9302628040313721,0.0,0.12848831713199615,0.19462139904499054,0.0,0.0,0.8641297221183777,729.0759194963612,82.0346934273839
494,-0.319130539894104,-781.5904890736565,0.0,0.3863500654697418,0.0,0.13238614797592163,0.319130539894104,0.0,0.0,0.19960567355155945,729.0759194963612,82.23429910093546
495,0.0,-781.5904890736565,0.0,1.42950439453125,0.0,0.07722398638725281,0.0,1.6897506713867188,0.0,3.1964790523052216,729.0759194963612,85.43077815324068
496,0.0,-781.5904890736565,0.0,1.9512196779251099,0.0,0.0744367241859436,0.0,0.2145540714263916,0.0,2.240210473537445,729.0759194963612,87.67098862677813
497,-1.6527879238128662,-783.2432769974694,0.5760022401809692,0.0,0.039968591183423996,0.0,0.3814307153224945,0.0,0.9974015466868877,0.0,730.073321043048,87.67098862677813
498,-6.563800811767578,-789.807077809237,2.015904664993286,0.0,0.8911504149436951,0.0,0.4878104031085968,0.0,3.394865483045578,0.0,733.4681865260936,87.67098862677813
499,-3.945889949798584,-793.7529677590355,1.0087615251541138,0.0,0.35601088404655457,0.0,0.7201741337776184,0.0,2.0849465429782867,0.0,735.5531330690719,87.67098862677813
500,-3.540560722351074,-797.2935284813866,0.4469718635082245,0.0,0.36468249559402466,0.0,1.0705604553222656,0.0,1.8822148144245148,0.0,737.4353478834964,87.67098862677813
501,-5.315834045410156,-802.6093625267968,1.3314045667648315,0.0,0.3876185119152069,0.0,1.050761342048645,0.0,2.7697844207286835,0.0,740.2051323042251,87.67098862677813
502,-1.5796260833740234,-804.1889886101708,0.5798031091690063,0.0,0.3296126127243042,0.0,0.6702104210853577,0.0,1.5796261429786682,0.0,741.7847584472038,87.67098862677813
503,-1.0874227285385132,-805.2764113387093,0.3560788035392761,0.0,0.30459877848625183,0.0,0.4267451763153076,0.0,1.0874227583408356,0.0,742.8721812055446,87.67098862677813
504,0.06121671944856644,-805.2151946192607,0.35421058535575867,0.0,0.18733283877372742,0.0,0.42208048701286316,0.0,0.9636239111423492,0.0,743.835805116687,87.67098862677813
505,0.01728919893503189,-805.1979054203257,0.3527388870716095,0.0,0.3010348379611969,0.0,0.41900184750556946,0.0,1.0727755725383759,0.0,744.9085806892253,87.67098862677813
506,0.05646844953298569,-805.1414369707927,0.3514370918273926,0.0,0.18461598455905914,0.0,0.4629529118537903,0.0,0.999005988240242,0.0,745.9075866774656,87.67098862677813
507,0.07840628921985626,-805.0630306815729,0.35007867217063904,0.0,0.1873515099287033,0.0,0.38663825392723083,0.0,0.9240684360265732,0.0,746.8316551134922,87.67098862677813
508,0.05851120501756668,-805.0045194765553,0.3357362449169159,0.0,0.20223666727542877,0.0,0.4351603388786316,0.0,0.9731332510709763,0.0,747.8047883645631,87.67098862677813
509,-0.6385830044746399,-805.6431024810299,1.9565691947937012,0.0,0.23087537288665771,0.0,0.5277521014213562,0.0,2.715196669101715,0.0,750.5199850336649,87.67098862677813
510,-3.264813184738159,-808.9079156657681,0.7452424764633179,0.0,0.25650840997695923,0.0,8.278350830078125,0.0,9.280101716518402,0.0,759.8000867501833,87.67098862677813
511,-2.1382384300231934,-811.0461540957913,0.158564031124115,0.0,1.4071979522705078,0.0,0.5724765062332153,0.0,2.138238489627838,0.0,761.9383252398111,87.67098862677813
512,-3.204951763153076,-814.2511058589444,1.3280867338180542,0.0,0.1838003695011139,0.0,1.69306480884552,0.0,3.204951912164688,0.0,765.1432771519758,87.67098862677813
513,-2.1582305431365967,-816.409336402081,1.3824270963668823,0.0,0.16038186848163605,0.0,0.6154215931892395,0.0,2.158230558037758,0.0,767.3015077100135,87.67098862677813
514,-0.78313809633255,-817.1924744984135,0.7755921483039856,0.0,0.007545949425548315,0.0,0.0,0.34893566370010376,0.43420243402943015,0.0,767.735710144043,87.67098862677813
515,-0.8009468913078308,-817.9934213897213,0.8004490733146667,0.0,0.0004977917997166514,0.0,0.0,0.3399659991264343,0.4609808659879491,0.0,768.1966910100309,87.67098862677813
516,0.0,-817.9934213897213,0.0,0.009848365560173988,0.0,0.13061398267745972,0.0,0.6025276184082031,0.0,0.7429899666458368,768.1966910100309,88.41397859342396
517,0.0,-817.9934213897213,0.0,1.0765588283538818,0.0,0.2484508603811264,0.0,0.5984246730804443,0.0,1.9234343618154526,768.1966910100309,90.33741295523942
518,0.0,-817.9934213897213,0.0,1.034385323524475,0.0,0.26101306080818176,0.0,0.4922844469547272,0.0,1.787682831287384,768.1966910100309,92.1250957865268
519,-0.9864484071731567,-818.9798697968945,0.0,1.3290034532546997,0.0,0.20423081517219543,0.9864484071731567,0.0,0.0,0.5467858612537384,768.1966910100309,92.67188164778054
520,0.0,-818.9798697968945,0.0,0.6096922159194946,0.0,0.19209492206573486,0.0,1.4423927068710327,0.0,2.244179844856262,768.1966910100309,94.9160614926368
521,0.4240928292274475,-818.555776967667,0.0,0.08281774073839188,0.0,0.04446747526526451,0.0,0.09290260821580887,0.0,0.22018782421946526,768.1966910100309,95.13624931685627
522,-1.0460102558135986,-819.6017872234806,0.0,0.5821499824523926,0.1383749097585678,0.0,0.5466824173927307,0.0,0.10290734469890594,0.0,768.2995983547298,95.13624931685627
523,-4.010873317718506,-823.6126605411991,0.0,0.4095328152179718,0.2188272923231125,0.0,1.8995139598846436,0.0,1.7088084369897842,0.0,770.0084067917196,95.13624931685627
524,-4.809845447540283,-828.4225059887394,1.2444607019424438,0.0,0.20169100165367126,0.0,1.0705605745315552,0.0,2.5167122781276703,0.0,772.5251190698473,95.13624931685627
525,-4.668976306915283,-833.0914822956547,0.6352933645248413,0.0,0.3876185119152069,0.0,1.4232971668243408,0.0,2.446209043264389,0.0,774.9713281131117,95.13624931685627
526,-1.4606640338897705,-834.5521463295445,0.4215100109577179,0.0,0.3296126127243042,0.0,0.7095414996147156,0.0,1.4606641232967377,0.0,776.4319922364084,95.13624931685627
527,-1.0374188423156738,-835.5895651718602,0.37498530745506287,0.0,0.23568828403949738,0.0,0.4267451763153076,0.0,1.0374187678098679,0.0,777.4694110042183,95.13624931685627
528,0.055937252938747406,-835.5336279189214,0.35421058535575867,0.0,0.19907063245773315,0.0,0.42208048701286316,0.0,0.975361704826355,0.0,778.4447727090446,95.13624931685627
529,0.06275215744972229,-835.4708757614717,0.3527388870716095,0.0,0.18591776490211487,0.0,0.41900184750556946,0.0,0.9576584994792938,0.0,779.4024312085239,95.13624931685627
530,0.06448716670274734,-835.4063885947689,0.3514370918273926,0.0,0.18461598455905914,0.0,0.4166029393672943,0.0,0.952656015753746,0.0,780.3550872242777,95.13624931685627
531,-0.02894638478755951,-835.4353349795565,0.35007867217063904,0.0,0.4166674017906189,0.0,0.4188297688961029,0.0,1.1855758428573608,0.0,781.540663067135,95.13624931685627
532,0.05061715096235275,-835.3847178285941,0.34860697388648987,0.0,0.20223666727542877,0.0,0.4351603388786316,0.0,0.9860039800405502,0.0,782.5266670471756,95.13624931685627
533,0.01296917349100113,-835.3717486551031,0.3487769067287445,0.0,0.23087537288665771,0.0,0.49980950355529785,0.0,1.0794617831707,0.0,783.6061288303463,95.13624931685627
534,-0.11677692830562592,-835.4885255834088,0.7116307616233826,0.0,0.2397024929523468,0.0,0.45183253288269043,0.0,1.4031657874584198,0.0,785.0092946178047,95.13624931685627
535,-2.268202781677246,-837.756728365086,0.10145067423582077,0.0,0.5448908805847168,0.0,1.6218613386154175,0.0,2.268202893435955,0.0,787.2774975112407,95.13624931685627
536,-2.9021546840667725,-840.6588830491528,0.0,0.33537471294403076,2.6300394535064697,0.0,0.27211520075798035,0.0,2.5667799413204193,0.0,789.8442774525611,95.13624931685627
537,-9.44430160522461,-850.1031846543774,0.6008700132369995,0.0,8.606258392333984,0.0,0.23717337846755981,0.0,9.444301784038544,0.0,799.2885792365996,95.13624931685627
538,-5.664951801300049,-855.7681364556774,5.049233436584473,0.0,0.6157182455062866,0.0,0.0,0.031604867428541183,5.633346814662218,0.0,804.9219260512618,95.13624931685627
539,0.0,-855.7681364556774,0.0,1.1445584297180176,0.0,0.033485230058431625,0.0,0.015048542991280556,0.0,1.1930922027677298,804.9219260512618,96.329341519624
540,-0.3707771599292755,-856.1389136156067,0.0,0.4473486542701721,0.0018418794497847557,0.0,0.3689352869987488,0.0,0.0,0.07657148782163858,804.9219260512618,96.40591300744563
541,-0.700514554977417,-856.8394281705841,0.0,0.8032835125923157,0.700514554977417,0.0,0.0,0.5003226399421692,0.0,0.6030915975570679,804.9219260512618,97.0090046050027
542,-2.4079270362854004,-859.2473552068695,1.5716594457626343,0.0,0.8362675905227661,0.0,0.0,0.2740533947944641,2.1338736414909363,0.0,807.0557996927528,97.0090046050027
543,-5.984971523284912,-865.2323267301545,5.1226091384887695,0.0,0.7354401350021362,0.0,0.12692202627658844,0.0,5.984971299767494,0.0,813.0407709925203,97.0090046050027
544,-0.9429534673690796,-866.1752801975235,0.0,0.15906882286071777,0.36926645040512085,0.0,0.5736870169639587,0.0,0.7838846445083618,0.0,813.8246556370286,97.0090046050027
545,-1.2842652797698975,-867.4595454772934,0.15528148412704468,0.0,0.0,0.521544337272644,0.7349848747253418,0.0,0.36872202157974243,0.0,814.1933776586084,97.0090046050027
546,-3.4519824981689453,-870.9115279754624,0.538820743560791,0.0,0.0,1.5884662866592407,1.3109209537506104,0.0,0.26127541065216064,0.0,814.4546530692605,97.0090046050027
547,-4.018939971923828,-874.9304679473862,1.247894525527954,0.0,0.24287456274032593,0.0,0.6310335397720337,0.0,2.1218026280403137,0.0,816.5764556973008,97.0090046050027
548,-4.890424728393555,-879.8208926757798,1.317481517791748,0.0,0.4793415367603302,0.0,0.7606547474861145,0.0,2.5574778020381927,0.0,819.133933499339,97.0090046050027
549,-4.541424751281738,-884.3623174270615,1.0641010999679565,0.0,0.5022775530815125,0.0,0.8165318369865417,0.0,2.3829104900360107,0.0,821.516843989375,97.0090046050027
550,-1.3243088722229004,-885.6866262992844,0.4215100109577179,0.0,0.19325745105743408,0.0,0.7095414996147156,0.0,1.3243089616298676,0.0,822.8411529510049,97.0090046050027
551,-1.0864951610565186,-886.7731214603409,0.3560788035392761,0.0,0.3036712408065796,0.0,0.4267451763153076,0.0,1.0864952206611633,0.0,823.9276481716661,97.0090046050027
552,0.06253790110349655,-886.7105835592374,0.35421058535575867,0.0,0.18733283877372742,0.0,0.42208048701286316,0.0,0.9636239111423492,0.0,824.8912720828084,97.0090046050027
553,-0.026712998747825623,-886.7372965579852,0.3527388870716095,0.0,0.41434162855148315,0.0,0.41900184750556946,0.0,1.186082363128662,0.0,826.0773544459371,97.0090046050027
554,0.07145769149065018,-886.6658388664946,0.33876895904541016,0.0,0.18461598455905914,0.0,0.4166029393672943,0.0,0.9399878829717636,0.0,827.0173423289089,97.0090046050027
555,0.06468212604522705,-886.6011567404494,0.35007867217063904,0.0,0.1873515099287033,0.0,0.4188297688961029,0.0,0.9562599509954453,0.0,827.9736022799043,97.0090046050027
556,0.052518151700496674,-886.5486385887489,0.34860697388648987,0.0,0.20223666727542877,0.0,0.4351603388786316,0.0,0.9860039800405502,0.0,828.9596062599448,97.0090046050027
557,0.0148690864443779,-886.5337695023045,0.3487769067287445,0.0,0.23087537288665771,0.0,0.49980950355529785,0.0,1.0794617831707,0.0,830.0390680431155,97.0090046050027
558,0.03383786231279373,-886.4999316399917,0.33445003628730774,0.0,0.2414994090795517,0.0,0.4554263651371002,0.0,1.0313758105039597,0.0,831.0704438536195,97.0090046050027
559,-1.3771463632583618,-887.8770780032501,0.053140122443437576,0.0,0.8090494871139526,0.0,0.5149567723274231,0.0,1.3771463818848133,0.0,832.4475902355043,97.0090046050027
560,-0.7118391990661621,-888.5889172023162,0.0,0.3397151529788971,0.24874624609947205,0.0,0.4630929231643677,0.0,0.3721240162849426,0.0,832.8197142517893,97.0090046050027
561,-0.4625716507434845,-889.0514888530597,0.0,0.7331902384757996,0.2298831045627594,0.0,0.2326885461807251,0.0,0.0,0.27061858773231506,832.8197142517893,97.27962319273502
562,-0.8974964022636414,-889.9489852553234,0.0,0.01715145632624626,0.8974964022636414,0.0,0.0,0.05302396044135094,0.8273209854960442,0.0,833.6470352372853,97.27962319273502
563,0.0,-889.9489852553234,0.0,0.25654444098472595,0.0,0.14008277654647827,0.0,0.27347901463508606,0.0,0.6701062321662903,833.6470352372853,97.9497294249013
564,-5.3562397956848145,-895.3052250510082,5.169285297393799,0.0,0.1869543045759201,0.0,0.0,0.2867759168148041,5.069463685154915,0.0,838.7164989224402,97.9497294249013
565,-2.729205369949341,-898.0344304209575,1.9370598793029785,0.0,0.7921454310417175,0.0,0.0,0.5260208249092102,2.203184485435486,0.0,840.9196834078757,97.9497294249013
566,-0.9299225211143494,-898.9643529420719,0.0,1.0548300743103027,0.9299225211143494,0.0,0.0,0.6152123808860779,0.0,0.7401199340820312,840.9196834078757,98.68984935898334
567,-0.5700541138648987,-899.5344070559368,0.0,0.7357444763183594,0.5700541138648987,0.0,0.0,0.27781617641448975,0.0,0.44350653886795044,840.9196834078757,99.13335589785129
568,-2.437464952468872,-901.9718720084056,0.0,0.2551598846912384,0.25599703192710876,0.0,2.1814680099487305,0.0,2.182305157184601,0.0,843.1019885650603,99.13335589785129
569,-1.8312922716140747,-903.8031642800197,0.9289909601211548,0.0,0.0,1.779584288597107,0.10743807256221771,0.0,0.0,0.7431552559137344,843.1019885650603,99.87651115376502
570,-4.790992736816406,-908.5941570168361,0.41911715269088745,0.0,0.9538029432296753,0.0,1.134888768196106,0.0,2.5078088641166687,0.0,845.609797429177,99.87651115376502
571,-3.6182498931884766,-912.2124069100246,0.5895199179649353,0.0,0.35659223794937134,0.0,0.9752070903778076,0.0,1.9213192462921143,0.0,847.5311166754691,99.87651115376502
572,-3.8677470684051514,-916.0801539784297,0.6107575297355652,0.0,0.36468249559402466,0.0,1.0705604553222656,0.0,2.0460004806518555,0.0,849.577117156121,99.87651115376502
573,-4.6681108474731445,-920.7482648259029,0.7614763379096985,0.0,0.19623863697052002,0.0,1.4884002208709717,0.0,2.44611519575119,0.0,852.0232323518721,99.87651115376502
574,-3.2183518409729004,-923.9666166668758,2.038153886795044,0.0,0.19325745105743408,0.0,0.986940324306488,0.0,3.218351662158966,0.0,855.2415840140311,99.87651115376502
575,-1.0905466079711914,-925.057163274847,0.37498530745506287,0.0,0.18901224434375763,0.0,0.5265489816665649,0.0,1.0905465334653854,0.0,856.3321305474965,99.87651115376502
576,0.048676349222660065,-925.0084869256243,0.3568393290042877,0.0,0.18733283877372742,0.0,0.45272377133369446,0.0,0.9968959391117096,0.0,857.3290264866082,99.87651115376502
577,0.06410399079322815,-924.9443829348311,0.3527388870716095,0.0,0.18591776490211487,0.0,0.41900184750556946,0.0,0.9576584994792938,0.0,858.2866849860875,99.87651115376502
578,0.0658380463719368,-924.8785448884591,0.3514370918273926,0.0,0.18461598455905914,0.0,0.4166029393672943,0.0,0.952656015753746,0.0,859.2393410018412,99.87651115376502
579,0.06412991881370544,-924.8144149696454,0.35007867217063904,0.0,0.1873515099287033,0.0,0.4188297688961029,0.0,0.9562599509954453,0.0,860.1956009528367,99.87651115376502
580,0.0519661083817482,-924.7624488612637,0.34860697388648987,0.0,0.20223666727542877,0.0,0.4351603388786316,0.0,0.9860039800405502,0.0,861.1816049328772,99.87651115376502
581,-1.1750664710998535,-925.9375153323635,3.3222358226776123,0.0,0.23087537288665771,0.0,0.49980950355529785,0.0,4.052920699119568,0.0,865.2345256319968,99.87651115376502
582,-0.6299395561218262,-926.5674548884854,1.3316128253936768,0.0,0.6040024757385254,0.0,0.7538245916366577,0.0,2.68943989276886,0.0,867.9239655247657,99.87651115376502
583,-2.1614956855773926,-928.7289505740628,1.1802531480789185,0.0,0.35812461376190186,0.0,0.6231178045272827,0.0,2.161495566368103,0.0,870.0854610911338,99.87651115376502
584,-0.9075264930725098,-929.6364770671353,0.0,0.07904624193906784,0.37908220291137695,0.0,0.5284442901611328,0.0,0.8284802511334419,0.0,870.9139413422672,99.87651115376502
585,-0.6262880563735962,-930.2627651235089,0.0,0.499783992767334,0.34684014320373535,0.0,0.27944788336753845,0.0,0.12650403380393982,0.0,871.0404453760711,99.87651115376502
586,-0.6683205962181091,-930.931085719727,0.31744763255119324,0.0,0.3508729636669159,0.0,0.0,0.0797029510140419,0.5886176452040672,0.0,871.6290630212752,99.87651115376502
587,-2.7022316455841064,-933.6333173653111,2.395681619644165,0.0,0.06314107030630112,0.0,0.24340885877609253,0.0,2.7022315487265587,0.0,874.3312945700018,99.87651115376502
588,-0.22953622043132782,-933.8628535857424,0.0,0.4860883951187134,0.22953622043132782,0.0,0.0,0.10673747211694717,0.0,0.36328964680433273,874.3312945700018,100.23980080056936
589,-0.04725603014230728,-933.9101096158847,0.0,0.78352952003479,0.04725603014230728,0.0,0.0,0.061767205595970154,0.0,0.7980406954884529,874.3312945700018,101.03784149605781
590,-0.26161378622055054,-934.1717234021053,0.2545910179615021,0.0,0.007022774778306484,0.0,0.0,0.046185512095689774,0.21542828064411879,0.0,874.5467228506459,101.03784149605781
591,-0.04044690728187561,-934.2121703093871,0.0,1.5183312892913818,0.04044690728187561,0.0,0.0,0.8941951394081116,0.0,2.372079521417618,874.5467228506459,103.40992101747543
592,-1.7734832763671875,-935.9856535857543,1.0143847465515137,0.0,0.0,0.06697840243577957,0.759098470211029,0.0,1.7065048143267632,0.0,876.2532276649727,103.40992101747543
593,-1.9288029670715332,-937.9144565528259,0.0,0.01365896500647068,0.026100127026438713,0.0,1.2886912822723389,0.0,1.301132444292307,0.0,877.554360109265,103.40992101747543
594,-1.776507019996643,-939.6909635728225,0.31162580847740173,0.0,0.15865206718444824,0.0,0.7658733129501343,0.0,1.2361511886119843,0.0,878.790511297877,103.40992101747543
595,-3.864060401916504,-943.555023974739,1.410972237586975,0.0,0.6226338148117065,0.0,0.1518966108560562,0.0,2.185502663254738,0.0,880.9760139611317,103.40992101747543
596,-1.487679362297058,-945.0427033370361,0.0,1.486100673675537,0.1815895140171051,0.0,0.6769041419029236,0.0,0.0,0.6276070177555084,880.9760139611317,104.03752803523093
597,-5.163204193115234,-950.2059075301513,1.4895751476287842,0.0,0.3876185119152069,0.0,0.8165318369865417,0.0,2.693725496530533,0.0,883.6697394576622,104.03752803523093
598,-2.4036529064178467,-952.6095604365692,1.5008540153503418,0.0,0.19325745105743408,0.0,0.7095414996147156,0.0,2.4036529660224915,0.0,886.0733924236847,104.03752803523093
599,-0.9718362092971802,-953.5813966458663,0.3560788035392761,0.0,0.18901224434375763,0.0,0.4267451763153076,0.0,0.9718362241983414,0.0,887.045228647883,104.03752803523093
600,0.062242291867733,-953.5191543539986,0.35421058535575867,0.0,0.18733283877372742,0.0,0.42208048701286316,0.0,0.9636239111423492,0.0,888.0088525590254,104.03752803523093
601,0.06436215341091156,-953.4547922005877,0.3527388870716095,0.0,0.18591776490211487,0.0,0.41900184750556946,0.0,0.9576584994792938,0.0,888.9665110585047,104.03752803523093
602,0.06303612142801285,-953.3917560791597,0.3514370918273926,0.0,0.18461598455905914,0.0,0.433096706867218,0.0,0.9691497832536697,0.0,889.9356608417584,104.03752803523093
603,-0.09449152648448944,-953.4862476056442,0.7576619386672974,0.0,0.1873515099287033,0.0,0.4149267077445984,0.0,1.359940156340599,0.0,891.295600998099,104.03752803523093
604,-0.34464728832244873,-953.8308948939666,1.347259283065796,0.0,0.20223666727542877,0.0,0.4351603388786316,0.0,1.9846562892198563,0.0,893.2802572873188,104.03752803523093
605,-0.22973419725894928,-954.0606290912256,0.9380737543106079,0.0,0.23087537288665771,0.0,0.5277521014213562,0.0,1.6967012286186218,0.0,894.9769585159374,104.03752803523093
606,-0.2635517120361328,-954.3241808032617,1.0610169172286987,0.0,0.2490430623292923,0.0,0.4705136716365814,0.0,1.7805736511945724,0.0,896.757532167132,104.03752803523093
607,-1.3171381950378418,-955.6413189982995,0.7594255208969116,0.0,0.21481898427009583,0.0,0.3428937792778015,0.0,1.317138284444809,0.0,898.0746704515768,104.03752803523093
608,-0.6515474915504456,-956.29286648985,0.0,0.3082650303840637,0.1623675525188446,0.0,0.48917993903160095,0.0,0.34328246116638184,0.0,898.4179529127432,104.03752803523093
609,-1.4700005054473877,-957.7628669952974,0.0,0.43036770820617676,0.19009430706501007,0.0,1.279906153678894,0.0,1.0396327525377274,0.0,899.4575856652809,104.03752803523093
610,-2.6671926975250244,-960.4300596928224,2.646469831466675,0.0,0.020722771063447,0.0,0.0,0.3225393295288086,2.344653273001313,0.0,901.8022389382822,104.03752803523093
611,0.0,-960.4300596928224,0.0,0.6533803343772888,0.0,0.06678774207830429,0.0,0.4775841534137726,0.0,1.1977522298693657,901.8022389382822,105.2352802651003
612,-0.6585640907287598,-961.0886237835512,0.3951377868652344,0.0,0.0,0.06481677293777466,0.263426274061203,0.0,0.5937472879886627,0.0,902.3959862262709,105.2352802651003
613,-0.44588279724121094,-961.5345065807924,0.0,0.7997452616691589,0.0,0.17688202857971191,0.44588279724121094,0.0,0.0,0.5307444930076599,902.3959862262709,105.76602475810796
614,-0.3024459481239319,-961.8369525289163,0.0,1.0020928382873535,0.0,0.2234072983264923,0.3024459481239319,0.0,0.0,0.9230541884899139,902.3959862262709,106.68907894659787
615,-0.6141350865364075,-962.4510876154527,0.0,0.8527839183807373,0.0,0.17444145679473877,0.6141350865364075,0.0,0.0,0.4130902886390686,902.3959862262709,107.10216923523694
616,0.0,-962.4510876154527,0.0,0.6982460021972656,0.0,0.17350901663303375,0.0,1.9092462062835693,0.0,2.7810012251138687,902.3959862262709,109.88317046035081
617,-2.5785670280456543,-965.0296546434984,0.0,1.0463985204696655,0.0,0.028112348169088364,1.52791428565979,0.0,0.45340341702103615,0.0,902.8493896432919,109.88317046035081
618,-0.042946115136146545,-965.0726007586345,0.0,0.7295346856117249,0.15145640075206757,0.0,0.0,0.12398704886436462,0.0,0.7020653337240219,902.8493896432919,110.58523579407483
619,-2.696959972381592,-967.7695607310161,0.39589884877204895,0.0,0.35753491520881653,0.0,0.7075639963150024,0.0,1.460997760295868,0.0,904.3103874035878,110.58523579407483
620,-5.415976524353027,-973.1855372553691,1.3849962949752808,0.0,0.36468249559402466,0.0,1.0705604553222656,0.0,2.820239245891571,0.0,907.1306266494794,110.58523579407483
621,-3.0923399925231934,-976.2778772478923,0.4542028605937958,0.0,0.3876185119152069,0.0,0.8165318369865417,0.0,1.6583532094955444,0.0,908.7889798589749,110.58523579407483
622,-6.057295322418213,-982.3351725703105,0.4215100109577179,0.0,4.011590003967285,0.0,1.6241950988769531,0.0,6.057295113801956,0.0,914.8462749727769,110.58523579407483
623,-1.4146983623504639,-983.749870932661,0.3560788035392761,0.0,0.30236607789993286,0.0,0.7562534809112549,0.0,1.4146983623504639,0.0,916.2609733351273,110.58523579407483
624,-0.40751999616622925,-984.1573909288272,0.35421058535575867,0.0,0.18733283877372742,0.0,1.5970796346664429,0.0,2.138623058795929,0.0,918.3995963939233,110.58523579407483
625,0.06540149450302124,-984.0919894343242,0.3527388870716095,0.0,0.18591776490211487,0.0,0.41699478030204773,0.0,0.9556514322757721,0.0,919.355247826199,110.58523579407483
626,0.07366576045751572,-984.0183236738667,0.3514370918273926,0.0,0.18461598455905914,0.0,0.39827069640159607,0.0,0.9343237727880478,0.0,920.2895715989871,110.58523579407483
627,0.07680301368236542,-983.9415206601843,0.319633424282074,0.0,0.1873515099287033,0.0,0.4188297688961029,0.0,0.9258147031068802,0.0,921.215386302094,110.58523579407483
628,0.05946046859025955,-983.8820601915941,0.34860697388648987,0.0,0.20223666727542877,0.0,0.4176623523235321,0.0,0.9685059934854507,0.0,922.1838922955794,110.58523579407483
629,-0.8462492227554321,-984.7283094143495,0.3487769067287445,0.0,0.23087537288665771,0.0,2.652463912963867,0.0,3.2321161925792694,0.0,925.4160084881587,110.58523579407483
630,-0.05376981943845749,-984.782079233788,0.34246259927749634,0.0,0.3101852238178253,0.0,0.5976065397262573,0.0,1.250254362821579,0.0,926.6662628509803,110.58523579407483
631,-1.2149262428283691,-985.9970054766163,0.376314252614975,0.0,0.3105795383453369,0.0,0.5280323624610901,0.0,1.214926153421402,0.0,927.8811890044017,110.58523579407483
632,-1.885879397392273,-987.8828848740086,0.0,0.3735126554965973,0.8363989591598511,0.0,1.0494804382324219,0.0,1.5123667418956757,0.0,929.3935557462974,110.58523579407483
633,-0.996406078338623,-988.8792909523472,0.0,0.7127744555473328,0.2489672154188156,0.0,0.7474388480186462,0.0,0.2836316078901291,0.0,929.6771873541875,110.58523579407483
634,-0.08837559819221497,-988.9676665505394,0.0,0.9987523555755615,0.08837559819221497,0.0,0.0,0.3774714171886444,0.0,1.287848174571991,929.6771873541875,111.87308396864682
635,-0.28348949551582336,-989.2511560460553,0.0,1.1642440557479858,0.28348949551582336,0.0,0.0,0.5730229616165161,0.0,1.4537775218486786,929.6771873541875,113.3268614904955
636,-2.5787250995635986,-991.8298811456189,2.5787250995635986,0.0,0.0,0.14796914160251617,0.0,0.40855467319488525,2.022201284766197,0.0,931.6993886389537,113.3268614904955
637,0.0,-991.8298811456189,0.0,0.5347468852996826,0.0,0.2794126868247986,0.0,0.7404254078865051,0.0,1.5545849800109863,931.6993886389537,114.88144647050649
638,0.0,-991.8298811456189,0.0,0.6544660329818726,0.0,0.30119621753692627,0.0,0.5687969326972961,0.0,1.524459183216095,931.6993886389537,116.40590565372258
639,0.0,-991.8298811456189,0.0,0.6960173845291138,0.0,0.22867107391357422,0.0,0.8964722156524658,0.0,1.8211606740951538,931.6993886389537,118.22706632781774
640,-0.41230589151382446,-992.2421870371327,0.41230589151382446,0.0,0.0,0.20805951952934265,0.0,0.4844326078891754,0.0,0.2801862359046936,931.6993886389537,118.50725256372243
641,0.037096329033374786,-992.2050907080993,0.17171388864517212,0.0,0.0,0.05981559306383133,0.0645102709531784,0.0,0.1764085665345192,0.0,931.8757972054882,118.50725256372243
642,-3.8101038932800293,-996.0151946013793,0.0,0.8447362184524536,1.340235710144043,0.0,0.7599798440933228,0.0,1.255479335784912,0.0,933.1312765412731,118.50725256372243
643,-17.105243682861328,-1013.1204382842407,0.0,0.9787241220474243,0.1992843747138977,0.0,8.467048645019531,0.0,7.687608897686005,0.0,940.8188854389591,118.50725256372243
644,-4.643308639526367,-1017.763746923767,0.8382890820503235,0.0,0.34510859847068787,0.0,1.2504595518112183,0.0,2.4338572323322296,0.0,943.2527426712913,118.50725256372243
645,-11.19654655456543,-1028.9602934783325,4.132765769958496,0.0,0.3876185119152069,0.0,1.1900190114974976,0.0,5.710403293371201,0.0,948.9631459646625,118.50725256372243
646,-1.5736063718795776,-1030.533899850212,0.4215100109577179,0.0,0.44255486130714417,0.0,0.7095414996147156,0.0,1.5736063718795776,0.0,950.5367523365421,118.50725256372243
647,-1.1183160543441772,-1031.6522159045562,0.3560788035392761,0.0,0.23568828403949738,0.0,0.5265489816665649,0.0,1.1183160692453384,0.0,951.6550684057875,118.50725256372243
648,0.004995532333850861,-1031.6472203722224,0.35421058535575867,0.0,0.2998753786087036,0.0,0.45272377133369446,0.0,1.1068097352981567,0.0,952.7618781410856,118.50725256372243
649,0.06438970565795898,-1031.5828306665644,0.3527388870716095,0.0,0.18591776490211487,0.0,0.41900184750556946,0.0,0.9576584994792938,0.0,953.7195366405649,118.50725256372243
650,0.0661248192191124,-1031.5167058473453,0.3514370918273926,0.0,0.18461598455905914,0.0,0.4166029393672943,0.0,0.952656015753746,0.0,954.6721926563187,118.50725256372243
651,0.06441770493984222,-1031.4522881424055,0.35007867217063904,0.0,0.1873515099287033,0.0,0.4188297688961029,0.0,0.9562599509954453,0.0,955.6284526073141,118.50725256372243
652,0.05225493758916855,-1031.4000332048163,0.34860697388648987,0.0,0.20223666727542877,0.0,0.4351603388786316,0.0,0.9860039800405502,0.0,956.6144565873547,118.50725256372243
653,-0.40823885798454285,-1031.8082720628008,1.3677350282669067,0.0,0.23087537288665771,0.0,0.5820475816726685,0.0,2.180657982826233,0.0,958.7951145701809,118.50725256372243
654,-1.0287611484527588,-1032.8370332112536,2.7056221961975098,0.0,0.24639129638671875,0.0,0.7445670366287231,0.0,3.6965805292129517,0.0,962.4916950993938,118.50725256372243
655,-2.588465690612793,-1035.4254989018664,1.1488146781921387,0.0,0.21834653615951538,0.0,1.2213042974472046,0.0,2.5884655117988586,0.0,965.0801606111927,118.50725256372243
656,-5.1799468994140625,-1040.6054458012804,0.0,0.3660627603530884,0.500586211681366,0.0,4.679360866546631,0.0,4.8138843178749084,0.0,969.8940449290676,118.50725256372243
657,-6.521848201751709,-1047.1272940030321,0.0,0.7472609877586365,0.160408154129982,0.0,6.361440181732178,0.0,5.774587348103523,0.0,975.6686322771711,118.50725256372243
658,-0.9107811450958252,-1048.038075148128,0.0,0.9697664380073547,0.018323473632335663,0.0,0.8924576640129089,0.0,0.0,0.05898530036211014,975.6686322771711,118.56623786408454
659,0.0,-1048.038075148128,0.0,0.2425895631313324,0.0,0.08958853036165237,0.0,0.24549779295921326,0.0,0.577675886452198,975.6686322771711,119.14391375053674
660,-3.4552969932556152,-1051.4933721413836,3.020876407623291,0.0,0.4344206154346466,0.0,0.0,0.3906424939632416,3.064654529094696,0.0,978.7332868062658,119.14391375053674
661,-0.48263075947761536,-1051.9760029008612,0.0,0.5691465139389038,0.0,0.21797654032707214,0.48263075947761536,0.0,0.0,0.3044922947883606,978.7332868062658,119.4484060453251
662,-0.7834031581878662,-1052.759406059049,0.7834031581878662,0.0,0.0,0.27846410870552063,0.0,0.2931758761405945,0.2117631733417511,0.0,978.9450499796076,119.4484060453251
663,0.0,-1052.759406059049,0.0,1.782332420349121,0.0,0.18615493178367615,0.0,1.203669548034668,0.0,3.172156900167465,978.9450499796076,122.62056294549257
664,-1.1934033632278442,-1053.952809422277,0.9758297204971313,0.0,0.0,0.1717604249715805,0.2175736278295517,0.0,1.0216429233551025,0.0,979.9666929029627,122.62056294549257
665,0.4164063632488251,-1053.536403059028,0.0,1.150019884109497,0.0,0.04232902079820633,0.0,0.26730895042419434,0.0,1.4596578553318977,979.9666929029627,124.08022080082446
666,-1.308921456336975,-1054.845324515365,0.0,1.4698340892791748,0.2636435031890869,0.0,0.5047075748443604,0.0,0.0,0.7014830112457275,979.9666929029627,124.78170381207019
667,-7.988780975341797,-1062.8341054907069,2.1003830432891846,0.0,0.3581891655921936,0.0,1.6481059789657593,0.0,4.1066781878471375,0.0,984.0733710908098,124.78170381207019
668,-4.091009140014648,-1066.9251146307215,0.7030974626541138,0.0,0.36468249559402466,0.0,1.0899442434310913,0.0,2.1577242016792297,0.0,986.231095292489,124.78170381207019
669,-32.65916442871094,-1099.5842790594324,7.0275139808654785,0.0,0.3876185119152069,0.0,9.026601791381836,0.0,16.44173428416252,0.0,1002.6728295766516,124.78170381207019
670,-2.520822763442993,-1102.1051018228754,0.4215100109577179,0.0,0.44215521216392517,0.0,1.65715754032135,0.0,2.520822763442993,0.0,1005.1936523400946,124.78170381207019
671,-1.602722406387329,-1103.7078242292628,0.37498530745506287,0.0,0.7011880874633789,0.0,0.5265489816665649,0.0,1.6027223765850067,0.0,1006.7963747166796,124.78170381207019
672,0.05661068111658096,-1103.6512135481462,0.3568393290042877,0.0,0.19907063245773315,0.0,0.42208048701286316,0.0,0.977990448474884,0.0,1007.7743651651544,124.78170381207019
673,-0.1581537425518036,-1103.809367290698,0.34507817029953003,0.0,0.7501539587974548,0.0,0.41900184750556946,0.0,1.5142339766025543,0.0,1009.288599141757,124.78170381207019
674,-0.5189147591590881,-1104.328282049857,1.7011696100234985,0.0,0.2967706322669983,0.0,0.4186003804206848,0.0,2.4165406227111816,0.0,1011.7051397644682,124.78170381207019
675,0.013671264052391052,-1104.3146107858047,0.35007867217063904,0.0,0.1873515099287033,0.0,0.6950246095657349,0.0,1.2324547916650772,0.0,1012.9375945561333,124.78170381207019
676,0.1496991217136383,-1104.164911664091,0.34860697388648987,0.0,0.20223666727542877,0.0,0.19750650227069855,0.0,0.7483501434326172,0.0,1013.6859446995659,124.78170381207019
677,0.016985319554805756,-1104.1479263445362,0.3487769067287445,0.0,0.23087537288665771,0.0,0.49980950355529785,0.0,1.0794617831707,0.0,1014.7654064827366,124.78170381207019
678,-0.5719799995422363,-1104.7199063440785,1.0169463157653809,0.0,1.0625839233398438,0.0,0.47167298197746277,0.0,2.5512032210826874,0.0,1017.3166097038193,124.78170381207019
679,-2.172131299972534,-1106.892037644051,1.170917272567749,0.0,0.23915107548236847,0.0,0.7620629668235779,0.0,2.1721313148736954,0.0,1019.488741018693,124.78170381207019
680,-0.823237419128418,-1107.7152750631794,0.532172679901123,0.0,0.22604729235172272,0.0,0.06501747667789459,0.0,0.8232374489307404,0.0,1020.3119784676237,124.78170381207019
681,-0.8532697558403015,-1108.5685448190197,0.501013457775116,0.0,0.2542741298675537,0.0,0.09798218309879303,0.0,0.8532697707414627,0.0,1021.1652482383652,124.78170381207019
682,-0.3826717138290405,-1108.9512165328488,0.0,0.7481852173805237,0.3826717138290405,0.0,0.0,0.0920955017209053,0.0,0.45760900527238846,1021.1652482383652,125.23931281734258
683,-2.5930843353271484,-1111.544300868176,0.9720983505249023,0.0,0.0,0.03002728894352913,1.620985984802246,0.0,2.5630570463836193,0.0,1023.7283052847488,125.23931281734258
684,-2.81874942779541,-1114.3630502959713,2.81874942779541,0.0,0.0,0.12966684997081757,0.0,0.2818286418914795,2.407253935933113,0.0,1026.135559220682,125.23931281734258
685,0.0,-1114.3630502959713,0.0,0.9356110095977783,0.0,0.246721550822258,0.0,0.5506101846694946,0.0,1.732942745089531,1026.135559220682,126.97225556243211
686,-0.1347726732492447,-1114.4978229692206,0.0,1.0467529296875,0.0,0.2346324622631073,0.1347726732492447,0.0,0.0,1.1466127187013626,1026.135559220682,128.11886828113347
687,0.0,-1114.4978229692206,0.0,1.830698013305664,0.0,0.21109865605831146,0.0,0.8430258631706238,0.0,2.8848225325345993,1026.135559220682,131.00369081366807
688,0.0,-1114.4978229692206,0.0,0.8816627264022827,0.0,0.1713041365146637,0.0,0.41477730870246887,0.0,1.4677441716194153,1026.135559220682,132.4714349852875
689,-3.3903985023498535,-1117.8882214715704,1.7163103818893433,0.0,0.0,0.018549572676420212,0.14704230427742004,0.0,1.844803113490343,0.0,1027.9803623341722,132.4714349852875
690,-19.041784286499023,-1136.9300057580695,1.4923381805419922,0.0,0.14266453683376312,0.0,8.056076049804688,0.0,9.691078767180443,0.0,1037.6714411013527,132.4714349852875
691,-2.818014144897461,-1139.748019902967,0.0,0.06432538479566574,0.5973512530326843,0.0,0.9247347116470337,0.0,1.4577605798840523,0.0,1039.1292016812367,132.4714349852875
692,-2.8799545764923096,-1142.6279744794592,0.42664194107055664,0.0,0.36468249559402466,0.0,0.7606547474861145,0.0,1.5519791841506958,0.0,1040.6811808653874,132.4714349852875
693,-3.092869281768799,-1145.720843761228,0.45421919226646423,0.0,0.3876185119152069,0.0,0.8165318369865417,0.0,1.658369541168213,0.0,1042.3395504065556,132.4714349852875
694,-1.8843421936035156,-1147.6051859548315,0.57329261302948,0.0,0.19325745105743408,0.0,1.1177921295166016,0.0,1.8843421936035156,0.0,1044.2238926001592,132.4714349852875
695,-1.6536635160446167,-1149.2588494708762,0.3560788035392761,0.0,0.18901224434375763,0.0,1.1085724830627441,0.0,1.653663530945778,0.0,1045.877556131105,132.4714349852875
696,0.06148938089609146,-1149.19736008998,0.35421058535575867,0.0,0.18733283877372742,0.0,0.42208048701286316,0.0,0.9636239111423492,0.0,1046.8411800422473,132.4714349852875
697,0.06360934674739838,-1149.1337507432327,0.3527388870716095,0.0,0.18591776490211487,0.0,0.41900184750556946,0.0,0.9576584994792938,0.0,1047.7988385417266,132.4714349852875
698,0.06534450501203537,-1149.0684062382206,0.3514370918273926,0.0,0.18461598455905914,0.0,0.4166029393672943,0.0,0.952656015753746,0.0,1048.7514945574803,132.4714349852875
699,0.06363749504089355,-1149.0047687431797,0.35007867217063904,0.0,0.1873515099287033,0.0,0.4188297688961029,0.0,0.9562599509954453,0.0,1049.7077545084758,132.4714349852875
700,0.05147480219602585,-1148.9532939409837,0.34860697388648987,0.0,0.20223666727542877,0.0,0.4351603388786316,0.0,0.9860039800405502,0.0,1050.6937584885163,132.4714349852875
701,0.013827003538608551,-1148.939466937445,0.3487769067287445,0.0,0.23087537288665771,0.0,0.49980950355529785,0.0,1.0794617831707,0.0,1051.773220271687,132.4714349852875
702,0.040309563279151917,-1148.899157374166,0.3108523190021515,0.0,0.24310490489006042,0.0,0.4586373567581177,0.0,1.0125945806503296,0.0,1052.7858148523374,132.4714349852875
703,-1.8209704160690308,-1150.720127790235,1.3067142963409424,0.0,0.20033147931098938,0.0,0.3139246702194214,0.0,1.8209704458713531,0.0,1054.6067852982087,132.4714349852875
704,-1.3224836587905884,-1152.0426114490256,0.7592211961746216,0.0,0.2643275260925293,0.0,0.2989349663257599,0.0,1.3224836885929108,0.0,1055.9292689868016,132.4714349852875
705,-2.9930005073547363,-1155.0356119563803,1.9054900407791138,0.0,0.24723315238952637,0.0,0.8402770757675171,0.0,2.9930002689361572,0.0,1058.9222692557378,132.4714349852875
706,-1.3152620792388916,-1156.3508740356192,1.2209644317626953,0.0,0.09429768472909927,0.0,0.0,0.18462733924388885,1.1306347772479057,0.0,1060.0529040329857,132.4714349852875
707,-0.0017820503562688828,-1156.3526560859755,0.0,1.0740103721618652,0.0017820503562688828,0.0,0.0,0.3524157404899597,0.0,1.424644062295556,1060.0529040329857,133.89607904758304
708,-0.06494245678186417,-1156.4175985427573,0.0,1.1632142066955566,0.06494245678186417,0.0,0.0,0.057513393461704254,0.0,1.1557851433753967,1060.0529040329857,135.05186419095844
709,-1.001660943031311,-1157.4192594857886,0.0,0.9385082721710205,1.001660943031311,0.0,0.0,0.25184541940689087,0.0,0.18869274854660034,1060.0529040329857,135.24055693950504
710,0.0,-1157.4192594857886,0.0,0.5056313276290894,0.0,0.8117892146110535,0.0,0.47904282808303833,0.0,1.7964633703231812,1060.0529040329857,137.03702030982822
711,-0.8653227090835571,-1158.2845821948722,0.0,0.6964879035949707,0.8653227090835571,0.0,0.0,0.09830903261899948,0.07052577286958694,0.0,1060.1234298058553,137.03702030982822
712,-1.4737392663955688,-1159.7583214612678,1.3697376251220703,0.0,0.0,1.2328095436096191,0.10400160402059555,0.0,0.24092968553304672,0.0,1060.3643594913883,137.03702030982822
713,-1.3804173469543457,-1161.1387388082221,0.1865311712026596,0.0,0.018547192215919495,0.0,0.6575417518615723,0.0,0.8626201152801514,0.0,1061.2269796066685,137.03702030982822
714,-3.2616689205169678,-1164.400407728739,0.0,0.868756115436554,0.5004211664199829,0.0,1.242984414100647,0.0,0.8746494650840759,0.0,1062.1016290717525,137.03702030982822
715,-4.320160388946533,-1168.7205681176856,0.8268598318099976,0.0,0.46824032068252563,0.0,0.9758043885231018,0.0,2.270904541015625,0.0,1064.3725336127682,137.03702030982822
716,-5.053971767425537,-1173.7745398851112,1.2025023698806763,0.0,0.36468249559402466,0.0,1.0705605745315552,0.0,2.637745440006256,0.0,1067.0102790527744,137.03702030982822
717,-5.7674055099487305,-1179.5419453950599,1.5637325048446655,0.0,0.3876185119152069,0.0,1.0430465936660767,0.0,2.994397610425949,0.0,1070.0046766632004,137.03702030982822
718,-3.2800660133361816,-1182.822011408396,0.4215100109577179,0.0,0.19325745105743408,0.0,2.6652984619140625,0.0,3.2800659239292145,0.0,1073.2847425871296,137.03702030982822
