time_step,reward,all_rewards,grid_import_Building_1_kwh,export_Building_1_kwh,grid_import_Building_2_kwh,export_Building_2_kwh,grid_import_Building_3_kwh,export_Building_3_kwh,grid_import_kwh,export_kwh,cumulative_grid_import_kwh,cumulative_export_kwh
0,-4.285096645355225,-4.285096645355225,2.033644199371338,0.0,0.5619984865188599,0.0,1.689454197883606,0.0,4.285096883773804,0.0,4.285096883773804,0.0
1,-2.8952441215515137,-7.180340766906738,0.8462807536125183,0.0,0.18591776490211487,0.0,0.47319296002388,0.0,1.5053914785385132,0.0,5.790488362312317,0.0
2,-1.4302563667297363,-8.610597133636475,0.7249863147735596,0.0,0.18461598455905914,0.0,0.4455188810825348,0.0,1.3551211804151535,0.0,7.14560954272747,0.0
3,-1.3070952892303467,-9.917692422866821,0.6327978372573853,0.0,0.1873515099287033,0.0,0.433448851108551,0.0,1.2535981982946396,0.0,8.39920774102211,0.0
4,-1.265671968460083,-11.183364391326904,0.6071555614471436,0.0,0.20223666727542877,0.0,0.4351603388786316,0.0,1.244552567601204,0.0,9.643760308623314,0.0
5,-2.900500774383545,-14.08386516571045,1.6178332567214966,0.0,0.23087537288665771,0.0,0.49980950355529785,0.0,2.348518133163452,0.0,11.992278441786766,0.0
6,-2.8979876041412354,-16.981852769851685,1.064932107925415,0.0,0.24817126989364624,0.0,1.033126950263977,0.0,2.3462303280830383,0.0,14.338508769869804,0.0
7,-2.1418323516845703,-19.123685121536255,0.5140800476074219,0.0,0.3452141582965851,0.0,0.8840543627738953,0.0,1.7433485686779022,0.0,16.081857338547707,0.0
8,-13.789714813232422,-32.91339993476868,4.653266429901123,0.0,2.933849573135376,0.0,2.187143325805664,0.0,9.774259328842163,0.0,25.85611666738987,0.0
9,-6.530452728271484,-39.44385266304016,0.48263463377952576,0.0,0.6722479462623596,0.0,2.1317636966705322,0.0,3.2866462767124176,0.0,29.142762944102287,0.0
10,-2.602308988571167,-42.04616165161133,0.0,0.3569531738758087,0.6334824562072754,0.0,1.284489393234253,0.0,1.5610186755657196,0.0,30.703781619668007,0.0
11,-4.57956075668335,-46.62572240829468,1.8172708749771118,0.0,0.6685148477554321,0.0,1.0507572889328003,0.0,3.5365430116653442,0.0,34.24032463133335,0.0
12,-3.023508071899414,-49.64923048019409,0.26597872376441956,0.0,0.9704316258430481,0.0,0.6702291965484619,0.0,1.9066395461559296,0.0,36.14696417748928,0.0
13,-0.953319787979126,-50.60255026817322,0.0,0.6901364326477051,0.0,0.2805768847465515,0.0,0.6326680779457092,0.0,1.6033813953399658,36.14696417748928,1.6033813953399658
14,0.0,-50.60255026817322,0.0,0.9919833540916443,0.0,0.163893923163414,0.0,0.7738050222396851,0.0,1.9296822994947433,36.14696417748928,3.533063694834709
15,-1.743293046951294,-52.34584331512451,0.0,0.3237629532814026,1.0962364673614502,0.0,0.06595885753631592,0.0,0.8384323716163635,0.0,36.985396549105644,3.533063694834709
16,-0.7267373204231262,-53.07258063554764,0.0,0.17738355696201324,0.2912794053554535,0.0,0.0,0.2320985496044159,0.0,0.11820270121097565,36.985396549105644,3.651266396045685
17,-0.8089883327484131,-53.88156896829605,0.1799376904964447,0.0,0.3064201772212982,0.0,0.15006080269813538,0.0,0.6364186704158783,0.0,37.62181521952152,3.651266396045685
18,-1.9140689373016357,-55.79563790559769,0.4625154137611389,0.0,0.16118374466896057,0.0,0.7676620483398438,0.0,1.3913612067699432,0.0,39.013176426291466,3.651266396045685
19,-2.978151321411133,-58.77378922700882,1.0769085884094238,0.0,0.3912005126476288,0.0,0.9811120629310608,0.0,2.4492211639881134,0.0,41.46239759027958,3.651266396045685
20,-2.893850803375244,-61.667640030384064,0.5288646817207336,0.0,0.780853271484375,0.0,1.0705604553222656,0.0,2.3802784085273743,0.0,43.84267599880695,3.651266396045685
21,-4.133502006530762,-65.80114203691483,0.9365671873092651,0.0,0.3876185119152069,0.0,1.962751865386963,0.0,3.286937564611435,0.0,47.12961356341839,3.651266396045685
22,-2.9404006004333496,-68.74154263734818,0.4215100109577179,0.0,0.19325745105743408,0.0,1.9681999683380127,0.0,2.5829674303531647,0.0,49.71258099377155,3.651266396045685
23,-2.651266098022461,-71.39280873537064,0.3560788035392761,0.0,0.18901224434375763,0.0,2.0369577407836914,0.0,2.582048788666725,0.0,52.29462978243828,3.651266396045685
24,-1.7728363275527954,-73.16564506292343,0.35421058535575867,0.0,0.18733283877372742,0.0,0.42208048701286316,0.0,0.9636239111423492,0.0,53.25825369358063,3.651266396045685
25,-0.957286536693573,-74.122931599617,0.3527388870716095,0.0,0.17920845746994019,0.0,0.41900184750556946,0.0,0.9509491920471191,0.0,54.20920288562775,3.651266396045685
26,-0.9438361525535583,-75.06676775217056,0.3514370918273926,0.0,0.16868312656879425,0.0,0.4166029393672943,0.0,0.9367231577634811,0.0,55.14592604339123,3.651266396045685
27,-2.120467185974121,-77.18723493814468,0.35007867217063904,0.0,0.1873515099287033,0.0,1.1875500679016113,0.0,1.7249802500009537,0.0,56.87090629339218,3.651266396045685
28,-2.8780364990234375,-80.06527143716812,1.3546943664550781,0.0,0.20223666727542877,0.0,0.4351603388786316,0.0,1.9920913726091385,0.0,58.86299766600132,3.651266396045685
29,-2.1487605571746826,-82.2140319943428,1.3658525943756104,0.0,0.23087537288665771,0.0,0.49980950355529785,0.0,2.096537470817566,0.0,60.959535136818886,3.651266396045685
30,-2.07686185836792,-84.29089385271072,1.3301458358764648,0.0,0.24327263236045837,0.0,0.4589729607105255,0.0,2.0323914289474487,0.0,62.991926565766335,3.651266396045685
31,-1.4302473068237305,-85.72114115953445,0.07796920090913773,0.0,0.19240280985832214,0.0,0.49189236760139465,0.0,0.7622643783688545,0.0,63.75419094413519,3.651266396045685
32,-2.3999714851379395,-88.1211126446724,0.0,0.36149874329566956,1.310782790184021,0.0,0.4901359975337982,0.0,1.4394200444221497,0.0,65.19361098855734,3.651266396045685
33,-1.0942940711975098,-89.2154067158699,0.0,0.4318349361419678,0.13957519829273224,0.0,0.2480943202972412,0.0,0.0,0.044165417551994324,65.19361098855734,3.695431813597679
34,-1.981887698173523,-91.19729441404343,0.06265433132648468,0.0,1.2224310636520386,0.0,0.0,0.018221745267510414,1.2668636497110128,0.0,66.46047463826835,3.695431813597679
35,-1.8315495252609253,-93.02884393930435,0.3224653899669647,0.0,1.3269294500350952,0.0,0.0,0.21490201354026794,1.434492826461792,0.0,67.89496746473014,3.695431813597679
36,-7.698287010192871,-100.72713094949722,4.797369956970215,0.0,0.0,1.0385727882385254,0.0,0.4474831819534302,3.3113139867782593,0.0,71.2062814515084,3.695431813597679
37,-3.274752616882324,-104.00188356637955,1.7521350383758545,0.0,0.0,0.8884744644165039,0.0,0.596929669380188,0.2667309045791626,0.0,71.47301235608757,3.695431813597679
38,-0.8760675191879272,-104.87795108556747,0.0,0.5143934488296509,0.0,0.07718038558959961,0.0,0.06400222331285477,0.0,0.6555760577321053,71.47301235608757,4.351007871329784
39,-1.1578855514526367,-106.03583663702011,0.0,0.6550762057304382,0.7719236612319946,0.0,0.0,0.24682287871837616,0.0,0.12997542321681976,71.47301235608757,4.480983294546604
40,-1.8862881660461426,-107.92212480306625,0.447745680809021,0.0,0.19314506649971008,0.0,0.4880902171134949,0.0,1.128980964422226,0.0,72.60199332050979,4.480983294546604
41,-0.7477936744689941,-108.66991847753525,0.0,0.14580199122428894,0.0,0.00994577631354332,0.3666064143180847,0.0,0.21085864678025246,0.0,72.81285196729004,4.480983294546604
42,-3.5289220809936523,-112.1988405585289,1.109107494354248,0.0,0.2910788059234619,0.0,1.074630618095398,0.0,2.474816918373108,0.0,75.28766888566315,4.480983294546604
43,-2.0893430709838867,-114.28818362951279,0.7583456039428711,0.0,0.21914196014404297,0.0,0.7263814806938171,0.0,1.7038690447807312,0.0,76.99153793044388,4.480983294546604
44,-3.856067180633545,-118.14425081014633,2.2908387184143066,0.0,0.20169100165367126,0.0,0.4507490396499634,0.0,2.9432787597179413,0.0,79.93481669016182,4.480983294546604
45,-2.4856014251708984,-120.62985223531723,0.6353296637535095,0.0,0.19623863697052002,0.0,0.6992846727371216,0.0,1.5308529734611511,0.0,81.46566966362298,4.480983294546604
46,-1.4799367189407349,-122.10978895425797,0.5435421466827393,0.0,0.19325745105743408,0.0,0.6922207474708557,0.0,1.429020345211029,0.0,82.894690008834,4.480983294546604
47,-1.2098815441131592,-123.31967049837112,0.37498530745506287,0.0,0.18901224434375763,0.0,0.4267451763153076,0.0,0.9907427281141281,0.0,83.88543273694813,4.480983294546604
48,-0.9771833419799805,-124.2968538403511,0.35421058535575867,0.0,0.18733283877372742,0.0,0.42208048701286316,0.0,0.9636239111423492,0.0,84.84905664809048,4.480983294546604
49,-0.9606412053108215,-125.25749504566193,0.3527388870716095,0.0,0.18591776490211487,0.0,0.41900184750556946,0.0,0.9576584994792938,0.0,85.80671514756978,4.480983294546604
50,-0.9551572203636169,-126.21265226602554,0.3514370918273926,0.0,0.18461598455905914,0.0,0.4166029393672943,0.0,0.952656015753746,0.0,86.75937116332352,4.480983294546604
51,-0.9518090486526489,-127.16446131467819,0.3348560631275177,0.0,0.1873515099287033,0.0,0.4188297688961029,0.0,0.9410373419523239,0.0,87.70040850527585,4.480983294546604
52,-1.008487343788147,-128.17294865846634,0.34860697388648987,0.0,0.20223666727542877,0.0,0.4351603388786316,0.0,0.9860039800405502,0.0,88.6864124853164,4.480983294546604
53,-1.1261906623840332,-129.29913932085037,0.3487769067287445,0.0,0.23087537288665771,0.0,0.49980950355529785,0.0,1.0794617831707,0.0,89.7658742684871,4.480983294546604
54,-1.0437870025634766,-130.34292632341385,0.30258339643478394,0.0,0.23897044360637665,0.0,0.4503684341907501,0.0,0.9919222742319107,0.0,90.757796542719,4.480983294546604
55,-1.3371915817260742,-131.68011790513992,0.5197288393974304,0.0,0.2986651062965393,0.0,0.31038662791252136,0.0,1.128780573606491,0.0,91.8865771163255,4.480983294546604
56,-2.3276124000549316,-134.00773030519485,0.794775664806366,0.0,0.2044009417295456,0.0,0.8659823536872864,0.0,1.865158960223198,0.0,93.7517360765487,4.480983294546604
57,-1.2834856510162354,-135.2912159562111,0.0,0.5403615236282349,0.22833411395549774,0.0,0.42561206221580505,0.0,0.11358465254306793,0.0,93.86532072909176,4.480983294546604
58,-1.119856834411621,-136.4110727906227,0.0,0.8445625305175781,0.04807596653699875,0.0,0.7963051795959473,0.0,0.0,0.0001813843846321106,93.86532072909176,4.481164678931236
59,-2.2859911918640137,-138.69706398248672,0.0,1.0440349578857422,1.274584412574768,0.0,0.0,0.2516975700855255,0.0,0.021148115396499634,93.86532072909176,4.502312794327736
60,-0.8201732635498047,-139.51723724603653,0.0,1.0866937637329102,0.3657621741294861,0.0,0.0,0.04118255525827408,0.0,0.7621141448616982,93.86532072909176,5.264426939189434
61,-10.559764862060547,-150.07700210809708,0.0,0.7644610404968262,0.0,0.18274803459644318,6.917922496795654,0.0,5.970713421702385,0.0,99.83603415079415,5.264426939189434
62,-3.458961248397827,-153.5359633564949,0.0,0.6829460859298706,0.0,0.16892418265342712,0.0,0.060153983533382416,0.0,0.9120242521166801,99.83603415079415,6.176451191306114
63,-3.1296396255493164,-156.66560298204422,1.561369776725769,0.0,0.0,0.013574364595115185,0.5250566601753235,0.0,2.0728520723059773,0.0,101.90888622310013,6.176451191306114
64,-2.818171739578247,-159.48377472162247,0.9007319211959839,0.0,0.011278570629656315,0.0,1.2218209505081177,0.0,2.133831442333758,0.0,104.04271766543388,6.176451191306114
65,-1.7957731485366821,-161.27954787015915,0.14395681023597717,0.0,0.21786905825138092,0.0,0.6827080249786377,0.0,1.0445338934659958,0.0,105.08725155889988,6.176451191306114
66,-4.376947402954102,-165.65649527311325,0.9867361783981323,0.0,0.313500314950943,0.0,1.9659061431884766,0.0,3.266142636537552,0.0,108.35339419543743,6.176451191306114
67,-2.935816764831543,-168.5923120379448,0.8331621885299683,0.0,0.35911455750465393,0.0,1.3219858407974243,0.0,2.5142625868320465,0.0,110.86765678226948,6.176451191306114
68,-2.332280397415161,-170.92459243535995,0.6107575297355652,0.0,0.36468249559402466,0.0,1.1637225151062012,0.0,2.139162540435791,0.0,113.00681932270527,6.176451191306114
69,-2.340181350708008,-173.26477378606796,0.6353296637535095,0.0,0.4478263854980469,0.0,1.1900190114974976,0.0,2.273175060749054,0.0,115.27999438345432,6.176451191306114
70,-1.692469835281372,-174.95724362134933,0.48252609372138977,0.0,0.19325745105743408,0.0,0.4359810948371887,0.0,1.1117646396160126,0.0,116.39175902307034,6.176451191306114
71,-1.6880979537963867,-176.64534157514572,0.8712420463562012,0.0,0.18901224434375763,0.0,0.4267451763153076,0.0,1.4869994670152664,0.0,117.8787584900856,6.176451191306114
72,-1.2279404401779175,-177.87328201532364,0.3594680726528168,0.0,0.18733283877372742,0.0,0.42208048701286316,0.0,0.9688813984394073,0.0,118.84763988852501,6.176451191306114
73,-0.9632699489593506,-178.836551964283,0.3527388870716095,0.0,0.18591776490211487,0.0,0.41900184750556946,0.0,0.9576584994792938,0.0,119.8052983880043,6.176451191306114
74,-0.9551572203636169,-179.7917091846466,0.3514370918273926,0.0,0.18461598455905914,0.0,0.4166029393672943,0.0,0.952656015753746,0.0,120.75795440375805,6.176451191306114
75,-0.9518090486526489,-180.74351823329926,0.3348560631275177,0.0,0.1873515099287033,0.0,0.4188297688961029,0.0,0.9410373419523239,0.0,121.69899174571037,6.176451191306114
76,-1.008487343788147,-181.7520055770874,0.34860697388648987,0.0,0.20223666727542877,0.0,0.4351603388786316,0.0,0.9860039800405502,0.0,122.68499572575092,6.176451191306114
77,-2.6965417861938477,-184.44854736328125,1.3677350282669067,0.0,0.23087537288665771,0.0,0.5277521014213562,0.0,2.1263625025749207,0.0,124.81135822832584,6.176451191306114
78,-3.7355401515960693,-188.18408751487732,0.3598918616771698,0.0,0.25422030687332153,0.0,1.9131399393081665,0.0,2.527252107858658,0.0,127.3386103361845,6.176451191306114
79,-2.256618022918701,-190.44070553779602,0.500566840171814,0.0,0.3611260652542114,0.0,0.6291292905807495,0.0,1.490822196006775,0.0,128.82943253219128,6.176451191306114
80,-2.9594850540161133,-193.40019059181213,0.14558805525302887,0.0,0.36487680673599243,0.0,1.722813367843628,0.0,2.2332782298326492,0.0,131.06271076202393,6.176451191306114
81,-1.581815481185913,-194.98200607299805,0.0,0.19974814355373383,0.37557753920555115,0.0,0.5333736538887024,0.0,0.7092030495405197,0.0,131.77191381156445,6.176451191306114
82,-1.6349639892578125,-196.61697006225586,0.10277063399553299,0.0,0.30680543184280396,0.0,0.9375355243682861,0.0,1.347111590206623,0.0,133.11902540177107,6.176451191306114
83,-0.9407525062561035,-197.55772256851196,0.0,0.3503643572330475,0.2927956283092499,0.0,0.24159787595272064,0.0,0.18402914702892303,0.0,133.3030545488,6.176451191306114
84,-1.3458421230316162,-198.90356469154358,0.0,0.48728668689727783,0.19740678369998932,0.0,0.8143599033355713,0.0,0.5244800001382828,0.0,133.82753454893827,6.176451191306114
85,-0.909148633480072,-199.81271332502365,0.0,0.10344289988279343,0.08687037974596024,0.0,0.7196601629257202,0.0,0.703087642788887,0.0,134.53062219172716,6.176451191306114
86,-0.44570451974868774,-200.25841784477234,0.0,0.5747829079627991,0.08487845957279205,0.0,0.0,0.9049893617630005,0.0,1.3948938101530075,134.53062219172716,7.571345001459122
87,-0.05848051607608795,-200.31689836084843,0.0,0.6318455934524536,0.03208257630467415,0.0,0.0,0.16743479669094086,0.0,0.7671978138387203,134.53062219172716,8.338542815297842
88,-0.2748093605041504,-200.59170772135258,0.0,0.3609931766986847,0.19390042126178741,0.0,0.0,0.052840862423181534,0.0,0.2199336178600788,134.53062219172716,8.55847643315792
89,-3.6638567447662354,-204.2555644661188,0.9598867297172546,0.0,1.2953776121139526,0.0,0.25194022059440613,0.0,2.5072045624256134,0.0,137.03782675415277,8.55847643315792
90,-2.5905375480651855,-206.846102014184,0.398721843957901,0.0,0.29576143622398376,0.0,0.827755868434906,0.0,1.5222391486167908,0.0,138.56006590276957,8.55847643315792
91,-2.048067808151245,-208.89416982233524,0.5945645570755005,0.0,0.4842626452445984,0.0,0.7263814806938171,0.0,1.805208683013916,0.0,140.36527458578348,8.55847643315792
92,-2.3096535205841064,-211.20382334291935,0.9364479184150696,0.0,0.36468249559402466,0.0,0.7606547474861145,0.0,2.0617851614952087,0.0,142.4270597472787,8.55847643315792
93,-1.9841681718826294,-213.18799151480198,0.5447744131088257,0.0,0.3876185119152069,0.0,0.8165318369865417,0.0,1.7489247620105743,0.0,144.17598450928926,8.55847643315792
94,-2.1111228466033936,-215.29911436140537,0.6589604616165161,0.0,0.3296126127243042,0.0,0.963146448135376,0.0,1.9517195224761963,0.0,146.12770403176546,8.55847643315792
95,-1.574253797531128,-216.8733681589365,0.3560788035392761,0.0,0.3141602873802185,0.0,0.5265489816665649,0.0,1.1967880725860596,0.0,147.32449210435152,8.55847643315792
96,-1.0955276489257812,-217.96889580786228,0.35421058535575867,0.0,0.18733283877372742,0.0,0.45272377133369446,0.0,0.9942671954631805,0.0,148.3187592998147,8.55847643315792
97,-0.9749593138694763,-218.94385512173176,0.3527388870716095,0.0,0.18591776490211487,0.0,0.41699478030204773,0.0,0.9556514322757721,0.0,149.27441073209047,8.55847643315792
98,-0.9541536569595337,-219.8980087786913,0.3514370918273926,0.0,0.18461598455905914,0.0,0.4166029393672943,0.0,0.952656015753746,0.0,150.22706674784422,8.55847643315792
99,-0.9594203233718872,-220.85742910206318,0.35007867217063904,0.0,0.1873515099287033,0.0,0.4188297688961029,0.0,0.9562599509954453,0.0,151.18332669883966,8.55847643315792
100,-2.3597965240478516,-223.21722562611103,1.2545539140701294,0.0,0.20223666727542877,0.0,0.4351603388786316,0.0,1.8919509202241898,0.0,153.07527761906385,8.55847643315792
101,-1.619966983795166,-224.8371926099062,0.3468944728374481,0.0,0.23087537288665771,0.0,0.5277521014213562,0.0,1.105521947145462,0.0,154.18079956620932,8.55847643315792
102,-2.1813225746154785,-227.01851518452168,1.0784878730773926,0.0,0.2409534454345703,0.0,0.4543386697769165,0.0,1.7737799882888794,0.0,155.9545795544982,8.55847643315792
103,-3.5062167644500732,-230.52473194897175,1.406815528869629,0.0,1.11617112159729,0.0,0.3085762858390808,0.0,2.8315629363059998,0.0,158.7861424908042,8.55847643315792
104,-1.6937216520309448,-232.2184536010027,0.26671406626701355,0.0,0.23807062208652496,0.0,0.05109556391835213,0.0,0.5558802522718906,0.0,159.3420227430761,8.55847643315792
105,-0.3931373655796051,-232.6115909665823,0.0,0.4958544075489044,0.23039452731609344,0.0,0.0,0.13957266509532928,0.0,0.40503254532814026,159.3420227430761,8.963508978486061
106,-0.11519726365804672,-232.72678823024035,0.0,1.0164076089859009,0.0,0.015333311632275581,0.0,0.3945979177951813,0.0,1.4263388384133577,159.3420227430761,10.389847816899419
107,-0.7638509273529053,-233.49063915759325,0.0,0.9263487458229065,0.5092339515686035,0.0,0.0,0.5462592840194702,0.0,0.9633740782737732,159.3420227430761,11.353221895173192
108,-0.4331563711166382,-233.9237955287099,0.0,0.966838538646698,0.0,0.012424386106431484,0.11902625113725662,0.0,0.0,0.8602366736158729,159.3420227430761,12.213458568789065
109,-0.05951312556862831,-233.98330865427852,0.0,0.7738717198371887,0.0,0.1327192634344101,0.0,0.4543624222278595,0.0,1.3609534054994583,159.3420227430761,13.574411974288523
110,0.0,-233.98330865427852,0.0,0.8958898782730103,0.0,0.26121532917022705,0.0,0.5466712713241577,0.0,1.703776478767395,159.3420227430761,15.278188453055918
111,0.0,-233.98330865427852,0.0,0.5852379202842712,0.0,0.15857301652431488,0.0,0.34786614775657654,0.0,1.0916770845651627,159.3420227430761,16.36986553762108
112,0.0,-233.98330865427852,0.0,0.48445454239845276,0.0,0.14671702682971954,0.0,0.1763022094964981,0.0,0.8074737787246704,159.3420227430761,17.17733931634575
113,-2.476606845855713,-236.45991550013423,0.8948801755905151,0.0,0.08385171741247177,0.0,0.6723393201828003,0.0,1.6510712131857872,0.0,160.99309395626187,17.17733931634575
114,-2.8199329376220703,-239.2798484377563,0.37103885412216187,0.0,0.15303760766983032,0.0,1.5570083856582642,0.0,2.0810848474502563,0.0,163.07417880371213,17.17733931634575
115,-4.80458402633667,-244.08443246409297,0.7546690702438354,0.0,0.21914196014404297,0.0,2.9229397773742676,0.0,3.896750807762146,0.0,166.97092961147428,17.17733931634575
116,-3.2873363494873047,-247.37176881358027,0.4469718635082245,0.0,0.36468249559402466,0.0,1.5751867294311523,0.0,2.3868410885334015,0.0,169.35777070000768,17.17733931634575
117,-1.8135201930999756,-249.18528900668025,0.3636639416217804,0.0,0.3876185119152069,0.0,0.4430446922779083,0.0,1.1943271458148956,0.0,170.55209784582257,17.17733931634575
118,-1.9146754741668701,-251.09996448084712,0.5967347025871277,0.0,0.3296126127243042,0.0,0.7095414996147156,0.0,1.6358888149261475,0.0,172.18798666074872,17.17733931634575
119,-1.4219820499420166,-252.52194653078914,0.5923177599906921,0.0,0.18901224434375763,0.0,0.4267451763153076,0.0,1.2080751806497574,0.0,173.39606184139848,17.17733931634575
120,-1.0858495235443115,-253.60779605433345,0.35421058535575867,0.0,0.18733283877372742,0.0,0.42208048701286316,0.0,0.9636239111423492,0.0,174.35968575254083,17.17733931634575
121,-0.9606412053108215,-254.56843725964427,0.3527388870716095,0.0,0.18591776490211487,0.0,0.41900184750556946,0.0,0.9576584994792938,0.0,175.31734425202012,17.17733931634575
122,-0.9551572203636169,-255.5235944800079,0.3514370918273926,0.0,0.18461598455905914,0.0,0.4166029393672943,0.0,0.952656015753746,0.0,176.27000026777387,17.17733931634575
123,-0.9463562369346619,-256.46995071694255,0.35007867217063904,0.0,0.1873515099287033,0.0,0.39715519547462463,0.0,0.934585377573967,0.0,177.20458564534783,17.17733931634575
124,-1.0131850242614746,-257.483135741204,0.34860697388648987,0.0,0.20223666727542877,0.0,0.4351603388786316,0.0,0.9860039800405502,0.0,178.19058962538838,17.17733931634575
125,-2.2211501598358154,-259.70428590103984,1.0787492990493774,0.0,0.23087537288665771,0.0,0.4998100697994232,0.0,1.8094347417354584,0.0,180.00002436712384,17.17733931634575
126,-18.815433502197266,-278.5197194032371,4.917509078979492,0.0,0.29751452803611755,0.0,7.93174409866333,0.0,13.14676770567894,0.0,193.14679207280278,17.17733931634575
127,-7.077269554138184,-285.5969889573753,0.09853226691484451,0.0,0.28070199489593506,0.0,0.6285365223884583,0.0,1.0077707841992378,0.0,194.15456285700202,17.17733931634575
128,-0.8674122095108032,-286.4644011668861,0.0,0.21943727135658264,0.26006796956062317,0.0,0.46698570251464844,0.0,0.507616400718689,0.0,194.6621792577207,17.17733931634575
129,-6.888053894042969,-293.35245506092906,4.173412322998047,0.0,0.13157224655151367,0.0,0.397244930267334,0.0,4.7022294998168945,0.0,199.3644087575376,17.17733931634575
130,-2.4589552879333496,-295.8114103488624,0.0,0.837080717086792,0.10908318310976028,0.0,0.10659771412611008,0.0,0.0,0.6213998198509216,199.3644087575376,17.798739136196673
131,-0.1131967306137085,-295.9246070794761,0.0,1.1622930765151978,0.010712550953030586,0.0,0.0,0.5703308582305908,0.0,1.721911383792758,199.3644087575376,19.52065051998943
132,-0.17034584283828735,-296.0949529223144,0.0,1.1904658079147339,0.11713474243879318,0.0,0.0,0.6025114059448242,0.0,1.675842471420765,199.3644087575376,21.196492991410196
133,-0.05856737121939659,-296.1535202935338,0.0,1.2007795572280884,0.0,0.25800636410713196,0.0,0.7065723538398743,0.0,2.1653582751750946,199.3644087575376,23.36185126658529
134,0.0,-296.1535202935338,0.0,0.6445506811141968,0.0,0.2746831774711609,0.0,0.4073563516139984,0.0,1.326590210199356,199.3644087575376,24.688441476784647
135,0.0,-296.1535202935338,0.0,0.895548939704895,0.0,0.1956094652414322,0.0,0.7381772994995117,0.0,1.829335704445839,199.3644087575376,26.517777181230485
136,0.0,-296.1535202935338,0.0,0.5875452160835266,0.0,0.17033067345619202,0.0,0.23395811021327972,0.0,0.9918339997529984,199.3644087575376,27.509611180983484
137,-2.9015369415283203,-299.0550572350621,1.7877622842788696,0.0,0.0,0.018772907555103302,0.14659564197063446,0.0,1.9155850186944008,0.0,201.279993776232,27.509611180983484
138,-2.9084839820861816,-301.9635412171483,0.918773353099823,0.0,0.2831476926803589,0.0,0.8025283813476562,0.0,2.004449427127838,0.0,203.28444320335984,27.509611180983484
139,-3.0131731033325195,-304.9767143204808,1.6380316019058228,0.0,0.21908357739448547,0.0,0.7262647151947021,0.0,2.5833798944950104,0.0,205.86782309785485,27.509611180983484
140,-14.067747116088867,-319.0444614365697,7.694016456604004,0.0,0.20169100165367126,0.0,2.332322120666504,0.0,10.228029578924179,0.0,216.09585267677903,27.509611180983484
141,-6.010311126708984,-325.0547725632787,0.7798219323158264,0.0,0.19623863697052002,0.0,0.8165318369865417,0.0,1.7925924062728882,0.0,217.88844508305192,27.509611180983484
142,-1.4216704368591309,-326.4764430001378,0.4215100109577179,0.0,0.19325745105743408,0.0,0.4359810948371887,0.0,1.0507485568523407,0.0,218.93919363990426,27.509611180983484
143,-1.0112923383712769,-327.4877353385091,0.3560788035392761,0.0,0.18901224434375763,0.0,0.4267451763153076,0.0,0.9718362241983414,0.0,219.9110298641026,27.509611180983484
144,-0.9677300453186035,-328.4554653838277,0.35421058535575867,0.0,0.18733283877372742,0.0,0.42208048701286316,0.0,0.9636239111423492,0.0,220.87465377524495,27.509611180983484
145,-1.63569974899292,-330.0911651328206,0.5866090059280396,0.0,0.18591776490211487,0.0,0.6382042765617371,0.0,1.4107310473918915,0.0,222.28538482263684,27.509611180983484
146,-1.2849607467651367,-331.37612587958574,0.33876895904541016,0.0,0.18461598455905914,0.0,0.6358053684234619,0.0,1.1591903120279312,0.0,223.44457513466477,27.509611180983484
147,-1.1516132354736328,-332.5277391150594,0.3348560631275177,0.0,0.1873515099287033,0.0,0.6163576245307922,0.0,1.1385651975870132,0.0,224.5831403322518,27.509611180983484
148,-1.1128408908843994,-333.6405800059438,0.34860697388648987,0.0,0.20223666727542877,0.0,0.4790008068084717,0.0,1.0298444479703903,0.0,225.61298478022218,27.509611180983484
149,-1.1022181510925293,-334.7427981570363,0.3450120687484741,0.0,0.23087537288665771,0.0,0.49980950355529785,0.0,1.0756969451904297,0.0,226.6886817254126,27.509611180983484
150,-4.557498455047607,-339.3002966120839,1.2575488090515137,0.0,0.8152798414230347,0.0,1.3240694999694824,0.0,3.3968981504440308,0.0,230.08557987585664,27.509611180983484
151,-2.5742251873016357,-341.87452179938555,0.8070592880249023,0.0,0.20606835186481476,0.0,0.7384245991706848,0.0,1.751552239060402,0.0,231.83713211491704,27.509611180983484
152,-3.1387462615966797,-345.0132680609822,1.8892582654953003,0.0,0.16592095792293549,0.0,0.3063630759716034,0.0,2.361542299389839,0.0,234.19867441430688,27.509611180983484
153,-1.3000235557556152,-346.31329161673784,0.0,1.2889975309371948,0.19011560082435608,0.0,0.0,0.02427547238767147,0.0,1.1231574025005102,234.19867441430688,28.632768583483994
154,-0.3434140682220459,-346.6567056849599,0.0,0.8006033301353455,0.2923145890235901,0.0,0.0,0.27234557271003723,0.0,0.7806343138217926,234.19867441430688,29.413402897305787
155,-6.942298412322998,-353.5990040972829,4.530760765075684,0.0,0.0,0.10667166113853455,0.0,0.3817718029022217,4.042317301034927,0.0,238.2409917153418,29.413402897305787
156,-2.7019925117492676,-356.30099660903215,0.0,0.03266441449522972,0.0,0.14224159717559814,0.2910747528076172,0.0,0.11616874113678932,0.0,238.3571604564786,29.413402897305787
157,-0.1455373764038086,-356.44653398543596,0.0,0.49131590127944946,0.0,0.2452315241098404,0.0,0.2801189720630646,0.0,1.0166663974523544,238.3571604564786,30.43006929475814
158,0.0,-356.44653398543596,0.0,0.7494138479232788,0.0,0.2924632430076599,0.0,0.6091669797897339,0.0,1.6510440707206726,238.3571604564786,32.081113365478814
159,0.0,-356.44653398543596,0.0,0.59209144115448,0.0,0.2047167718410492,0.0,0.6147118210792542,0.0,1.4115200340747833,238.3571604564786,33.4926333995536
160,-0.06229604035615921,-356.5088300257921,0.03444037213921547,0.0,0.0,0.16462194919586182,0.007090319879353046,0.0,0.0,0.1230912571772933,238.3571604564786,33.61572465673089
161,-3.059598207473755,-359.5684282332659,1.4606693983078003,0.0,0.0,0.006396973039954901,0.5929064154624939,0.0,2.0471788407303393,0.0,240.40433929720894,33.61572465673089
162,-3.8766660690307617,-363.44509430229664,1.0783368349075317,0.0,0.1577356457710266,0.0,1.7780084609985352,0.0,3.0140809416770935,0.0,243.41842023888603,33.61572465673089
163,-2.627357244491577,-366.0724515467882,0.6995631456375122,0.0,0.21890221536159515,0.0,1.1998350620269775,0.0,2.118300423026085,0.0,245.5367206619121,33.61572465673089
164,-3.370022773742676,-369.4424743205309,1.4313558340072632,0.0,0.36468249559402466,0.0,1.0705604553222656,0.0,2.8665987849235535,0.0,248.40331944683567,33.61572465673089
165,-2.5182738304138184,-371.9607481509447,0.5447744131088257,0.0,0.19623863697052002,0.0,1.1900190114974976,0.0,1.9310320615768433,0.0,250.3343515084125,33.61572465673089
166,-1.460382342338562,-373.4211304932833,0.3604939579963684,0.0,0.19325745105743408,0.0,0.4359810948371887,0.0,0.9897325038909912,0.0,251.3240840123035,33.61572465673089
167,-0.9807842969894409,-374.4019147902727,0.3560788035392761,0.0,0.18901224434375763,0.0,0.4267451763153076,0.0,0.9718362241983414,0.0,252.29592023650184,33.61572465673089
168,-0.9677300453186035,-375.3696448355913,0.35421058535575867,0.0,0.18733283877372742,0.0,0.42208048701286316,0.0,0.9636239111423492,0.0,253.2595441476442,33.61572465673089
169,-0.9606412053108215,-376.33028604090214,0.3527388870716095,0.0,0.18591776490211487,0.0,0.41900184750556946,0.0,0.9576584994792938,0.0,254.2172026471235,33.61572465673089
170,-0.9551572203636169,-377.28544326126575,0.3514370918273926,0.0,0.18461598455905914,0.0,0.4166029393672943,0.0,0.952656015753746,0.0,255.16985866287723,33.61572465673089
171,-0.9594203233718872,-378.24486358463764,0.35007867217063904,0.0,0.1873515099287033,0.0,0.4188297688961029,0.0,0.9562599509954453,0.0,256.1261186138727,33.61572465673089
172,-1.002347707748413,-379.24721129238605,0.34860697388648987,0.0,0.20223666727542877,0.0,0.4351603388786316,0.0,0.9860039800405502,0.0,257.1121225939132,33.61572465673089
173,-4.977833271026611,-384.22504456341267,2.916538715362549,0.0,0.23087537288665771,0.0,0.49980950355529785,0.0,3.6472235918045044,0.0,260.75934618571773,33.61572465673089
174,-3.344698429107666,-387.56974299252033,0.384336918592453,0.0,0.23963414132595062,0.0,1.133434534072876,0.0,1.7574055939912796,0.0,262.516751779709,33.61572465673089
175,-2.0772058963775635,-389.6469488888979,0.1516353189945221,0.0,0.7369452714920044,0.0,0.513803243637085,0.0,1.4023838341236115,0.0,263.9191356138326,33.61572465673089
176,-2.507086753845215,-392.1540356427431,1.1688817739486694,0.0,0.20974469184875488,0.0,0.19867007434368134,0.0,1.5772965401411057,0.0,265.4964321539737,33.61572465673089
177,-0.8819356560707092,-393.0359712988138,0.0,0.6238800287246704,0.18657486140727997,0.0,0.0,0.031356967985630035,0.0,0.4686621353030205,265.4964321539737,34.08438679203391
178,-0.11286075413227081,-393.1488320529461,0.0,0.9074476957321167,0.03914664313197136,0.0,0.0,0.2856380045413971,0.0,1.1539390571415424,265.4964321539737,35.23832584917545
179,-0.26879435777664185,-393.41762641072273,0.0,1.0420626401901245,0.19224512577056885,0.0,0.0,0.2384929358959198,0.0,1.0883104503154755,265.4964321539737,36.32663629949093
180,-0.09612256288528442,-393.513748973608,0.0,1.1424123048782349,0.0,0.10660106688737869,0.0,0.7002608180046082,0.0,1.9492741897702217,265.4964321539737,38.27591048926115
181,0.0,-393.513748973608,0.0,0.8901332020759583,0.0,0.21903814375400543,0.0,0.5093094110488892,0.0,1.6184807568788528,265.4964321539737,39.89439124614
182,0.0,-393.513748973608,0.0,0.9799602627754211,0.0,0.23004119098186493,0.0,0.48432284593582153,0.0,1.6943242996931076,265.4964321539737,41.58871554583311
183,0.0,-393.513748973608,0.0,0.8368264436721802,0.0,0.16624821722507477,0.0,0.3632165491580963,0.0,1.3662912100553513,265.4964321539737,42.95500675588846
184,0.0,-393.513748973608,0.0,0.556738018989563,0.0,0.1549270749092102,0.0,0.19272230565547943,0.0,0.9043873995542526,265.4964321539737,43.859394155442715
185,-0.5328869819641113,-394.0466359555721,0.0,0.008356096222996712,0.0,0.009429455734789371,0.3552579879760742,0.0,0.33747243601828814,0.0,265.833904589992,43.859394155442715
186,-1.94392728805542,-395.99056324362755,0.6814900636672974,0.0,0.1543160378932953,0.0,0.5785647034645081,0.0,1.4143708050251007,0.0,267.2482753950171,43.859394155442715
187,-3.6329498291015625,-399.6235130727291,1.0584359169006348,0.0,0.35834044218063354,0.0,1.476647138595581,0.0,2.8934234976768494,0.0,270.14169889269397,43.859394155442715
188,-3.304753065109253,-402.92826613783836,0.8434675931930542,0.0,0.36468249559402466,0.0,1.816180944442749,0.0,3.024331033229828,0.0,273.1660299259238,43.859394155442715
189,-2.6581039428710938,-405.58637008070946,0.5447744131088257,0.0,0.3876185119152069,0.0,1.3136118650436401,0.0,2.2460047900676727,0.0,275.41203471599147,43.859394155442715
190,-2.0588462352752686,-407.6452163159847,0.3604939579963684,0.0,0.3296126127243042,0.0,1.1815810203552246,0.0,1.8716875910758972,0.0,277.28372230706736,43.859394155442715
191,-1.546032190322876,-409.1912485063076,0.3560788035392761,0.0,0.18901224434375763,0.0,0.6752856969833374,0.0,1.2203767448663712,0.0,278.50409905193374,43.859394155442715
192,-1.5649549961090088,-410.7562035024166,0.6707591414451599,0.0,0.18733283877372742,0.0,0.42208048701286316,0.0,1.2801724672317505,0.0,279.7842715191655,43.859394155442715
193,-1.2967402935028076,-412.0529437959194,0.34507817029953003,0.0,0.307964563369751,0.0,0.41900184750556946,0.0,1.0720445811748505,0.0,280.85631610034034,43.859394155442715
194,-1.0187091827392578,-413.0716529786587,0.3514370918273926,0.0,0.18461598455905914,0.0,0.4166029393672943,0.0,0.952656015753746,0.0,281.8089721160941,43.859394155442715
195,-0.9594203233718872,-414.03107330203056,0.35007867217063904,0.0,0.1873515099287033,0.0,0.4188297688961029,0.0,0.9562599509954453,0.0,282.7652320670895,43.859394155442715
196,-1.002347707748413,-415.033421009779,0.34860697388648987,0.0,0.20223666727542877,0.0,0.4351603388786316,0.0,0.9860039800405502,0.0,283.7512360471301,43.859394155442715
197,-1.1261906623840332,-416.159611672163,0.3487769067287445,0.0,0.23087537288665771,0.0,0.49980950355529785,0.0,1.0794617831707,0.0,284.8306978303008,43.859394155442715
198,-2.3142104148864746,-418.4738220870495,1.1771295070648193,0.0,0.24088947474956512,0.0,0.4542064964771271,0.0,1.8722254782915115,0.0,286.7029233085923,43.859394155442715
199,-1.8331968784332275,-420.3070189654827,0.7413360476493835,0.0,0.3024880588054657,0.0,0.5118532776832581,0.0,1.5556773841381073,0.0,288.2586006927304,43.859394155442715
200,-3.327286720275879,-423.6343056857586,2.0255842208862305,0.0,0.24484512209892273,0.0,0.25997012853622437,0.0,2.5303994715213776,0.0,290.7890001642518,43.859394155442715
201,-1.411120891571045,-425.04542657732964,0.0,1.5717467069625854,0.23515954613685608,0.0,0.05668264627456665,0.0,0.0,1.2799045145511627,290.7890001642518,45.13929866999388
202,-0.2025885134935379,-425.2480150908232,0.0,1.1008697748184204,0.10197068750858307,0.0,0.011364126577973366,0.0,0.0,0.987534960731864,290.7890001642518,46.12683363072574
203,-0.38547006249427795,-425.63348515331745,0.0,0.5439059734344482,0.15731430053710938,0.0,0.13744400441646576,0.0,0.0,0.2491476684808731,290.7890001642518,46.375981299206614
204,-0.15142309665679932,-425.78490824997425,0.0,0.35866621136665344,0.008087906055152416,0.0,0.0,0.16686540842056274,0.0,0.5174437137320638,290.7890001642518,46.89342501293868
205,-7.488749027252197,-433.27365727722645,0.0,0.08942629396915436,0.025905432179570198,0.0,4.969289779663086,0.0,4.905768917873502,0.0,295.6947690821253,46.89342501293868
206,-3.6598901748657227,-436.93354745209217,0.487641304731369,0.0,0.0,0.1010127067565918,0.8616608381271362,0.0,1.2482894361019135,0.0,296.9430585182272,46.89342501293868
207,-0.9390120506286621,-437.87255950272083,0.1957930475473404,0.0,0.05972663313150406,0.0,0.1537490040063858,0.0,0.40926868468523026,0.0,297.3523272029124,46.89342501293868
208,-0.35404860973358154,-438.2266081124544,0.0,0.24827715754508972,0.04585401341319084,0.0,0.18682417273521423,0.0,0.0,0.015598971396684647,297.3523272029124,46.90902398433536
209,-1.5200393199920654,-439.7466474324465,0.1961147040128708,0.0,0.1650208830833435,0.0,0.729783296585083,0.0,1.0909188836812973,0.0,298.4432460865937,46.90902398433536
210,-3.229403495788574,-442.97605092823505,0.3991195857524872,0.0,0.29596030712127686,0.0,1.8214954137802124,0.0,2.5165753066539764,0.0,300.9598213932477,46.90902398433536
211,-3.3041906356811523,-446.2802415639162,0.9786856770515442,0.0,0.3576768636703491,0.0,1.472878098487854,0.0,2.8092406392097473,0.0,303.76906203245744,46.90902398433536
212,-2.4346261024475098,-448.7148676663637,0.6107575297355652,0.0,0.36468249559402466,0.0,1.0705604553222656,0.0,2.0460004806518555,0.0,305.8150625131093,46.90902398433536
213,-2.296450614929199,-451.0113182812929,0.6353296637535095,0.0,0.3876185119152069,0.0,1.1900190114974976,0.0,2.212967187166214,0.0,308.0280297002755,46.90902398433536
214,-2.830294609069824,-453.84161289036274,0.48252609372138977,0.0,0.9190770387649536,0.0,0.9831019043922424,0.0,2.384705036878586,0.0,310.4127347371541,46.90902398433536
215,-1.6971771717071533,-455.5387900620699,0.3938917815685272,0.0,0.18901224434375763,0.0,0.4267451763153076,0.0,1.0096492022275925,0.0,311.4223839393817,46.90902398433536
216,-0.9879509210586548,-456.52674098312855,0.3568393290042877,0.0,0.18733283877372742,0.0,0.42208048701286316,0.0,0.9662526547908783,0.0,312.38863659417257,46.90902398433536
217,-0.9581252336502075,-457.48486621677876,0.34507817029953003,0.0,0.18591776490211487,0.0,0.41900184750556946,0.0,0.9499977827072144,0.0,313.3386343768798,46.90902398433536
218,-1.2843434810638428,-458.7692096978426,0.5692089200019836,0.0,0.18461598455905914,0.0,0.4166029393672943,0.0,1.170427843928337,0.0,314.5090622208081,46.90902398433536
219,-1.0683062076568604,-459.83751590549946,0.35007867217063904,0.0,0.1873515099287033,0.0,0.4188297688961029,0.0,0.9562599509954453,0.0,315.46532217180356,46.90902398433536
220,-1.002347707748413,-460.83986361324787,0.34860697388648987,0.0,0.20223666727542877,0.0,0.4351603388786316,0.0,0.9860039800405502,0.0,316.4513261518441,46.90902398433536
221,-3.2001233100891113,-464.039986923337,1.7313987016677856,0.0,0.23087537288665771,0.0,0.49980950355529785,0.0,2.462083578109741,0.0,318.91340972995386,46.90902398433536
222,-1.732823133468628,-465.7728100568056,0.30128347873687744,0.0,0.2383204847574234,0.0,0.44906851649284363,0.0,0.9886724799871445,0.0,319.902082209941,46.90902398433536
223,-2.2042598724365234,-467.97706992924213,1.1635876893997192,0.0,0.20612981915473938,0.0,0.32552143931388855,0.0,1.6952389478683472,0.0,321.59732115780935,46.90902398433536
224,-0.9550497531890869,-468.9321196824312,0.0,1.3355371952056885,0.1452266275882721,0.0,0.06963396817445755,0.0,0.0,1.1206765994429588,321.59732115780935,48.02970058377832
225,-0.3295717239379883,-469.2616914063692,0.0,0.7797055840492249,0.2449120432138443,0.0,0.0,0.11053763329982758,0.0,0.6453311741352081,321.59732115780935,48.67503175791353
226,-0.17541396617889404,-469.4371053725481,0.0,0.964222252368927,0.10591587424278259,0.0,0.0,0.16139096021652222,0.0,1.0196973383426666,321.59732115780935,49.6947290962562
227,-0.052957937121391296,-469.4900633096695,0.0,1.1795684099197388,0.0,0.028032707050442696,0.0,0.5876062512397766,0.0,1.795207368209958,321.59732115780935,51.489936464466155
228,-0.05692422017455101,-469.54698752984405,0.0,0.9936406016349792,0.03794948011636734,0.0,0.0,0.27996915578842163,0.0,1.2356602773070335,321.59732115780935,52.72559674177319
229,-12.252481460571289,-481.79946899041533,0.0,1.003985047340393,8.180971145629883,0.0,0.0,0.6080606579780579,6.568925440311432,0.0,328.1662465981208,52.72559674177319
230,-4.090485572814941,-485.8899545632303,0.0,1.0160142183303833,0.0,0.1581920087337494,0.0,0.5203769207000732,0.0,1.694583147764206,328.1662465981208,54.420179889537394
231,0.0,-485.8899545632303,0.0,0.6432213187217712,0.0,0.04518565908074379,0.0,0.31277215480804443,0.0,1.0011791326105595,328.1662465981208,55.42135902214795
232,-8.595552444458008,-494.4855070076883,4.113112926483154,0.0,0.0,0.008898989297449589,1.617255687713623,0.0,5.721469624899328,0.0,333.8877162230201,55.42135902214795
233,-3.3267483711242676,-497.81225537881255,0.07977397739887238,0.0,0.14066290855407715,0.0,0.4213652014732361,0.0,0.6418020874261856,0.0,334.5295183104463,55.42135902214795
234,-3.3484649658203125,-501.16072034463286,1.3207228183746338,0.0,0.5330559015274048,0.0,0.592465341091156,0.0,2.4462440609931946,0.0,336.9757623714395,55.42135902214795
235,-3.2317819595336914,-504.39250230416656,0.8556849360466003,0.0,0.3578053414821625,0.0,1.3295866250991821,0.0,2.543076902627945,0.0,339.51883927406743,55.42135902214795
236,-2.5818910598754883,-506.97439336404204,1.1676297187805176,0.0,0.36468249559402466,0.0,0.4507490396499634,0.0,1.9830612540245056,0.0,341.50190052809194,55.42135902214795
237,-2.9058291912078857,-509.88022255524993,0.6075669527053833,0.0,0.19623863697052002,0.0,1.3087632656097412,0.0,2.1125688552856445,0.0,343.6144693833776,55.42135902214795
238,-2.3058066368103027,-512.1860291920602,1.028313398361206,0.0,0.19325745105743408,0.0,0.4359810948371887,0.0,1.6575519442558289,0.0,345.2720213276334,55.42135902214795
239,-1.3146940469741821,-513.5007232390344,0.3560788035392761,0.0,0.18901224434375763,0.0,0.4267451763153076,0.0,0.9718362241983414,0.0,346.24385755183175,55.42135902214795
240,-0.9677300453186035,-514.468453284353,0.35421058535575867,0.0,0.18733283877372742,0.0,0.42208048701286316,0.0,0.9636239111423492,0.0,347.2074814629741,55.42135902214795
241,-0.9606412053108215,-515.4290944896638,0.3527388870716095,0.0,0.18591776490211487,0.0,0.41900184750556946,0.0,0.9576584994792938,0.0,348.1651399624534,55.42135902214795
242,-0.9551572203636169,-516.3842517100275,0.3514370918273926,0.0,0.18461598455905914,0.0,0.4166029393672943,0.0,0.952656015753746,0.0,349.11779597820714,55.42135902214795
243,-0.9594203233718872,-517.3436720333993,0.35007867217063904,0.0,0.1873515099287033,0.0,0.4188297688961029,0.0,0.9562599509954453,0.0,350.0740559292026,55.42135902214795
244,-0.9959123134613037,-518.3395843468606,0.3357362449169159,0.0,0.20223666727542877,0.0,0.4351603388786316,0.0,0.9731332510709763,0.0,351.04718918027356,55.42135902214795
245,-1.1717162132263184,-519.511300560087,0.3468944728374481,0.0,0.23087537288665771,0.0,0.5277521014213562,0.0,1.105521947145462,0.0,352.152711127419,55.42135902214795
246,-6.127831935882568,-525.6391324959695,0.3362347483634949,0.0,0.24239176511764526,0.0,3.8679957389831543,0.0,4.446622252464294,0.0,356.5993333798833,55.42135902214795
247,-3.960521697998047,-529.5996541939676,1.1351090669631958,0.0,0.21149376034736633,0.0,0.5300699472427368,0.0,1.876672774553299,0.0,358.4760061544366,55.42135902214795
248,-2.9294662475585938,-532.5291204415262,0.7994797825813293,0.0,1.0725849866867065,0.0,0.38801226019859314,0.0,2.260077029466629,0.0,360.73608318390325,55.42135902214795
249,-1.9456005096435547,-534.4747209511697,0.0,0.16169406473636627,0.2862636148929596,0.0,0.7069616317749023,0.0,0.8315311819314957,0.0,361.56761436583474,55.42135902214795
250,-0.4966126084327698,-534.9713335596025,0.0,0.36047253012657166,0.0,0.01259163673967123,0.0,0.14417864382266998,0.0,0.5172428106889129,361.56761436583474,55.938601832836866
251,0.0,-534.9713335596025,0.0,1.013208031654358,0.0,0.06984102725982666,0.0,0.48367542028427124,0.0,1.5667244791984558,361.56761436583474,57.50532631203532
252,0.0,-534.9713335596025,0.0,1.100285291671753,0.0,0.08553756773471832,0.0,0.5123308897018433,0.0,1.6981537491083145,361.56761436583474,59.20348006114364
253,-0.22210350632667542,-535.1934370659292,0.0,1.0048272609710693,0.14806900918483734,0.0,0.0,0.5448410511016846,0.0,1.4015993028879166,361.56761436583474,60.60507936403155
254,-7.8790283203125,-543.0724653862417,5.203329086303711,0.0,0.0,0.2397156059741974,0.0,0.2001727819442749,4.763440698385239,0.0,366.33105506422,60.60507936403155
255,-2.6016645431518555,-545.6741299293935,0.0,0.8221708536148071,0.0,0.15892040729522705,0.0,0.8102158904075623,0.0,1.7913071513175964,366.33105506422,62.39638651534915
256,-0.2897413969039917,-545.9638713262975,0.19316093623638153,0.0,0.0,0.12396221607923508,0.0,0.13350814580917358,0.0,0.06430942565202713,366.33105506422,62.46069594100118
257,-1.075242042541504,-547.039113368839,0.5760786533355713,0.0,0.006998308934271336,0.0,0.1981380730867386,0.0,0.7812150353565812,0.0,367.11227009957656,62.46069594100118
258,-2.309573173522949,-549.348686542362,0.836626410484314,0.0,0.15649878978729248,0.0,0.8069952130317688,0.0,1.8001204133033752,0.0,368.91239051287994,62.46069594100118
259,-1.9954798221588135,-551.3441663645208,0.5181800127029419,0.0,0.2190180867910385,0.0,0.9808642864227295,0.0,1.71806238591671,0.0,370.63045289879665,62.46069594100118
260,-2.1757428646087646,-553.5199092291296,0.4469718635082245,0.0,0.20169100165367126,0.0,1.3154963254928589,0.0,1.9641591906547546,0.0,372.5946120894514,62.46069594100118
261,-12.027335166931152,-565.5472443960607,0.3636639416217804,0.0,0.19623863697052002,0.0,8.05386734008789,0.0,8.613769918680191,0.0,381.2083820081316,62.46069594100118
262,-4.938531398773193,-570.4857757948339,0.3604939579963684,0.0,0.19325745105743408,0.0,0.7095414996147156,0.0,1.263292908668518,0.0,382.4716749168001,62.46069594100118
263,-2.253146171569824,-572.7389219664037,0.8147399425506592,0.0,0.18901224434375763,0.0,0.9166128635406494,0.0,1.9203650504350662,0.0,384.3920399672352,62.46069594100118
264,-1.441994547843933,-574.1809165142477,0.35421058535575867,0.0,0.18733283877372742,0.0,0.42208048701286316,0.0,0.9636239111423492,0.0,385.3556638783775,62.46069594100118
265,-0.9606412053108215,-575.1415577195585,0.3527388870716095,0.0,0.18591776490211487,0.0,0.41900184750556946,0.0,0.9576584994792938,0.0,386.3133223778568,62.46069594100118
266,-0.9551572203636169,-576.0967149399221,0.3514370918273926,0.0,0.18461598455905914,0.0,0.4166029393672943,0.0,0.952656015753746,0.0,387.26597839361057,62.46069594100118
267,-0.9594203233718872,-577.056135263294,0.35007867217063904,0.0,0.1873515099287033,0.0,0.4188297688961029,0.0,0.9562599509954453,0.0,388.222238344606,62.46069594100118
268,-1.002347707748413,-578.0584829710424,0.34860697388648987,0.0,0.20223666727542877,0.0,0.4351603388786316,0.0,0.9860039800405502,0.0,389.20824232464656,62.46069594100118
269,-1.1669933795928955,-579.2254763506353,0.3468944728374481,0.0,0.23087537288665771,0.0,0.5277521014213562,0.0,1.105521947145462,0.0,390.313764271792,62.46069594100118
270,-1.0800565481185913,-580.3055328987539,0.3350120782852173,0.0,0.24178043007850647,0.0,0.45598840713500977,0.0,1.0327809154987335,0.0,391.34654518729076,62.46069594100118
271,-0.841119110584259,-581.1466520093381,0.11037639528512955,0.0,0.20860640704631805,0.0,0.33047452569007874,0.0,0.6494573280215263,0.0,391.9960025153123,62.46069594100118
272,-0.6305896639823914,-581.7772416733205,0.0,0.30443722009658813,0.29079610109329224,0.0,0.15654651820659637,0.0,0.14290539920330048,0.0,392.1389079145156,62.46069594100118
273,-1.1210029125213623,-582.8982445858419,0.0,0.48703962564468384,0.7553882002830505,0.0,0.11009092628955841,0.0,0.3784395009279251,0.0,392.5173474154435,62.46069594100118
274,-0.45888370275497437,-583.3571282885969,0.017429426312446594,0.0,0.0,0.007893882691860199,0.0,0.30497393012046814,0.0,0.29543838649988174,392.5173474154435,62.75613432750106
275,-0.012741940096020699,-583.3698702286929,0.008054452948272228,0.0,0.0,0.03747405856847763,0.0,0.3742123544216156,0.0,0.403631960041821,392.5173474154435,63.15976628754288
276,-0.20811673998832703,-583.5779869686812,0.0,1.138273000717163,0.13605967164039612,0.0,0.0,0.636946439743042,0.0,1.639159768819809,392.5173474154435,64.79892605636269
277,-0.06802983582019806,-583.6460168045014,0.0,1.0237867832183838,0.0,0.04921433702111244,0.0,0.09319671243429184,0.0,1.166197832673788,392.5173474154435,65.96512388903648
278,0.0,-583.6460168045014,0.0,1.038109540939331,0.0,0.23666104674339294,0.0,0.49311527609825134,0.0,1.7678858637809753,392.5173474154435,67.73300975281745
279,-1.7783169746398926,-585.4243337791413,1.1855446100234985,0.0,0.0,0.1454814225435257,0.0,0.6468728184700012,0.3931903690099716,0.0,392.9105377844535,67.73300975281745
280,-7.2263078689575195,-592.6506416480988,5.212719917297363,0.0,0.0,0.15689289569854736,0.0,0.19790802896022797,4.857918992638588,0.0,397.76845677709207,67.73300975281745
281,-4.516211032867432,-597.1668526809663,1.0599734783172607,0.0,0.266985148191452,0.0,0.6529245972633362,0.0,1.979883223772049,0.0,399.7483400008641,67.73300975281745
282,-2.566880226135254,-599.7337329071015,1.1735339164733887,0.0,0.27689045667648315,0.0,0.9207901358604431,0.0,2.371214509010315,0.0,402.11955450987443,67.73300975281745
283,-6.935403823852539,-606.669136730954,1.327816128730774,0.0,0.3581482172012329,0.0,3.7280430793762207,0.0,5.4140074253082275,0.0,407.53356193518266,67.73300975281745
284,-5.0836262702941895,-611.7527630012482,1.1457839012145996,0.0,0.36468249559402466,0.0,3.229710578918457,0.0,4.740176975727081,0.0,412.27373891090974,67.73300975281745
285,-6.048079490661621,-617.8008424919099,0.6824634075164795,0.0,0.507914125919342,0.0,4.112854480743408,0.0,5.30323201417923,0.0,417.576970925089,67.73300975281745
286,-11.291438102722168,-629.092280594632,0.588736891746521,0.0,0.3296126127243042,0.0,8.19566822052002,0.0,9.114017724990845,0.0,426.6909886500798,67.73300975281745
287,-5.408564567565918,-634.500845162198,0.3560788035392761,0.0,0.18901224434375763,0.0,1.15802001953125,0.0,1.7031110674142838,0.0,428.3940997174941,67.73300975281745
288,-1.4546806812286377,-635.9555258434266,0.35421058535575867,0.0,0.18733283877372742,0.0,0.6647070646286011,0.0,1.2062504887580872,0.0,429.6003502062522,67.73300975281745
289,-1.0819544792175293,-637.0374803226441,0.3527388870716095,0.0,0.18591776490211487,0.0,0.41900184750556946,0.0,0.9576584994792938,0.0,430.5580087057315,67.73300975281745
290,-1.3130428791046143,-638.3505232017487,0.3514370918273926,0.0,0.42407429218292236,0.0,0.4166029393672943,0.0,1.1921143233776093,0.0,431.7501230291091,67.73300975281745
291,-1.0764139890670776,-639.4269371908158,0.35007867217063904,0.0,0.1873515099287033,0.0,0.4188297688961029,0.0,0.9562599509954453,0.0,432.70638298010454,67.73300975281745
292,-1.002347707748413,-640.4292848985642,0.34860697388648987,0.0,0.20223666727542877,0.0,0.4351603388786316,0.0,0.9860039800405502,0.0,433.6923869601451,67.73300975281745
293,-1.1261906623840332,-641.5554755609483,0.3487769067287445,0.0,0.23087537288665771,0.0,0.49980950355529785,0.0,1.0794617831707,0.0,434.7718487433158,67.73300975281745
294,-2.444350004196167,-643.9998255651444,0.3086540102958679,0.0,0.24200575053691864,0.0,1.4119789600372314,0.0,1.962638720870018,0.0,436.7344874641858,67.73300975281745
295,-1.3806047439575195,-645.3804303091019,0.052045077085494995,0.0,0.30349618196487427,0.0,0.32004883885383606,0.0,0.6755900979042053,0.0,437.41007756209,67.73300975281745
296,-1.2181401252746582,-646.5985704343766,0.5300920009613037,0.0,0.1651078164577484,0.0,0.10939634591341019,0.0,0.8045961633324623,0.0,438.2146737254225,67.73300975281745
297,-0.4798238277435303,-647.0783942621201,0.0,0.7500836849212646,0.15505149960517883,0.0,0.0,0.0944036915898323,0.0,0.6894358769059181,438.2146737254225,68.42244562972337
298,-0.32581061124801636,-647.4042048733681,0.0,1.6163947582244873,0.018942054361104965,0.0,0.1592092216014862,0.0,0.0,1.4382434822618961,438.2146737254225,69.86068911198527
299,-0.39867961406707764,-647.8028844874352,0.0,0.9990649819374084,0.2190306931734085,0.0,0.0,0.38485661149024963,0.0,1.1648909002542496,438.2146737254225,71.02558001223952
300,-0.10951534658670425,-647.9123998340219,0.0,1.0798332691192627,0.0,0.0753115639090538,0.0,0.4918789267539978,0.0,1.6470237597823143,438.2146737254225,72.67260377202183
301,0.0,-647.9123998340219,0.0,1.1599277257919312,0.0,0.23758043348789215,0.0,0.7168779969215393,0.0,2.1143861562013626,438.2146737254225,74.78698992822319
302,0.0,-647.9123998340219,0.0,1.032222032546997,0.0,0.23371729254722595,0.0,0.6592313647270203,0.0,1.9251706898212433,438.2146737254225,76.71216061804444
303,-0.31735241413116455,-648.2297522481531,0.21156826615333557,0.0,0.0,0.17652453482151031,0.0,0.3837691843509674,0.0,0.34872545301914215,438.2146737254225,77.06088607106358
304,-0.7405685186386108,-648.9703207667917,0.5642350912094116,0.0,0.0,0.1597829908132553,0.0,0.01962175779044628,0.38483034260571003,0.0,438.5995040680282,77.06088607106358
305,-0.48814278841018677,-649.4584635552019,0.0,0.03628847002983093,0.0,0.023395642638206482,0.1373501718044281,0.0,0.07766605913639069,0.0,438.6771701271646,77.06088607106358
306,-1.8457303047180176,-651.3041938599199,0.43507087230682373,0.0,0.27634379267692566,0.0,0.5648555755615234,0.0,1.2762702405452728,0.0,439.95344036770985,77.06088607106358
307,-4.502213478088379,-655.8064073380083,1.6135226488113403,0.0,0.35911455750465393,0.0,1.4542618989944458,0.0,3.42689910531044,0.0,443.3803394730203,77.06088607106358
308,-3.3484370708465576,-659.1548444088548,1.2238845825195312,0.0,0.6678882837295532,0.0,0.7606547474861145,0.0,2.652427613735199,0.0,446.0327670867555,77.06088607106358
309,-3.137044906616211,-662.291889315471,0.45421919226646423,0.0,0.3876185119152069,0.0,1.433711290359497,0.0,2.275548994541168,0.0,448.30831608129665,77.06088607106358
310,-4.022538185119629,-666.3144275005907,0.4215100109577179,0.0,1.2874383926391602,0.0,1.70945405960083,0.0,3.418402463197708,0.0,451.72671854449436,77.06088607106358
311,-3.0821774005889893,-669.3966049011797,0.8293225765228271,0.0,0.18901224434375763,0.0,0.9119924306869507,0.0,1.9303272515535355,0.0,453.6570457960479,77.06088607106358
312,-1.4469757080078125,-670.8435806091875,0.35421058535575867,0.0,0.18733283877372742,0.0,0.42208048701286316,0.0,0.9636239111423492,0.0,454.62066970719025,77.06088607106358
313,-1.137991189956665,-671.9815717991441,0.3527388870716095,0.0,0.3050944209098816,0.0,0.41900184750556946,0.0,1.0768351554870605,0.0,455.6975048626773,77.06088607106358
314,-1.0147454738616943,-672.9963172730058,0.3514370918273926,0.0,0.18461598455905914,0.0,0.4166029393672943,0.0,0.952656015753746,0.0,456.65016087843105,77.06088607106358
315,-0.9594203233718872,-673.9557375963777,0.35007867217063904,0.0,0.1873515099287033,0.0,0.4188297688961029,0.0,0.9562599509954453,0.0,457.6064208294265,77.06088607106358
316,-1.002347707748413,-674.9580853041261,0.34860697388648987,0.0,0.20223666727542877,0.0,0.4351603388786316,0.0,0.9860039800405502,0.0,458.59242480946705,77.06088607106358
317,-1.1250795125961304,-676.0831648167223,0.3468944728374481,0.0,0.23087537288665771,0.0,0.49980950355529785,0.0,1.0775793492794037,0.0,459.67000415874645,77.06088607106358
318,-1.8144464492797852,-677.8976112660021,0.773635745048523,0.0,0.30857521295547485,0.0,0.46022018790245056,0.0,1.5424311459064484,0.0,461.2124353046529,77.06088607106358
319,-5.712031841278076,-683.6096431072801,3.486041784286499,0.0,0.3204438388347626,0.0,0.515678882598877,0.0,4.3221645057201385,0.0,465.53459981037304,77.06088607106358
320,-3.4731786251068115,-687.082821732387,0.0,1.1309807300567627,1.0635040998458862,0.0,0.07456785440444946,0.0,0.007091224193572998,0.0,465.5416910345666,77.06088607106358
321,-0.6384508609771729,-687.7212725933641,0.0,0.7439508438110352,0.13882970809936523,0.0,0.0,0.1268472671508789,0.0,0.7319684028625488,465.5416910345666,77.79285447392613
322,-0.4547356367111206,-688.1760082300752,0.0,1.0019334554672241,0.34943366050720215,0.0,0.0,0.3801237940788269,0.0,1.0326235890388489,465.5416910345666,78.82547806296498
323,-0.17471683025360107,-688.3507250603288,0.0,1.07184898853302,0.0,0.06794668734073639,0.0,0.2814306616783142,0.0,1.4212263375520706,465.5416910345666,80.24670440051705
324,-1.820615530014038,-690.1713405903429,1.2137436866760254,0.0,0.0,0.013881473802030087,0.0,0.7416860461235046,0.45817616675049067,0.0,465.9998672013171,80.24670440051705
325,-1.1426138877868652,-691.3139544781297,1.071484088897705,0.0,0.0,0.2063649743795395,0.0,0.6544471383094788,0.21067197620868683,0.0,466.2105391775258,80.24670440051705
326,-0.5357420444488525,-691.8496965225786,0.0,1.0266070365905762,0.0,0.25336459279060364,0.0,0.6985259652137756,0.0,1.9784975945949554,466.2105391775258,82.225201995112
327,0.0,-691.8496965225786,0.0,0.755424439907074,0.0,0.17553649842739105,0.0,0.3817931115627289,0.0,1.312754049897194,466.2105391775258,83.5379560450092
328,0.0,-691.8496965225786,0.0,0.4753243625164032,0.0,0.17008362710475922,0.0,0.22303542494773865,0.0,0.8684434145689011,466.2105391775258,84.4063994595781
329,-1.2313834428787231,-693.0810799654573,0.0,0.10436397790908813,0.6834409832954407,0.0,0.13748127222061157,0.0,0.7165582776069641,0.0,466.92709745513275,84.4063994595781
330,-2.1514883041381836,-695.2325682695955,0.42546793818473816,0.0,0.1426600068807602,0.0,0.7793176174163818,0.0,1.3474455624818802,0.0,468.27454301761463,84.4063994595781
331,-4.414848804473877,-699.6474170740694,0.7432829141616821,0.0,0.5349542498588562,0.0,2.1141438484191895,0.0,3.392381012439728,0.0,471.66692403005436,84.4063994595781
332,-3.650766372680664,-703.29818344675,0.6107575297355652,0.0,0.36468249559402466,0.0,2.3873331546783447,0.0,3.3627731800079346,0.0,475.0296972100623,84.4063994595781
333,-2.578784942626953,-705.876968389377,0.5447744131088257,0.0,0.3876185119152069,0.0,0.8165318369865417,0.0,1.7489247620105743,0.0,476.77862197207287,84.4063994595781
334,-1.9363585710525513,-707.8133269604295,0.5866143703460693,0.0,0.3296126127243042,0.0,0.9189830422401428,0.0,1.8352100253105164,0.0,478.6138319973834,84.4063994595781
335,-1.998000979423523,-709.8113279398531,0.3560788035392761,0.0,0.18901224434375763,0.0,1.1512223482131958,0.0,1.6963133960962296,0.0,480.3101453934796,84.4063994595781
336,-1.3299685716629028,-711.141296511516,0.35421058535575867,0.0,0.18733283877372742,0.0,0.42208048701286316,0.0,0.9636239111423492,0.0,481.27376930462196,84.4063994595781
337,-0.9606412053108215,-712.1019377168268,0.3527388870716095,0.0,0.18591776490211487,0.0,0.41900184750556946,0.0,0.9576584994792938,0.0,482.23142780410126,84.4063994595781
338,-0.9551572203636169,-713.0570949371904,0.3514370918273926,0.0,0.18461598455905914,0.0,0.4166029393672943,0.0,0.952656015753746,0.0,483.184083819855,84.4063994595781
339,-0.9594203233718872,-714.0165152605623,0.35007867217063904,0.0,0.1873515099287033,0.0,0.4188297688961029,0.0,0.9562599509954453,0.0,484.14034377085045,84.4063994595781
340,-2.5960025787353516,-716.6125178392977,1.412024736404419,0.0,0.20223666727542877,0.0,0.4351603388786316,0.0,2.0494217425584793,0.0,486.18976551340893,84.4063994595781
341,-1.655847191810608,-718.2683650311083,0.3450120687484741,0.0,0.23087537288665771,0.0,0.49980950355529785,0.0,1.0756969451904297,0.0,487.26546245859936,84.4063994595781
342,-1.332455039024353,-719.6008200701326,0.3177548944950104,0.0,0.31123512983322144,0.0,0.5997075438499451,0.0,1.2286975681781769,0.0,488.49416002677754,84.4063994595781
343,-2.9913220405578613,-722.5921421106905,0.10976297408342361,0.0,0.30840232968330383,0.0,1.8450653553009033,0.0,2.2632306590676308,0.0,490.75739068584517,84.4063994595781
344,-10.376405715942383,-732.9685478266329,0.6695652604103088,0.0,5.495115280151367,0.0,0.8318696022033691,0.0,6.996550142765045,0.0,497.7539408286102,84.4063994595781
345,-4.70733642578125,-737.6758842524141,0.0,0.6684800982475281,2.043917655944824,0.0,0.3742046356201172,0.0,1.7496421933174133,0.0,499.5035830219276,84.4063994595781
346,-1.4613804817199707,-739.1372647341341,0.0,0.8657894134521484,0.5046385526657104,0.0,0.0,0.06333417445421219,0.0,0.4244850352406502,499.5035830219276,84.83088449481875
347,-1.3308489322662354,-740.4681136664003,0.0,1.0811127424240112,1.0554454326629639,0.0,0.0,0.3135860860347748,0.0,0.33925339579582214,499.5035830219276,85.17013789061457
348,-0.5277227163314819,-740.9958363827318,0.0,1.0756162405014038,0.0,0.09675797820091248,0.0,0.534771740436554,0.0,1.7071459591388702,499.5035830219276,86.87728384975344
349,0.0,-740.9958363827318,0.0,1.0898463726043701,0.0,0.22610242664813995,0.0,0.6939219832420349,0.0,2.009870782494545,499.5035830219276,88.88715463224798
350,0.0,-740.9958363827318,0.0,0.026807889342308044,0.0,0.053811050951480865,0.0,0.5366828441619873,0.0,0.6173017844557762,499.5035830219276,89.50445641670376
351,0.0,-740.9958363827318,0.0,0.7100706696510315,0.0,0.12786495685577393,0.0,0.4610081911087036,0.0,1.298943817615509,499.5035830219276,90.80340023431927
352,0.0,-740.9958363827318,0.0,0.4796273708343506,0.0,0.14430344104766846,0.0,0.17147503793239594,0.0,0.795405849814415,499.5035830219276,91.59880608413368
353,-2.3199660778045654,-743.3158024605364,1.1732442378997803,0.0,0.0,0.006549097131937742,0.3733997941017151,0.0,1.5400949348695576,0.0,501.0436779567972,91.59880608413368
354,-2.390904188156128,-745.7067066486925,0.5882323384284973,0.0,0.1490902453660965,0.0,0.982153594493866,0.0,1.7194761782884598,0.0,502.76315413508564,91.59880608413368
355,-1.8272948265075684,-747.5340014752001,0.5922967791557312,0.0,0.21800805628299713,0.0,0.9788442850112915,0.0,1.7891491204500198,0.0,504.55230325553566,91.59880608413368
356,-2.5350284576416016,-750.0690299328417,0.6107575297355652,0.0,0.36468249559402466,0.0,1.3109619617462158,0.0,2.2864019870758057,0.0,506.83870524261147,91.59880608413368
357,-4.660094738006592,-754.7291246708483,2.3350934982299805,0.0,0.3876185119152069,0.0,0.8165318369865417,0.0,3.539243847131729,0.0,510.3779490897432,91.59880608413368
358,-2.431776523590088,-757.1609011944383,0.4215100109577179,0.0,0.19325745105743408,0.0,0.7095414996147156,0.0,1.3243089616298676,0.0,511.70225805137306,91.59880608413368
359,-3.9654746055603027,-761.1263757999986,0.3560788035392761,0.0,0.18901224434375763,0.0,2.493544101715088,0.0,3.0386351495981216,0.0,514.7408932009712,91.59880608413368
360,-2.001129627227783,-763.1275054272264,0.35421058535575867,0.0,0.18733283877372742,0.0,0.42208048701286316,0.0,0.9636239111423492,0.0,515.7045171121135,91.59880608413368
361,-1.1363730430603027,-764.2638784702867,0.3527388870716095,0.0,0.3040156662464142,0.0,0.41900184750556946,0.0,1.0757564008235931,0.0,516.7802735129371,91.59880608413368
362,-1.0142061710357666,-765.2780846413225,0.3514370918273926,0.0,0.18461598455905914,0.0,0.4166029393672943,0.0,0.952656015753746,0.0,517.7329295286909,91.59880608413368
363,-0.9594203233718872,-766.2375049646944,0.35007867217063904,0.0,0.1873515099287033,0.0,0.4188297688961029,0.0,0.9562599509954453,0.0,518.6891894796863,91.59880608413368
364,-0.9732637405395508,-767.2107687052339,0.3357362449169159,0.0,0.18670983612537384,0.0,0.4351603388786316,0.0,0.9576064199209213,0.0,519.6467958996072,91.59880608413368
365,-1.1493663787841797,-768.3601350840181,0.3468944728374481,0.0,0.238742396235466,0.0,0.49980950355529785,0.0,1.085446372628212,0.0,520.7322422722355,91.59880608413368
366,-1.1745426654815674,-769.5346777494997,0.34379640221595764,0.0,0.310851514339447,0.0,0.4647727310657501,0.0,1.1194206476211548,0.0,521.8516629198566,91.59880608413368
367,-3.3746354579925537,-772.9093132074922,1.8698327541351318,0.0,0.3233182430267334,0.0,0.35969290137290955,0.0,2.552843898534775,0.0,524.4045068183914,91.59880608413368
368,-1.7215099334716797,-774.6308231409639,0.0,0.1338678002357483,0.3272620737552643,0.0,0.4248040020465851,0.0,0.6181982755661011,0.0,525.0227050939575,91.59880608413368
369,-1.109227180480957,-775.7400503214449,0.14676064252853394,0.0,0.42874759435653687,0.0,0.394387811422348,0.0,0.9698960483074188,0.0,525.9926011422649,91.59880608413368
370,-0.9664472341537476,-776.7064975555986,0.0,0.4365083575248718,0.5604590177536011,0.0,0.13911642134189606,0.0,0.2630670815706253,0.0,526.2556682238355,91.59880608413368
371,-0.34978771209716797,-777.0562852676958,0.0,0.9015219807624817,0.0,0.23472511768341064,0.0,0.004359630402177572,0.0,1.14060672884807,526.2556682238355,92.73941281298175
372,-4.234158515930176,-781.290443783626,2.5415306091308594,0.0,0.09124017506837845,0.0,0.19000139832496643,0.0,2.8227721825242043,0.0,529.0784404063597,92.73941281298175
373,-1.4113861322402954,-782.7018299158663,0.0,0.9138545989990234,0.0,0.043571170419454575,0.0,0.39401775598526,0.0,1.351443525403738,529.0784404063597,94.09085633838549
374,-0.056028157472610474,-782.7578580733389,0.0,0.6446906328201294,0.03735210373997688,0.0,0.0,0.2543701231479645,0.0,0.861708652228117,529.0784404063597,94.95256499061361
375,-0.01867605186998844,-782.7765341252089,0.0,0.6583986282348633,0.0,0.1270235776901245,0.0,0.11020905524492264,0.0,0.8956312611699104,529.0784404063597,95.84819625178352
376,-4.63792610168457,-787.4144602268934,2.581608533859253,0.0,0.0,0.03169924393296242,0.5103422403335571,0.0,3.0602515302598476,0.0,532.1386919366196,95.84819625178352
377,-2.5667076110839844,-789.9811678379774,1.5050020217895508,0.0,0.11727970838546753,0.0,0.1846233606338501,0.0,1.8069050908088684,0.0,533.9455970274284,95.84819625178352
378,-2.6239819526672363,-792.6051497906446,0.8175526261329651,0.0,0.2798459529876709,0.0,0.7959249019622803,0.0,1.8933234810829163,0.0,535.8389205085114,95.84819625178352
379,-3.271204948425293,-795.8763547390699,0.9985082149505615,0.0,0.3572947680950165,0.0,1.4561080932617188,0.0,2.8119110763072968,0.0,538.6508315848187,95.84819625178352
380,-4.1082658767700195,-799.98462061584,1.52295982837677,0.0,0.36468249559402466,0.0,1.7885050773620605,0.0,3.6761474013328552,0.0,542.3269789861515,95.84819625178352
381,-3.5678048133850098,-803.552425429225,0.9929230809211731,0.0,0.6686283349990845,0.0,1.1900190114974976,0.0,2.851570427417755,0.0,545.1785494135693,95.84819625178352
382,-2.118447780609131,-805.6708732098341,0.48252609372138977,0.0,0.19325745105743408,0.0,0.7095414996147156,0.0,1.3853250443935394,0.0,546.5638744579628,95.84819625178352
383,-1.178580641746521,-806.8494538515806,0.3560788035392761,0.0,0.18901224434375763,0.0,0.4267451763153076,0.0,0.9718362241983414,0.0,547.5357106821612,95.84819625178352
384,-1.3502448797225952,-808.1996987313032,0.610465943813324,0.0,0.18733283877372742,0.0,0.42208048701286316,0.0,1.2198792695999146,0.0,548.7555899517611,95.84819625178352
385,-1.1093471050262451,-809.3090458363295,0.39389514923095703,0.0,0.18591776490211487,0.0,0.41900184750556946,0.0,0.9988147616386414,0.0,549.7544047133997,95.84819625178352
386,-0.8476872444152832,-810.1567330807447,0.0953407883644104,0.0,0.18461598455905914,0.0,0.4166029393672943,0.0,0.6965597122907639,0.0,550.4509644256905,95.84819625178352
387,-1.076761245727539,-811.2334943264723,0.34384608268737793,0.0,0.1873515099287033,0.0,0.4188297688961029,0.0,0.9500273615121841,0.0,551.4009917872027,95.84819625178352
388,-1.2454111576080322,-812.4789054840803,0.34860697388648987,0.0,0.36318257451057434,0.0,0.4351603388786316,0.0,1.1469498872756958,0.0,552.5479416744784,95.84819625178352
389,-1.223872423171997,-813.7027779072523,0.3487769067287445,0.0,0.238742396235466,0.0,0.5277521014213562,0.0,1.1152714043855667,0.0,553.6632130788639,95.84819625178352
390,-1.3829350471496582,-815.085712954402,0.30403462052345276,0.0,0.23969605565071106,0.0,0.7201549410820007,0.0,1.2638856172561646,0.0,554.9270986961201,95.84819625178352
391,-2.676406145095825,-817.7621190994978,0.12697218358516693,0.0,0.5816044211387634,0.0,1.3789477348327637,0.0,2.087524339556694,0.0,557.0146230356768,95.84819625178352
392,-1.9256774187088013,-819.6877965182066,0.25774627923965454,0.0,0.35324275493621826,0.0,0.8912932872772217,0.0,1.5022823214530945,0.0,558.5169053571299,95.84819625178352
393,-1.48102605342865,-821.1688225716352,0.0,0.27717259526252747,0.43479281663894653,0.0,0.8618768453598022,0.0,1.0194970667362213,0.0,559.5364024238661,95.84819625178352
394,-1.8515644073486328,-823.0203869789839,0.0,0.5358102321624756,0.2749073803424835,0.0,1.2851017713546753,0.0,1.0241989195346832,0.0,560.5606013434008,95.84819625178352
395,-1.1470698118209839,-824.1674567908049,0.0,0.35644495487213135,0.2166476845741272,0.0,0.5174827575683594,0.0,0.3776854872703552,0.0,560.9382868306711,95.84819625178352
396,-10.425088882446289,-834.5925456732512,5.3932013511657715,0.0,0.17484444379806519,0.0,1.5988550186157227,0.0,7.166900813579559,0.0,568.1051876442507,95.84819625178352
397,-3.770136833190918,-838.3626825064421,0.0,0.06488997489213943,0.1906745284795761,0.0,0.15103794634342194,0.0,0.2768224999308586,0.0,568.3820101441815,95.84819625178352
398,-0.21095344424247742,-838.5736359506845,0.0,0.3616254925727844,0.0801943987607956,0.0,0.0,0.04360410198569298,0.0,0.3250351957976818,568.3820101441815,96.1732314475812
399,-1.1295408010482788,-839.7031767517328,0.6481359601020813,0.0,0.13162270188331604,0.0,0.0,0.13371360301971436,0.646045058965683,0.0,569.0280552031472,96.1732314475812
400,-1.4856386184692383,-841.1888153702021,0.9426003694534302,0.0,0.13181371986865997,0.0,0.1759311854839325,0.0,1.2503452748060226,0.0,570.2784004779533,96.1732314475812
401,-2.0427205562591553,-843.2315359264612,0.20092672109603882,0.0,0.5062978267669678,0.0,0.5769218802452087,0.0,1.2841464281082153,0.0,571.5625469060615,96.1732314475812
402,-2.1146416664123535,-845.3461775928736,0.5019849538803101,0.0,0.4273751974105835,0.0,0.8558346629142761,0.0,1.7851948142051697,0.0,573.3477417202666,96.1732314475812
403,-2.6101322174072266,-847.9563098102808,0.8840000033378601,0.0,0.47447291016578674,0.0,0.9766800999641418,0.0,2.3351530134677887,0.0,575.6828947337344,96.1732314475812
404,-2.3686447143554688,-850.3249545246363,0.9750229120254517,0.0,0.20169100165367126,0.0,0.9989123344421387,0.0,2.1756262481212616,0.0,577.8585209818557,96.1732314475812
405,-2.917937755584717,-853.242892280221,0.5447744131088257,0.0,0.784104585647583,0.0,1.0547893047332764,0.0,2.383668303489685,0.0,580.2421892853454,96.1732314475812
406,-2.201018810272217,-855.4439110904932,0.48252609372138977,0.0,0.19325745105743408,0.0,1.150721549987793,0.0,1.8265050947666168,0.0,582.068694380112,96.1732314475812
407,-1.4086239337921143,-856.8525350242853,0.37498530745506287,0.0,0.18901224434375763,0.0,0.4267451763153076,0.0,0.9907427281141281,0.0,583.0594371082261,96.1732314475812
408,-2.5591864585876465,-859.411721482873,0.9514038562774658,0.0,0.18733283877372742,0.0,0.8965155482292175,0.0,2.0352522432804108,0.0,585.0946893515065,96.1732314475812
409,-1.3200860023498535,-860.7318074852228,0.0,0.17654544115066528,0.18591776490211487,0.0,0.41900184750556946,0.0,0.42837417125701904,0.0,585.5230635227636,96.1732314475812
410,-1.108705759048462,-861.8405132442713,0.3370910584926605,0.0,0.18461598455905914,0.0,0.4166029393672943,0.0,0.938309982419014,0.0,586.4613735051826,96.1732314475812
411,-0.9652349948883057,-862.8057482391596,0.35007867217063904,0.0,0.1873515099287033,0.0,0.4188297688961029,0.0,0.9562599509954453,0.0,587.417633456178,96.1732314475812
412,-1.002347707748413,-863.808095946908,0.34860697388648987,0.0,0.20223666727542877,0.0,0.4351603388786316,0.0,0.9860039800405502,0.0,588.4036374362186,96.1732314475812
413,-5.15161657333374,-868.9597125202417,3.0323939323425293,0.0,0.23087537288665771,0.0,0.49980950355529785,0.0,3.763078808784485,0.0,592.166716245003,96.1732314475812
414,-4.898350715637207,-873.858063235879,0.967478334903717,0.0,1.4486463069915771,0.0,0.7271917462348938,0.0,3.143316388130188,0.0,595.3100326331332,96.1732314475812
415,-2.1594462394714355,-876.0175094753504,0.14348652958869934,0.0,0.3252641260623932,0.0,0.7068252563476562,0.0,1.1755759119987488,0.0,596.485608545132,96.1732314475812
416,-0.9742600917816162,-876.991769567132,0.0,0.09780334681272507,0.36970365047454834,0.0,0.3143616318702698,0.0,0.586261935532093,0.0,597.0718704806641,96.1732314475812
417,-2.3936634063720703,-879.3854329735041,0.0,0.31128448247909546,1.5204766988754272,0.0,0.2812385559082031,0.0,1.490430772304535,0.0,598.5623012529686,96.1732314475812
418,-2.2980384826660156,-881.6834714561701,0.04975142702460289,0.0,0.39060747623443604,0.0,0.938992440700531,0.0,1.37935134395957,0.0,599.9416525969282,96.1732314475812
419,-0.8025234937667847,-882.4859949499369,0.0,0.6721116900444031,0.2256956547498703,0.0,0.0,0.08014948666095734,0.0,0.5265655219554901,599.9416525969282,96.69979696953669
420,-1.0963382720947266,-883.5823332220316,0.0,0.5201259255409241,0.8061240315437317,0.0,0.0,0.160894975066185,0.12510313093662262,0.0,600.0667557278648,96.69979696953669
421,-5.250223636627197,-888.8325568586588,3.225623846054077,0.0,0.017452159896492958,0.0,0.0,0.39251062273979187,2.8505653832107782,0.0,602.9173211110756,96.69979696953669
422,-1.6319804191589355,-890.4645372778177,0.0,0.7522566914558411,0.018596366047859192,0.0,0.0,0.3343563377857208,0.0,1.0680166631937027,602.9173211110756,97.7678136327304
423,-0.11698803305625916,-890.581525310874,0.0,0.5776183605194092,0.08419080823659897,0.0,0.0,0.2285773903131485,0.0,0.7220049425959587,602.9173211110756,98.48981857532635
424,-0.25032171607017517,-890.8318470269442,0.0,0.12970088422298431,0.19494475424289703,0.0,0.0,0.11474152654409409,0.0,0.049497656524181366,602.9173211110756,98.53931623185053
425,-1.3055781126022339,-892.1374251395464,0.4581303596496582,0.0,0.06991371512413025,0.0,0.32396888732910156,0.0,0.85201296210289,0.0,603.7693340731785,98.53931623185053
426,-3.0323877334594727,-895.1698128730059,0.3383907973766327,0.0,0.29136690497398376,0.0,1.596011996269226,0.0,2.2257696986198425,0.0,605.9951037717983,98.53931623185053
427,-4.638133525848389,-899.8079463988543,2.412489175796509,0.0,0.3575150668621063,0.0,0.0,0.10255393385887146,2.6674503087997437,0.0,608.662554080598,98.53931623185053
428,-3.6542487144470215,-903.4621951133013,0.6107575297355652,0.0,0.48174363374710083,0.0,1.0658447742462158,0.0,2.158345937728882,0.0,610.8209000183269,98.53931623185053
429,-5.799100875854492,-909.2612959891558,3.152406930923462,0.0,0.3876185119152069,0.0,0.8165318369865417,0.0,4.356557279825211,0.0,615.1774572981521,98.53931623185053
430,-2.7646689414978027,-912.0259649306536,0.5435421466827393,0.0,0.19325745105743408,0.0,0.4359810948371887,0.0,1.172780692577362,0.0,616.3502379907295,98.53931623185053
431,-1.428348422050476,-913.454313352704,0.37498530745506287,0.0,0.18901224434375763,0.0,0.6639602184295654,0.0,1.227957770228386,0.0,617.5781957609579,98.53931623185053
432,-1.0957908630371094,-914.5501042157412,0.35421058535575867,0.0,0.18733283877372742,0.0,0.42208048701286316,0.0,0.9636239111423492,0.0,618.5418196721002,98.53931623185053
433,-0.9606412053108215,-915.510745421052,0.3527388870716095,0.0,0.18591776490211487,0.0,0.41900184750556946,0.0,0.9576584994792938,0.0,619.4994781715795,98.53931623185053
434,-0.9551572203636169,-916.4659026414156,0.3514370918273926,0.0,0.18461598455905914,0.0,0.4166029393672943,0.0,0.952656015753746,0.0,620.4521341873333,98.53931623185053
435,-2.2842612266540527,-918.7501638680696,1.2342115640640259,0.0,0.1873515099287033,0.0,0.4188297688961029,0.0,1.840392842888832,0.0,622.2925270302221,98.53931623185053
436,-1.4444141387939453,-920.1945780068636,0.34860697388648987,0.0,0.20223666727542877,0.0,0.4351603388786316,0.0,0.9860039800405502,0.0,623.2785310102627,98.53931623185053
437,-1.1261906623840332,-921.3207686692476,0.3487769067287445,0.0,0.23087537288665771,0.0,0.49980950355529785,0.0,1.0794617831707,0.0,624.3579927934334,98.53931623185053
438,-3.0551445484161377,-924.3759132176638,0.3447021245956421,0.0,0.26002979278564453,0.0,1.789135217666626,0.0,2.3938671350479126,0.0,626.7518599284813,98.53931623185053
439,-11.042235374450684,-935.4181485921144,0.216424360871315,0.0,6.503270149230957,0.0,0.48442813754081726,0.0,7.204122647643089,0.0,633.9559825761244,98.53931623185053
440,-5.3356709480285645,-940.753819540143,0.3642098307609558,0.0,1.3781979084014893,0.0,0.7993655204772949,0.0,2.54177325963974,0.0,636.4977558357641,98.53931623185053
441,-3.369631767272949,-944.123451307416,0.9722576141357422,0.0,1.4065701961517334,0.0,0.5458226203918457,0.0,2.9246504306793213,0.0,639.4224062664434,98.53931623185053
442,-1.8581128120422363,-945.9815641194582,0.0,0.17037689685821533,0.38516879081726074,0.0,0.4064062833786011,0.0,0.6211981773376465,0.0,640.0436044437811,98.53931623185053
443,-0.6853287220001221,-946.6668928414583,0.0,0.32057175040245056,0.30769190192222595,0.0,0.27139046788215637,0.0,0.25851061940193176,0.0,640.302115063183,98.53931623185053
444,-2.2346651554107666,-948.9015579968691,0.31805720925331116,0.0,0.6301204562187195,0.0,0.7346265316009521,0.0,1.6828041970729828,0.0,641.984919260256,98.53931623185053
445,-3.4537620544433594,-952.3553200513124,0.0,0.05283172428607941,2.031580924987793,0.0,0.39021798968315125,0.0,2.368967190384865,0.0,644.3538864506409,98.53931623185053
446,-8.715593338012695,-961.0709133893251,0.5093734264373779,0.0,5.668200492858887,0.0,0.4400879144668579,0.0,6.617661833763123,0.0,650.971548284404,98.53931623185053
447,-3.749082326889038,-964.8199957162142,0.1317143589258194,0.0,0.3180221915245056,0.0,0.43076610565185547,0.0,0.8805026561021805,0.0,651.8520509405062,98.53931623185053
448,-0.8432675004005432,-965.6632632166147,0.18129943311214447,0.0,0.27478674054145813,0.0,0.25077593326568604,0.0,0.7068621069192886,0.0,652.5589130474254,98.53931623185053
449,-1.221937656402588,-966.8852008730173,0.41424134373664856,0.0,0.20186926424503326,0.0,0.3855234682559967,0.0,1.0016340762376785,0.0,653.5605471236631,98.53931623185053
450,-2.370662212371826,-969.2558630853891,0.7868546843528748,0.0,0.21277660131454468,0.0,0.914688229560852,0.0,1.9143195152282715,0.0,655.4748666388914,98.53931623185053
451,-3.191425323486328,-972.4472884088755,1.6971893310546875,0.0,0.21762558817863464,0.0,0.7233487367630005,0.0,2.6381636559963226,0.0,658.1130302948877,98.53931623185053
452,-3.4591994285583496,-975.9064878374338,1.0530593395233154,0.0,0.36468249559402466,0.0,1.3383591175079346,0.0,2.7561009526252747,0.0,660.869131247513,98.53931623185053
453,-2.59477162361145,-978.5012594610453,0.856479287147522,0.0,0.3876185119152069,0.0,1.1434723138809204,0.0,2.3875701129436493,0.0,663.2567013604566,98.53931623185053
454,-1.947829246520996,-980.4490887075663,0.6426564455032349,0.0,0.19325745105743408,0.0,0.672174334526062,0.0,1.508088231086731,0.0,664.7647895915434,98.53931623185053
455,-1.4686356782913208,-981.9177243858576,0.577232837677002,0.0,0.18901224434375763,0.0,0.6629379987716675,0.0,1.429183080792427,0.0,666.1939726723358,98.53931623185053
456,-2.1863832473754883,-984.1041076332331,0.35421058535575867,0.0,0.30339986085891724,0.0,1.1276911497116089,0.0,1.7853015959262848,0.0,667.9792742682621,98.53931623185053
457,-3.1390860080718994,-987.243193641305,1.4537259340286255,0.0,0.18591776490211487,0.0,0.6541962623596191,0.0,2.2938399612903595,0.0,670.2731142295524,98.53931623185053
458,-1.6232481002807617,-988.8664417415857,0.3514370918273926,0.0,0.18461598455905914,0.0,0.4166029393672943,0.0,0.952656015753746,0.0,671.2257702453062,98.53931623185053
459,-0.9594203233718872,-989.8258620649576,0.35007867217063904,0.0,0.1873515099287033,0.0,0.4188297688961029,0.0,0.9562599509954453,0.0,672.1820301963016,98.53931623185053
460,-2.1359853744506836,-991.9618474394083,1.1220662593841553,0.0,0.20223666727542877,0.0,0.4176623523235321,0.0,1.7419652789831161,0.0,673.9239954752848,98.53931623185053
461,-3.8279266357421875,-995.7897740751505,1.5058200359344482,0.0,0.23087537288665771,0.0,1.3959107398986816,0.0,3.1326061487197876,0.0,677.0566016240045,98.53931623185053
462,-2.213914155960083,-998.0036882311106,0.4037284255027771,0.0,0.24932989478111267,0.0,0.6052549481391907,0.0,1.2583132684230804,0.0,678.3149148924276,98.53931623185053
463,-2.9861488342285156,-1000.9898370653391,1.5849545001983643,0.0,0.27039510011672974,0.0,0.4540519118309021,0.0,2.309401512145996,0.0,680.6243164045736,98.53931623185053
464,-2.3086042404174805,-1003.2984413057566,0.8859472870826721,0.0,0.3925790786743164,0.0,0.5643388628959656,0.0,1.842865228652954,0.0,682.4671816332266,98.53931623185053
465,-1.475477933883667,-1004.7739192396402,0.0,0.07792757451534271,0.459551066160202,0.0,0.5145954489707947,0.0,0.896218940615654,0.0,683.3634005738422,98.53931623185053
466,-0.791313648223877,-1005.5652328878641,0.0,0.3374662697315216,0.3241373300552368,0.0,0.2843433916568756,0.0,0.2710144519805908,0.0,683.6344150258228,98.53931623185053
467,-3.396989345550537,-1008.9622222334146,0.23606261610984802,0.0,1.9468432664871216,0.0,0.2845804989337921,0.0,2.4674863815307617,0.0,686.1019014073536,98.53931623185053
468,-3.2020950317382812,-1012.1643172651529,0.0,0.4541109502315521,1.8432271480560303,0.0,0.8875458240509033,0.0,2.2766620218753815,0.0,688.378563429229,98.53931623185053
469,-1.6835238933563232,-1013.8478411585093,0.0,0.4983679950237274,0.09319945424795151,0.0,0.5430755615234375,0.0,0.1379070207476616,0.0,688.5164704499766,98.53931623185053
470,-0.9187664985656738,-1014.7666076570749,0.0,0.468612402677536,0.048087555915117264,0.0,0.7464405298233032,0.0,0.3259156830608845,0.0,688.8423861330375,98.53931623185053
471,-0.6730469465255737,-1015.4396546036005,0.0,0.30463698506355286,0.21591363847255707,0.0,0.0,1.504256248474121,0.0,1.5929795950651169,688.8423861330375,100.13229582691565
472,-2.3123183250427246,-1017.7519729286432,0.9905862808227539,0.0,0.4438036382198334,0.0,0.17912688851356506,0.0,1.6135168075561523,0.0,690.4559029405937,100.13229582691565
473,-3.7117526531219482,-1021.4637255817652,1.3733482360839844,0.0,0.1300397366285324,0.0,1.2997767925262451,0.0,2.803164765238762,0.0,693.2590677058324,100.13229582691565
474,-2.6551706790924072,-1024.1188962608576,0.434172123670578,0.0,0.4899592995643616,0.0,0.8632060885429382,0.0,1.7873375117778778,0.0,695.0464052176103,100.13229582691565
475,-2.46661376953125,-1026.5855100303888,0.8138371706008911,0.0,0.3586408793926239,0.0,0.9801647067070007,0.0,2.1526427567005157,0.0,697.1990479743108,100.13229582691565
476,-3.497405529022217,-1030.082915559411,0.7490856647491455,0.0,0.48074960708618164,0.0,1.7761483192443848,0.0,3.005983591079712,0.0,700.2050315653905,100.13229582691565
477,-5.896211624145508,-1035.9791271835566,1.5551320314407349,0.0,0.3876185119152069,0.0,2.927964210510254,0.0,4.870714753866196,0.0,705.0757463192567,100.13229582691565
478,-4.034318923950195,-1040.0134461075068,0.8619459867477417,0.0,0.3296126127243042,0.0,2.006363868713379,0.0,3.197922468185425,0.0,708.2736687874421,100.13229582691565
479,-4.505789756774902,-1044.5192358642817,2.2038090229034424,0.0,0.23568828403949738,0.0,0.6904333233833313,0.0,3.129930630326271,0.0,711.4035994177684,100.13229582691565
480,-2.3326754570007324,-1046.8519113212824,0.9260072708129883,0.0,0.18733283877372742,0.0,0.42208048701286316,0.0,1.5354205965995789,0.0,712.939020014368,100.13229582691565
481,-1.0952556133270264,-1047.9471669346094,0.0501711368560791,0.0,0.18591776490211487,0.0,0.41900184750556946,0.0,0.6550907492637634,0.0,713.5941107636318,100.13229582691565
482,-1.1408979892730713,-1049.0880649238825,0.3752761781215668,0.0,0.18461598455905914,0.0,0.4166029393672943,0.0,0.9764951020479202,0.0,714.5706058656797,100.13229582691565
483,-2.5185251235961914,-1051.6065900474787,0.32528451085090637,0.0,0.1873515099287033,0.0,1.458551287651062,0.0,1.9711873084306717,0.0,716.5417931741104,100.13229582691565
484,-2.119429111480713,-1053.7260191589594,0.7561901807785034,0.0,0.20223666727542877,0.0,0.4176623523235321,0.0,1.3760892003774643,0.0,717.9178823744878,100.13229582691565
485,-1.3795340061187744,-1055.1055531650782,0.3468944728374481,0.0,0.23087537288665771,0.0,0.5277521014213562,0.0,1.105521947145462,0.0,719.0234043216333,100.13229582691565
486,-1.3962783813476562,-1056.5018315464258,0.3077986538410187,0.0,0.24157807230949402,0.0,0.7239189743995667,0.0,1.2732957005500793,0.0,720.2967000221834,100.13229582691565
487,-3.4436182975769043,-1059.9454498440027,0.06792356073856354,0.0,0.2113327980041504,0.0,2.260840892791748,0.0,2.540097251534462,0.0,722.8367972737178,100.13229582691565
488,-1.5666272640228271,-1061.5120771080256,0.0,0.2953050136566162,0.19324900209903717,0.0,0.3999083936214447,0.0,0.29785238206386566,0.0,723.1346496557817,100.13229582691565
489,-0.7426760792732239,-1062.2547531872988,0.23943708837032318,0.0,0.17388348281383514,0.0,0.0,0.05673970654606819,0.35658086463809013,0.0,723.4912305204198,100.13229582691565
490,-0.24792072176933289,-1062.502673909068,0.0,0.5198097825050354,0.08252085000276566,0.0,0.0,0.1988895982503891,0.0,0.6361785307526588,723.4912305204198,100.76847435766831
491,-0.4548080861568451,-1062.957481995225,0.0,0.7875964045524597,0.06481437385082245,0.0,0.25409364700317383,0.0,0.0,0.46868838369846344,723.4912305204198,101.23716274136677
492,-0.15945401787757874,-1063.1169360131025,0.0,0.7857704162597656,0.0,0.0029281415045261383,0.0,0.3471120595932007,0.0,1.1358106173574924,723.4912305204198,102.37297335872427
493,0.0,-1063.1169360131025,0.0,0.9417436718940735,0.0,0.12848839163780212,0.0,0.09473519772291183,0.0,1.1649672612547874,723.4912305204198,103.53794061997905
494,-0.042752429842948914,-1063.1596884429455,0.0,0.3910040557384491,0.0,0.1323862075805664,0.028501618653535843,0.0,0.0,0.49488864466547966,723.4912305204198,104.03282926464453
495,-0.014250809326767921,-1063.1739392522722,0.0,0.526594340801239,0.0,0.07722398638725281,0.0,1.1272221803665161,0.0,1.731040507555008,723.4912305204198,105.76386977219954
496,0.0,-1063.1739392522722,0.0,0.3957573473453522,0.0,0.0744367241859436,0.0,0.22629132866859436,0.0,0.6964854001998901,723.4912305204198,106.46035517239943
497,-0.48942095041275024,-1063.663360202685,0.02223338931798935,0.0,0.039968591183423996,0.0,0.26407864689826965,0.0,0.326280627399683,0.0,723.8175111478195,106.46035517239943
498,-6.664704322814941,-1070.3280645255,3.070821762084961,0.0,0.8911504149436951,0.0,0.5899243950843811,0.0,4.551896572113037,0.0,728.3694077199325,106.46035517239943
499,-3.4577722549438477,-1073.7858367804438,1.0269628763198853,0.0,0.35601088404655457,0.0,0.7201741337776184,0.0,2.1031478941440582,0.0,730.4725556140766,106.46035517239943
500,-2.3517394065856934,-1076.1375761870295,0.4469718635082245,0.0,0.36468249559402466,0.0,1.0705604553222656,0.0,1.8822148144245148,0.0,732.3547704285011,106.46035517239943
501,-3.233368158340454,-1079.37094434537,1.3314045667648315,0.0,0.3876185119152069,0.0,1.050761342048645,0.0,2.7697844207286835,0.0,735.1245548492298,106.46035517239943
502,-2.1747055053710938,-1081.545649850741,0.5798031091690063,0.0,0.3296126127243042,0.0,0.6702104210853577,0.0,1.5796261429786682,0.0,736.7041809922084,106.46035517239943
503,-1.333524465560913,-1082.879174316302,0.3560788035392761,0.0,0.30459877848625183,0.0,0.4267451763153076,0.0,1.0874227583408356,0.0,737.7916037505493,106.46035517239943
504,-1.02552330493927,-1083.9046976212412,0.35421058535575867,0.0,0.18733283877372742,0.0,0.42208048701286316,0.0,0.9636239111423492,0.0,738.7552276616916,106.46035517239943
505,-1.131901741027832,-1085.036599362269,0.3527388870716095,0.0,0.3010348379611969,0.0,0.41900184750556946,0.0,1.0727755725383759,0.0,739.82800323423,106.46035517239943
506,-1.0127158164978027,-1086.0493151787668,0.3514370918273926,0.0,0.18461598455905914,0.0,0.4166029393672943,0.0,0.952656015753746,0.0,740.7806592499837,106.46035517239943
507,-0.9594203233718872,-1087.0087355021387,0.35007867217063904,0.0,0.1873515099287033,0.0,0.4188297688961029,0.0,0.9562599509954453,0.0,741.7369192009792,106.46035517239943
508,-0.9959123134613037,-1088.0046478156,0.3357362449169159,0.0,0.20223666727542877,0.0,0.4351603388786316,0.0,0.9731332510709763,0.0,742.7100524520501,106.46035517239943
509,-3.586228370666504,-1091.5908761862665,1.9565691947937012,0.0,0.23087537288665771,0.0,0.5277521014213562,0.0,2.715196669101715,0.0,745.4252491211519,106.46035517239943
510,-13.773880958557129,-1105.3647571448237,0.7452424764633179,0.0,0.25650835037231445,0.0,8.278350830078125,0.0,9.280101656913757,0.0,754.7053507780656,106.46035517239943
511,-7.212728500366211,-1112.5774856451899,0.15855766832828522,0.0,1.6424459218978882,0.0,0.5724765062332153,0.0,2.3734800964593887,0.0,757.078830874525,106.46035517239943
512,-4.913967132568359,-1117.4914527777582,1.2791086435317993,0.0,0.0,0.01580725610256195,1.6930654048919678,0.0,2.956366792321205,0.0,760.0351976668462,106.46035517239943
513,-2.0259366035461426,-1119.5173893813044,0.0,1.6624149084091187,0.1547592431306839,0.0,0.6154215931892395,0.0,0.0,0.8922340720891953,760.0351976668462,107.35258924448863
514,-0.38883933424949646,-1119.9062287155539,0.0,0.49390554428100586,0.007497816812247038,0.0,0.0,0.34893566370010376,0.0,0.8353433911688626,760.0351976668462,108.18793263565749
515,-1.1222929954528809,-1121.0285217110068,0.745532214641571,0.0,0.0004916157922707498,0.0,0.0,0.3399659991264343,0.40605783130740747,0.0,760.4412554981536,108.18793263565749
516,-0.37301191687583923,-1121.4015336278826,0.0,0.7536830306053162,0.0,0.13063593208789825,0.0,0.6025276184082031,0.0,1.4868465811014175,760.4412554981536,109.6747792167589
517,0.0,-1121.4015336278826,0.0,1.1816695928573608,0.0,0.2484513223171234,0.0,0.7386198043823242,0.0,2.1687407195568085,760.4412554981536,111.84351993631572
518,0.0,-1121.4015336278826,0.0,1.0419042110443115,0.0,0.2610131800174713,0.0,0.5462668538093567,0.0,1.8491842448711395,760.4412554981536,113.69270418118685
519,0.0,-1121.4015336278826,0.0,0.42597800493240356,0.0,0.20423081517219543,0.0,0.2646235227584839,0.0,0.8948323428630829,760.4412554981536,114.58753652404994
520,0.0,-1121.4015336278826,0.0,0.5193469524383545,0.0,0.19209492206573486,0.0,0.26705801486968994,0.0,0.9784998893737793,760.4412554981536,115.56603641342372
521,-0.14280976355075836,-1121.5443433914334,0.0,0.07843213528394699,0.0,0.04446747526526451,0.09520650655031204,0.0,0.0,0.02769310399889946,760.4412554981536,115.59372951742262
522,-1.6053293943405151,-1123.1496727857739,0.4168977439403534,0.0,0.1383749097585678,0.0,0.5466824173927307,0.0,1.101955071091652,0.0,761.5432105692453,115.59372951742262
523,-3.517436981201172,-1126.667109766975,0.5939352512359619,0.0,0.2188272923231125,0.0,1.8995139598846436,0.0,2.712276503443718,0.0,764.255487072689,115.59372951742262
524,-3.297332763671875,-1129.964442530647,1.2660026550292969,0.0,0.20169100165367126,0.0,1.0705604553222656,0.0,2.5382541120052338,0.0,766.7937411846942,115.59372951742262
525,-3.030913829803467,-1132.9953563604504,0.6353296637535095,0.0,0.3876185119152069,0.0,1.4232971668243408,0.0,2.4462453424930573,0.0,769.2399865271873,115.59372951742262
526,-1.9534547328948975,-1134.9488110933453,0.4215100109577179,0.0,0.3296126127243042,0.0,0.7095414996147156,0.0,1.4606641232967377,0.0,770.700650650484,115.59372951742262
527,-1.2490414381027222,-1136.197852531448,0.37498530745506287,0.0,0.23568828403949738,0.0,0.4267451763153076,0.0,1.0374187678098679,0.0,771.7380694182939,115.59372951742262
528,-1.0063902139663696,-1137.2042427454144,0.35421058535575867,0.0,0.19907063245773315,0.0,0.42208048701286316,0.0,0.975361704826355,0.0,772.7134311231202,115.59372951742262
529,-0.9665101170539856,-1138.1707528624684,0.3527388870716095,0.0,0.18591776490211487,0.0,0.41900184750556946,0.0,0.9576584994792938,0.0,773.6710896225995,115.59372951742262
530,-0.9551572203636169,-1139.125910082832,0.3514370918273926,0.0,0.18461598455905914,0.0,0.4166029393672943,0.0,0.952656015753746,0.0,774.6237456383533,115.59372951742262
531,-1.3033941984176636,-1140.4293042812496,0.35007867217063904,0.0,0.4166674017906189,0.0,0.4188297688961029,0.0,1.1855758428573608,0.0,775.8093214812106,115.59372951742262
532,-1.1021205186843872,-1141.531424799934,0.34860697388648987,0.0,0.20223666727542877,0.0,0.4351603388786316,0.0,0.9860039800405502,0.0,776.7953254612512,115.59372951742262
533,-1.1261906623840332,-1142.657615462318,0.3487769067287445,0.0,0.23087537288665771,0.0,0.49980950355529785,0.0,1.0794617831707,0.0,777.8747872444219,115.59372951742262
534,-1.612994909286499,-1144.2706103716046,0.7116307616233826,0.0,0.2397024929523468,0.0,0.45183271169662476,0.0,1.4031659662723541,0.0,779.2779532106942,115.59372951742262
535,-3.310910224914551,-1147.581520596519,0.10145055502653122,0.0,0.5448907613754272,0.0,1.621867299079895,0.0,2.2682086154818535,0.0,781.5461618261761,115.59372951742262
536,-4.670341491699219,-1152.2518620882183,0.0,0.3353753387928009,2.6300389766693115,0.0,0.27213871479034424,0.0,2.566802352666855,0.0,784.112964178843,115.59372951742262
537,-13.844274520874023,-1166.0961366090924,0.6008652448654175,0.0,8.893383979797363,0.0,0.7026599645614624,0.0,10.196909189224243,0.0,794.3098733680672,115.59372951742262
538,-13.089739799499512,-1179.1858764085919,5.049230098724365,0.0,2.0366103649139404,0.0,0.0,0.402046799659729,6.683793663978577,0.0,800.9936670320458,115.59372951742262
539,-4.021114826202393,-1183.2069912347943,0.0,1.1445595026016235,0.9563891887664795,0.0,0.0,0.016768816858530045,0.0,0.2049391306936741,800.9936670320458,115.79866864811629
540,-1.0315974950790405,-1184.2385887298733,0.0,0.4473486542701721,0.0,2.302673816680908,0.3689352869987488,0.0,0.0,2.3810871839523315,800.9936670320458,118.17975583206862
541,-0.1844676434993744,-1184.4230563733727,0.0,0.8032835125923157,0.0,0.43655624985694885,0.0,0.5003226399421692,0.0,1.7401624023914337,800.9936670320458,119.91991823446006
542,-2.3574891090393066,-1186.780545482412,1.5716594457626343,0.0,0.0,0.22880467772483826,0.0,0.2740533947944641,1.068801373243332,0.0,802.0624684052891,119.91991823446006
543,-7.088466644287109,-1193.869012126699,5.1226091384887695,0.0,0.0,0.14496320486068726,0.12692202627658844,0.0,5.104567959904671,0.0,807.1670363651938,119.91991823446006
544,-3.3583741188049316,-1197.227386245504,0.0,0.15906882286071777,0.0,0.1092294305562973,0.5736870169639587,0.0,0.30538876354694366,0.0,807.4724251287407,119.91991823446006
545,-0.8486717939376831,-1198.0760580394417,0.15528148412704468,0.0,0.09507961571216583,0.0,0.3725731670856476,0.0,0.6229342669248581,0.0,808.0953593956656,119.91991823446006
546,-3.880476474761963,-1201.9565345142037,0.538820743560791,0.0,0.7438444495201111,0.0,1.5119638442993164,0.0,2.7946290373802185,0.0,810.8899884330458,119.91991823446006
547,-3.2730836868286133,-1205.2296182010323,1.247894525527954,0.0,0.35911455750465393,0.0,0.7263814806938171,0.0,2.333390563726425,0.0,813.2233789967722,119.91991823446006
548,-2.6695213317871094,-1207.8991395328194,1.317481517791748,0.0,0.4793415367603302,0.0,0.7606547474861145,0.0,2.5574778020381927,0.0,815.7808567988104,119.91991823446006
549,-2.5490074157714844,-1210.4481469485909,1.0641010999679565,0.0,0.5022775530815125,0.0,0.8165318369865417,0.0,2.3829104900360107,0.0,818.1637672888464,119.91991823446006
550,-1.8536098003387451,-1212.3017567489296,0.4215100109577179,0.0,0.19325745105743408,0.0,0.7095414996147156,0.0,1.3243089616298676,0.0,819.4880762504763,119.91991823446006
551,-1.3158159255981445,-1213.6175726745278,0.3560788035392761,0.0,0.3036712408065796,0.0,0.4267451763153076,0.0,1.0864952206611633,0.0,820.5745714711375,119.91991823446006
552,-1.0250595808029175,-1214.6426322553307,0.35421058535575867,0.0,0.18733283877372742,0.0,0.42208048701286316,0.0,0.9636239111423492,0.0,821.5381953822798,119.91991823446006
553,-1.3018620014190674,-1215.9444942567497,0.3527388870716095,0.0,0.41434162855148315,0.0,0.41900184750556946,0.0,1.186082363128662,0.0,822.7242777454085,119.91991823446006
554,-1.063035011291504,-1217.0075292680413,0.33876895904541016,0.0,0.18461598455905914,0.0,0.4166029393672943,0.0,0.9399878829717636,0.0,823.6642656283802,119.91991823446006
555,-0.9643959999084473,-1217.9719252679497,0.35007867217063904,0.0,0.1873515099287033,0.0,0.4188297688961029,0.0,0.9562599509954453,0.0,824.6205255793757,119.91991823446006
556,-1.002347707748413,-1218.974272975698,0.34860697388648987,0.0,0.20223666727542877,0.0,0.4351603388786316,0.0,0.9860039800405502,0.0,825.6065295594162,119.91991823446006
557,-1.1261906623840332,-1220.1004636380821,0.3487769067287445,0.0,0.23087537288665771,0.0,0.49980950355529785,0.0,1.0794617831707,0.0,826.6859913425869,119.91991823446006
558,-1.0660429000854492,-1221.1665065381676,0.33445003628730774,0.0,0.2414994090795517,0.0,0.4554263651371002,0.0,1.0313758105039597,0.0,827.7173671530909,119.91991823446006
559,-1.8313342332839966,-1222.9978407714516,0.053132280707359314,0.0,0.8090472221374512,0.0,0.5149567723274231,0.0,1.3771362751722336,0.0,829.0945034282631,119.91991823446006
560,-1.4337010383605957,-1224.4315418098122,0.0,0.33972299098968506,0.7303478717803955,0.0,0.5966104865074158,0.0,0.9872353672981262,0.0,830.0817387955613,119.91991823446006
561,-0.7311432957649231,-1225.162685105577,0.0,0.7332850098609924,0.0,0.1925870180130005,0.1353282481431961,0.0,0.0,0.7905437797307968,830.0817387955613,120.71046201419085
562,-1.4015144109725952,-1226.5641995165497,0.0,0.01716652140021324,0.8892335295677185,0.0,0.0,0.05551876127719879,0.8165482468903065,0.0,830.8982870424516,120.71046201419085
563,-0.44461676478385925,-1227.0088162813336,0.0,0.849937915802002,0.0,0.1403072625398636,0.0,0.27347901463508606,0.0,1.2637241929769516,830.8982870424516,121.9741862071678
564,-7.594730377197266,-1234.6035466585308,5.0094428062438965,0.0,0.05371086671948433,0.0,0.0,0.30404427647590637,4.759109396487474,0.0,835.657396438939,121.9741862071678
565,-3.5000524520874023,-1238.1035991106182,1.936950922012329,0.0,0.0,0.13482186198234558,0.0,0.5260208249092102,1.2761082351207733,0.0,836.9335046740598,121.9741862071678
566,-0.9684754610061646,-1239.0720745716244,0.0,1.0548300743103027,0.0,0.20560972392559052,0.0,0.6152123808860779,0.0,1.8756521791219711,836.9335046740598,123.84983838628978
567,0.0,-1239.0720745716244,0.0,0.7357444763183594,0.0,0.11498678475618362,0.0,0.27781617641448975,0.0,1.1285474374890327,836.9335046740598,124.97838582377881
568,-4.055704593658447,-1243.1277791652828,0.0,0.2551598846912384,0.9248583912849426,0.0,1.778944730758667,0.0,2.448643237352371,0.0,839.3821479114122,124.97838582377881
569,-2.967930316925049,-1246.095709482208,0.9289909601211548,0.0,0.08785857260227203,0.0,0.35722601413726807,0.0,1.3740755468606949,0.0,840.7562234582729,124.97838582377881
570,-3.809018135070801,-1249.9047276172787,0.41911715269088745,0.0,1.0024840831756592,0.0,1.2358533143997192,0.0,2.657454550266266,0.0,843.4136780085391,124.97838582377881
571,-2.4602198600769043,-1252.3649474773556,0.5895199179649353,0.0,0.35659223794937134,0.0,0.9760674238204956,0.0,1.9221795797348022,0.0,845.3358575882739,124.97838582377881
572,-2.1079108715057373,-1254.4728583488613,0.6107575297355652,0.0,0.36468249559402466,0.0,1.0705604553222656,0.0,2.0460004806518555,0.0,847.3818580689258,124.97838582377881
573,-2.8146164417266846,-1257.287474790588,0.7614763379096985,0.0,0.19623863697052002,0.0,1.4884002208709717,0.0,2.44611519575119,0.0,849.827973264677,124.97838582377881
574,-4.108911037445068,-1261.396385828033,2.038153886795044,0.0,0.19325745105743408,0.0,0.986940324306488,0.0,3.218351662158966,0.0,853.046324926836,124.97838582377881
575,-2.154448986053467,-1263.5508348140866,0.37498530745506287,0.0,0.18901224434375763,0.0,0.5265489816665649,0.0,1.0905465334653854,0.0,854.1368714603013,124.97838582377881
576,-1.0437211990356445,-1264.5945560131222,0.3568393290042877,0.0,0.18733283877372742,0.0,0.45272377133369446,0.0,0.9968959391117096,0.0,855.133767399413,124.97838582377881
577,-0.9772771596908569,-1265.571833172813,0.3527388870716095,0.0,0.18591776490211487,0.0,0.41900184750556946,0.0,0.9576584994792938,0.0,856.0914258988923,124.97838582377881
578,-0.9551572203636169,-1266.5269903931767,0.3514370918273926,0.0,0.18461598455905914,0.0,0.4166029393672943,0.0,0.952656015753746,0.0,857.0440819146461,124.97838582377881
579,-0.9594203233718872,-1267.4864107165486,0.35007867217063904,0.0,0.1873515099287033,0.0,0.4188297688961029,0.0,0.9562599509954453,0.0,858.0003418656415,124.97838582377881
580,-1.002347707748413,-1268.488758424297,0.34860697388648987,0.0,0.20223666727542877,0.0,0.4351603388786316,0.0,0.9860039800405502,0.0,858.9863458456821,124.97838582377881
581,-5.586379051208496,-1274.0751374755055,3.3222358226776123,0.0,0.23087537288665771,0.0,0.49980950355529785,0.0,4.052920699119568,0.0,863.0392665448016,124.97838582377881
582,-3.9983208179473877,-1278.0734582934529,1.3316127061843872,0.0,0.6040012836456299,0.0,0.7538245916366577,0.0,2.689438581466675,0.0,865.7287051262683,124.97838582377881
583,-2.425464153289795,-1280.4989224467427,1.1802514791488647,0.0,0.358120322227478,0.0,0.6231178045272827,0.0,2.1614896059036255,0.0,867.890194732172,124.97838582377881
584,-1.5554699897766113,-1282.0543924365193,0.0,0.07904624193906784,0.37908220291137695,0.0,0.5284442901611328,0.0,0.8284802511334419,0.0,868.7186749833054,124.97838582377881
585,-0.7667582631111145,-1282.8211506996304,0.0,0.4998004138469696,0.3465421497821808,0.0,0.27944788336753845,0.0,0.12618961930274963,0.0,868.8448646026081,124.97838582377881
586,-0.9689111113548279,-1283.7900618109852,0.3174455463886261,0.0,0.35085994005203247,0.0,0.0,0.0797029510140419,0.5886025354266167,0.0,869.4334671380348,124.97838582377881
587,-0.7308355569839478,-1284.5208973679692,0.0,0.8096776008605957,0.06313899159431458,0.0,0.24340885877609253,0.0,0.0,0.5031297504901886,869.4334671380348,125.481515574269
588,-0.4344329237937927,-1284.955330291763,0.0,0.9252549409866333,0.22953198850154877,0.0,0.0,0.011798028834164143,0.0,0.7075209813192487,869.4334671380348,126.18903655558825
589,-0.13839396834373474,-1285.0937242601067,0.0,0.8178094029426575,0.04725596308708191,0.0,0.0,0.432881623506546,0.0,1.2034350633621216,869.4334671380348,127.39247161895037
590,-0.388133704662323,-1285.481857964769,0.24066291749477386,0.0,0.007022707723081112,0.0,0.0,0.4055606424808502,0.0,0.15787501726299524,869.4334671380348,127.55034663621336
591,-0.1774904727935791,-1285.6593484375626,0.0,0.6151168942451477,0.04044690728187561,0.0,0.0,0.3160651922225952,0.0,0.8907351791858673,869.4334671380348,128.44108181539923
592,-0.09642316401004791,-1285.7557716015726,0.05079980567097664,0.0,0.0,0.06697840243577957,0.0,0.01682497002184391,0.0,0.03300356678664684,869.4334671380348,128.47408538218588
593,-0.7478662729263306,-1286.503637874499,0.0,0.07371017336845398,0.026100127026438713,0.0,0.455544114112854,0.0,0.40793406777083874,0.0,869.8414012058056,128.47408538218588
594,-2.986848831176758,-1289.4904867056757,0.30708345770835876,0.0,0.15865206718444824,0.0,1.6860452890396118,0.0,2.151780813932419,0.0,871.993182019738,128.47408538218588
595,-4.806181907653809,-1294.2966686133295,2.3147993087768555,0.0,0.35625216364860535,0.0,0.37889978289604187,0.0,3.0499512553215027,0.0,875.0431332750595,128.47408538218588
596,-3.364100694656372,-1297.660769307986,0.6107575297355652,0.0,0.41281142830848694,0.0,1.0997874736785889,0.0,2.123356431722641,0.0,877.1664897067822,128.47408538218588
597,-3.362755537033081,-1301.023524845019,1.539839744567871,0.0,0.3876185119152069,0.0,0.8165318369865417,0.0,2.7439900934696198,0.0,879.9104798002518,128.47408538218588
598,-2.573821544647217,-1303.5973463896662,1.5008540153503418,0.0,0.19325745105743408,0.0,0.7095414996147156,0.0,2.4036529660224915,0.0,882.3141327662743,128.47408538218588
599,-1.6877446174621582,-1305.2850910071284,0.3560788035392761,0.0,0.18901224434375763,0.0,0.4267451763153076,0.0,0.9718362241983414,0.0,883.2859689904726,128.47408538218588
600,-1.1904906034469604,-1306.4755816105753,0.503963053226471,0.0,0.18733283877372742,0.0,0.42208048701286316,0.0,1.1133763790130615,0.0,884.3993453694857,128.47408538218588
601,-0.9709728956222534,-1307.4465545061976,0.22364985942840576,0.0,0.18591776490211487,0.0,0.41900184750556946,0.0,0.8285694718360901,0.0,885.2279148413218,128.47408538218588
602,-1.0116302967071533,-1308.4581848029047,0.34692394733428955,0.0,0.18461598455905914,0.0,0.4166029393672943,0.0,0.948142871260643,0.0,886.1760577125824,128.47408538218588
603,-1.5716934204101562,-1310.0298782233149,0.7576619386672974,0.0,0.1873515099287033,0.0,0.4188297688961029,0.0,1.3638432174921036,0.0,887.5399009300745,128.47408538218588
604,-2.295062780380249,-1312.3249410036951,1.347259283065796,0.0,0.20223666727542877,0.0,0.4351603388786316,0.0,1.9846562892198563,0.0,889.5245572192944,128.47408538218588
605,-1.961909294128418,-1314.2868502978235,0.9380737543106079,0.0,0.23087537288665771,0.0,0.5277521014213562,0.0,1.6967012286186218,0.0,891.221258447913,128.47408538218588
606,-1.8797483444213867,-1316.166598642245,1.0610169172286987,0.0,0.2490430623292923,0.0,0.4705136716365814,0.0,1.7805736511945724,0.0,893.0018320991076,128.47408538218588
607,-1.9285624027252197,-1318.0951610449702,0.759421706199646,0.0,0.21481603384017944,0.0,0.6811135411262512,0.0,1.6553512811660767,0.0,894.6571833802736,128.47408538218588
608,-1.0106741189956665,-1319.1058351639658,0.0,0.30828598141670227,0.1623491495847702,0.0,0.20364776253700256,0.0,0.057710930705070496,0.0,894.7148943109787,128.47408538218588
609,-1.9948855638504028,-1321.1007207278162,0.0,0.43275222182273865,0.17460213601589203,0.0,1.2773205041885376,0.0,1.019170418381691,0.0,895.7340647293604,128.47408538218588
610,-0.736309289932251,-1321.8370300177485,0.0,0.5142026543617249,0.020695986226201057,0.0,0.0,0.23155462741851807,0.0,0.7250612955540419,895.7340647293604,129.19914667773992
611,-0.010347993113100529,-1321.8473780108616,0.0,0.8544731736183167,0.0,0.06679539382457733,0.0,0.3587331473827362,0.0,1.2800017148256302,895.7340647293604,130.47914839256555
612,-0.11959024518728256,-1321.9669682560489,0.0,1.0591528415679932,0.0,0.06497130542993546,0.07972683012485504,0.0,0.0,1.0443973168730736,895.7340647293604,131.52354570943862
613,-0.07461965829133987,-1322.0415879143402,0.0,0.8234636783599854,0.0,0.17688243091106415,0.06951248645782471,0.0,0.0,0.9308336228132248,895.7340647293604,132.45437933225185
614,-0.034756243228912354,-1322.076344157569,0.0,1.0116024017333984,0.0,0.22340743243694305,0.0,0.21245795488357544,0.0,1.447467789053917,895.7340647293604,133.90184712130576
615,0.0,-1322.076344157569,0.0,0.8532128930091858,0.0,0.17444145679473877,0.0,0.3796030282974243,0.0,1.4072573781013489,895.7340647293604,135.3091044994071
616,0.0,-1322.076344157569,0.0,0.5380384922027588,0.0,0.17350901663303375,0.0,0.4126986563205719,0.0,1.1242461651563644,895.7340647293604,136.43335066456348
617,-1.723484754562378,-1323.7998289121315,0.38442274928092957,0.0,0.0,0.028112348169088364,0.7645670771598816,0.0,1.1208774782717228,0.0,896.8549422076321,136.43335066456348
618,-1.4248764514923096,-1325.2247053636238,0.36787644028663635,0.0,0.15145640075206757,0.0,0.8025505542755127,0.0,1.3218833953142166,0.0,898.1768256029463,136.43335066456348
619,-2.1350345611572266,-1327.359739924781,0.7303415536880493,0.0,0.35753491520881653,0.0,0.7232221961021423,0.0,1.8110986649990082,0.0,899.9879242679453,136.43335066456348
620,-3.331026077270508,-1330.6907660020515,1.3891406059265137,0.0,0.36468249559402466,0.0,1.0705604553222656,0.0,2.824383556842804,0.0,902.8123078247881,136.43335066456348
621,-2.3469595909118652,-1333.0377255929634,0.45421919226646423,0.0,0.44271641969680786,0.0,0.8165318369865417,0.0,1.7134674489498138,0.0,904.525775273738,136.43335066456348
622,-8.196162223815918,-1341.2338878167793,0.4215100109577179,0.0,3.967752456665039,0.0,1.6241950988769531,0.0,6.01345756649971,0.0,910.5392328402377,136.43335066456348
623,-3.713372230529785,-1344.947260047309,0.3560788035392761,0.0,0.30095425248146057,0.0,0.7562534809112549,0.0,1.4132865369319916,0.0,911.9525193771697,136.43335066456348
624,-2.616780996322632,-1347.5640410436317,0.35421058535575867,0.0,0.18733283877372742,0.0,1.5970796346664429,0.0,2.138623058795929,0.0,914.0911424359656,136.43335066456348
625,-1.5471372604370117,-1349.1111783040687,0.3527388870716095,0.0,0.18591776490211487,0.0,0.41699478030204773,0.0,0.9556514322757721,0.0,915.0467938682414,136.43335066456348
626,-0.9449875354766846,-1350.0561658395454,0.3514370918273926,0.0,0.18461598455905914,0.0,0.39827069640159607,0.0,0.9343237727880478,0.0,915.9811176410294,136.43335066456348
627,-0.9533638954162598,-1351.0095297349617,0.319633424282074,0.0,0.1873515099287033,0.0,0.4188297688961029,0.0,0.9258147031068802,0.0,916.9069323441363,136.43335066456348
628,-0.9910190105438232,-1352.0005487455055,0.34860697388648987,0.0,0.20223666727542877,0.0,0.4176623523235321,0.0,0.9685059934854507,0.0,917.8754383376217,136.43335066456348
629,-4.363921165466309,-1356.3644699109718,0.3487769067287445,0.0,0.23087537288665771,0.0,2.652463912963867,0.0,3.2321161925792694,0.0,921.107554530201,136.43335066456348
630,-2.3204944133758545,-1358.6849643243477,0.34246259927749634,0.0,0.31018462777137756,0.0,0.5976070165634155,0.0,1.2502542436122894,0.0,922.3578087738133,136.43335066456348
631,-1.2668322324752808,-1359.951796556823,0.3763113021850586,0.0,0.3105776011943817,0.0,0.528037965297699,0.0,1.2149268686771393,0.0,923.5727356424904,136.43335066456348
632,-2.5973434448242188,-1362.5491400016472,0.0,0.37374255061149597,0.8361832499504089,0.0,1.0494804382324219,0.0,1.5119211375713348,0.0,925.0846567800618,136.43335066456348
633,-1.435167670249939,-1363.984307671897,0.0,0.7184192538261414,0.2372327446937561,0.0,0.7474388480186462,0.0,0.266252338886261,0.0,925.350909118948,136.43335066456348
634,-0.5364350080490112,-1364.5207426799461,0.0,0.9992810487747192,0.08819844573736191,0.0,0.0,0.3774714171886444,0.0,1.2885540202260017,925.350909118948,137.72190468478948
635,-0.3806902766227722,-1364.901432956569,0.0,1.164985179901123,0.2831929922103882,0.0,0.0,0.5730229616165161,0.0,1.454815149307251,925.350909118948,139.17671983409673
636,-0.1415964961051941,-1365.043029452674,0.0,1.2253801822662354,0.0,0.14808499813079834,0.0,0.40855467319488525,0.0,1.782019853591919,925.350909118948,140.95873968768865
637,0.0,-1365.043029452674,0.0,1.243593454360962,0.0,0.27941328287124634,0.0,0.8005437254905701,0.0,2.3235504627227783,925.350909118948,143.28229015041143
638,0.0,-1365.043029452674,0.0,0.6936972141265869,0.0,0.30119627714157104,0.0,0.7941893339157104,0.0,1.7890828251838684,925.350909118948,145.0713729755953
639,0.0,-1365.043029452674,0.0,0.697390615940094,0.0,0.22867107391357422,0.0,0.6626204252243042,0.0,1.5886821150779724,925.350909118948,146.66005509067327
640,-0.6177279353141785,-1365.6607573879883,0.41181862354278564,0.0,0.0,0.20805951952934265,0.0,0.4817996621131897,0.0,0.2780405580997467,925.350909118948,146.93809564877301
641,-0.46240246295928955,-1366.1231598509476,0.31945550441741943,0.0,0.0,0.05981559306383133,0.0645102709531784,0.0,0.3241501823067665,0.0,925.6750593012548,146.93809564877301
642,-3.4649910926818848,-1369.5881509436294,0.5452353954315186,0.0,1.1327673196792603,0.0,0.7599798440933228,0.0,2.4379825592041016,0.0,928.1130418604589,146.93809564877301
643,-13.597655296325684,-1383.1858062399551,0.517493724822998,0.0,0.35864752531051636,0.0,8.467048645019531,0.0,9.343189895153046,0.0,937.456231755612,146.93809564877301
644,-6.239568710327148,-1389.4253749502823,0.8479077816009521,0.0,0.36468249559402466,0.0,1.2504595518112183,0.0,2.463049829006195,0.0,939.9192815846181,146.93809564877301
645,-7.3946943283081055,-1396.8200692785904,4.1328816413879395,0.0,0.3876185119152069,0.0,1.1900190114974976,0.0,5.710519164800644,0.0,945.6298007494188,146.93809564877301
646,-3.6969993114471436,-1400.5170685900375,0.4215100109577179,0.0,0.44255486130714417,0.0,0.7095414996147156,0.0,1.5736063718795776,0.0,947.2034071212984,146.93809564877301
647,-1.3459612131118774,-1401.8630298031494,0.3560788035392761,0.0,0.23568828403949738,0.0,0.5265489816665649,0.0,1.1183160692453384,0.0,948.3217231905437,146.93809564877301
648,-1.1767499446868896,-1403.0397797478363,0.35421058535575867,0.0,0.2998753786087036,0.0,0.45272377133369446,0.0,1.1068097352981567,0.0,949.4285329258419,146.93809564877301
649,-1.0322340726852417,-1404.0720138205215,0.3527388870716095,0.0,0.18591776490211487,0.0,0.41900184750556946,0.0,0.9576584994792938,0.0,950.3861914253212,146.93809564877301
650,-0.9551572203636169,-1405.0271710408852,0.3514370918273926,0.0,0.18461598455905914,0.0,0.4166029393672943,0.0,0.952656015753746,0.0,951.3388474410749,146.93809564877301
651,-0.9594203233718872,-1405.986591364257,0.35007867217063904,0.0,0.1873515099287033,0.0,0.4188297688961029,0.0,0.9562599509954453,0.0,952.2951073920703,146.93809564877301
652,-1.002347707748413,-1406.9889390720055,0.34860697388648987,0.0,0.20223666727542877,0.0,0.4351603388786316,0.0,0.9860039800405502,0.0,953.2811113721109,146.93809564877301
653,-2.654627799987793,-1409.6435668719932,1.3677350282669067,0.0,0.23087537288665771,0.0,0.49980950355529785,0.0,2.0984199047088623,0.0,955.3795312768198,146.93809564877301
654,-4.817858695983887,-1414.4614255679771,2.7056221961975098,0.0,0.40178921818733215,0.0,0.8039674758911133,0.0,3.911378890275955,0.0,959.2909101670957,146.93809564877301
655,-3.7243943214416504,-1418.1858198894188,1.1488118171691895,0.0,0.33021992444992065,0.0,1.2221044301986694,0.0,2.7011361718177795,0.0,961.9920463389135,146.93809564877301
656,-7.281407833099365,-1425.4672277225181,0.0,0.36626678705215454,0.26780596375465393,0.0,4.679360866546631,0.0,4.58090004324913,0.0,966.5729463821626,146.93809564877301
657,-7.405515670776367,-1432.8727433932945,0.0,0.7502269148826599,0.13826589286327362,0.0,6.361440181732178,0.0,5.749479159712791,0.0,972.3224255418754,146.93809564877301
658,-3.69938325881958,-1436.572126652114,0.0,0.9725360870361328,0.006602431181818247,0.0,0.8924576640129089,0.0,0.0,0.07347599184140563,972.3224255418754,147.01157164061442
659,-0.4495300352573395,-1437.0216566873714,0.0,0.24473510682582855,0.0,0.09424187988042831,0.0,0.35691264271736145,0.0,0.6958896294236183,972.3224255418754,147.70746127003804
660,-0.6515393853187561,-1437.6731960726902,0.0,0.813481867313385,0.4343595802783966,0.0,0.0,0.29645630717277527,0.0,0.6755785942077637,972.3224255418754,148.3830398642458
661,-0.5689600110054016,-1438.2421560836956,0.0,1.1928255558013916,0.0,0.21797701716423035,0.23452015221118927,0.0,0.0,1.1762824207544327,972.3224255418754,149.55932228500023
662,-1.2216304540634155,-1439.463786537759,0.7362468838691711,0.0,0.0,0.2784642279148102,0.0,0.7400994300842285,0.0,0.28231677412986755,972.3224255418754,149.8416390591301
663,-0.36812344193458557,-1439.8319099796936,0.0,0.8766398429870605,0.0,0.18615493178367615,0.0,0.5775881409645081,0.0,1.6403829157352448,972.3224255418754,151.48202197486535
664,-0.013354476541280746,-1439.8452644562349,0.00890298467129469,0.0,0.0,0.1717604249715805,0.0,0.22638903558254242,0.0,0.38924647588282824,972.3224255418754,151.87126845074818
665,-0.1536766141653061,-1439.9989410704002,0.0,0.0001075899854185991,0.0,0.04232902079820633,0.0994834154844284,0.0,0.05704680470080348,0.0,972.3794723465762,151.87126845074818
666,-1.6721179485321045,-1441.6710590189323,0.3448079526424408,0.0,0.2636435031890869,0.0,0.539454996585846,0.0,1.1479064524173737,0.0,973.5273787989936,151.87126845074818
667,-5.632181167602539,-1447.3032401865348,2.1311275959014893,0.0,0.3581891655921936,0.0,1.6481059789657593,0.0,4.137422740459442,0.0,977.664801539453,151.87126845074818
668,-3.1540756225585938,-1450.4573158090934,0.7031154632568359,0.0,0.36468249559402466,0.0,1.0899442434310913,0.0,2.157742202281952,0.0,979.822543741735,151.87126845074818
669,-23.583730697631836,-1474.0410465067253,7.0275139808654785,0.0,0.3876185119152069,0.0,9.026601791381836,0.0,16.44173428416252,0.0,996.2642780258975,151.87126845074818
670,-9.535815238952637,-1483.576861745678,0.4215100109577179,0.0,0.44215521216392517,0.0,1.65715754032135,0.0,2.520822763442993,0.0,998.7851007893405,151.87126845074818
671,-2.320805549621582,-1485.8976672952995,0.37498530745506287,0.0,0.7011880874633789,0.0,0.5265489816665649,0.0,1.6027223765850067,0.0,1000.3878231659255,151.87126845074818
672,-1.2903563976287842,-1487.1880236929283,0.3568393290042877,0.0,0.19907063245773315,0.0,0.42208048701286316,0.0,0.977990448474884,0.0,1001.3658136144004,151.87126845074818
673,-1.797195553779602,-1488.9852192467079,0.34507817029953003,0.0,0.7501539587974548,0.0,0.41900184750556946,0.0,1.5142339766025543,0.0,1002.880047591003,151.87126845074818
674,-3.3204798698425293,-1492.3056991165504,1.7011696100234985,0.0,0.2967706322669983,0.0,0.4166029393672943,0.0,2.414543181657791,0.0,1005.2945907726607,151.87126845074818
675,-1.6876283884048462,-1493.9933275049552,0.35007867217063904,0.0,0.1873515099287033,0.0,0.4188297688961029,0.0,0.9562599509954453,0.0,1006.2508507236562,151.87126845074818
676,-1.002347707748413,-1494.9956752127036,0.34860697388648987,0.0,0.20223666727542877,0.0,0.4351603388786316,0.0,0.9860039800405502,0.0,1007.2368547036967,151.87126845074818
677,-1.1261906623840332,-1496.1218658750877,0.3487769067287445,0.0,0.23087537288665771,0.0,0.49980950355529785,0.0,1.0794617831707,0.0,1008.3163164868674,151.87126845074818
678,-3.3152103424072266,-1499.437076217495,1.0169463157653809,0.0,1.0625839233398438,0.0,0.47167298197746277,0.0,2.5512032210826874,0.0,1010.8675197079501,151.87126845074818
679,-1.9055124521255493,-1501.3425886696205,0.21681378781795502,0.0,0.23787231743335724,0.0,0.5828271508216858,0.0,1.037513256072998,0.0,1011.9050329640231,151.87126845074818
680,-0.7784761190414429,-1502.121064788662,0.07874643802642822,0.0,0.22050392627716064,0.0,0.22018855810165405,0.0,0.5194389224052429,0.0,1012.4244718864284,151.87126845074818
681,-0.6391751170158386,-1502.7602399056777,0.16500653326511383,0.0,0.25337982177734375,0.0,0.10225296765565872,0.0,0.5206393226981163,0.0,1012.9451112091265,151.87126845074818
682,-0.5800297856330872,-1503.3402696913108,0.0,0.9028905630111694,0.3820599615573883,0.0,0.0,0.0920955017209053,0.0,0.6129261031746864,1012.9451112091265,152.48419455392286
683,-2.622509002685547,-1505.9627786939964,0.0,0.21135073900222778,0.0,0.030194442719221115,1.620985984802246,0.0,1.3794408030807972,0.0,1014.3245520122073,152.48419455392286
684,-0.810492992401123,-1506.7732716863975,0.0,1.1891871690750122,0.0,0.12998846173286438,0.0,0.2818286418914795,0.0,1.601004272699356,1014.3245520122073,154.08519882662222
685,0.0,-1506.7732716863975,0.0,1.1782113313674927,0.0,0.24672222137451172,0.0,0.7351616024971008,0.0,2.1600951552391052,1014.3245520122073,156.24529398186132
686,0.0,-1506.7732716863975,0.0,1.0789623260498047,0.0,0.23463259637355804,0.0,0.36493149399757385,0.0,1.6785264164209366,1014.3245520122073,157.92382039828226
687,0.0,-1506.7732716863975,0.0,0.9265273213386536,0.0,0.21109865605831146,0.0,0.1729283630847931,0.0,1.3105543404817581,1014.3245520122073,159.23437473876402
688,-0.6441988348960876,-1507.4174705212936,0.4294658899307251,0.0,0.0,0.1713041365146637,0.0,0.4082888960838318,0.0,0.15012714266777039,1014.3245520122073,159.3845018814318
689,-2.030456781387329,-1509.447927302681,1.3497508764266968,0.0,0.0,0.018549572676420212,0.14704230427742004,0.0,1.4782436080276966,0.0,1015.802795620235,159.3845018814318
690,-13.716367721557617,-1523.1642950242385,1.4444351196289062,0.0,0.14266453683376312,0.0,8.056076049804688,0.0,9.643175706267357,0.0,1025.4459713265023,159.3845018814318
691,-6.585943222045898,-1529.7502382462844,1.0972508192062378,0.0,0.5973512530326843,0.0,0.9247347116470337,0.0,2.619336783885956,0.0,1028.0653081103883,159.3845018814318
692,-2.095822811126709,-1531.8460610574111,0.4469718635082245,0.0,0.36468249559402466,0.0,0.7606547474861145,0.0,1.5723091065883636,0.0,1029.6376172169767,159.3845018814318
693,-1.701399803161621,-1533.5474608605728,0.45421919226646423,0.0,0.3876185119152069,0.0,0.8165318369865417,0.0,1.658369541168213,0.0,1031.2959867581449,159.3845018814318
694,-2.1916894912719727,-1535.7391503518447,0.57329261302948,0.0,0.19325745105743408,0.0,1.1177921295166016,0.0,1.8843421936035156,0.0,1033.1803289517484,159.3845018814318
695,-1.769002914428711,-1537.5081532662734,0.3560788035392761,0.0,0.18901224434375763,0.0,1.1085724830627441,0.0,1.653663530945778,0.0,1034.8339924826942,159.3845018814318
696,-1.3086436986923218,-1538.8167969649658,0.35421058535575867,0.0,0.18733283877372742,0.0,0.42208048701286316,0.0,0.9636239111423492,0.0,1035.7976163938365,159.3845018814318
697,-0.9606412053108215,-1539.7774381702766,0.3527388870716095,0.0,0.18591776490211487,0.0,0.41900184750556946,0.0,0.9576584994792938,0.0,1036.7552748933158,159.3845018814318
698,-0.9551572203636169,-1540.7325953906402,0.3514370918273926,0.0,0.18461598455905914,0.0,0.4166029393672943,0.0,0.952656015753746,0.0,1037.7079309090695,159.3845018814318
699,-0.9594203233718872,-1541.692015714012,0.35007867217063904,0.0,0.1873515099287033,0.0,0.4188297688961029,0.0,0.9562599509954453,0.0,1038.664190860065,159.3845018814318
700,-1.002347707748413,-1542.6943634217605,0.34860697388648987,0.0,0.20223666727542877,0.0,0.4351603388786316,0.0,0.9860039800405502,0.0,1039.6501948401055,159.3845018814318
701,-1.1261906623840332,-1543.8205540841445,0.3487769067287445,0.0,0.23087537288665771,0.0,0.49980950355529785,0.0,1.0794617831707,0.0,1040.7296566232762,159.3845018814318
702,-1.0582576990127563,-1544.8788117831573,0.3108523190021515,0.0,0.24310490489006042,0.0,0.4586373567581177,0.0,1.0125945806503296,0.0,1041.7422512039266,159.3845018814318
703,-2.412644386291504,-1547.2914561694488,1.3067142963409424,0.0,0.20033147931098938,0.0,0.3139246702194214,0.0,1.8209704458713531,0.0,1043.563221649798,159.3845018814318
704,-1.6357231140136719,-1548.9271792834625,0.7592211961746216,0.0,0.2643275260925293,0.0,0.2989349663257599,0.0,1.3224836885929108,0.0,1044.8857053383908,159.3845018814318
705,-3.8453526496887207,-1552.7725319331512,1.9054900407791138,0.0,0.24723315238952637,0.0,0.8402770757675171,0.0,2.9930002689361572,0.0,1047.878705607327,159.3845018814318
706,-2.1541311740875244,-1554.9266631072387,1.2209644317626953,0.0,0.09429768472909927,0.0,0.0,0.18462733924388885,1.1306347772479057,0.0,1049.009340384575,159.3845018814318
707,-0.6585212349891663,-1555.5851843422279,0.0,1.0740123987197876,0.0017803049413487315,0.0,0.0,0.3524157404899597,0.0,1.4246478342683986,1049.009340384575,160.8091497157002
708,-0.09652332216501236,-1555.681707664393,0.0,1.1632142066955566,0.06494231522083282,0.0,0.0,0.057513393461704254,0.0,1.155785284936428,1049.009340384575,161.96493500063661
709,-0.03247115761041641,-1555.7141788220033,0.0,0.9385082721710205,0.0,0.16362735629081726,0.0,0.25184541940689087,0.0,1.3539810478687286,1049.009340384575,163.31891604850534
710,0.0,-1555.7141788220033,0.0,0.5056313276290894,0.0,0.13752496242523193,0.0,0.47904282808303833,0.0,1.1221991181373596,1049.009340384575,164.4411151666427
711,0.0,-1555.7141788220033,0.0,0.6964879035949707,0.0,0.025233205407857895,0.0,0.09830903261899948,0.0,0.8200301416218281,1049.009340384575,165.26114530826453
712,-0.15600240230560303,-1555.870181224309,0.0,0.03524324670433998,0.0,0.09797130525112152,0.10400160402059555,0.0,0.0,0.02921294793486595,1049.009340384575,165.2903582561994
713,-1.2825286388397217,-1557.1527098631486,0.20622381567955017,0.0,0.025920702144503593,0.0,0.6575417518615723,0.0,0.889686269685626,0.0,1049.8990266542605,165.2903582561994
714,-2.7116498947143555,-1559.864359757863,0.3609231412410736,0.0,0.5004211664199829,0.0,1.242984414100647,0.0,2.1043287217617035,0.0,1052.0033553760222,165.2903582561994
715,-2.7049882411956787,-1562.5693479990587,0.861149787902832,0.0,0.46824032068252563,0.0,0.9758043885231018,0.0,2.3051944971084595,0.0,1054.3085498731307,165.2903582561994
716,-2.907578706741333,-1565.4769267058,1.2025023698806763,0.0,0.36468249559402466,0.0,1.0705604553222656,0.0,2.6377453207969666,0.0,1056.9462951939277,165.2903582561994
717,-3.200237512588501,-1568.6771642183885,1.5637325048446655,0.0,0.3876185119152069,0.0,1.0430465936660767,0.0,2.994397610425949,0.0,1059.9406928043536,165.2903582561994
718,-4.759483814239502,-1573.436648032628,0.4215100109577179,0.0,0.19325745105743408,0.0,2.6652984619140625,0.0,3.2800659239292145,0.0,1063.2207587282828,165.2903582561994
