policy,grid_import_kwh,export_kwh,net_consumption_kwh,discomfort_proportion,discomfort_cold_proportion,discomfort_hot_proportion,all_rewards,cost_total_ratio,carbon_emissions_total_ratio,daily_peak_average_ratio,ramping_average_ratio,savings_vs_fixed_pct,train_sec,stability_episode,last_10_episode_reward_mean
Fixed(cool=0.50),4121.091,0.0,4121.091,0.837,0.8351,0.0019,-12360.254,1.5106,1.5555,1.1472,0.8896,0.0,,,
DDPG (Weather reward),1063.0623486598488,156.33978694688994,906.7225617129588,0.9781601031325348,0.0,0.9781601031325348,-3433.16042822646,0.3926079191398706,0.4193028273534221,0.6867744700582726,0.932092088286296,74.20434664850039,,22.0,-4050.0776773558464
DDPG (Energy-only reward),1054.262934686616,157.2946722569759,896.9682624296402,0.9781601031325348,0.0,0.9781601031325348,-1101.2224877894623,0.3843313865664998,0.4095747926300101,0.6816073341281194,0.8904825322448398,74.41786811583107,,22.0,-1298.0531579954725
DDPG (Pricing reward),3369.974,227.269,3142.704,0.7709,0.5897,0.1812,-31.613,1.3386,1.3548,1.3338,1.8811,18.226,876.24,,-42.683
DDPG (Comfort reward),2824.622638765257,2.4882156159728765,2822.134423149284,0.3129140032708041,0.3129140032708041,0.0,-7865.340153190307,1.132724312387671,1.143885412561616,1.0969419481556766,1.4283579633927102,31.45934805212366,,24.0,-8086.007241395954
DDPG (Peak-shaving reward),1054.4512210697285,157.42458854371216,897.0266325260163,0.9781601031325348,0.0,0.9781601031325348,-2210.716881965249,0.3834112442524685,0.4092631821460481,0.685820050378224,0.8930418916471409,74.4132992678461,,22.0,-2340.186317830697
DDPG (Solar reward),1057.0135819292627,151.3334309939528,905.6801509353099,0.9781601031325348,0.0,0.9781601031325348,-2101.7459890715704,0.4225162274129352,0.4481564571231936,0.7131938290624749,1.0084622786369104,74.35112250786837,,22.0,-2294.0528179232087
